"grid","weight","RawBasis1","RawBasis2","RawBasis3","RawBasis4","RawBasis5","RawBasis6","RawBasis7","Basis1","Basis2","Basis3","Basis4","Basis5","Basis6","Basis7"
0,0.000488758553274682,1,0,0,0,0,0,0,-5.2913610537899,-2.9898064651108,-1.79119204612112,-1.04410178596237,-0.721277668093431,-0.454853267415111,-0.226397972185516
0.000977517106549365,0.000977517106549365,0.988315600847091,0.0116615110349698,2.28781546710594e-05,9.963268229095e-09,0,0,0,-5.22953467917526,-2.89794331197081,-1.72523948755553,-1.00361256096021,-0.692915200443559,-0.436870406321498,-0.217432272503417
0.00195503421309873,0.000977517106549365,0.976722574827111,0.0231860520399602,9.12934267831974e-05,7.970614583276e-08,0,0,0,-5.16819179279756,-2.80702200589039,-1.66018466744081,-0.963720122701237,-0.664979257195484,-0.419160046700541,-0.20860275109675
0.00293255131964809,0.000977517106549365,0.965220563262404,0.0345742507008695,0.000204917028484854,2.69008242185565e-07,0,0,0,-5.10733049676383,-2.71703841026133,-1.5960230411418,-0.924421128498515,-0.637467391526793,-0.401720611436769,-0.199908617713564
0.00391006842619746,0.000977517106549365,0.953809207475313,0.0458267347035961,0.000363420171924469,6.3764916666208e-07,0,0,0,-5.04694889318108,-2.6279883884754,-1.53275006402333,-0.885712235664921,-0.610377156614853,-0.384550523414629,-0.191349082101894
0.00488758553274682,0.000977517106549365,0.942488148788182,0.0569441317340386,0.000566474069250482,1.24540852863687e-06,0,0,0,-4.98704508415633,-2.53986780392439,-1.47036119145027,-0.847590101513466,-0.583706105637211,-0.367648205518478,-0.182923354009657
0.00586510263929619,0.000977517106549365,0.931257028523356,0.0679270694780953,0.000813749932611334,2.15206593748452e-06,0,0,0,-4.92761717179659,-2.45267252000006,-1.40885187878745,-0.810051383357123,-0.557451791771348,-0.351012080632902,-0.174630643185001
0.00684261974584555,0.000977517106549365,0.920115488003177,0.0787761756216648,0.00110491897415546,3.41740100257958e-06,0,0,0,-4.8686632582089,-2.36639840009421,-1.34821758139972,-0.773092738508867,-0.531611768194749,-0.33464057164233,-0.16647015937589
0.00782013685239492,0.000977517106549365,0.90906316854999,0.0894920778506453,0.00143965240603131,5.10119333329664e-06,0,0,0,-4.81018144550026,-2.28104130759862,-1.28845375465194,-0.736710824281673,-0.506183588084902,-0.318532101431225,-0.158441112330359
0.00879765395894428,0.000977517106549365,0.898099711486138,0.100075403850935,0.00181762144038731,7.26322253901025e-06,0,0,0,-4.7521698357777,-2.19659710590505,-1.22955585390895,-0.700902297988517,-0.481164804619296,-0.302685092884052,-0.150542711796429
0.00977517106549365,0.000977517106549365,0.887224758133966,0.110526781308433,0.00223849728937192,9.963268229095e-06,0,0,0,-4.69462653114823,-2.11306165840529,-1.1715193345356,-0.665663816942373,-0.456552970975418,-0.287097968885277,-0.142774167522123
0.010752688172043,0.000977517106549365,0.876437949815816,0.120846837909038,0.00270195116513356,1.32611100129254e-05,0,0,0,-4.63754963371887,-2.03043082849113,-1.11433965189673,-0.630992038456218,-0.432345640330756,-0.271769152319363,-0.135134689255465
0.0117302052785924,0.000977517106549365,0.865738927854032,0.131036201338647,0.00320765427982068,1.72165274998762e-05,0,0,0,-4.58093724559665,-1.94870047955433,-1.05801226135719,-0.596883619843025,-0.408540365862798,-0.256697066070777,-0.127623486744475
0.0127077223851417,0.000977517106549365,0.855127333570959,0.14109549928316,0.00375527784558171,2.18893002993217e-05,0,0,0,-4.52478746888858,-1.86786647498669,-1.00253261828184,-0.56333521841577,-0.385134700749032,-0.241880133023983,-0.120239769737179
0.0136852394916911,0.000977517106549365,0.84460280828894,0.151025359428474,0.0043444930745651,2.73392080206367e-05,0,0,0,-4.46909840570168,-1.78792467817997,-0.947896178035512,-0.530343491487428,-0.362126198166946,-0.227316776063445,-0.112982747981598
0.0146627565982405,0.000977517106549365,0.834164993330319,0.160826409460489,0.00497497117891929,3.36260302731956e-05,0,0,0,-4.41386815814296,-1.70887095252597,-0.894098395983063,-0.497905096370975,-0.339512411294028,-0.21300541807363,-0.105851631225755
0.0156402737047898,0.000977517106549365,0.823813530017439,0.170499277065102,0.00564638337079272,4.08095466663731e-05,0,0,0,-4.35909482831945,-1.63070116141645,-0.841134727489338,-0.466016690379385,-0.317290893307765,-0.198944481939002,-0.098845629217673
0.0166177908113392,0.000977517106549365,0.813548059672645,0.180044589928212,0.00635840086233382,4.89495368095437e-05,0,0,0,-4.30477651833818,-1.5534111682432,-0.789000627919186,-0.434674930825634,-0.295459197385646,-0.185132390544025,-0.0919639517053755
0.0175953079178886,0.000977517106549365,0.80336822361828,0.189462975735717,0.00711069486569104,5.8105780312082e-05,0,0,0,-4.25091133030614,-1.476996836398,-0.737691552637453,-0.403876475022697,-0.274014876705159,-0.171567566773166,-0.0852058084368847
0.0185728250244379,0.000977517106549365,0.793273663176687,0.198755062173517,0.00790293659301281,6.83380567833626e-05,0,0,0,-4.19749736633037,-1.40145402927263,-0.687202957008987,-0.373617980283548,-0.25295548444379,-0.158248433510888,-0.0785704091602238
0.0195503421309873,0.000977517106549365,0.783264019670211,0.207921476927508,0.00873479725644758,7.970614583276e-05,0,0,0,-4.14453272851788,-1.32677861025886,-0.637530296398637,-0.343896103921164,-0.232278573779029,-0.145173413641657,-0.0720569636234155
0.0205278592375367,0.000977517106549365,0.773338934421196,0.216962847683591,0.00960594806814379,9.22698270696487e-05,0,0,0,-4.0920155189757,-1.25296644274848,-0.588669026171251,-0.314707503248519,-0.211981697888363,-0.132340930049938,-0.0656646815744828
0.021505376344086,0.000977517106549365,0.763498048751984,0.225879802127662,0.0105160602402499,0.000106088880103404,0,0,0,-4.03994383981083,-1.18001339013327,-0.540614601691675,-0.286048835578589,-0.19206240994928,-0.119749405620195,-0.0593927727614484
0.0224828934506354,0.000977517106549365,0.753741003984921,0.234672967945621,0.0114648049849143,0.000121223084543399,0,0,0,-3.98831579313031,-1.107915315805,-0.493362478324757,-0.257916758224348,-0.172518263139267,-0.107397263236894,-0.0532404469323352
0.0234604105571848,0.000977517106549365,0.744067441442349,0.243342972823367,0.0124518535142854,0.000137732219999009,0,0,0,-3.93712948104114,-1.03666808315546,-0.446908111435346,-0.230307928498771,-0.153346810635814,-0.0952829257844996,-0.0472069138351661
0.0244379276637341,0.000977517106549365,0.734477002446612,0.251890444446796,0.0134768770405118,0.000155676066079609,0,0,0,-3.88638300565035,-0.966267555576423,-0.401246956388288,-0.203219003714834,-0.134545605616407,-0.0834048161474768,-0.041291383217964
0.0254154447702835,0.000977517106549365,0.724969328320055,0.260316010501809,0.0145395467757418,0.000175114402394574,0,0,0,-3.83607446906496,-0.896709596459671,-0.356374468548433,-0.176646641185513,-0.116112201258534,-0.0717613572102906,-0.0354930648287518
0.0263929618768328,0.000977517106549365,0.71554406038502,0.268620298674303,0.0156395339321238,0.000196107008553277,0,0,0,-3.78620197339198,-0.827990069196982,-0.312286103280627,-0.150587498223781,-0.098044150739684,-0.0603509718574058,-0.0298111684155522
0.0273704789833822,0.000977517106549365,0.706200839963852,0.276803936650177,0.0167765097218064,0.000218713664165093,0,0,0,-3.73676362073844,-0.760104837180139,-0.268977315949719,-0.125038232142616,-0.0803390072373443,-0.0491720829732875,-0.0242449037263882
0.0283479960899316,0.000977517106549365,0.696939308378894,0.284867552115329,0.0179501453569379,0.000242994148839398,0,0,0,-3.68775751321135,-0.693049763800918,-0.226443561920555,-0.0999955002549899,-0.0629943239290026,-0.0382231134424006,-0.0187934805092826
0.0293255131964809,0.000977517106549365,0.68775910695249,0.292811772755657,0.0191601120496669,0.000269008242185565,0,0,0,-3.63918175291773,-0.6268207124511,-0.184680296557984,-0.0754559598738798,-0.046007653992147,-0.02750248614921,-0.0134561085122583
0.0303030303030303,0.000977517106549365,0.678659877006984,0.300637226257061,0.0204060810121416,0.000296815723812969,0,0,0,-3.5910344419646,-0.561413546522464,-0.143682975226854,-0.0514162683122603,-0.0293765506042652,-0.0170086239781807,-0.00823199748333809
0.0312805474095797,0.000977517106549365,0.66964125986472,0.308344540305438,0.0216877234565107,0.000326476373330985,0,0,0,-3.54331368245898,-0.496824129406791,-0.103447053292012,-0.027873082883107,-0.0130985669428455,-0.00673994981377784,-0.00312035717054498
0.032258064516129,0.000977517106549365,0.660702896848041,0.315934342586687,0.0230047105949224,0.000358049970348987,0,0,0,-3.49601757650789,-0.43304832449586,-0.0639679861183067,-0.0048230608993946,0.00282874381462457,0.00330511345953386,0.00187960267809828
0.0332355816226784,0.000977517106549365,0.651844429279292,0.323407260786707,0.0243567136395253,0.00039159629447635,0,0,0,-3.44914422621835,-0.37008199518145,-0.0252412290705847,0.0177371403259017,0.0184078284906571,0.0131281429572894,0.00676867231456881
0.0342130987292278,0.000977517106549365,0.643065498480815,0.330763922591395,0.0257434038024678,0.000427175125322448,0,0,0,-3.40269173369737,-0.307921004855341,0.0127377624863055,0.0398108634798065,0.033641133907764,0.0227307157950237,0.0115476419908437
0.0351906158357771,0.000977517106549365,0.634365745774955,0.33800495568665,0.0271644522958983,0.000464846242496656,0,0,0,-3.35665820105198,-0.246561216909313,0.0499735331875166,0.0614014512493448,0.0485311068884576,0.0321144090882719,0.0162173019589001
0.0361681329423265,0.000977517106549365,0.625744812484055,0.345130987758372,0.0286195303319654,0.000504669425608349,0,0,0,-3.31104173038919,-0.185998494735144,0.0864706276682009,0.0825122463215419,0.0630801942552501,0.0412807999525692,0.0207784424707153
0.0371456500488759,0.000977517106549365,0.617202339930459,0.352142646492457,0.0301083091228173,0.000546704454266901,0,0,0,-3.26584042381602,-0.126228701724615,0.12223359056351,0.103146591383422,0.0772908428306532,0.0502314655034503,0.0252318537782661
0.0381231671554252,0.000977517106549365,0.608737969436511,0.359040559574805,0.0316304598806025,0.000591011108081686,0,0,0,-3.2210523834395,-0.0672477012695058,0.157266966508597,0.12330782912201,0.0911654994371793,0.0589679828564504,0.0295783261335299
0.0391006842619746,0.000977517106549365,0.600351342324555,0.365825354691314,0.0331856538174696,0.00063764916666208,0,0,0,-3.17667571136664,-0.00905135676159512,0.191575300138613,0.142999302224331,0.10470661089734,0.0674919291271046,0.0338186497884838
0.040078201368524,0.000977517106549365,0.592042099916934,0.372497659527882,0.0347735621455669,0.000686678409617456,0,0,0,-3.13270850970445,0.0483644684073373,0.225163136088711,0.16222435337741,0.117916624033649,0.0758048814309479,0.0379536149951049
0.0410557184750733,0.000977517106549365,0.583809883535992,0.379058101770408,0.0363938560770429,0.00073815861655719,0,0,0,-3.08914888055997,0.105003910845511,0.258035018994044,0.180986325268271,0.130797985668617,0.0839084168835153,0.0419840120053704
0.0420332355816227,0.000977517106549365,0.575654334504073,0.38550730910479,0.038046206824046,0.000792149567090656,0,0,0,-3.0459949260402,0.160871107161147,0.290195493489763,0.19928856058394,0.143353142624755,0.0918041126003418,0.0459106310712573
0.043010752688172,0.000977517106549365,0.567575094143521,0.391845909216927,0.0397302855987246,0.000848711040827228,0,0,0,-3.00324474825216,0.215970193962468,0.321649104211021,0.217134402011442,0.155584541724578,0.0994935456969628,0.0497342624447429
0.0439882697947214,0.000977517106549365,0.559571803776679,0.398074529792717,0.0414457636132273,0.000907902817376282,0,0,0,-2.96089644930288,0.270305307857691,0.35240039579297,0.2345271922378,0.167494629790597,0.106978293288913,0.0534556963778042
0.0449657869012708,0.000977517106549365,0.551644104725891,0.404193798518059,0.0431923120797023,0.00096978467634719,0,0,0,-2.91894813129938,0.323880585455036,0.382453912870761,0.251470273950041,0.179085853645322,0.114259932491727,0.0570757231224183
0.0459433040078201,0.000977517106549365,0.543791638313501,0.410204343078851,0.0449696022102983,0.00103441639734933,0,0,0,-2.87739789634866,0.376700163362727,0.411814200079549,0.267966989835188,0.190360660111268,0.121340040420941,0.0605951329305626
0.0469208211143695,0.000977517106549365,0.536014045861853,0.416106791160991,0.0467773052171635,0.00110185775999207,0,0,0,-2.83624384655776,0.42876817818898,0.440485802054483,0.284020682580267,0.201321496010946,0.128220194192089,0.0640147160542138
0.0478983382209189,0.000977517106549365,0.52831096869329,0.421901770450378,0.0486150923124465,0.0011721685438848,0,0,0,-2.79548408403369,0.480088766542019,0.468473263430718,0.299634694872303,0.211970808166868,0.134901970920706,0.0673352627453494
0.0488758553274682,0.000977517106549365,0.520682048130157,0.42758990863291,0.0504826347082957,0.00124540852863687,0,0,0,-2.75511671088347,0.530666065030063,0.495781128843405,0.31481236939832,0.222311043401546,0.141386947722328,0.0705575632559465
0.0498533724340176,0.000977517106549365,0.513126925494796,0.433171833394487,0.0523796036168595,0.00132163749385768,0,0,0,-2.71513982921412,0.580504210261334,0.522413942927697,0.329557048845344,0.232344648537492,0.14767670171249,0.0736824078379822
0.050830889540567,0.000977517106549365,0.505645242109552,0.438648172421005,0.0543056702502864,0.00140091521915659,0,0,0,-2.67555154113265,0.62960733884405,0.548376250318745,0.343872075900398,0.242074070397219,0.153772810006726,0.0767105867434334
0.0518084066471163,0.000977517106549365,0.498236639296769,0.444019553398364,0.0562605058207249,0.00148330148414298,0,0,0,-2.63634994874609,0.677979587386433,0.573672595651702,0.357760793250509,0.251501755803238,0.159676849720571,0.0796428902242776
0.0527859237536657,0.000977517106549365,0.490900758378789,0.449286604012461,0.0582437815403232,0.00156885606842621,0,0,0,-2.59753315416145,0.725625092496702,0.59830752356172,0.3712265435827,0.260630151578062,0.165390397969561,0.0824801085324917
0.0537634408602151,0.000977517106549365,0.483637240677958,0.454449951949197,0.06025516862123,0.00165763875161568,0,0,0,-2.55909925948576,0.772547990783079,0.622285578683952,0.384272669583998,0.269461704544202,0.170915031869231,0.0852230319200529
0.0547409579667644,0.000977517106549365,0.476445727516618,0.459510224894468,0.0622943382755936,0.00174970931332075,0,0,0,-2.52104636682603,0.818752418853783,0.64561130565355,0.396902513941426,0.277998861524172,0.176252328535116,0.0878724506389383
0.0557184750733138,0.000977517106549365,0.469325860217113,0.464468050534173,0.0643609617155624,0.00184512753315079,0,0,0,-2.48337257828928,0.864242513317036,0.668289249105665,0.409119419342009,0.286244069340482,0.18140386508275,0.0904291549411251
0.0566959921798631,0.000977517106549365,0.462277280101788,0.469324056554212,0.066454710153285,0.00194395319071518,0,0,0,-2.44607599598253,0.909022410781057,0.690323953675451,0.420926728472772,0.294199774815646,0.186371218627669,0.0928939350785905
0.0576735092864125,0.000977517106549365,0.455299628492986,0.474078870640481,0.0685752548009097,0.0020462460656233,0,0,0,-2.40915472201279,0.953096247854067,0.711719963998059,0.432327784020741,0.301868424772174,0.191155966285408,0.0952675813033114
0.0586510263929619,0.000977517106549365,0.44839254671305,0.47873312047888,0.070722266870585,0.00215206593748452,0,0,0,-2.3726068584871,0.996468161144286,0.732481824708642,0.443325928672939,0.30925246603258,0.195759685171502,0.0975508838672652
0.0596285434995112,0.000977517106549365,0.441555676084325,0.483287433755308,0.0728954175744593,0.00226147258590821,0,0,0,-2.33643050751246,1.03914228725994,0.752614080442351,0.453924505116393,0.316354345419376,0.200183952401485,0.0997446330224289
0.0606060606060606,0.000977517106549365,0.434788657929154,0.487742438155661,0.0750943781246812,0.00237452579050375,0,0,0,-2.3006237711959,1.08112276280923,0.77212127583434,0.464126856038126,0.323176509755073,0.204430345090894,0.10184961902078
0.06158357771261,0.000977517106549365,0.428091133569881,0.49209876136584,0.0773188197333989,0.00249128533088052,0,0,0,-2.26518475164444,1.1224137244004,0.791007955519761,0.473936324125163,0.329721405862184,0.208500440355263,0.103866632114295
0.0625610948191593,0.000977517106549365,0.421462744328849,0.496357031071742,0.079568413612761,0.00261181098664788,0,0,0,-2.23011155096508,1.16301930864167,0.809278664133764,0.48335625206453,0.33599148056322,0.212395815310126,0.105796462554951
0.0635386119257087,0.000977517106549365,0.414903131528403,0.500517874959266,0.0818428309749158,0.00273616253741521,0,0,0,-2.19540227126486,1.20294365214124,0.826937946311505,0.492389982543251,0.341989180680694,0.21611804707102,0.107639900594725
0.0645161290322581,0.000977517106549365,0.408411936490887,0.50458192071431,0.0841417430320119,0.00286439976279189,0,0,0,-2.16105501465079,1.24219089150734,0.843990346688132,0.501040858248351,0.347716953037118,0.219668712753479,0.109397736485596
0.0654936461388074,0.000977517106549365,0.401988800538643,0.508549796022772,0.0864648209961977,0.0029965824423873,0,0,0,-2.12706788322989,1.2807651633482,0.860440409898801,0.509312221866855,0.353177244455004,0.223049389473038,0.111070760479539
0.0664711632453568,0.000977517106549365,0.395633364994016,0.512422128570552,0.0888117360796215,0.0031327703558108,0,0,0,-2.09343897910918,1.31867060427203,0.876292680578662,0.517207416085788,0.358372501756865,0.226261654345232,0.112659762828532
0.0674486803519062,0.000977517106549365,0.389345271179349,0.516199546043547,0.091182159494432,0.00327302328267177,0,0,0,-2.06016640439567,1.35591135088705,0.891551703362868,0.524729783592174,0.363305171765212,0.229307084485596,0.114165533784551
0.0684261974584555,0.000977517106549365,0.383124160416986,0.519882676127657,0.0935757624527774,0.00341740100257958,0,0,0,-2.0272482611964,1.39249153980148,0.906222022886571,0.531882667073039,0.367977701302557,0.232187257009666,0.115588863599575
0.0694037145650049,0.000977517106549365,0.376969674029272,0.523472146508778,0.0959922161668062,0.00356596329514362,0,0,0,-1.99468265161836,1.42841530762355,0.920308183784924,0.538669409215408,0.372392537191413,0.234903749032976,0.116930542525581
0.0703812316715542,0.000977517106549365,0.370881453338549,0.526968584872811,0.0984311918486669,0.00371876993997325,0,0,0,-1.96246767776859,1.46368679096148,0.933814730693079,0.545093352706304,0.376552126254291,0.237458137671061,0.118191360814544
0.0713587487781036,0.000977517106549365,0.364859139667162,0.530372618905653,0.100892360710508,0.00387588071667785,0,0,0,-1.93060144175411,1.49831012642347,0.946746208246187,0.551157840232754,0.380458915313704,0.239852000039457,0.119372108718444
0.072336265884653,0.000977517106549365,0.358902374337454,0.533684876293202,0.103375393964478,0.00403735540486679,0,0,0,-1.89908204568193,1.53228945061777,0.959107161079402,0.556866214481781,0.384115351192164,0.242086913253698,0.120473576489256
0.0733137829912024,0.000977517106549365,0.353010798671768,0.536905984721357,0.105879962822725,0.00420325378414945,0,0,0,-1.86790759165906,1.56562890015258,0.970902133827874,0.562221818140411,0.387523880712183,0.24416445442932,0.121496554378957
0.0742913000977517,0.000977517106549365,0.34718405399245,0.540036571876018,0.108405738497397,0.0043736356341352,0,0,0,-1.83707618179254,1.59833261163612,0.982135671126759,0.567227993895669,0.390686950696273,0.246086200681857,0.122441832639526
0.0752688172043011,0.000977517106549365,0.341421781621842,0.543077265443081,0.110952392200644,0.00454856073443343,0,0,0,-1.80658591818938,1.63040472167662,0.992812317611205,0.571888084434579,0.393607007966947,0.247853729126845,0.123310201522939
0.0762463343108504,0.000977517106549365,0.335723622882288,0.546028693108445,0.113519595144613,0.00472808886465349,0,0,0,-1.77643490295659,1.6618493668823,1.00293661791637,0.576205432444167,0.396286499346715,0.249468616879818,0.124102451281173
0.0772238514173998,0.000977517106549365,0.330089219096133,0.54889148255801,0.116107018541453,0.00491227980440477,0,0,0,-1.7466212382012,1.69267068386137,1.0125131166774,0.580183380611456,0.398727871658091,0.250932441056312,0.124819372166205
0.0782013685239492,0.000977517106549365,0.324518211585719,0.551666261477672,0.118714333603313,0.00510119333329664,0,0,0,-1.71714302603022,1.72287280922207,1.02154635852944,0.583825271623473,0.400933571723587,0.252246778771862,0.125461754430013
0.0791788856304985,0.000977517106549365,0.31901024167339,0.554353657553332,0.12134121154234,0.00529488923093847,0,0,0,-1.68799836855068,1.7524598795726,1.03004088810767,0.587134448167241,0.402906046365714,0.253413207142002,0.126030388324573
0.0801564027370479,0.000977517106549365,0.313564950681491,0.556954298470886,0.123987323570684,0.00549342727693965,0,0,0,-1.65918536786959,1.78143603152118,1.03800125004721,0.590114252929786,0.404647742406985,0.254433303282269,0.126526064101863
0.0811339198435973,0.000977517106549365,0.308181979932364,0.559468811916234,0.126652340900492,0.00569686725090954,0,0,0,-1.63070212609397,1.80980540167605,1.04543198898323,0.592768028598133,0.406161106669912,0.255308644308196,0.126949572013861
0.0821114369501466,0.000977517106549365,0.302860970748355,0.561897825575274,0.129335934743913,0.00590526893245752,0,0,0,-1.60254674533085,1.83757212664542,1.05233764955088,0.595099117859306,0.407448585977007,0.256040807335319,0.127301702312542
0.083088954056696,0.000977517106549365,0.297601564451806,0.564241967133905,0.132037776313096,0.00611869210119296,0,0,0,-1.57471732768723,1.8647403430375,1.05872277638531,0.59711086340033,0.408512627150781,0.256631369479172,0.127583245249884
0.0840664711632454,0.000977517106549365,0.292403402365061,0.566501864278024,0.134757536820189,0.00633719653672524,0,0,0,-1.54721197527014,1.89131418746053,1.06459191412168,0.59880660790823,0.409355677013749,0.257081907855292,0.127794991077865
0.0850439882697947,0.000977517106549365,0.287266125810464,0.568678144693531,0.137494887477341,0.00656084201866374,0,0,0,-1.5200287901866,1.91729779652272,1.06994960739513,0.600189694070032,0.40998018238842,0.257393999579213,0.127937730048461
0.0860215053763441,0.000977517106549365,0.282189376110359,0.570771436066324,0.140249499496699,0.00678968832661783,0,0,0,-1.49316587454362,1.94269530683228,1.07480040084081,0.601263464572759,0.410388590097308,0.257569221766469,0.128012252413649
0.0869990224828935,0.000977517106549365,0.277172794587089,0.5727823660823,0.143021044090413,0.00702379524019687,0,0,0,-1.46662133044823,1.96751085499745,1.07914883909389,0.602031262103436,0.410583346962924,0.257609151532597,0.128019348425408
0.0879765395894428,0.000977517106549365,0.272216022562999,0.57471156242736,0.145809192470631,0.00726322253901025,0,0,0,-1.44039326000745,1.99174857762644,1.08299946678951,0.60249642934909,0.410566899807781,0.257515365993131,0.127959808335713
0.0889540566959922,0.000977517106549365,0.267318701360432,0.5765596527874,0.148613615849501,0.00750803000266735,0,0,0,-1.41447976532828,2.01541261132748,1.08635682856282,0.602662308996744,0.410341695454392,0.257289442263606,0.127834422396542
0.0899315738025415,0.000977517106549365,0.262480472301731,0.57832726484832,0.151433985439171,0.00775827741077752,0,0,0,-1.38887894851776,2.03850709270877,1.08922546904898,0.602532243733422,0.409910180725267,0.256932957459557,0.127643980859872
0.0909090909090909,0.000977517106549365,0.257700976709241,0.580015026296018,0.154269972451791,0.00801402454295016,0,0,0,-1.3635889116829,2.06103615837855,1.09160993288314,0.602109576246151,0.409274802442918,0.256447488696519,0.127389273977681
0.0918866080156403,0.000977517106549365,0.252979855905305,0.581623564816392,0.157121248099508,0.00827533117879464,0,0,0,-1.33860775693071,2.08300394494503,1.09351476470045,0.601397649221955,0.408438007429859,0.255834613090028,0.127071092001945
0.0928641251221896,0.000977517106549365,0.248316751212268,0.583153508095341,0.159987483594471,0.00854225709792032,0,0,0,-1.31393358636823,2.10441458901643,1.09494450913607,0.600399805347859,0.407402242508602,0.255095907755618,0.126690225184641
0.093841642228739,0.000977517106549365,0.243711303952472,0.584605483818763,0.162868350148828,0.00881486207993659,0,0,0,-1.28956450210246,2.12527222720098,1.09590371082514,0.599119387310887,0.406169954501657,0.254232949808824,0.126247463777747
0.0948191593352884,0.000977517106549365,0.239163155448261,0.585980119672557,0.165763518974729,0.00909320590445282,0,0,0,-1.26549860624043,2.1455809961069,1.09639691440282,0.597559737798065,0.404743590231538,0.253247316365182,0.12574359803324
0.0957966764418377,0.000977517106549365,0.23467194702198,0.587278043342621,0.16867266128432,0.00937734835107838,0,0,0,-1.24173400088915,2.16534503234239,1.09642866450425,0.595724199496417,0.403125596520756,0.252140584540226,0.125179418203097
0.0967741935483871,0.000977517106549365,0.230237319995972,0.588499882514853,0.171595448289752,0.00966734919942264,0,0,0,-1.21826878815565,2.1845684725157,1.0960035057646,0.593616115092968,0.401318420191825,0.250914331449492,0.124555714539295
0.0977517106549365,0.000977517106549365,0.225858915692581,0.589646264875153,0.174531551203172,0.00996326822909499,0,0,0,-1.19510107014694,2.20325545323503,1.09512598281902,0.591238827274743,0.399324508067255,0.249570134208513,0.123873277293811
0.0987292277614858,0.000977517106549365,0.22153637543415,0.590717818109418,0.177480641236728,0.0102651652197048,0,0,0,-1.17222894897004,2.2214101111086,1.09380064030265,0.588595678728767,0.397146306969558,0.248109569932827,0.123132896718623
0.0997067448680352,0.000977517106549365,0.217269340543023,0.591715169903546,0.180442389602569,0.0105730999508614,0,0,0,-1.14965052673197,2.23903658274465,1.09203202285065,0.585690012142065,0.394786263721248,0.246534215737967,0.122335363065707
0.100684261974585,0.000977517106549365,0.213057452341545,0.592638947943437,0.183416467512844,0.0108871322021743,0,0,0,-1.12736390553975,2.25613900475137,1.08982467509817,0.582525170201661,0.392246825144836,0.244845648739469,0.12148146658704
0.101661779081134,0.000977517106549365,0.208900352152058,0.593489779914988,0.186402546179701,0.0112073217532527,0,0,0,-1.1053671875004,2.27272151373701,1.08718314168037,0.579104495594581,0.389530438062834,0.243045446052868,0.1205719975346
0.102639296187683,0.000977517106549365,0.204797681296907,0.594268293504099,0.189400296815288,0.0115337283837061,0,0,0,-1.08365847472093,2.28878824630978,1.08411196723239,0.57543133100785,0.386639549297755,0.241135184793698,0.119607746160365
0.103616813294233,0.000977517106549365,0.200749081098435,0.594975116396667,0.192409390631754,0.0118664118731438,0,0,0,-1.06223586930837,2.30434333907789,1.08061569638939,0.571509019128491,0.38357660567211,0.239116442077495,0.11858950271631
0.104594330400782,0.000977517106549365,0.196754192878986,0.595610876278591,0.195429498841247,0.0122054320011752,0,0,0,-1.04109747336973,2.31939092864957,1.07669887378652,0.56734090264353,0.380344054008412,0.236990795019793,0.117518057454413
0.105571847507331,0.000977517106549365,0.192812657960904,0.59617620083577,0.198460292655916,0.0125508485474097,0,0,0,-1.02024138901204,2.33393515163304,1.07236604405894,0.562930324239992,0.376944341129172,0.234759820736129,0.116394200626652
0.106549364613881,0.000977517106549365,0.188924117666533,0.596671717754101,0.201501443287909,0.0129027212914567,0,0,0,-0.999665718342311,2.34798014463652,1.06762175184178,0.558280626604902,0.373379913856903,0.232425096342036,0.115218722485003
0.10752688172043,0.000977517106549365,0.185088213318216,0.597098054719484,0.204552621949375,0.0132611100129254,0,0,0,-0.979368563467563,2.36153004426823,1.06247054177022,0.553395152425284,0.369653219014117,0.229988198953051,0.113992413281443
0.108504398826979,0.000977517106549365,0.181304586238297,0.597455839417816,0.207613499852462,0.0136260744914254,0,0,0,-0.959348026494814,2.37458898713639,1.05691695847939,0.548277244388164,0.365766703423326,0.227450705684707,0.112716063267951
0.109481915933529,0.000977517106549365,0.177572877749119,0.597745699534997,0.210683748209318,0.013997674506566,0,0,0,-0.939602209531085,2.38716110984922,1.05096554660446,0.542930245180566,0.361722813907042,0.22481419365254,0.111390462696502
0.110459433040078,0.000977517106549365,0.173892729173028,0.597968262756924,0.213763038232092,0.0143759698379565,0,0,0,-0.920129214683393,2.39925054901494,1.04462085078057,0.537357497489515,0.357523997287777,0.222080239972086,0.110016401819074
0.111436950146628,0.000977517106549365,0.170263781832365,0.598124156769496,0.216851041132932,0.0147610202652063,0,0,0,-0.900927144058758,2.41086144124177,1.03788741564288,0.531562344002036,0.353172700388044,0.219250421758878,0.108594670887644
0.112414467253177,0.000977517106549365,0.166685677049476,0.598214009258612,0.219947428123987,0.0151528855679249,0,0,0,-0.881994099764198,2.42199792313794,1.03076978582653,0.525548127405153,0.348671370030354,0.216326316128453,0.107126060154189
0.113391984359726,0.000977517106549365,0.163158056146703,0.598238447910169,0.223051870417406,0.0155516255257215,0,0,0,-0.863328183906732,2.43266413131166,1.02327250596669,0.519318190385893,0.34402245303722,0.213309500196345,0.105611359870687
0.114369501466276,0.000977517106549365,0.159680560446392,0.598198100410067,0.226164039225336,0.0159572999182055,0,0,0,-0.84492749859338,2.44286420237115,1.0154001206985,0.512875875631279,0.339228396231153,0.210201551078089,0.104051360289115
0.115347018572825,0.000977517106549365,0.156252831270884,0.598093594444203,0.229283605759926,0.0163699685249864,0,0,0,-0.82679014593116,2.45260227292463,1.00715717465711,0.506224525828336,0.334291646434666,0.20700404588922,0.102446851661448
0.116324535679374,0.000977517106549365,0.152874509942525,0.597925557698477,0.232410241233325,0.0167896911256735,0,0,0,-0.808914228027091,2.46188247958033,0.998548212477681,0.499367483664089,0.329214650470271,0.203718561745273,0.100798624239666
0.117302052785924,0.000977517106549365,0.149545237783657,0.597694617858786,0.235543616857681,0.0172165274998762,0,0,0,-0.791297846988192,2.47070895894646,0.989577778795362,0.492308091825564,0.32399985516048,0.200346675761784,0.0991074682757448
0.118279569892473,0.000977517106549365,0.146264656116625,0.59740140261103,0.238683403845142,0.0176505374272038,0,0,0,-0.773939104921481,2.47908584763124,0.980250418245304,0.485049692999784,0.318649707327806,0.196889965054287,0.0973741740216615
0.119257086999022,0.000977517106549365,0.143032406263772,0.597046539641106,0.241829273407857,0.0180917806872657,0,0,0,-0.756836103933978,2.4870172822429,0.970570675462661,0.477595629873775,0.313166653794759,0.193350006738318,0.0955995317293933
0.120234604105572,0.000977517106549365,0.139848129547442,0.596630656634912,0.244980896757974,0.0185403170596713,0,0,0,-0.739986946132701,2.49450739938966,0.960543095082584,0.469949245134562,0.307553141383853,0.189728377929411,0.0937843316509175
0.121212121212121,0.000977517106549365,0.13671146728998,0.596154381278348,0.248137945107642,0.01899620632403,0,0,0,-0.72338973362467,2.50156033567973,0.950172221740227,0.462113881469169,0.301811616917599,0.186026655743101,0.0919293640382112
0.122189638318671,0.000977517106549365,0.133622060813727,0.595618341257312,0.251300089669009,0.0194595082599512,0,0,0,-0.707042568516903,2.50818022772134,0.939462600070739,0.454092881564622,0.29594452721851,0.182246417294924,0.0900354191432513
0.12316715542522,0.000977517106549365,0.13057955144103,0.595023164257702,0.254467001654224,0.0199302826470441,0,0,0,-0.690943552916419,2.5143712121227,0.928418774709275,0.445889588107944,0.289954319109098,0.178389239700415,0.0881032872180153
0.124144672531769,0.000977517106549365,0.12758358049423,0.594369477965417,0.257638352275435,0.0204085892649183,0,0,0,-0.675090788930237,2.52013742549204,0.917045290290986,0.437507343786162,0.283843439411874,0.174456700075108,0.0861337585144801
0.125122189638319,0.000977517106549365,0.124633789295672,0.593657910066354,0.26081381274479,0.020894487893183,0,0,0,-0.659482378665375,2.52548300443758,0.905346691451025,0.4289494912863,0.277614334949351,0.170450375534539,0.0841276232846229
0.126099706744868,0.000977517106549365,0.1217298191677,0.592889088246414,0.263993054274439,0.0213880383114477,0,0,0,-0.644116424228854,2.53041208556753,0.893327522824544,0.420219373295382,0.271269452544042,0.166371843194242,0.0820856717804209
0.127077223851417,0.000977517106549365,0.118871311432657,0.592063640191493,0.267175748076529,0.0218893002993217,0,0,0,-0.62899102772769,2.53492880549012,0.880992329046695,0.411320332500434,0.264811239018457,0.162222680169754,0.0800086942538511
0.128054740957967,0.000977517106549365,0.116057907412887,0.59118219358749,0.270361565363208,0.0223983336364144,0,0,0,-0.614104291268905,2.53903730081358,0.868345654752631,0.40225571158848,0.25824214119511,0.158004463576608,0.0778974809568908
0.129032258064516,0.000977517106549365,0.113289248430734,0.590245376120305,0.273550177346626,0.0229151981023352,0,0,0,-0.599454316959515,2.54274170814611,0.855392044577504,0.393028853246546,0.251564605896512,0.15371877053034,0.075752822141517
0.130009775171065,0.000977517106549365,0.110564975808542,0.589253815475834,0.27674125523893,0.0234399534766934,0,0,0,-0.58503920690654,2.54604616409594,0.842136043156464,0.383643100161656,0.244781079945176,0.149367178146485,0.0735755080597067
0.130987292277615,0.000977517106549365,0.107884730868654,0.588208139339978,0.27993447025227,0.0239726595390984,0,0,0,-0.570857063217,2.54895480527129,0.828582195124666,0.374101795020834,0.237894010163613,0.144951263540577,0.0713663289634373
0.131964809384164,0.000977517106549365,0.105248154933414,0.587108975398633,0.283129493598793,0.0245133760691596,0,0,0,-0.556905987997912,2.55147176828037,0.814735045117261,0.364408280511106,0.230905843374335,0.140472603828153,0.0691260751046859
0.132942326490714,0.000977517106549365,0.102654889325166,0.585956951337699,0.286325996490649,0.0250621628464864,0,0,0,-0.543184083356296,2.55360118973143,0.800599137769403,0.354565899319498,0.223819026399857,0.135932776124746,0.0668555367354297
0.133919843597263,0.000977517106549365,0.100104575366254,0.584752694843074,0.289523650139984,0.0256190796506881,0,0,0,-0.529689451399171,2.55534720623266,0.786179017716242,0.344577994133032,0.216636006062687,0.131333357545893,0.0645555041076455
0.134897360703812,0.000977517106549365,0.0975968543790208,0.583496833600656,0.292722125758949,0.0261841862613741,0,0,0,-0.516420194233555,2.55671395439229,0.771479229592931,0.334447907638735,0.209359229185339,0.126675925207127,0.0622267674733107
0.135874877810362,0.000977517106549365,0.095131367685811,0.582189995296344,0.295921094559691,0.0267575424581539,0,0,0,-0.503374413966468,2.55770557081854,0.756504318034623,0.324178982523632,0.201991142590326,0.121962056223985,0.0598701170844025
0.136852394916911,0.000977517106549365,0.0927077566089681,0.580832807616037,0.299120227754359,0.0273392080206367,0,0,0,-0.490550212704927,2.55832619211964,0.741258827676469,0.313774561474746,0.194534193100159,0.117193327712001,0.0574863431928978
0.13782991202346,0.000977517106549365,0.0903256624708359,0.579425898245632,0.302319196555101,0.0279292427284319,0,0,0,-0.477945692555953,2.5585799549038,0.725747303153623,0.303237987179103,0.186990827537351,0.11237131678671,0.0550762360507739
0.13880742913001,0.000977517106549365,0.087984726593758,0.577969894871028,0.305517672174065,0.0285277063611489,0,0,0,-0.465558955626563,2.55847099577924,0.709974289101236,0.292572602323729,0.179363492724413,0.107497600563648,0.052640585910008
0.139784946236559,0.000977517106549365,0.0856845903000782,0.576465425178124,0.308715325823401,0.0291346586983972,0,0,0,-0.453388104023778,2.55800345135419,0.693944330154459,0.281781749595646,0.171654635483857,0.102573756158348,0.050180183022577
0.140762463343108,0.000977517106549365,0.0834248949121404,0.574913116852817,0.311911828715256,0.029750159519786,0,0,0,-0.441431239854615,2.55718145823686,0.677661970948447,0.270868771681881,0.163866702638196,0.097601360686347,0.0476958176404582
0.141739980449658,0.000977517106549365,0.0812052817522881,0.573313597581008,0.31510685206178,0.0303742686049247,0,0,0,-0.429686465226093,2.55600915303547,0.66113175611835,0.259837011269459,0.156002141009942,0.0925819912631792,0.0451882800156287
0.142717497556207,0.000977517106549365,0.0790253921428653,0.571667495048593,0.318300067075119,0.0310070457334228,0,0,0,-0.418151882245232,2.55449067235825,0.644358230299321,0.248689811045403,0.148063397421607,0.0875172250043798,0.0426583604000656
0.143695014662757,0.000977517106549365,0.0768848674062157,0.569975436941471,0.321491144967424,0.0316485506848895,0,0,0,-0.40682559301905,2.55263015281341,0.627345938126513,0.23743051369674,0.140052918695703,0.0824086390254839,0.0401068490457462
0.144672531769306,0.000977517106549365,0.074783348864683,0.568238050945541,0.324679756950842,0.0322988432389343,0,0,0,-0.395705699654566,2.55043173100918,0.610099424235078,0.226062461910494,0.131973151654743,0.0772578104420265,0.0375345362046474
0.145650048875855,0.000977517106549365,0.0727204778406109,0.566455964746702,0.327865574237521,0.0329579831751666,0,0,0,-0.3847903042588,2.54789954355377,0.592623233260168,0.21458899837369,0.123826543121237,0.0720663163695427,0.0349422121287466
0.146627565982405,0.000977517106549365,0.0706958956563432,0.56462980603085,0.331048268039611,0.0336260302731956,0,0,0,-0.374077508938769,2.54503772705541,0.574921909836935,0.203013465773352,0.115615539917699,0.0668357339235673,0.0323306670700206
0.147605083088954,0.000977517106549365,0.0687092436342237,0.562760202483886,0.334227509569259,0.0343030443126308,0,0,0,-0.363565415801493,2.54185041812232,0.55699999860053,0.191339206796505,0.10734258886664,0.0615676402196353,0.0297006912804467
0.148582600195503,0.000977517106549365,0.0667601630965962,0.560847781791708,0.337402970038615,0.0349890850730816,0,0,0,-0.353252126953991,2.53834175336272,0.538862044186108,0.179569564130175,0.0990101367905731,0.0562636123732822,0.0270530750120022
0.149560117302053,0.000977517106549365,0.0648482953658042,0.558893171640213,0.340574320659825,0.0356842123341574,0,0,0,-0.343135744503281,2.53451586938482,0.52051259122882,0.167707880461386,0.0906206305120099,0.0509252275000429,0.024388608516664
0.150537634408602,0.000977517106549365,0.0629732817641918,0.556896999715301,0.34374123264504,0.0363884858754674,0,0,0,-0.333214370556382,2.53037690279685,0.501956184363818,0.155757498477163,0.0821765168534625,0.0455540627154522,0.0217080820464094
0.151515151515152,0.000977517106549365,0.0611347636141025,0.554859893702869,0.346903377206408,0.0371019654766211,0,0,0,-0.323486107220314,2.52592899020703,0.483197368226253,0.14372176086453,0.0736802426374425,0.0401516951350449,0.0190122858532153
0.152492668621701,0.000977517106549365,0.0593323822378801,0.552782481288816,0.350060425556076,0.0378247109172279,0,0,0,-0.313949056602094,2.52117626822357,0.46424068745128,0.131604010310514,0.0651342546864627,0.0347197018743566,0.016302010189059
0.15347018572825,0.000977517106549365,0.0575657789578684,0.550665390159042,0.353212048906193,0.0385567819768971,0,0,0,-0.304601320808743,2.51612287345471,0.44509068667405,0.119407589502138,0.0565409998230354,0.0292596600489223,0.0135780453059177
0.1544477028348,0.000977517106549365,0.0558345950964111,0.548509247999443,0.356357918468908,0.0392982384352381,0,0,0,-0.295441001947278,2.51077294250866,0.425751910529715,0.107135841126428,0.0479029248696725,0.0237731467742769,0.0108411814557686
0.155425219941349,0.000977517106549365,0.054138471975852,0.546314682495919,0.359497705456369,0.0400491400718603,0,0,0,-0.286466202124719,2.50513061199363,0.406228903653427,0.0947921078704075,0.0392224766488859,0.0182617391659555,0.00809220889058858
0.156402737047898,0.000977517106549365,0.0524770509185349,0.544082321334367,0.362631081080725,0.0408095466663731,0,0,0,-0.277675023448085,2.49920001851786,0.386526210680339,0.0823797324211022,0.0305021019831876,0.0127270143394928,0.00533191786235485
0.157380254154448,0.000977517106549365,0.0508499732468034,0.541812792200687,0.365757716554123,0.0415795179983858,0,0,0,-0.269065568024394,2.49298529868956,0.366648376245603,0.0699020574655371,0.0217442476950901,0.00717054941042427,0.00256109862304464
0.158357771260997,0.000977517106549365,0.0492568802830014,0.539506722780777,0.368877283088714,0.0423591138475078,0,0,0,-0.260635937960665,2.48649058911694,0.346599944984371,0.057362425690737,0.0129513606071054,0.00159392149428486,-0.000219458575364909
0.159335288367546,0.000977517106549365,0.0476974133494726,0.537164740760535,0.371989451896644,0.0431483939933485,0,0,0,-0.252384235363918,2.47972002640824,0.326385461531795,0.044764179783726,0.00412588754174513,-0.00400129229339069,-0.00300896348089684
0.160312805474096,0.000977517106549365,0.0461712137685607,0.53478747382586,0.375093894190062,0.0439474182155172,0,0,0,-0.24430856234117,2.47267774717168,0.306009470523029,0.0321106624315306,-0.00472972467847747,-0.00961351483706671,-0.00580662584157368
0.161290322580645,0.000977517106549365,0.0446779228626095,0.53237554966265,0.378190281181117,0.0447562462936234,0,0,0,-0.236407020999441,2.46536788801546,0.285476516593223,0.0194052163211734,-0.0136130292310518,-0.015241169021209,-0.00861165540541873
0.162267839687195,0.000977517106549365,0.0432171819539628,0.529929595956803,0.381278284081958,0.0455749380072763,0,0,0,-0.22867771344575,2.45779458554782,0.264791144377529,0.00665118413968059,-0.0225215792934648,-0.020882677730282,-0.0114232619204546
0.163245356793744,0.000977517106549365,0.0417886323649643,0.527450240394219,0.384357574104732,0.0464035531360855,0,0,0,-0.221118741787116,2.44996197637697,0.243957898511102,-0.00614809142592255,-0.0314529280432041,-0.0265364638487506,-0.0142406551347041
0.164222873900293,0.000977517106549365,0.0403919154179577,0.524938110660794,0.387427822461588,0.0472421514596602,0,0,0,-0.213728208130557,2.44187419711113,0.222981323629092,-0.0189892676886123,-0.0404046286577585,-0.03220095026108,-0.0170630447961903
0.165200391006843,0.000977517106549365,0.0390266724352869,0.522393834442429,0.390488700364675,0.0480907927576098,0,0,0,-0.206504214583093,2.43353538435853,0.201865964366652,-0.0318690019613629,-0.049374234314615,-0.037874559851735,-0.0198896406529358
0.166177908113392,0.000977517106549365,0.0376925447392955,0.51981803942502,0.39353987902614,0.0489495368095437,0,0,0,-0.199444863251742,2.42494967472738,0.180616365358934,-0.0447839515571503,-0.0583592981912622,-0.0435557155051808,-0.0227196524529637
0.167155425219941,0.000977517106549365,0.0363891736523274,0.517211353294468,0.396581029658133,0.0498184433950713,0,0,0,-0.192548256243522,2.41612120482591,0.159237071241091,-0.0577307737889487,-0.0673573734651873,-0.0492428401058819,-0.0255522899442967
0.168132942326491,0.000977517106549365,0.0351162004967262,0.51457440373667,0.399611823472802,0.050697572293802,0,0,0,-0.185812495665454,2.40705411126233,0.137732626648274,-0.070706125969734,-0.0763660133138788,-0.0549343565383037,-0.0283867628749578
0.16911045943304,0.000977517106549365,0.0338732665948357,0.511907818437524,0.402631931682296,0.051586983285345,0,0,0,-0.179235683624556,2.39775253064487,0.116107576215636,-0.0837066654124816,-0.0853827709148246,-0.0606286876869112,-0.0312222809929699
0.170087976539589,0.000977517106549365,0.0326600132689997,0.509212225082929,0.405641025498762,0.0524867361493099,0,0,0,-0.172815922227846,2.38822059958175,0.0943664645783295,-0.0967290494301654,-0.0944051994455118,-0.0663242564361688,-0.0340580540463556
0.171065493646139,0.000977517106549365,0.0314760818415619,0.506488251358783,0.408638776134349,0.053396890665306,0,0,0,-0.166551313582344,2.37846245468118,0.0725138363715057,-0.109769935335762,-0.103430852083429,-0.0720194856705421,-0.036893291783138
0.172043010752688,0.000977517106549365,0.0303211136348661,0.503736524950986,0.411624854801206,0.0543175066129426,0,0,0,-0.160439959795068,2.36848223255139,0.0505542362303171,-0.122825980442246,-0.112457282006065,-0.0777127982744959,-0.03972720395134
0.173020527859238,0.000977517106549365,0.029194749971256,0.500957673545434,0.41459893271148,0.0552486437718291,0,0,0,-0.154479962973038,2.35828406980059,0.0284922087899178,-0.135893842062591,-0.121482042390905,-0.0834026171324947,-0.0425590002989842
0.173998044965787,0.000977517106549365,0.0280966321730755,0.498152324828028,0.417560681077322,0.056190361921575,0,0,0,-0.148669425223272,2.34787210303702,0.0063322986854578,-0.148970177509775,-0.130502686415439,-0.0890873651290039,-0.0453878905740937
0.174975562072336,0.000977517106549365,0.0270264015626681,0.495321106484664,0.420509771110878,0.0571427208417895,0,0,0,-0.143006448652789,2.33725046886888,-0.0159209494479091,-0.162051644096771,-0.139516767257154,-0.0947654651484882,-0.0482130845246912
0.175953079178886,0.000977517106549365,0.0259836994623778,0.492464646201243,0.423445874024298,0.058105780312082,0,0,0,-0.137489135368607,2.3264233039044,-0.038262990975032,-0.175134899136555,-0.148521838093539,-0.100435340075413,-0.0510337918987997
0.176930596285435,0.000977517106549365,0.0249681671945482,0.489583571663661,0.426368661029729,0.059079600112062,0,0,0,-0.132115587477747,2.3153947447518,-0.0606892812607579,-0.188216599942102,-0.157515452102081,-0.106095412794243,-0.053849222444442
0.177908113391984,0.000977517106549365,0.023979446081523,0.486678510557817,0.429277803339321,0.0600642400213388,0,0,0,-0.126883907087226,2.3041689280193,-0.0831952756699346,-0.201293403826387,-0.166495162460268,-0.111744106189443,-0.0566585859096411
0.178885630498534,0.000977517106549365,0.0230171774456462,0.483750090569611,0.432172972165221,0.0610597598195217,0,0,0,-0.121792196304064,2.29274999031512,-0.10577642956741,-0.214361968102386,-0.175458522345588,-0.117379843145478,-0.0594610920424197
0.179863147605083,0.000977517106549365,0.0220810026092613,0.48079893938494,0.435053838719579,0.0620662192862202,0,0,0,-0.116838557235278,2.28114206824747,-0.128428198318031,-0.227418950083073,-0.184403084935528,-0.123001046546813,-0.0622559505908006
0.180840664711632,0.000977517106549365,0.0211705628947122,0.477825684689702,0.437920074214542,0.0630836782010436,0,0,0,-0.11202109198789,2.26934929842459,-0.151146037286647,-0.240461007081423,-0.193326403407577,-0.128606139277913,-0.0650423713028068
0.181818181818182,0.000977517106549365,0.0202854996243426,0.474830954169797,0.440771349862259,0.0641121963436013,0,0,0,-0.107337902668916,2.25737581745469,-0.173925401838105,-0.253484796410412,-0.202226030939223,-0.134193544223243,-0.0678195639264612
0.182795698924731,0.000977517106549365,0.0194254541204962,0.471815375511123,0.443607336874879,0.0651518334935027,0,0,0,-0.102787091385376,2.245225761946,-0.196761747337252,-0.266486975383016,-0.211099520707954,-0.139761684267268,-0.0705867382097867
0.183773216031281,0.000977517106549365,0.0185900677055169,0.468779576399577,0.446427706464549,0.0662026494303571,0,0,0,-0.0983667602442895,2.23290326850672,-0.219650529148937,-0.279464201312208,-0.219944425891256,-0.145308982294453,-0.0733431039008059
0.18475073313783,0.000977517106549365,0.0177789817017483,0.465724184521059,0.449232129843419,0.0672647039337739,0,0,0,-0.0940750113526743,2.22041247374509,-0.242587202638006,-0.292413131510964,-0.228758299666619,-0.150833861189263,-0.0760878707475419
0.185728250244379,0.000977517106549365,0.0169918374315343,0.462649827561467,0.452020278223636,0.0683380567833626,0,0,0,-0.0899099468175498,2.20775751426932,-0.265567223169309,-0.30533042329226,-0.23753869521153,-0.156334743836162,-0.0788202484980174
0.186705767350929,0.000977517106549365,0.0162282762172185,0.459557133206699,0.45479182281735,0.0694227677587324,0,0,0,-0.0858696687459347,2.19494252668763,-0.288586046107692,-0.31821273396907,-0.246283165703477,-0.161810053119617,-0.0815394469002554
0.187683284457478,0.000977517106549365,0.0154879393811447,0.456446729142654,0.457546434836709,0.0705188966394927,0,0,0,-0.0819522792448479,2.18197164760824,-0.311639126818003,-0.33105672085437,-0.254989264319948,-0.167258211924091,-0.0842446757022789
0.188660801564027,0.000977517106549365,0.0147704682456567,0.45331924305523,0.46028378549386,0.071626503205253,0,0,0,-0.0781558804213082,2.16884901363938,-0.334721920665091,-0.343859041261135,-0.263654544238431,-0.17267764313405,-0.0869351446521104
0.189638318670577,0.000977517106549365,0.0140755041330982,0.450175302630326,0.463003546000953,0.0727456472356225,0,0,0,-0.0744785743823346,2.15557876138927,-0.357829883013803,-0.356616352502339,-0.272276558636414,-0.178066769633958,-0.0896100634977732
0.190615835777126,0.000977517106549365,0.013402688365813,0.44701553555384,0.465705387570136,0.0738763885102107,0,0,0,-0.070918463234946,2.14216502746612,-0.380958469228986,-0.369325311890959,-0.280852860691384,-0.183424014308281,-0.0922686419872897
0.191593352883675,0.000977517106549365,0.0127516622661448,0.44384056951167,0.468388981413558,0.075018786808627,0,0,0,-0.0674736490861611,2.12861194847815,-0.404103134675488,-0.381982576739969,-0.28938100358083,-0.188747800041484,-0.094910089868683
0.192570869990225,0.000977517106549365,0.0121220671564375,0.440651032189716,0.471053998743366,0.0761729019104807,0,0,0,-0.0641422340429988,2.11492366103359,-0.427259334718158,-0.394584804362344,-0.297858540482239,-0.194036549718031,-0.097533616889976
0.193548387096774,0.000977517106549365,0.0115135443590346,0.437447551273875,0.47370011077171,0.0773387935953812,0,0,0,-0.0609223202124781,2.10110430174066,-0.450422524721843,-0.40712865207106,-0.306283024573099,-0.199288686222387,-0.100138432799192
0.194525904203324,0.000977517106549365,0.01092573519628,0.434230754450045,0.476326988710737,0.0785165216429378,0,0,0,-0.0578120097016178,2.08715800720757,-0.473588160051389,-0.419610777179091,-0.314652009030898,-0.204502632439018,-0.102723747344352
0.195503421309873,0.000977517106549365,0.0103582809905175,0.431001269404126,0.478934303772596,0.07970614583276,0,0,0,-0.0548094046174367,2.07308891404255,-0.496751696071647,-0.432027836999413,-0.322963047033125,-0.209676811252389,-0.105288770273481
0.196480938416422,0.000977517106549365,0.00981082306409081,0.427759723822016,0.481521727169436,0.080907725944457,0,0,0,-0.0519126070669538,2.05890115885381,-0.519908588147463,-0.444376488845002,-0.331213691757266,-0.214809645546963,-0.107832711334602
0.197458455522972,0.000977517106549365,0.00928300273934363,0.424506745389612,0.484088930113406,0.0821213217576384,0,0,0,-0.0491197191571878,2.04459887824959,-0.543054291643684,-0.456653390028831,-0.33940149638081,-0.219899558207207,-0.110354780275736
0.198435972629521,0.000977517106549365,0.00877446133861975,0.421242961792815,0.486635583816652,0.0833469930519134,0,0,0,-0.0464288429951577,2.03018620883809,-0.566184261925159,-0.468855197863877,-0.347524014081245,-0.224944972117586,-0.112854186844907
0.19941348973607,0.000977517106549365,0.00828484018426292,0.417969000717521,0.489161359491325,0.0845847996068915,0,0,0,-0.0438380806878823,2.01566728722754,-0.589293954356736,-0.480978569663114,-0.355578798036058,-0.229944310162563,-0.115330140790138
0.20039100684262,0.000977517106549365,0.00781378059861689,0.414685489849629,0.491665928349572,0.085834801202182,0,0,0,-0.0413455343423805,2.00104625002616,-0.612378824303261,-0.493020162739518,-0.363563401422738,-0.234895995226605,-0.117781851859451
0.201368523949169,0.000977517106549365,0.00736092390402542,0.411393056875039,0.494148961603542,0.0870970576173943,0,0,0,-0.0389493060656712,1.98632723384216,-0.635434327129584,-0.504976634406063,-0.371475377418772,-0.239798450194176,-0.12020852980087
0.202346041055718,0.000977517106549365,0.00692591142283226,0.408092329479647,0.496610130465383,0.0883716286321377,0,0,0,-0.0366474979647732,1.97151437528378,-0.65845591820055,-0.516844641975725,-0.379312279201648,-0.244650097949741,-0.122609384362417
0.203323558162268,0.000977517106549365,0.00650838447738116,0.404783935349354,0.499049106147243,0.0896585740260217,0,0,0,-0.0344382121467054,1.95661181095923,-0.68143905288101,-0.528620842761479,-0.387071659948855,-0.249449361377765,-0.124983625292115
0.204301075268817,0.000977517106549365,0.00610798439001587,0.401468502170056,0.501465559861272,0.0909579535786556,0,0,0,-0.0323195507184866,1.94162367747673,-0.704379186535811,-0.540301894076302,-0.39475107283788,-0.254194663362713,-0.127330462337987
0.205278592375367,0.000977517106549365,0.00572435248308016,0.398146657627653,0.503859162819618,0.0922698270696488,0,0,0,-0.0302896157871358,1.9265541114445,-0.727271774529798,-0.551884453233165,-0.40234807104621,-0.25888442678905,-0.129649105248056
0.206256109481916,0.000977517106549365,0.00535713007891776,0.394819029408044,0.506229586234428,0.0935942542786106,0,0,0,-0.0283465094596718,1.91140724947076,-0.750112272227821,-0.563365177545046,-0.409860207751334,-0.263517074541241,-0.131938763770345
0.207233626588465,0.000977517106549365,0.00500595849987243,0.391486245197125,0.508576501317852,0.0949312949851504,0,0,0,-0.0264883338431135,1.89618722816373,-0.772896134994727,-0.57474072432492,-0.41728503613074,-0.268091029503751,-0.134198647652877
0.208211143695015,0.000977517106549365,0.00467047906828793,0.388148932680797,0.510899579282038,0.0962810089688777,0,0,0,-0.0247131910444797,1.88089818413164,-0.795618818195365,-0.586007750885761,-0.424620109361915,-0.272604714561045,-0.136427966643673
0.209188660801564,0.000977517106549365,0.00435033310650801,0.384807719544956,0.513198491339134,0.0976434560094018,0,0,0,-0.0230191831707893,1.86554425398269,-0.818275777194582,-0.597162914540546,-0.431862980622349,-0.277056552597588,-0.138625930490759
0.210166177908113,0.000977517106549365,0.00404516193687642,0.381463233475503,0.515472908701289,0.099018695886332,0,0,0,-0.0214044123290612,1.85012957432512,-0.840862467357224,-0.608202872602248,-0.439011203089527,-0.281444966497844,-0.140791748942155
0.211143695014663,0.000977517106549365,0.0037546068817369,0.378116102158335,0.517722502580651,0.100406788379278,0,0,0,-0.0198669806263142,1.83465828176715,-0.863374344048142,-0.619124282383844,-0.446062329940938,-0.285768379146279,-0.142924631745886
0.212121212121212,0.000977517106549365,0.00347830926343323,0.37476695327935,0.519946944189368,0.101807793267848,0,0,0,-0.0184049901695672,1.81913451291698,-0.885806862632181,-0.629923801198308,-0.453013914354071,-0.290025213427358,-0.145023788649973
0.213098729227761,0.000977517106549365,0.00321591040430914,0.371416414524447,0.52214590473959,0.103221770331653,0,0,0,-0.0170165430658391,1.80356240438286,-0.90815547847419,-0.640598086358615,-0.459863509506412,-0.294213892225545,-0.147088429402441
0.214076246334311,0.000977517106549365,0.00296705162670839,0.368065113579525,0.524319055443465,0.104648779350302,0,0,0,-0.0156997414221487,1.78794609277298,-0.930415646939018,-0.651143795177742,-0.466608668575451,-0.298332838425307,-0.149117763751311
0.21505376344086,0.000977517106549365,0.00273137425297474,0.364713678130482,0.52646606751314,0.106088880103404,0,0,0,-0.014452687345515,1.77228971469558,-0.95258282339151,-0.661557584968661,-0.473246944738674,-0.302380474911106,-0.151111001444606
0.21603128054741,0.000977517106549365,0.00250851960545192,0.361362735863216,0.528586612160765,0.107542132370568,0,0,0,-0.0132734829429567,1.75659740675888,-0.974652463196516,-0.67183611304435,-0.47977589117357,-0.30635522456741,-0.15306735223035
0.217008797653959,0.000977517106549365,0.00229812900648371,0.358012914463626,0.530680360598487,0.109008595931403,0,0,0,-0.0121602303214928,1.74087330557109,-0.996620021718882,-0.681976036717784,-0.486193061057626,-0.310255510278681,-0.154986025856565
0.217986314760508,0.000977517106549365,0.00209984377841385,0.35466484161761,0.532746984038456,0.11048833056552,0,0,0,-0.0111110315881421,1.72512154774044,-1.01848095432346,-0.691974013301936,-0.492496007568331,-0.314079754929386,-0.156866232071274
0.218963831867058,0.000977517106549365,0.00191330524358609,0.351319145011066,0.53478615369282,0.111981396052528,0,0,0,-0.0101239888499234,1.70934626987515,-1.04023071637509,-0.701826700109782,-0.498682283883173,-0.31782638140399,-0.158707180622501
0.219941348973607,0.000977517106549365,0.00173815472434419,0.347976452329894,0.536797540773726,0.113487852172035,0,0,0,-0.00919720421385574,1.69355160858343,-1.06186476323862,-0.711530754454299,-0.504749443179639,-0.321493812586957,-0.160508081258267
0.220918866080156,0.000977517106549365,0.00157403354303189,0.344637391259991,0.538780816493325,0.115007758703652,0,0,0,-0.00832877978695787,1.67774170047351,-1.08337855027891,-0.72108283364846,-0.510695038635216,-0.325080471362752,-0.162268143726596
0.221896383186706,0.000977517106549365,0.00142058302199296,0.341302589487257,0.540735652063763,0.116541175426987,0,0,0,-0.00751681767624868,1.66192068215361,-1.1047675328608,-0.73047959500524,-0.516516623427394,-0.328584780615841,-0.16398657777551
0.222873900293255,0.000977517106549365,0.00127744448357113,0.337972674697588,0.54266171869719,0.11808816212165,0,0,0,-0.00675941998874704,1.64609269023194,-1.12602716634913,-0.739717695837616,-0.522211750733659,-0.332005163230688,-0.165662593153033
0.223851417399804,0.000977517106549365,0.00114425925011018,0.334648274576885,0.544558687605754,0.119648778567251,0,0,0,-0.00605468883147183,1.63026186131674,-1.14715290610876,-0.748793793458561,-0.5277779737315,-0.335340042091757,-0.167295399607187
0.224828934506354,0.000977517106549365,0.00102066864395384,0.331330016811044,0.546426230001603,0.121223084543399,0,0,0,-0.0054007263114419,1.61443233201621,-1.16814020750453,-0.757704545181053,-0.533212845598405,-0.338587840083516,-0.168884206885996
0.225806451612903,0.000977517106549365,0.000906313987445874,0.328018529085966,0.548264017096886,0.122811139829702,0,0,0,-0.00479563453567612,1.59860823893859,-1.1889845259013,-0.766446608318064,-0.538513919511862,-0.341746980090427,-0.170428224737481
0.226783968719453,0.000977517106549365,0.000800836602930031,0.324714439087547,0.550071720103751,0.124413004205772,0,0,0,-0.00423751561119337,1.58279371869208,-1.2096813166639,-0.775016640182571,-0.543678748649358,-0.344815884996957,-0.171926662909666
0.227761485826002,0.000977517106549365,0.000703877812750064,0.321418374501687,0.551849010234347,0.126028737451216,0,0,0,-0.00372447164501251,1.56699290788491,-1.23022603515719,-0.783411298087549,-0.54870488618838,-0.347792977687569,-0.173378731150574
0.228739002932551,0.000977517106549365,0.000615078939249727,0.318130963014284,0.553595558700822,0.127658399345644,0,0,0,-0.00325460474415241,1.55120994312531,-1.25061413674601,-0.791627239345973,-0.553589885306419,-0.35067668104673,-0.174783639208228
0.229716520039101,0.000977517106549365,0.00053408130477277,0.314852832311236,0.555311036715325,0.129302049668666,0,0,0,-0.00282601701563193,1.53544896102149,-1.27084107679521,-0.799661121270817,-0.558331299180961,-0.353465417958903,-0.17614059683065
0.23069403714565,0.000977517106549365,0.000460526231662948,0.311584610078442,0.556995115490003,0.130959748199891,0,0,0,-0.00243681056646995,1.51971409818166,-1.29090231066964,-0.807509601175058,-0.562926680989493,-0.356157611308554,-0.177448813765864
0.231671554252199,0.000977517106549365,0.000394055042264012,0.3083269240018,0.558647466237007,0.132631554718929,0,0,0,-0.00208508750368532,1.50400949121406,-1.31079329373415,-0.815169336371671,-0.567373583909505,-0.358751683980149,-0.178707499761892
0.232649071358749,0.000977517106549365,0.000334309058919715,0.30508040176721,0.560267760168483,0.134317529005388,0,0,0,-0.00176894993429693,1.4883392767269,-1.33050948135359,-0.82263698417363,-0.571669561118483,-0.361246058858151,-0.179915864566757
0.233626588465298,0.000977517106549365,0.00028092960397381,0.301845671060568,0.56185566849658,0.136017730838878,0,0,0,-0.00148649996532364,1.47270759132841,-1.3500463288928,-0.829909201893909,-0.575812165793915,-0.363639158827025,-0.181073117928481
0.234604105571848,0.000977517106549365,0.000233557999770048,0.298623359567774,0.563410862433447,0.137732219999009,0,0,0,-0.0012358397037843,1.4571185716268,-1.36939929171662,-0.836982646845487,-0.579798951113291,-0.365929406771238,-0.182178469595089
0.235581622678397,0.000977517106549365,0.000191835568652184,0.295414094974725,0.564933013191232,0.13946105626539,0,0,0,-0.0010150712566978,1.44157635423029,-1.38856382518992,-0.843853976341336,-0.583627470254097,-0.368115225575253,-0.183231129314602
0.236559139784946,0.000977517106549365,0.00015540363296397,0.292218504967322,0.566421791982084,0.14120429941763,0,0,0,-0.000822296731083009,1.4260850757471,-1.40753538467753,-0.850519847694431,-0.587295276393821,-0.370195038123536,-0.184230306835044
0.237536656891496,0.000977517106549365,0.000123903515049157,0.289037217231461,0.567876870018151,0.142962009235339,0,0,0,-0.000655618233958781,1.41064887278547,-1.42630942554431,-0.856976918217749,-0.590799922709951,-0.372167267300552,-0.185175211904438
0.238514173998045,0.000977517106549365,9.69765372514994e-05,0.285870859453041,0.569297918511582,0.144734245498125,0,0,0,-0.000513137872343989,1.39527188195359,-1.44488140315509,-0.863221845224266,-0.594138962379976,-0.374030335990766,-0.186065054270805
0.239491691104594,0.000977517106549365,7.42640219147488e-05,0.282720059317961,0.570684608674524,0.1465210679856,0,0,0,-0.000392957753257501,1.3799582398597,-1.46324677287474,-0.869251286026954,-0.597309948581383,-0.375782667078641,-0.18689904368217
0.240469208211144,0.000977517106549365,5.54072913826579e-05,0.27958544451212,0.572036611719127,0.148322536477371,0,0,0,-0.000293179983718185,1.36471208311202,-1.48140099006809,-0.875061897938789,-0.600310434491658,-0.377422683448644,-0.187676389886555
0.241446725317693,0.000977517106549365,4.00476679989794e-05,0.276467642721414,0.573353598857539,0.150138710753048,0,0,0,-0.000211906670744908,1.34953754831876,-1.4993395101,-0.880650338272748,-0.603137973288292,-0.37894880798524,-0.188396302631982
0.242424242424242,0.000977517106549365,2.78264741074658e-05,0.273367281631744,0.574635241301908,0.15196965059224,0,0,0,-0.000147239921356537,1.33443877208815,-1.51705778833531,-0.886013264341804,-0.605790118148772,-0.380359463572893,-0.189057991666476
0.243401759530792,0.000977517106549365,1.83850320518697e-05,0.270284988929008,0.575881210264383,0.153815415774558,0,0,0,-9.7281842571942e-05,1.3194198910284,-1.53455128013887,-0.891147333458933,-0.608264422250585,-0.381653073096069,-0.189660666738058
0.244379276637341,0.000977517106549365,1.13646641759436e-05,0.267221392299103,0.577091176957112,0.155676066079609,0,0,0,-6.01345414099893e-05,1.30448504174775,-1.55181544087552,-0.896049202937112,-0.61055843877122,-0.382828059439232,-0.190203537594751
0.245356793743891,0.000977517106549365,6.40669282344022e-06,0.264177119427929,0.578264812592243,0.157551661287005,0,0,0,-3.39001248895468e-05,1.2896383608544,-1.56884572591013,-0.900715530089313,-0.612669720888164,-0.383882845486847,-0.190685813984579
0.24633431085044,0.000977517106549365,3.15244033811208e-06,0.261152798001383,0.579401788381926,0.159442261176353,0,0,0,-1.66807000294825e-05,1.27488398495658,-1.58563759060752,-0.905142972228513,-0.614595821778905,-0.38481585412338,-0.191106705655564
0.247311827956989,0.000977517106549365,1.24322906371176e-06,0.258149055705365,0.580501775538308,0.161347925527264,0,0,0,-6.57837384866407e-06,1.2602260506625,-1.60218649033256,-0.909328186667686,-0.616334294620931,-0.385625508233294,-0.191465422355729
0.248289345063539,0.000977517106549365,3.20381343991835e-07,0.255166520225772,0.581564445273538,0.163268714119346,0,0,0,-1.69525336595926e-06,1.2456686945804,-1.61848788045009,-0.913267830719808,-0.617882692591731,-0.386310230701056,-0.191761173833097
0.249266862170088,0.000977517106549365,2.52195227048966e-08,0.252205819248503,0.582589468799764,0.16520468673221,0,0,0,-1.3344560023586e-07,1.23121605331849,-1.63453721632495,-0.916958561697854,-0.61923856886879,-0.38686844441113,-0.19199316983569
0.250244379276637,0.000977517106549365,0,0.249267578591344,0.58357651873022,0.16715590252276,1.55676066079609e-10,0,0,0,1.2168722515726,-1.65032996850206,-0.920397049963689,-0.620399487225405,-0.387298579334059,-0.192160623701429
0.251221896383187,0.000977517106549365,0,0.246352198030432,0.584525437209374,0.169122345300685,1.94595082599511e-08,0,0,0,1.20263997264007,-1.66586344431399,-0.923581544794728,-0.621364293527347,-0.387599922855686,-0.192263183145689
0.252199413489736,0.000977517106549365,0,0.2434596383354,0.585436395636575,0.171103852540173,1.13487852172035e-07,0,0,0,1.18851910040793,-1.68113851840817,-0.92651336195727,-0.622134323654711,-0.387773427589928,-0.192301339509486
0.253176930596285,0.000977517106549365,0,0.240589809836831,0.586309603240457,0.173100244902395,3.42020317176901e-07,0,0,0,1.17450919712883,-1.69615647529376,-0.929194169537613,-0.622711199574343,-0.387820237474774,-0.192275681061038
0.254154447702835,0.000977517106549365,0,0.237742622865314,0.587145269249651,0.175111343048523,7.64836512649118e-07,0,0,0,1.16060982505543,-1.71091859947991,-0.931625635622054,-0.623096543253086,-0.387741496448215,-0.192186796068561
0.255131964809384,0.000977517106549365,0,0.234917987751433,0.58794360289279,0.177136967639729,1.44171604796326e-06,0,0,0,1.14682054644036,-1.72542617547576,-0.933809428296894,-0.62329197665779,-0.387538348448243,-0.192035272800274
0.256109481915934,0.000977517106549365,0,0.232115814825774,0.588704813398508,0.179176939337185,2.43243853249389e-06,0,0,0,1.13314092353628,-1.73968048779046,-0.935747215648429,-0.623299121755297,-0.387211937412847,-0.191821699524392
0.257086999022483,0.000977517106549365,0,0.229336014418924,0.589429109995437,0.181231078802063,3.79678357561558e-06,0,0,0,1.11957051859585,-1.75368282093316,-0.937440665762957,-0.623119600512453,-0.386763407280019,-0.191546664509134
0.258064516129032,0.000977517106549365,0,0.226578496861468,0.590116701912211,0.183299206695534,5.5945307867029e-06,0,0,0,1.1061088938717,-1.76743445941302,-0.938891446726777,-0.622755034896106,-0.386193901987748,-0.191210756022716
0.259042033235582,0.000977517106549365,0,0.223843172483993,0.590767798377461,0.185381143678771,7.88545977513043e-06,0,0,0,1.09275561161651,-1.78093668773917,-0.940101226626187,-0.6222070468731,-0.385504565474025,-0.190814562333356
0.260019550342131,0.000977517106549365,0,0.221129951617084,0.59138260861982,0.187476710412946,1.07293501502727e-05,0,0,0,1.0795102340829,-1.79419079042078,-0.941071673547484,-0.62147725841028,-0.384696541676841,-0.19035867170927
0.26099706744868,0.000977517106549365,0,0.218438744591327,0.591961341867922,0.189585727559229,1.41859815215044e-05,0,0,0,1.06637232352354,-1.80719805196699,-0.941804455576967,-0.620567291474492,-0.383770974534187,-0.189843672418677
0.26197458455523,0.000977517106549365,0,0.215769461737308,0.5925042073504,0.191708015778794,1.83151334981999e-05,0,0,0,1.05334144219108,-1.81995975688694,-0.942301240800934,-0.619478768032583,-0.382729007984054,-0.189270152729793
0.262952101661779,0.000977517106549365,0,0.213122013385613,0.593011414295885,0.193843395732812,2.31765856897339e-05,0,0,0,1.04041715233817,-1.83247718968979,-0.942563697305683,-0.618213310051397,-0.381571785964431,-0.188638700910835
0.263929618768328,0.000977517106549365,0,0.210496309866828,0.593483171933012,0.195991688082455,2.8830117705481e-05,0,0,0,1.02759901621745,-1.84475163488469,-0.942593493177513,-0.616772539497781,-0.380300452413309,-0.187949905230021
0.264907135874878,0.000977517106549365,0,0.207892261511539,0.593919689490412,0.198152713488894,3.53355091548157e-05,0,0,0,1.01488659608158,-1.85678437698078,-0.94239229650272,-0.615158078338579,-0.37891615126868,-0.187204353955568
0.265884652981427,0.000977517106549365,0,0.205309778650332,0.594321176196718,0.200326292613303,4.27525396471126e-05,0,0,0,1.0022794541832,-1.86857670048721,-0.941961775367603,-0.613371548540638,-0.377420026468533,-0.186402635355692
0.266862170087977,0.000977517106549365,0,0.202748771613793,0.594687841280564,0.202512246116851,5.11409887917462e-05,0,0,0,0.989777152774983,-1.88012988991315,-0.941303597858461,-0.611414572070804,-0.37581322195086,-0.185545337698612
0.267839687194526,0.000977517106549365,0,0.200209150732508,0.595019893970582,0.204710394660712,6.05606361980912e-05,0,0,0,0.977379254109561,-1.89144522976772,-0.940419432061591,-0.60928877089592,-0.37409688165365,-0.184633049252545
0.268817204301075,0.000977517106549365,0,0.197690826337062,0.595317543495405,0.206920558906058,7.10712614755221e-05,0,0,0,0.96508532043959,-1.90252400456008,-0.939310946063292,-0.606995766982835,-0.372272149514895,-0.183666358285706
0.269794721407625,0.000977517106549365,0,0.195193708758042,0.595580999083665,0.209142559514059,8.27326442334134e-05,0,0,0,0.95289491401772,-1.91336749879939,-0.937979807949861,-0.604537182298392,-0.370340169472585,-0.182645853066315
0.270772238514174,0.000977517106549365,0,0.192717708326033,0.595810469963997,0.211376217145889,9.56045640811398e-05,0,0,0,0.940807597096603,-1.92397699699479,-0.936427685807596,-0.601914638809438,-0.368302085464711,-0.181572121862588
0.271749755620723,0.000977517106549365,0,0.190262735371622,0.596006165365031,0.213621352462719,0.000109746800628076,0,0,0,0.92882293192889,-1.93435378365543,-0.934656247722797,-0.599129758482818,-0.366159041429263,-0.180445752942742
0.272727272727273,0.000977517106549365,0,0.187828700225394,0.596168294515402,0.21587778612572,0.000125219133483596,0,0,0,0.91694048076723,-1.94449914329045,-0.93266716178176,-0.596184163285378,-0.363912181304232,-0.179267334574994
0.273704789833822,0.000977517106549365,0,0.185415513217936,0.596297066643742,0.218145338796065,0.000142081342257075,0,0,0,0.905159805864275,-1.95441436040902,-0.930462096070784,-0.593079475183965,-0.361562649027609,-0.178037455027562
0.274682306940371,0.000977517106549365,0,0.183023084679833,0.596392690978683,0.220423831134926,0.000160393206557887,0,0,0,0.893480469472675,-1.96410071952026,-0.928042718676167,-0.589817316145421,-0.359111588537384,-0.176756702568662
0.275659824046921,0.000977517106549365,0,0.180651324941672,0.596455376748859,0.222713083803474,0.000180214505995407,0,0,0,0.881902033845082,-1.97355950513335,-0.925410697684207,-0.586399308136595,-0.356560143771548,-0.175425665466513
0.27663734115347,0.000977517106549365,0,0.178300144334037,0.596485333182903,0.225012917462881,0.00020160502017901,0,0,0,0.870424061234145,-1.98279200175742,-0.922567701181203,-0.582827073124333,-0.353909458668092,-0.17404493198933
0.27761485826002,0.000977517106549365,0,0.175969453187516,0.596482769509447,0.227323152774319,0.000224624528718069,0,0,0,0.859046113892516,-1.99179949390163,-0.919515397253451,-0.579102233075477,-0.351160677165005,-0.172615090405332
0.278592375366569,0.000977517106549365,0,0.173659161832694,0.596447894957124,0.229643610398961,0.000249332811221961,0,0,0,0.847767754072845,-2.00058326607512,-0.91625545398725,-0.575226409956875,-0.348314943200278,-0.171136728982736
0.279569892473118,0.000977517106549365,0,0.171369180600156,0.596380918754566,0.231974110997977,0.000275789647300058,0,0,0,0.836588544027783,-2.00914460278704,-0.912789539468899,-0.571201225735372,-0.345373400711903,-0.169610435989758
0.280547409579668,0.000977517106549365,0,0.16909941982049,0.596282050130408,0.23431447523254,0.000304054816561736,0,0,0,0.825508046009981,-2.01748478854655,-0.909119321784696,-0.567028302377815,-0.342337193637871,-0.168036799694616
0.281524926686217,0.000977517106549365,0,0.166849789824281,0.59615149831328,0.236664523763822,0.00033418809861637,0,0,0,0.81452582227209,-2.02560510786278,-0.905246469020937,-0.562709261851048,-0.33920746591617,-0.166416408365527
0.282502443792766,0.000977517106549365,0,0.164620200942114,0.595989472531818,0.239024077252995,0.000366249273073335,0,0,0,0.803641435066759,-2.0335068452449,-0.901172649263922,-0.558245726121917,-0.335985361484793,-0.164749850270708
0.283479960899316,0.000977517106549365,0,0.162410563504576,0.595796182014652,0.24139295636123,0.000400298119542003,0,0,0,0.792854446646641,-2.04119128520204,-0.89689953059995,-0.553639317157268,-0.332672024281729,-0.163037713678377
0.284457478005865,0.000977517106549365,0,0.160220787842253,0.595571835990416,0.243770981749699,0.000436394417631749,0,0,0,0.782164419264385,-2.04865971224336,-0.892428781115316,-0.548891656923947,-0.329268598244969,-0.161280586856751
0.285434995112414,0.000977517106549365,0,0.158050784285731,0.595316643687743,0.246157974079575,0.00047459794695195,0,0,0,0.771570915172643,-2.05591341087801,-0.887762068896321,-0.544004367388799,-0.325776227312505,-0.159479058074047
0.286412512218964,0.000977517106549365,0,0.155900463165595,0.595030814335265,0.248553754012028,0.000514968487111978,0,0,0,0.761073496624065,-2.06295366561514,-0.882901062029261,-0.53897907051867,-0.322196055422326,-0.157633715598481
0.287390029325513,0.000977517106549365,0,0.153769734812431,0.594714557161616,0.250958142208231,0.00055756581772121,0,0,0,0.750671725871302,-2.06978176096389,-0.877847428600436,-0.533817388280404,-0.318529226512424,-0.155745147698272
0.288367546432063,0.000977517106549365,0,0.151658509556826,0.594368081395428,0.253370959329357,0.000602449718389019,0,0,0,0.740365165167005,-2.07639898143342,-0.872602836696142,-0.52852094264085,-0.314776884520788,-0.153813942641637
0.289345063538612,0.000977517106549365,0,0.149566697729366,0.593991596265334,0.255792026036576,0.000649679968724779,0,0,0,0.730153376763824,-2.08280661153287,-0.867168954402679,-0.52309135556685,-0.310940173385409,-0.151840688696792
0.290322580645161,0.000977517106549365,0,0.147494209660636,0.593585310999966,0.25822116299106,0.000699316348337866,0,0,0,0.72003592291441,-2.0890059357714,-0.861547449806343,-0.517530249025252,-0.307020237044279,-0.149825974131955
0.291300097751711,0.000977517106549365,0,0.145440955681222,0.593149434827959,0.260658190853982,0.000751418636837654,0,0,0,0.710012365871414,-2.09499823865815,-0.855739990993435,-0.511839244982902,-0.303018219435387,-0.147770387215343
0.29227761485826,0.000977517106549365,0,0.14340684612171,0.592684176977943,0.263102930286513,0.000806046613833517,0,0,0,0.700082267887487,-2.10078480470227,-0.84974824605025,-0.506019965406643,-0.298935264496725,-0.145674516215173
0.293255131964809,0.000977517106549365,0,0.141391791312686,0.592189746678553,0.265555201949826,0.000863260058934831,0,0,0,0.690245191215278,-2.10636691841291,-0.843573883063088,-0.500074032263322,-0.294772516166282,-0.143538949399663
0.294232649071359,0.000977517106549365,0,0.139395701584737,0.591666353158421,0.268014826505091,0.00092311875175097,0,0,0,0.68050069810744,-2.11174586429922,-0.837218570118247,-0.494003067519786,-0.29053111838205,-0.141364275037029
0.295210166177908,0.000977517106549365,0,0.137418487268447,0.59111420564618,0.270481624613482,0.000985682471891307,0,0,0,0.670848350816623,-2.11692292687035,-0.830683975302024,-0.487808693142879,-0.286212215082019,-0.139151081395489
0.296187683284457,0.000977517106549365,0,0.135460058694404,0.590533513370462,0.272955416936169,0.00105101099896522,0,0,0,0.661287711595477,-2.12189939063544,-0.823971766700717,-0.481492531099447,-0.281816950204179,-0.13689995674326
0.297165200391007,0.000977517106549365,0,0.133520326193192,0.589924485559901,0.275436024134325,0.00111916411258208,0,0,0,0.651818342696653,-2.12667654010366,-0.817083612400626,-0.475056203356336,-0.277346467686522,-0.134611489348559
0.298142717497556,0.000977517106549365,0,0.131599200095399,0.589287331443129,0.277923266869121,0.00119020159235126,0,0,0,0.642439806372803,-2.13125565978414,-0.810021180488048,-0.468501331880391,-0.272801911467037,-0.132286267479604
0.299120234604106,0.000977517106549365,0,0.129696590731608,0.588622260248779,0.28041696580173,0.00126418321788214,0,0,0,0.633151664876576,-2.13563803418603,-0.80278613904928,-0.461829538638457,-0.268184425483717,-0.129924879404612
0.300097751710655,0.000977517106549365,0,0.127812408432408,0.587929481205484,0.282916941593324,0.0013411687687841,0,0,0,0.623953480460623,-2.13982494781849,-0.795380156170622,-0.455042445597382,-0.26349515367455,-0.127527913391799
0.301075268817204,0.000977517106549365,0,0.125946563528384,0.587209203541877,0.285423014905073,0.00142121802466649,0,0,0,0.614844815377596,-2.14381768519067,-0.78780489993837,-0.44814167472401,-0.258735239977528,-0.125095957709383
0.302052785923754,0.000977517106549365,0,0.12409896635012,0.58646163648659,0.287935006398151,0.00150439076513871,0,0,0,0.605825231880144,-2.14761753081171,-0.780062038438823,-0.441128847985186,-0.253905828330642,-0.122629600625581
0.303030303030303,0.000977517106549365,0,0.122269527228205,0.585686989268256,0.290452736733729,0.00159074676981013,0,0,0,0.59689429222092,-2.15122576919076,-0.77215323975828,-0.434005587347757,-0.249008062671881,-0.120129430408611
0.304007820136852,0.000977517106549365,0,0.120458156493223,0.584885471115509,0.292976026572978,0.00168034581829012,0,0,0,0.588051558652572,-2.15464368483697,-0.764080171983038,-0.426773514778569,-0.244043086939238,-0.117596035326689
0.304985337243402,0.000977517106549365,0,0.11866476447576,0.584057291256981,0.295504696577071,0.00177324769018805,0,0,0,0.579296593427753,-2.15787256225949,-0.755844503199396,-0.419434252244466,-0.239012045070701,-0.115030003648033
0.305962854349951,0.000977517106549365,0,0.116889261506403,0.583202658921304,0.29803856740718,0.0018695121651133,0,0,0,0.570628958799112,-2.16091368596747,-0.747447901493651,-0.411989421712294,-0.233916081004262,-0.11243192364086
0.3069403714565,0.000977517106549365,0,0.115131557915737,0.582321783337112,0.300577459724476,0.00196919902267525,0,0,0,0.562048217019301,-2.16376834047006,-0.738892034952102,-0.404440645148899,-0.228756338677912,-0.109802383573387
0.30791788856305,0.000977517106549365,0,0.113391564034348,0.581414873733037,0.303121194190132,0.00207236804248326,0,0,0,0.553553930340971,-2.16643781027641,-0.730178571661046,-0.396789544521127,-0.22353396202964,-0.107141971713832
0.308895405669599,0.000977517106549365,0,0.111669190192822,0.580482139337713,0.305669591465318,0.00217907900414672,0,0,0,0.545145661016771,-2.16892337989567,-0.721309179706782,-0.389037741795823,-0.218250094997439,-0.104451276330411
0.309872922776149,0.000977517106549365,0,0.109964346721746,0.579523789379771,0.308222472211208,0.00228939168727499,0,0,0,0.536822971299353,-2.17122633383698,-0.712285527175608,-0.381186858939834,-0.212905881519298,-0.101730885691342
0.310850439882698,0.000977517106549365,0,0.108276943951704,0.578540033087846,0.310779657088973,0.00240336587147746,0,0,0,0.528585423441368,-2.17334795660949,-0.703109282153821,-0.373238517920003,-0.207502465533207,-0.0989813880648411
0.311827956989247,0.000977517106549365,0,0.106606892213283,0.577531079690569,0.313340966759785,0.0025210613363635,0,0,0,0.520432579695466,-2.17528953272236,-0.693782112727721,-0.365194340703178,-0.202040990977158,-0.096203371719127
0.312805474095797,0.000977517106549365,0,0.10495410183707,0.576497138416573,0.315906221884815,0.00264253786154247,0,0,0,0.512364002314298,-2.17705234668474,-0.684305686983605,-0.357055949256203,-0.196522601789141,-0.0933974249224161
0.313782991202346,0.000977517106549365,0,0.103318483153649,0.575438418494492,0.318475243125236,0.00276785522662377,0,0,0,0.504379253550514,-2.17863768300577,-0.674681673007771,-0.348824965545925,-0.190948441907147,-0.0905641359429258
0.314760508308895,0.000977517106549365,0,0.101699946493607,0.574355129152957,0.321047851142219,0.00289707321121675,0,0,0,0.496477895656766,-2.1800468261946,-0.664911738886517,-0.340503011539189,-0.185319655269166,-0.0877040930488731
0.315738025415445,0.000977517106549365,0,0.100098402187529,0.573247479620603,0.323623866596937,0.0030302515949308,0,0,0,0.488659490885704,-2.18128106076038,-0.654997552706142,-0.332091709202841,-0.17963738581319,-0.0848178845084754
0.316715542521994,0.000977517106549365,0,0.0985137605660028,0.572115679126061,0.326203110150561,0.00316745015737529,0,0,0,0.480923601489979,-2.18234167121225,-0.644940782552942,-0.323592680503726,-0.173902777477207,-0.0819060985899495
0.317693059628543,0.000977517106549365,0,0.0969459319596127,0.570959936897964,0.328785402464263,0.00330872867815959,0,0,0,0.473269789722242,-2.18322994205939,-0.634743096513217,-0.31500754740869,-0.16811697419921,-0.0789693235615133
0.318670576735093,0.000977517106549365,0,0.0953948266989451,0.569780462164946,0.331370564199215,0.00345414693689308,0,0,0,0.465697617835143,-2.18394715781091,-0.624406162673265,-0.306337931884578,-0.162281119917189,-0.0760081476913834
0.319648093841642,0.000977517106549365,0,0.093860355114586,0.56857746415564,0.333958416016589,0.00360376471318513,0,0,0,0.458206648081333,-2.18449460297599,-0.613931649119383,-0.297585455898237,-0.156396358569134,-0.0730231592477771
0.320625610948192,0.000977517106549365,0,0.0923424275371214,0.567351152098676,0.336548778577557,0.00375764178664513,0,0,0,0.450796442713463,-2.18487356206376,-0.60332122393787,-0.288751741416511,-0.150463834093037,-0.0700149464989118
0.321603128054741,0.000977517106549365,0,0.0908409542971371,0.56610173522269,0.33914147254329,0.00391583793688243,0,0,0,0.443466563984183,-2.18508531958338,-0.592576555215024,-0.279838410406247,-0.144484690426887,-0.0669840977130044
0.32258064516129,0.000977517106549365,0,0.089355845725219,0.564829422756313,0.341736318574961,0.00407841294350643,0,0,0,0.436216574146145,-2.18513116004399,-0.581699311037142,-0.27084708483429,-0.138460071508675,-0.0639312011582724
0.32355816226784,0.000977517106549365,0,0.0878870121519532,0.563534423928179,0.344333137333741,0.00424542658612648,0,0,0,0.429046035451998,-2.18501236795475,-0.570691159490524,-0.261779386667486,-0.132391121276392,-0.0608568451029329
0.324535679374389,0.000977517106549365,0,0.0864343639079256,0.56221694796692,0.346931749480803,0.00441693864435197,0,0,0,0.421954510154395,-2.1847302278248,-0.559553768661467,-0.252636937872681,-0.126278983668028,-0.0577616178152029
0.325513196480938,0.000977517106549365,0,0.0849978113237221,0.560877204101168,0.349531975677317,0.00459300889779228,0,0,0,0.414941560505985,-2.1842860241633,-0.548288806636268,-0.243421360416719,-0.120124802621575,-0.0546461075632998
0.326490713587488,0.000977517106549365,0,0.0835772647299286,0.559515401559558,0.352133636584457,0.00477369712605676,0,0,0,0.408006748759419,-2.18368104147938,-0.536897941501227,-0.234134276266446,-0.113929722075022,-0.0515109026154406
0.327468230694037,0.000977517106549365,0,0.0821726344571311,0.558131749570721,0.354736552863393,0.00495906310875481,0,0,0,0.401149637167348,-2.18291656428221,-0.525382841342641,-0.224777307388709,-0.107694885966361,-0.0483565912398428
0.328445747800586,0.000977517106549365,0,0.0807838308359155,0.556726457363291,0.357340545175298,0.00514916662549579,0,0,0,0.394369787982423,-2.18199387708092,-0.513745174246808,-0.215352075750353,-0.101421438233581,-0.0451837617047233
0.329423264907136,0.000977517106549365,0,0.0794107641968677,0.555299734165899,0.359945434181344,0.00534406745588909,0,0,0,0.387666763457294,-2.18091426438468,-0.501986608300027,-0.205860203318223,-0.0951105228146746,-0.0419930022782995
0.330400782013685,0.000977517106549365,0,0.0780533448705738,0.55385178920718,0.362551040542702,0.00554382537954406,0,0,0,0.381040125844613,-2.17967901070262,-0.490108811588595,-0.196303312059165,-0.0887632836476305,-0.0387849012287883
0.331378299120235,0.000977517106549365,0,0.0767114831876196,0.552382831715766,0.365157184920545,0.0057485001760701,0,0,0,0.374489437397029,-2.1782894005439,-0.478113452198811,-0.186683023940025,-0.0823808646704408,-0.0355600468244073
0.332355816226784,0.000977517106549365,0,0.075385089478591,0.550893070920289,0.367763687976043,0.00595815162507656,0,0,0,0.368014260367194,-2.17674671841767,-0.466002198216973,-0.17700096092765,-0.0759644098210956,-0.0323190273333737
0.333333333333333,0.000977517106549365,0,0.0740740740740741,0.549382716049383,0.37037037037037,0.00617283950617284,0,0,0,0.361614157007758,-2.17505224883307,-0.453776717729378,-0.167258744988882,-0.0695150630375847,-0.029062431023904
0.334310850439883,0.000977517106549365,0,0.0727783473046547,0.54785197633168,0.372977052764697,0.00639262359896829,0,0,0,0.355288689571372,-2.17320727629926,-0.441438678822325,-0.157457998090569,-0.0630339682578998,-0.0257908461642162
0.335288367546432,0.000977517106549365,0,0.0714978195009188,0.546301060995813,0.375583555820196,0.0066175636830723,0,0,0,0.349037420310687,-2.17121308532538,-0.428989749582112,-0.147600342199556,-0.0565222694200312,-0.0225048610225271
0.336265884652981,0.000977517106549365,0,0.0702324009934523,0.544730179270415,0.378189700198039,0.00684771953809425,0,0,0,0.342859911478354,-2.16907096042058,-0.416431598095036,-0.13768739928269,-0.0499811104619693,-0.019205063867054
0.337243401759531,0.000977517106549365,0,0.0689820021128412,0.543139540384118,0.380795306559397,0.0070831509436435,0,0,0,0.336755725327023,-2.16678218609402,-0.403765892447398,-0.127720791306815,-0.0434116353217054,-0.0158920429660143
0.33822091886608,0.000977517106549365,0,0.0677465331896714,0.541529353565557,0.383400195565443,0.00732391767932943,0,0,0,0.330724424109345,-2.16434804685484,-0.390994300725492,-0.117702140238777,-0.0368149879372287,-0.0125663865876245
0.33919843597263,0.000977517106549365,0,0.0665259045545288,0.539899828043362,0.386004187877348,0.00757007952476142,0,0,0,0.324765570077971,-2.16176982721219,-0.37811849101562,-0.107633068045422,-0.0301923122465311,-0.00922868300010244
0.340175953079179,0.000977517106549365,0,0.0653200265379994,0.538251173046168,0.388607104156284,0.00782169625954883,0,0,0,0.318878725485551,-2.15904881167522,-0.365140131404077,-0.0975151966935955,-0.023544752187603,-0.00587952047166522
0.341153470185728,0.000977517106549365,0,0.0641288094706691,0.536583597802606,0.391208765063424,0.00807882766330105,0,0,0,0.313063452584736,-2.15618628475307,-0.352060889977163,-0.0873501481501428,-0.0168734516984345,-0.00251948727052983
0.342130987292278,0.000977517106549365,0,0.0629521636831238,0.534897311541311,0.393808991259938,0.00834153351562745,0,0,0,0.307319313628177,-2.15318353095491,-0.338882434821175,-0.0771395443819095,-0.0101795547170164,0.000850828335086543
0.343108504398827,0.000977517106549365,0,0.0617899995059496,0.533192523490914,0.396407603406999,0.0086098735961374,0,0,0,0.301645870868525,-2.15004183478987,-0.325606434022412,-0.0668850073557421,-0.00346420518133978,0.00423083807696638
0.344086021505376,0.000977517106549365,0,0.0606422272697322,0.531469442880048,0.39900442216578,0.00888390768444029,0,0,0,0.29604268655843,-2.14676248076711,-0.312234555667171,-0.0565881590384852,0.00327145297060537,0.00761995368689285
0.345063538611926,0.000977517106549365,0,0.0595087573050577,0.529728278937346,0.40159926819745,0.00916369556014547,0,0,0,0.290509322950544,-2.14334675339577,-0.298768467841751,-0.0462506213969849,0.0100262758008281,0.0110175868966486
0.346041055718475,0.000977517106549365,0,0.0583894999425121,0.527969240891442,0.404191962163184,0.00944929700286233,0,0,0,0.285045342297516,-2.13979593718501,-0.285209838632449,-0.0358740163980871,0.0167991193713378,0.0144231494380164
0.347018572825024,0.000977517106549365,0,0.0572843655126812,0.526192537970967,0.406782324724151,0.00974077179220024,0,0,0,0.279650306851998,-2.13611131664397,-0.271560336125565,-0.0254599660086373,0.0235888397441437,0.017836053042779
0.347996089931574,0.000977517106549365,0,0.0561932643461509,0.524398379404555,0.409370176541525,0.0100381797077686,0,0,0,0.274323778866641,-2.13229417628181,-0.257821628407396,-0.0150100921954809,0.0303942929812554,0.0212557094427193
0.348973607038123,0.000977517106549365,0,0.0551161067735073,0.522586974420838,0.411955338276478,0.0103415805291767,0,0,0,0.269065320594094,-2.12834580060766,-0.243995383564239,-0.00452601692546308,0.0372143351446827,0.0246815303696203
0.349951124144673,0.000977517106549365,0,0.0540528031253362,0.52075853224845,0.41453763059018,0.010651034036034,0,0,0,0.263874494287009,-2.12426747413069,-0.230083269682394,0.00599063783456948,0.0440478222964342,0.0281129275552644
0.350928641251222,0.000977517106549365,0,0.0530032637322237,0.518913262116023,0.417116874143804,0.0109666000079499,0,0,0,0.258750862198037,-2.12006048136004,-0.216086954848157,0.0165382501177721,0.0508936104985199,0.0315493127314348
0.351906158357771,0.000977517106549365,0,0.0519673989247555,0.517051373252189,0.419692889598521,0.0112883382245337,0,0,0,0.253693986579828,-2.11572610680486,-0.202008107147829,0.0271151979572981,0.0577505558129485,0.0349900976299139
0.352883675464321,0.000977517106549365,0,0.0509451190335178,0.515173074885583,0.422265497615505,0.0116163084653948,0,0,0,0.248703429685033,-2.11126563497429,-0.187848394667705,0.0377198593863027,0.06461751430173,0.0384346939824849
0.35386119257087,0.000977517106549365,0,0.0499363343890963,0.513278576244835,0.424834518855926,0.0119505705101425,0,0,0,0.243778753766303,-2.10668035037749,-0.173609485494085,0.0483506124379401,0.0714933420268737,0.0418825135209304
0.354838709677419,0.000977517106549365,0,0.0489409553220771,0.51136808655858,0.427399773980956,0.0122911841383863,0,0,0,0.238919521076288,-2.10197153752361,-0.159293047713266,0.059005835145365,0.0783768950503891,0.0453329679770333
0.355816226783969,0.000977517106549365,0,0.0479588921630461,0.50944181505545,0.429961083651768,0.0126382091297355,0,0,0,0.234125293867639,-2.0971404809218,-0.144900749411548,0.0696839055417305,0.0852670294342848,0.0487854690825761
0.356793743890518,0.000977517106549365,0,0.0469900552425892,0.507499970964079,0.432518268529533,0.0129917052637996,0,0,0,0.229395634393008,-2.0921884650812,-0.130434258675226,0.0803832016601924,0.0921626012405712,0.0522394285693421
0.357771260997067,0.000977517106549365,0,0.0460343548912924,0.505542763513097,0.435071149275423,0.0133517323201878,0,0,0,0.224730104905044,-2.08711677451097,-0.1158952435906,0.0911021015339046,0.0990624665312572,0.0556942581691139
0.358748778103617,0.000977517106549365,0,0.0450917014397415,0.50357040193114,0.437619546550609,0.0137183500785095,0,0,0,0.220128267656398,-2.08192669372025,-0.101285372243968,0.101838983196021,0.105965481368352,0.0591493696136741
0.359726295210166,0.000977517106549365,0,0.0441620052185226,0.501583095446838,0.440163281016265,0.0140916183183742,0,0,0,0.215589684899722,-2.07661950721819,-0.0866063127216278,0.112592224679697,0.112870501813866,0.0626041746348058
0.360703812316716,0.000977517106549365,0,0.0432451765582216,0.499581053288826,0.442702173333561,0.0144715968193911,0,0,0,0.211113918887665,-2.07119649951394,-0.0718597331098774,0.123360204018086,0.119776383929807,0.0660580849642918
0.361681329423265,0.000977517106549365,0,0.0423411257894244,0.497564484685736,0.44523604416367,0.0148583453611698,0,0,0,0.206700531872879,-2.06565895511666,-0.0570473014950156,0.134141299244343,0.126681983778186,0.0695105123339145
0.362658846529814,0.000977517106549365,0,0.041449763242717,0.495533598866201,0.447764714167763,0.0152519237233194,0,0,0,0.202349086108014,-2.06000815853548,-0.0421706859633394,0.144933888391622,0.133586157421011,0.0729608684754572
0.363636363636364,0.000977517106549365,0,0.0405709992486852,0.493488605058853,0.450288004007012,0.0156523916854495,0,0,0,0.198059143845722,-2.05424539427956,-0.0272315546011476,0.155736349493077,0.140487760920292,0.0764085651207024
0.364613880742913,0.000977517106549365,0,0.0397047441379151,0.491429712492326,0.45280573434259,0.0160598090271694,0,0,0,0.193830267338652,-2.04837194685806,-0.0122315754947385,0.166547060581863,0.147385650338038,0.0798530140014329
0.365591397849462,0.000977517106549365,0,0.0388509082409925,0.489357130395252,0.455317725835668,0.0164742355280885,0,0,0,0.189662018839455,-2.0423891007801,0.00282758326959102,0.177364399691134,0.154278681736259,0.0832936268494318
0.366568914956012,0.000977517106549365,0,0.0380094018885034,0.487271067996263,0.457823799147417,0.0168957309678161,0,0,0,0.185553960600783,-2.03629814055486,0.0179442536055416,0.188186744854045,0.161165711176965,0.0867298153964817
0.367546432062561,0.000977517106549365,0,0.0371801354110338,0.485171734523994,0.46032377493901,0.0173243551259616,0,0,0,0.181505654875286,-2.03010035069147,0.0331167674268158,0.199012474103749,0.168045594722163,0.0901609913743653
0.36852394916911,0.000977517106549365,0,0.0363630191391696,0.483059339207077,0.462817473871619,0.0177601677821344,0,0,0,0.177516663915615,-2.02379701569909,0.0483434566471154,0.209839965473402,0.174917188433865,0.0935865665148657
0.36950146627566,0.000977517106549365,0,0.0355579634034967,0.480934091274143,0.465304716606416,0.0182032287159439,0,0,0,0.17358654997442,-2.01738942008686,0.0636226531801422,0.220667596996158,0.181779348374079,0.0970059525497654
0.370478983382209,0.000977517106549365,0,0.034764878534601,0.478796199953828,0.467785323804572,0.0186535977069994,0,0,0,0.169714875304352,-2.01087884836393,0.0789526889395992,0.231493746705171,0.188630930604815,0.100418561210848
0.371456500488759,0.000977517106549365,0,0.0339836748630685,0.476645874474762,0.470259116127259,0.0191113345349103,0,0,0,0.165901202158062,-2.00426658503946,0.0943318958391864,0.242316792633595,0.195470791188082,0.103823804229895
0.372434017595308,0.000977517106549365,0,0.0332142627194852,0.474483324065579,0.47272591423565,0.0195764989792861,0,0,0,0.162145092788201,-1.99755391462258,0.109758605792607,0.253135112814585,0.202297786185889,0.107221093338689
0.373411534701857,0.000977517106549365,0,0.0324565524344369,0.472308757954912,0.475185538790915,0.0200491508197359,0,0,0,0.15844610944742,-1.99074212162246,0.125231150713562,0.263947085281295,0.209110771660246,0.110609840269015
0.374389051808407,0.000977517106549365,0,0.0317104543385097,0.470122385371393,0.477637810454228,0.0205293498358694,0,0,0,0.154803814388368,-1.98383249054824,0.140747862515754,0.274751088066879,0.215908603673162,0.113989456752654
0.375366568914956,0.000977517106549365,0,0.0309758787622894,0.467924415543656,0.480082549886759,0.0210171558072957,0,0,0,0.151217769863697,-1.97682630590906,0.156307073112886,0.285545499204493,0.222690138286647,0.117359354521389
0.376344086021505,0.000977517106549365,0,0.030252736036362,0.465715057700333,0.482519577749681,0.0215126285136243,0,0,0,0.147687538126058,-1.96972485221409,0.171907114418658,0.296328696727289,0.22945423156271,0.120718945307004
0.377321603128055,0.000977517106549365,0,0.0295409364913134,0.463494521070057,0.484948714704165,0.0220158277344646,0,0,0,0.144212681428101,-1.96252941397246,0.187546318346772,0.307099058668423,0.23619973956336,0.12406764084128
0.378299120234604,0.000977517106549365,0,0.0288403904577295,0.46126301488146,0.487369781411384,0.022526813249426,0,0,0,0.140792762022477,-1.95524127569333,0.203223016810932,0.31785496306105,0.242925518350607,0.127404852856001
0.379276637341153,0.000977517106549365,0,0.0281510082661964,0.459020748363176,0.489782598532509,0.0230456448381177,0,0,0,0.137427342161837,-1.94786172188584,0.218935541724838,0.328594787938322,0.249630423986461,0.130729993082949
0.380254154447703,0.000977517106549365,0,0.0274727002472999,0.456767930743838,0.492186986728713,0.0235723822801492,0,0,0,0.134115984098832,-1.94039203705915,0.234682225002192,0.339316911333396,0.25631331253293,0.134042473253908
0.381231671554252,0.000977517106549365,0,0.026805376731626,0.454504771252078,0.494582766661166,0.0241070853551299,0,0,0,0.130858250086111,-1.9328335057224,0.250461398556696,0.350019711279424,0.262973040052023,0.13734170510066
0.382209188660802,0.000977517106549365,0,0.0261489480497606,0.452231479116529,0.496969758991042,0.0246498138426692,0,0,0,0.127653702376327,-1.92518741238474,0.266271394302054,0.360701565809562,0.269608462605751,0.140627100354988
0.383186705767351,0.000977517106549365,0,0.0255033245322897,0.449948263565823,0.499347784379511,0.0252006275223763,0,0,0,0.124501903222129,-1.91745504155533,0.282110544151965,0.371360852956964,0.276218436256123,0.143898070748674
0.3841642228739,0.000977517106549365,0,0.0248684165097991,0.447655333828594,0.501716663487746,0.0257595861738607,0,0,0,0.121402414876169,-1.9096376777433,0.297977180020132,0.381995950754783,0.282801817065148,0.147154028013502
0.38514173998045,0.000977517106549365,0,0.0242441343128749,0.445352899133475,0.504076216976918,0.0263267495767318,0,0,0,0.118354799591097,-1.90173660545782,0.313869633820257,0.392605237236176,0.289357461094835,0.150394383881255
0.386119257086999,0.000977517106549365,0,0.023630388272103,0.443041168709098,0.5064262655082,0.0269021775105989,0,0,0,0.115358619619564,-1.89375310920803,0.329786237466042,0.403187090434295,0.295884224407194,0.153618550083714
0.387096774193548,0.000977517106549365,0,0.0230270887180692,0.440720351784096,0.508766629742763,0.0274859297550714,0,0,0,0.112413437214221,-1.88568847350307,0.345725322871189,0.413739888382296,0.302380963064235,0.156825938352664
0.388074291300098,0.000977517106549365,0,0.0224341459813596,0.438390657587102,0.51109713034178,0.0280780660897587,0,0,0,0.109518814627718,-1.87754398285211,0.3616852219494,0.424262009113333,0.308846533127966,0.160015960419886
0.389051808406647,0.000977517106549365,0,0.0218514703925601,0.436052295346748,0.513417587966421,0.0286786462942702,0,0,0,0.106674314112706,-1.86932092176428,0.377664266614377,0.434751830660559,0.315279790660397,0.163188028017164
0.390029325513196,0.000977517106549365,0,0.0212789722822566,0.433705474291668,0.51572782327786,0.0292877301482152,0,0,0,0.103879497921836,-1.86102057474873,0.393660788779821,0.44520773105713,0.321679591723537,0.16634155287628
0.391006842619746,0.000977517106549365,0,0.0207165619810351,0.431350403650495,0.518027656937267,0.0299053774312031,0,0,0,0.101133928307758,-1.85264422631463,0.409673120359435,0.4556280883362,0.328044792379397,0.169475946729017
0.391984359726295,0.000977517106549365,0,0.0201641498194814,0.42898729265186,0.520316909605815,0.0305316479228433,0,0,0,0.0984371675231238,-1.8441931609711,0.425699593266921,0.466011280530923,0.334374248689984,0.172590621307158
0.392961876832845,0.000977517106549365,0,0.0196216461281816,0.426616350524398,0.522595401944676,0.0311666014027451,0,0,0,0.0957887778205836,-1.83566866322731,0.441738539415979,0.476355685674453,0.340666816717309,0.175684988342486
0.393939393939394,0.000977517106549365,0,0.0190889612377216,0.42423778649674,0.524862954615021,0.031810297650518,0,0,0,0.0931883214527881,-1.8270720175924,0.457788290720314,0.486659681799946,0.346921352523381,0.178758459566784
0.394916911045943,0.000977517106549365,0,0.0185660054786873,0.421851809797519,0.527119388278022,0.0324627964457713,0,0,0,0.0906353606723882,-1.81840450857553,0.473847179093625,0.496921646940554,0.35313671217021,0.181810446711834
0.395894428152493,0.000977517106549365,0,0.0180526891816646,0.419458629655369,0.529364523594852,0.0331241575681144,0,0,0,0.0881294577320346,-1.80966742068583,0.489913536449616,0.507139959129433,0.359311751719804,0.184840361509419
0.396871945259042,0.000977517106549365,0,0.0175489226772395,0.417058455298923,0.531598181226681,0.0337944407971566,0,0,0,0.0856701748843779,-1.80086203843247,0.505985694701987,0.517312996399737,0.365445327234173,0.187847615691323
0.397849462365591,0.000977517106549365,0,0.0170546162959979,0.414651495956812,0.533820181834683,0.0344737059125073,0,0,0,0.0832570743820689,-1.79198964632458,0.522061985764442,0.527439136784621,0.371536294775327,0.190831620989327
0.398826979472141,0.000977517106549365,0,0.0165696803685258,0.41223796085767,0.536030346080028,0.035162012693776,0,0,0,0.0808897184777583,-1.78305152887132,0.538140741550681,0.537516758317238,0.377583510405274,0.193791789135214
0.39980449657869,0.000977517106549365,0,0.0160940252254091,0.40981805923013,0.538228494623889,0.0358594209205719,0,0,0,0.0785676694240969,-1.77404897058184,0.554220293974407,0.547544239030743,0.383585830186025,0.196727531860768
0.40078201368524,0.000977517106549365,0,0.0156275611972338,0.407392000302824,0.540414448127438,0.0365659903725045,0,0,0,0.0762904894737354,-1.76498325596529,0.570298974949323,0.557519956958292,0.389542110179589,0.199638260897772
0.401759530791789,0.000977517106549365,0,0.0151701986145857,0.404959993304385,0.542588027251846,0.0372817808291831,0,0,0,0.0740577408793245,-1.75585566953081,0.586375116389129,0.567442290133037,0.395451206447975,0.202523387978007
0.402737047898338,0.000977517106549365,0,0.0147218478080508,0.402522247463446,0.544749052658286,0.0380068520702171,0,0,0,0.071868985893515,-1.74666749578756,0.602447050207528,0.577309616588133,0.401311975053192,0.205382324833257
0.403714565004888,0.000977517106549365,0,0.0142824191082151,0.40007897200864,0.546897345007929,0.0387412638752159,0,0,0,0.0697237867689576,-1.73742001924468,0.618513108318221,0.587120314356734,0.407123272057249,0.208214483195305
0.404692082111437,0.000977517106549365,0,0.0138518228456645,0.3976303761686,0.549032724961946,0.0394850760237888,0,0,0,0.067621705758303,-1.72811452441132,0.63457162263491,0.596872761471996,0.412883953522158,0.211019274795934
0.405669599217986,0.000977517106549365,0,0.0134299693509849,0.395176669171959,0.551155013181511,0.0402383482955453,0,0,0,0.065562305114202,-1.71875229579664,0.650620925071298,0.606565335967072,0.418592875509925,0.213796111366925
0.406647116324536,0.000977517106549365,0,0.0130167689547623,0.392718060247348,0.553264030327795,0.0410011404700946,0,0,0,0.0635451470893053,-1.70933461790978,0.666659347541086,0.616196415875117,0.424248894082562,0.216544404640063
0.407624633431085,0.000977517106549365,0,0.0126121319875826,0.390254758623402,0.555359597061969,0.0417735123270463,0,0,0,0.0615697939362635,-1.69986277525988,0.682685221957978,0.625764379229285,0.429850865302077,0.21926356634713
0.408602150537634,0.000977517106549365,0,0.0122159687800317,0.387786973528752,0.557441534045206,0.0425555236460096,0,0,0,0.0596358079077276,-1.69033805235611,0.698696880235671,0.63526760406273,0.43539764523048,0.221953008219908
0.409579667644184,0.000977517106549365,0,0.0118281896626957,0.385314914192033,0.559509661938678,0.0433472342065939,0,0,0,0.0577427512563482,-1.68076173370761,0.714692654287873,0.644704468408608,0.44088808992978,0.22461214199018
0.410557184750733,0.000977517106549365,0,0.0114487049661603,0.382838789841875,0.561563801403556,0.0441487037884086,0,0,0,0.055890186234776,-1.67113510382352,0.730670876028281,0.65407335030007,0.446321055461986,0.22724037938973
0.411534701857283,0.000977517106549365,0,0.0110774250210116,0.380358809706914,0.563603773101012,0.0449599921710631,0,0,0,0.0540776750956618,-1.66145944721301,0.746629877370599,0.663372627770274,0.451695397889109,0.22983713215034
0.412512218963832,0.000977517106549365,0,0.0107142601578355,0.37787518301578,0.565629397692218,0.0457811591341667,0,0,0,0.0523047800916562,-1.6517360483852,0.76256799022853,0.672600678852373,0.457009973273156,0.232401812003793
0.413489736070381,0.000977517106549365,0,0.010359120707218,0.375388118997107,0.567640495838346,0.0466122644573289,0,0,0,0.0505710634754101,-1.64196619184927,0.778483546515773,0.681755881579521,0.462263637676139,0.234933830681872
0.414467253176931,0.000977517106549365,0,0.0100119169997449,0.372897826879528,0.569636888200568,0.0474533679201589,0,0,0,0.0488760874995741,-1.63215116211435,0.794374878146033,0.690836613984873,0.467455247160065,0.237432599916359
0.41544477028348,0.000977517106549365,0,0.00967255936600219,0.370404515891676,0.571618395440056,0.0483045293022663,0,0,0,0.0472194144167991,-1.62229224368959,0.810240317033011,0.699841254101583,0.472583657786945,0.239897531439038
0.416422287390029,0.000977517106549365,0,0.00934095813657587,0.367908395262183,0.573584838217981,0.0491658083832602,0,0,0,0.0456006064797356,-1.61239072108415,0.826078195090407,0.708768179962804,0.477647725618788,0.24232803698169
0.417399804496579,0.000977517106549365,0,0.00901702364205183,0.365409674219682,0.575536037195516,0.0500372649427502,0,0,0,0.0440192259410345,-1.60244787880717,0.841886844231925,0.717615769601694,0.482646306717603,0.2447235282761
0.418377321603128,0.000977517106549365,0,0.00870066621301602,0.362908561992807,0.577471813033832,0.0509189587603456,0,0,0,0.0424748350533465,-1.59246500136779,0.857664596371267,0.726382401051404,0.487578257145399,0.24708341705405
0.419354838709677,0.000977517106549365,0,0.00839179618005437,0.360405267810189,0.579391986394101,0.0518109496156557,0,0,0,0.0409669960693224,-1.58244337327518,0.873409783422133,0.735066452345089,0.492442432964187,0.249407115047321
0.420332355816227,0.000977517106549365,0,0.00809032387375283,0.357900000900461,0.581296377937496,0.05271329728829,0,0,0,0.0394952712416127,-1.57238427903848,0.889120737298227,0.743666301515905,0.497237690235975,0.251694033987699
0.421309872922776,0.000977517106549365,0,0.00779615962469733,0.355392970492258,0.583184808325187,0.0536260615578579,0,0,0,0.0380592228228684,-1.56228900316684,0.90479578991325,0.752180326597004,0.501962885022773,0.253943585606964
0.422287390029326,0.000977517106549365,0,0.00750921376347381,0.35288438581421,0.585057098218348,0.0545493022039686,0,0,0,0.0366584130657401,-1.55215883016941,0.920433273180904,0.760606905621543,0.50661687338659,0.2561551816369
0.423264907135875,0.000977517106549365,0,0.00722939662066821,0.350374456094952,0.586913068278149,0.0554830790062315,0,0,0,0.0352924042228785,-1.54199504455533,0.936031519014891,0.768944416622674,0.511198511389436,0.258328233809291
0.424242424242424,0.000977517106549365,0,0.00695661852686646,0.347863390563115,0.588752539165762,0.0564274517442562,0,0,0,0.0339607585469344,-1.53179893083376,0.951588859328912,0.777191237633552,0.515706655093319,0.260462153855917
0.425219941348974,0.000977517106549365,0,0.0066907898126545,0.345351398447333,0.59057533154236,0.0573824801976518,0,0,0,0.0326630382905586,-1.52157177351384,0.967103626036671,0.785345746687333,0.52014016056025,0.262556353508563
0.426197458455523,0.000977517106549365,0,0.00643182080861828,0.342838688976239,0.592381266069115,0.0583482241460278,0,0,0,0.0313988057064016,-1.51131485710473,0.982574151051868,0.793406321817169,0.524497883852237,0.264610244499011
0.427174975562072,0.000977517106549365,0,0.00617962184534373,0.340325471378465,0.594170163407198,0.0593247433689936,0,0,0,0.0301676230471144,-1.50102946611557,0.997998766288207,0.801371341056217,0.528778681031291,0.266623238559045
0.428152492668622,0.000977517106549365,0,0.00593410325341678,0.337811954882644,0.595941844217781,0.0603120976461586,0,0,0,0.0289690525653476,-1.49071688505551,1.01337580365939,0.809239182437628,0.532981408159419,0.268594747420446
0.429130009775171,0.000977517106549365,0,0.00569517536342339,0.335298348717409,0.597696129162036,0.061310346757132,0,0,0,0.0278026565137519,-1.48037839843371,1.02870359507911,0.81700822399456,0.537104921298634,0.270524182814998
0.43010752688172,0.000977517106549365,0,0.00546274850594947,0.332784862111392,0.599432838901135,0.0623195504815234,0,0,0,0.0266679971449781,-1.47001529075931,1.04398047246108,0.824676843760164,0.541148076510942,0.272410956474483
0.43108504398827,0.000977517106549365,0,0.00523673301158098,0.330271704293228,0.601151794096249,0.0633397685989419,0,0,0,0.025564636711677,-1.45962884654145,1.059204767719,0.832243419767597,0.545109729858353,0.274254480130684
0.432062561094819,0.000977517106549365,0,0.00501703921090385,0.327759084491547,0.602852815408552,0.0643710608889972,0,0,0,0.0244921374664991,-1.4492203502893,1.07437481276657,0.839706330050012,0.548988737402879,0.276054165515384
0.433040078201369,0.000977517106549365,0,0.00480357743450402,0.325247211934984,0.604535723499213,0.0654134871312985,0,0,0,0.0234500616620954,-1.438791086512,1.08948893951749,0.847063952640563,0.552783955206526,0.277809424360367
0.434017595307918,0.000977517106549365,0,0.00459625801296742,0.322736295852171,0.606200339029406,0.0664671071054551,0,0,0,0.0224379715511165,-1.42834233971869,1.10454547988547,0.854314665572406,0.556494239331305,0.279519668397413
0.434995112414467,0.000977517106549365,0,0.00439499127688,0.320226545471741,0.607846482660303,0.0675319805910765,0,0,0,0.0214554293862131,-1.41787539441853,1.1195427657842,0.861456846878694,0.560118445839226,0.281184309358308
0.435972629521017,0.000977517106549365,0,0.0041996875568277,0.317718170022326,0.609473975053074,0.068608167367772,0,0,0,0.020501997420036,-1.40739153512066,1.13447912912739,0.868488874592582,0.563655430792296,0.282802758974832
0.436950146627566,0.000977517106549365,0,0.00401025718339645,0.31521137873256,0.611082636868893,0.0696957272151511,0,0,0,0.0195772379052359,-1.39689204633424,1.14935290182874,0.875409126747224,0.567104050252527,0.28437442897877
0.437927663734115,0.000977517106549365,0,0.00382661048717218,0.312706380831075,0.61267228876893,0.070794719912823,0,0,0,0.0186807130944635,-1.38637821256842,1.16416241580195,0.882215981375774,0.570463160281927,0.285898731101903
0.438905180840665,0.000977517106549365,0,0.00364865779874084,0.310203385546504,0.614242751414358,0.0719052052403972,0,0,0,0.0178119852403696,-1.37585131833233,1.17890600296073,0.888907816511388,0.573731616942506,0.287375077076015
0.439882697947214,0.000977517106549365,0,0.00347630944868837,0.30770260210748,0.615793845466349,0.0730272429774831,0,0,0,0.0169706165956049,-1.36531264813514,1.19358199521877,0.895483010187218,0.576908276296273,0.288802878632889
0.440860215053763,0.000977517106549365,0,0.0033094757676007,0.305204239742635,0.617325391586074,0.0741608929036899,0,0,0,0.0161561694128202,-1.35476348648599,1.20818872448978,0.901939940436421,0.579991994405238,0.290181547504307
0.441837732160313,0.000977517106549365,0,0.00314806708606378,0.302708507680603,0.618837210434706,0.0753062147986272,0,0,0,0.0153682059446661,-1.34420511789404,1.22272452268745,0.90827698529215,0.58298162733141,0.291510495422052
0.442815249266862,0.000977517106549365,0,0.00299199373466354,0.300215615150016,0.620329122673416,0.0764632684419042,0,0,0,0.0146062884437934,-1.33363882686842,1.2371877217255,0.914492522787559,0.585876031136797,0.292789134117906
0.443792766373412,0.000977517106549365,0,0.00284116604398591,0.297725771379508,0.621800948963376,0.0776321136131303,0,0,0,0.0138699791628529,-1.32306589791829,1.25157665351762,0.920584930955803,0.588674061883411,0.294016875323654
0.444770283479961,0.000977517106549365,0,0.00269549434461684,0.29523918559771,0.623252509965758,0.078812810091915,0,0,0,0.0131588403544953,-1.3124876155528,1.26588964997752,0.926552587830035,0.591374575633259,0.295193130771077
0.44574780058651,0.000977517106549365,0,0.00255488896714227,0.292756067033256,0.624683626341734,0.0800054176578675,0,0,0,0.0124724342713712,-1.30190526428109,1.2801250430189,0.932393871443411,0.593976428448352,0.296317312191958
0.44672531769306,0.000977517106549365,0,0.00241926024214813,0.290276624914779,0.626094118752476,0.0812099960905972,0,0,0,0.0118103231661315,-1.29132012861233,1.29428116455545,0.938107159829085,0.596478476390699,0.297388831318081
0.447702834799609,0.000977517106549365,0,0.00228851850022035,0.28780106847091,0.627483807859156,0.0824266051697136,0,0,0,0.0111720692914269,-1.28073349305564,1.30835634650088,0.943690831020212,0.598879575522309,0.298407099881227
0.448680351906158,0.000977517106549365,0,0.00216257407194489,0.285329606930284,0.628852514322945,0.083655304674826,0,0,0,0.010557234899908,-1.2701466421202,1.3223489207689,0.949143263049945,0.601178581905191,0.29937152961318
0.449657869012708,0.000977517106549365,0,0.00204133728790768,0.282862449521534,0.630200058805015,0.0848961543855439,0,0,0,0.00996538224422572,-1.25956086031513,1.3362572192732,0.954462833951439,0.603374351601356,0.300281532245723
0.450635386119257,0.000977517106549365,0,0.00192471847869465,0.28039980547329,0.631526261966539,0.0861492140814764,0,0,0,0.00939607357703068,-1.2489774321496,1.35007957392749,0.959647921757848,0.605465740672812,0.301136519510638
0.451612903225806,0.000977517106549365,0,0.00181262797489175,0.277941884014188,0.632830944468687,0.0874145435422331,0,0,0,0.00884887115097364,-1.23839764213275,1.36381431664547,0.964696904502327,0.607451605181569,0.301935903139708
0.452590420332356,0.000977517106549365,0,0.0017049761070849,0.275488894372859,0.634113926972633,0.0886922025474233,0,0,0,0.00832333721870533,-1.22782277477374,1.37745977934084,0.96960816021803,0.609330801189636,0.302679094864716
0.453567937438905,0.000977517106549365,0,0.00160167320586006,0.273041045777936,0.635375030139548,0.0899822508766564,0,0,0,0.00781903403287649,-1.2172541145817,1.3910142939273,0.974380066938112,0.611102184759022,0.303365506417445
0.454545454545455,0.000977517106549365,0,0.00150262960180316,0.270598547458052,0.636614074630603,0.0912847483095417,0,0,0,0.00733552384613785,-1.20669294606579,1.40447619231855,0.979011002695726,0.612764611951737,0.303994549529677
0.455522971652004,0.000977517106549365,0,0.00140775562550013,0.268161608641839,0.637830881106972,0.0925997546256886,0,0,0,0.00687236891114013,-1.19614055373517,1.4178438064283,0.983499345524027,0.614316938829791,0.304565635933196
0.456500488758553,0.000977517106549365,0,0.00131696160753691,0.265730438557932,0.639025270229824,0.0939273296047066,0,0,0,0.00642913148053408,-1.18559822209897,1.43111546817025,0.98784347345617,0.615758021455192,0.305078177359784
0.457478005865103,0.000977517106549365,0,0.00123015787849945,0.263305246434962,0.640197062660334,0.0952675330262049,0,0,0,0.00600537380697043,-1.17506723566634,1.4442895094581,0.99204176452531,0.617086715889951,0.305531585541224
0.458455522971652,0.000977517106549365,0,0.00114725476897368,0.260886241501562,0.641346079059671,0.096620424669793,0,0,0,0.0056006581430999,-1.16454887894644,1.45736426220555,0.996092596764599,0.618301878196076,0.305925272209299
0.459433040078201,0.000977517106549365,0,0.00106816260954554,0.258473632986366,0.642472140089009,0.0979860643150802,0,0,0,0.00521454674157323,-1.15404443644842,1.47033805832631,0.999994348207193,0.619402364435576,0.306258649095791
0.460410557184751,0.000977517106549365,0,0.000992791730800965,0.256067630118005,0.643575066409518,0.099364511741676,0,0,0,0.00484660185504116,-1.14355519268143,1.48320922973407,1.00374539688625,0.620387030670462,0.306531127932484
0.4613880742913,0.000977517106549365,0,0.000921052463325895,0.253668442125113,0.644654678682372,0.10075582672919,0,0,0,0.00449638573615442,-1.1330824321546,1.49597610834254,1.00734412083491,0.621254732962742,0.306742120451159
0.462365591397849,0.000977517106549365,0,0.000852855137706269,0.251276278236322,0.645710797568741,0.10216006905723,0,0,0,0.00416346063756373,-1.1226274393771,1.50863702606542,1.01078889808635,0.622004327374427,0.306891038383602
0.463343108504399,0.000977517106549365,0,0.000788110084528024,0.248891347680266,0.646743243729798,0.103577298505408,0,0,0,0.00384738881191984,-1.11219149885807,1.52119031481641,1.0140781066737,0.622634669967525,0.306977293461592
0.464320625610948,0.000977517106549365,0,0.000726727634377098,0.246513859685577,0.647751837826715,0.105007574853331,0,0,0,0.00354773251187347,-1.10177589510666,1.53363430650921,1.01721012463014,0.623144616804046,0.307000297416915
0.465298142717498,0.000977517106549365,0,0.00066861811783943,0.244144023480888,0.648736400520663,0.10645095788061,0,0,0,0.00326405399007536,-1.09138191263202,1.54596733305753,1.0201833299888,0.623533023945999,0.306959461981351
0.466275659824047,0.000977517106549365,0,0.000613691865500958,0.241782048294831,0.649696752472814,0.107907507366854,0,0,0,0.00299591549917624,-1.08101083594331,1.55818772637507,1.02299610078285,0.623798747455394,0.306854198886686
0.467253176930596,0.000977517106549365,0,0.00056185920794762,0.23942814335604,0.65063271434434,0.109377283091671,0,0,0,0.00274287929182684,-1.07066394954966,1.57029381837553,1.02564681504544,0.623940643394239,0.3066839198647
0.468230694037146,0.000977517106549365,0,0.000513030475765354,0.237082517893148,0.651544106796414,0.110860344834673,0,0,0,0.0025045076206779,-1.06034253796022,1.5822839409726,1.02813385080972,0.623957567824545,0.306448036647177
0.469208211143695,0.000977517106549365,0,0.000467115999540096,0.234745381134786,0.652430750490206,0.112356752375467,0,0,0,0.00228036273838013,-1.05004788568416,1.59415642608001,1.03045558610885,0.62384837680832,0.306145960965899
0.470185728250244,0.000977517106549365,0,0.000424026109857788,0.232416942309589,0.65329246608689,0.113866565493663,0,0,0,0.00207000689758429,-1.03978127723061,1.60590960561143,1.03261039897599,0.623611926407575,0.30577710455265
0.471163245356794,0.000977517106549365,0,0.000383671137304368,0.230097410646189,0.654129074247636,0.115389843968871,0,0,0,0.00187300235094111,-1.02954399710872,1.61754181148058,1.03459666744428,0.623247072684319,0.305340879139213
0.472140762463343,0.000977517106549365,0,0.000345961412465772,0.227786995373218,0.654940395633616,0.1169266475807,0,0,0,0.00168891135110132,-1.01933732982765,1.62905137560117,1.03641276954688,0.62275267170056,0.304836696457369
0.473118279569892,0.000977517106549365,0,0.000310807265927939,0.22548590571931,0.655726250906003,0.118477036108759,0,0,0,0.00151729615071564,-1.00916255989654,1.64043662988688,1.03805708331695,0.622127579518308,0.304263968238903
0.474095796676442,0.000977517106549365,0,0.000278119028276807,0.223194350913096,0.656486460725968,0.120041069332658,0,0,0,0.00135771900243481,-0.999020971824549,1.65169590625142,1.03952798678764,0.621370652199573,0.303622106215595
0.475073313782991,0.000977517106549365,0,0.000247807030098314,0.220912540183211,0.657220845754684,0.121618807032007,0,0,0,0.00120974215890957,-0.988913850120815,1.66282753660851,1.0408238579921,0.620480745806364,0.302910522119231
0.476050830889541,0.000977517106549365,0,0.000219781601978399,0.218640682758287,0.657929226653321,0.123210308986413,0,0,0,0.00107292787279065,-0.978842479294493,1.67382985287182,1.04194307496349,0.61945671640069,0.302128627681592
0.47702834799609,0.000977517106549365,0,0.000193953074502999,0.216378987866956,0.658611424083053,0.124815634975488,0,0,0,0.000946838396728774,-0.96880814385473,1.68470118695508,1.04288401573497,0.618297420044561,0.30127583463446
0.478005865102639,0.000977517106549365,0,0.000170231778258052,0.214127664737852,0.65926725870505,0.12643484477884,0,0,0,0.000831035983374682,-0.958812128310676,1.69543987077197,1.04364505833968,0.617001712799987,0.30035155470962
0.478983382209189,0.000977517106549365,0,0.000148528043829498,0.211886922599608,0.659896551180485,0.128067998176078,0,0,0,0.000725082885379104,-0.948855717171481,1.70604423623621,1.04422458081078,0.615568450728976,0.299355199638854
0.479960899315738,0.000977517106549365,0,0.000128752201803273,0.209656970680855,0.660499122170529,0.129715154946812,0,0,0,0.000628541355392773,-0.938940194946293,1.71651261526149,1.04462096118144,0.613996489893538,0.298286181153944
0.480938416422287,0.000977517106549365,0,0.000110814582765316,0.207438018210227,0.661074792336355,0.131376374870652,0,0,0,0.000540973646066422,-0.929066846144261,1.72684333976152,1.04483257748479,0.612284686355682,0.297143910986673
0.481915933528837,0.000977517106549365,0,9.46255173015651e-05,0.205230274416357,0.661623382339135,0.133051717727207,0,0,0,0.000461942010050785,-0.919236955274535,1.73703474165,1.044857807754,0.610431896177418,0.295927800868825
0.482893450635386,0.000977517106549365,0,8.00953359979588e-05,0.203033948527878,0.662144712840039,0.134741243296085,0,0,0,0.000391008699996592,-0.909451806846263,1.74708515284063,1.04469503002221,0.608436975420756,0.294637262532181
0.483870967741935,0.000977517106549365,0,6.71343694404349e-05,0.200849249773422,0.662638604500241,0.136445011356898,0,0,0,0.000327735968554578,-0.899712685368596,1.75699290524711,1.04434262232259,0.606298780147703,0.293271707708525
0.484848484848485,0.000977517106549365,0,5.56529482149315e-05,0.198676387381622,0.663104877980911,0.138163081689253,0,0,0,0.000271686068375475,-0.890020875350682,1.76675633078314,1.04379896268829,0.604016166420271,0.29183054812964
0.485826001955034,0.000977517106549365,0,4.5561402907387e-05,0.196515570581111,0.663543353943222,0.13989551407276,0,0,0,0.000222421252110015,-0.88037766130167,1.77637376136243,1.04306242915247,0.601587990300468,0.290313195527308
0.486803519061584,0.000977517106549365,0,3.67700641037393e-05,0.194367008600521,0.663953853048346,0.141642368287029,0,0,0,0.000179503772408931,-0.870784327730709,1.78584352889867,1.04213139974826,0.599013107850303,0.288719061633313
0.487781036168133,0.000977517106549365,0,2.91892623899267e-05,0.192230910668487,0.664336195957455,0.143403704111668,0,0,0,0.000142495881922956,-0.861242159146949,1.79516396530558,1.04100425250884,0.596290375131787,0.287047558179436
0.488758553274682,0.000977517106549365,0,2.27293283518872e-05,0.19010748601364,0.66469020333172,0.145179581326289,0,0,0,0.000110959833302823,-0.851752440059538,1.80433340249685,1.03967936546736,0.593418648206928,0.285298096897461
0.489736070381232,0.000977517106549365,0,1.73005925755591e-05,0.187996943864613,0.665015695832313,0.146970059710499,0,0,0,8.4457879199264e-05,-0.842316454977627,1.81335017238618,1.03815511665697,0.590396783137736,0.28347008951917
0.490713587487781,0.000977517106549365,0,1.28133856468804e-05,0.185899493450039,0.665312494120407,0.148775199043908,0,0,0,6.25522722630117e-05,-0.832935488410363,1.82221260688728,1.03642988411082,0.58722363598622,0.281562947776347
0.49169110459433,0.000977517106549365,0,9.17803815178942e-06,0.183815343998551,0.665580418857173,0.150595059106125,0,0,0,4.4805265144799e-05,-0.823610824866896,1.83091903791384,1.03450204586207,0.58389806281439,0.279576083400774
0.49266862170088,0.000977517106549365,0,6.30488067622416e-06,0.181744704738781,0.665819290703782,0.152429699676761,0,0,0,3.07791104953586e-05,-0.814343748856376,1.83946779737957,1.03236997994387,0.580418919684255,0.277508908124235
0.493646138807429,0.000977517106549365,0,4.10424380612281e-06,0.179687784899363,0.666028930321408,0.154279180535423,0,0,0,2.0036060965423e-05,-0.80513554488795,1.84785721719818,1.03003206438938,0.576785062657824,0.275360833678511
0.494623655913978,0.000977517106549365,0,2.48645812742351e-06,0.177644793708929,0.666209158371221,0.156143561461722,0,0,0,1.21383692057251e-05,-0.79598749747077,1.85608562928336,1.02748667723175,0.572995347797108,0.273131271795386
0.495601173020528,0.000977517106549365,0,1.36185422606442e-06,0.175615940396113,0.666359795514394,0.158022902235268,0,0,0,6.64828786699745e-06,-0.786900891113982,1.86415136554881,1.02473219650414,0.569048631164114,0.270819634206642
0.496578690127077,0.000977517106549365,0,6.4076268798367e-07,0.173601434189546,0.666480662412098,0.159917262635668,0,0,0,3.12806959997274e-06,-0.777877010326738,1.87205275790824,1.0217670002397,0.564943768820852,0.268425332644061
0.497556207233627,0.000977517106549365,0,2.33514099119413e-07,0.171601484317862,0.666571579725505,0.161826702442534,0,0,0,1.13996705538365e-06,-0.768917139618186,1.87978813827535,1.01858946647159,0.560679616829332,0.265947778839429
0.498533724340176,0.000977517106549365,0,5.04390454097933e-08,0.169616300009694,0.666632368115788,0.163751281435473,0,0,0,2.46232883962869e-07,-0.760022563497475,1.88735583856384,1.01519797323295,0.556255031251565,0.263386384524526
0.499511241446725,0.000977517106549365,0,1.86811279295531e-09,0.167646090493673,0.666662848244118,0.165691059394096,0,0,0,9.11973644306921e-09,-0.751194566473754,1.89475419068741,1.01159089855695,0.551668868149557,0.260740561431136
0.500488758553275,0.000977517106549365,0,0,0.165691059394096,0.666662848244118,0.167646090493673,1.86811279295531e-09,0,0,0,-0.742434400715094,1.90198158000786,1.00776669094542,0.546920047533086,0.258009756606635
0.501466275659824,0.000977517106549365,0,0,0.163751281435473,0.666632368115788,0.169616300009694,5.04390454097933e-08,0,0,0,-0.733742574544768,1.90903762119328,1.00372541967994,0.542008960210549,0.255194229357048
0.502443792766373,0.000977517106549365,0,0,0.161826702442534,0.666571579725505,0.171601484317862,2.33514099119413e-07,0,0,0,-0.725118852441252,1.91592315821801,0.999468774821818,0.536937467788964,0.252295051247049
0.503421309872923,0.000977517106549365,0,0,0.159917262635668,0.666480662412098,0.173601434189546,6.4076268798367e-07,0,0,0,-0.716562966541943,1.9226390885045,0.99499851690106,0.53170749582312,0.249313329156907
0.504398826979472,0.000977517106549365,0,0,0.158022902235268,0.666359795514394,0.175615940396113,1.36185422606442e-06,0,0,0,-0.708074648984237,1.92918630947521,0.990316406447659,0.526320969867799,0.24625016996689
0.505376344086022,0.000977517106549365,0,0,0.156143561461722,0.666209158371221,0.177644793708929,2.48645812742351e-06,0,0,0,-0.699653631905531,1.93556571855259,0.985424203991613,0.52077981547779,0.243106680557265
0.506353861192571,0.000977517106549365,0,0,0.154279180535423,0.666028930321408,0.179687784899363,4.10424380612281e-06,0,0,0,-0.691299647443223,1.94177821315908,0.98032367006292,0.515085958207876,0.2398839678083
0.50733137829912,0.000977517106549365,0,0,0.152429699676761,0.665819290703782,0.181744704738781,6.30488067622416e-06,0,0,0,-0.68301242773471,1.94782469071715,0.975016565191578,0.509241323612844,0.236583138600263
0.50830889540567,0.000977517106549365,0,0,0.150595059106125,0.665580418857173,0.183815343998551,9.17803815178942e-06,0,0,0,-0.674791704917388,1.95370604864924,0.969504649907585,0.50324783724748,0.233205299813423
0.509286412512219,0.000977517106549365,0,0,0.148775199043908,0.665312494120407,0.185899493450039,1.28133856468804e-05,0,0,0,-0.666637211128654,1.9594231843778,0.963789684740939,0.497107424666569,0.229751558328046
0.510263929618768,0.000977517106549365,0,0,0.146970059710499,0.665015695832313,0.187996943864613,1.73005925755591e-05,0,0,0,-0.658548678505907,1.96497699532529,0.957873430221637,0.490822011424896,0.226223021024401
0.511241446725318,0.000977517106549365,0,0,0.145179581326289,0.66469020333172,0.19010748601364,2.27293283518872e-05,0,0,0,-0.650525839186541,1.97036837891415,0.951757646879678,0.484393523077249,0.222620794782756
0.512218963831867,0.000977517106549365,0,0,0.143403704111668,0.664336195957455,0.192230910668487,2.91892623899267e-05,0,0,0,-0.642568425307956,1.97559823256685,0.945444095245058,0.477823885178411,0.218945986483378
0.513196480938416,0.000977517106549365,0,0,0.141642368287029,0.663953853048346,0.194367008600521,3.67700641037393e-05,0,0,0,-0.634676169007547,1.98066745370582,0.938934535847777,0.47111502328317,0.215199703006537
0.514173998044966,0.000977517106549365,0,0,0.13989551407276,0.663543353943222,0.196515570581111,4.5561402907387e-05,0,0,0,-0.626848802422711,1.98557693975352,0.932230729217831,0.464268862946311,0.211383051232498
0.515151515151515,0.000977517106549365,0,0,0.138163081689253,0.663104877980911,0.198676387381622,5.56529482149315e-05,0,0,0,-0.619086057690846,1.99032758813241,0.925334435885218,0.457287329722618,0.20749713804153
0.516129032258065,0.000977517106549365,0,0,0.136445011356898,0.662638604500241,0.200849249773422,6.71343694404349e-05,0,0,0,-0.611387666949349,1.99492029626493,0.918247416379937,0.45017234916688,0.203543070313902
0.517106549364614,0.000977517106549365,0,0,0.134741243296085,0.662144712840039,0.203033948527878,8.00953359979588e-05,0,0,0,-0.603753362335617,1.99935596157354,0.910971431231985,0.44292584683388,0.199521954929881
0.518084066471163,0.000977517106549365,0,0,0.133051717727207,0.661623382339135,0.205230274416357,9.46255173015651e-05,0,0,0,-0.596182875987046,2.00363548148069,0.903508240971359,0.435549748278404,0.195434898769734
0.519061583577713,0.000977517106549365,0,0,0.131376374870652,0.661074792336355,0.207438018210227,0.000110814582765316,0,0,0,-0.588675940041034,2.00775975340882,0.895859606128058,0.428045979055238,0.191283008713731
0.520039100684262,0.000977517106549365,0,0,0.129715154946812,0.660499122170529,0.209656970680855,0.000128752201803273,0,0,0,-0.581232286634978,2.0117296747804,0.888027287232079,0.420416464719168,0.187067391642138
0.521016617790811,0.000977517106549365,0,0,0.128067998176078,0.659896551180485,0.211886922599608,0.000148528043829498,0,0,0,-0.573851647906274,2.01554614301786,0.88001304481342,0.41266313082498,0.182789154435223
0.521994134897361,0.000977517106549365,0,0,0.12643484477884,0.65926725870505,0.214127664737852,0.000170231778258052,0,0,0,-0.56653375599232,2.01921005554368,0.87181863940208,0.40478790292746,0.178449403973255
0.52297165200391,0.000977517106549365,0,0,0.124815634975488,0.658611424083053,0.216378987866956,0.000193953074502999,0,0,0,-0.559278343030513,2.02272230978028,0.863445831528055,0.396792706581392,0.174049247136502
0.523949169110459,0.000977517106549365,0,0,0.123210308986413,0.657929226653321,0.218640682758287,0.000219781601978399,0,0,0,-0.552085141158249,2.02608380315014,0.854896381721344,0.388679467341563,0.169589790805231
0.524926686217009,0.000977517106549365,0,0,0.121618807032007,0.657220845754684,0.220912540183211,0.000247807030098314,0,0,0,-0.544953882512926,2.02929543307569,0.846172050511944,0.380450110762758,0.16507214185971
0.525904203323558,0.000977517106549365,0,0,0.120041069332658,0.656486460725968,0.223194350913096,0.000278119028276807,0,0,0,-0.537884299231941,2.03235809697939,0.837274598429853,0.372106562399764,0.160497407180207
0.526881720430108,0.000977517106549365,0,0,0.118477036108759,0.655726250906003,0.22548590571931,0.000310807265927939,0,0,0,-0.530876123452691,2.0352726922837,0.82820578600507,0.363650747807365,0.15586669364699
0.527859237536657,0.000977517106549365,0,0,0.1169266475807,0.654940395633616,0.227786995373218,0.000345961412465772,0,0,0,-0.523929087312573,2.03804011641105,0.81896737376759,0.355084592540348,0.151181108140327
0.528836754643206,0.000977517106549365,0,0,0.115389843968871,0.654129074247636,0.230097410646189,0.000383671137304368,0,0,0,-0.517042922948983,2.04066126678391,0.809561122247414,0.346410022153498,0.146441757540485
0.529814271749756,0.000977517106549365,0,0,0.113866565493663,0.65329246608689,0.232416942309589,0.000424026109857788,0,0,0,-0.51021736249932,2.04313704082473,0.799988791974538,0.337628962201601,0.141649748727733
0.530791788856305,0.000977517106549365,0,0,0.112356752375467,0.652430750490206,0.234745381134786,0.000467115999540096,0,0,0,-0.503452138100979,2.04546833595596,0.790252143478959,0.328743338239442,0.136806188582338
0.531769305962854,0.000977517106549365,0,0,0.110860344834673,0.651544106796414,0.237082517893148,0.000513030475765351,0,0,0,-0.496746981891358,2.04765604960004,0.780352937290678,0.319755075821808,0.13191218398457
0.532746823069404,0.000977517106549365,0,0,0.109377283091672,0.650632714344341,0.23942814335604,0.000561859207947617,0,0,0,-0.490101626007854,2.04970107917944,0.77029293393969,0.310666100503483,0.126968841814694
0.533724340175953,0.000977517106549365,0,0,0.107907507366854,0.649696752472814,0.241782048294831,0.000613691865500955,0,0,0,-0.483515802587863,2.0516043221166,0.760073893955992,0.301478337839254,0.121977268952979
0.534701857282502,0.000977517106549365,0,0,0.10645095788061,0.648736400520663,0.244144023480887,0.000668618117839427,0,0,0,-0.476989243768784,2.05336667583397,0.749697577869585,0.292193713383907,0.116938572279693
0.535679374389052,0.000977517106549365,0,0,0.105007574853331,0.647751837826715,0.246513859685577,0.000726727634377095,0,0,0,-0.470521681688013,2.05498903775401,0.739165746210464,0.282814152692227,0.111853858675105
0.536656891495601,0.000977517106549365,0,0,0.103577298505408,0.646743243729798,0.248891347680266,0.00078811008452802,0,0,0,-0.464112848482946,2.05647230529916,0.728480159508629,0.273341581319,0.106724235019481
0.53763440860215,0.000977517106549365,0,0,0.10216006905723,0.645710797568741,0.251276278236322,0.000852855137706265,0,0,0,-0.457762476290982,2.05781737589188,0.717642578294076,0.263777924819011,0.10155080819309
0.5386119257087,0.000977517106549365,0,0,0.10075582672919,0.644654678682372,0.253668442125113,0.000921052463325891,0,0,0,-0.451470297249516,2.05902514695463,0.706654763096804,0.254125108747046,0.0963346850761994
0.539589442815249,0.000977517106549365,0,0,0.099364511741676,0.643575066409518,0.256067630118005,0.000992791730800961,0,0,0,-0.445236043495946,2.06009651590984,0.695518474446809,0.244385058657891,0.0910769725490772
0.540566959921799,0.000977517106549365,0,0,0.0979860643150803,0.642472140089009,0.258473632986365,0.00106816260954554,0,0,0,-0.43905944716767,2.06103238017998,0.684235472874092,0.234559700106332,0.0857787774919917
0.541544477028348,0.000977517106549365,0,0,0.0966204246697931,0.641346079059671,0.260886241501562,0.00114725476897368,0,0,0,-0.432940240402083,2.06183363718749,0.672807518908647,0.224650958647153,0.0804412067852101
0.542521994134897,0.000977517106549365,0,0,0.095267533026205,0.640197062660334,0.263305246434962,0.00123015787849945,0,0,0,-0.426878155336583,2.06250118435483,0.661236373080475,0.214660759835143,0.0750653673090011
0.543499511241447,0.000977517106549365,0,0,0.0939273296047067,0.639025270229825,0.265730438557932,0.00131696160753691,0,0,0,-0.420872924108567,2.06303591910445,0.649523795919572,0.204591029225085,0.0696523659436321
0.544477028347996,0.000977517106549365,0,0,0.0925997546256887,0.637830881106972,0.268161608641839,0.00140775562550012,0,0,0,-0.414924278855433,2.06343873885879,0.637671547955936,0.194443692371764,0.0642033095693706
0.545454545454545,0.000977517106549365,0,0,0.0912847483095417,0.636614074630604,0.270598547458052,0.00150262960180315,0,0,0,-0.409031951714576,2.06371054104032,0.625681389719565,0.184220674829968,0.0587193050664854
0.546432062561095,0.000977517106549365,0,0,0.0899822508766564,0.635375030139548,0.273041045777935,0.00160167320586006,0,0,0,-0.403195674823394,2.06385222307148,0.613555081740457,0.173923902154482,0.0532014593152437
0.547409579667644,0.000977517106549365,0,0,0.0886922025474234,0.634113926972633,0.275488894372858,0.0017049761070849,0,0,0,-0.397415180319285,2.06386468237472,0.601294384548609,0.163555299900091,0.0476508791959134
0.548387096774194,0.000977517106549365,0,0,0.0874145435422332,0.632830944468687,0.277941884014188,0.00181262797489174,0,0,0,-0.391690200339644,2.0637488163725,0.588901058674021,0.153116793621582,0.0420686715887631
0.549364613880743,0.000977517106549365,0,0,0.0861492140814765,0.631526261966539,0.28039980547329,0.00192471847869465,0,0,0,-0.38602046702187,2.06350552248727,0.576376864646688,0.142610308873739,0.0364559433740598
0.550342130987292,0.000977517106549365,0,0,0.0848961543855439,0.630200058805015,0.282862449521533,0.00204133728790767,0,0,0,-0.380405712503359,2.06313569814147,0.56372356299661,0.132037771211349,0.0308138014320721
0.551319648093842,0.000977517106549365,0,0,0.0836553046748261,0.628852514322945,0.285329606930284,0.00216257407194489,0,0,0,-0.374845668921507,2.06264024075757,0.550942914253782,0.121401106189196,0.0251433526430671
0.552297165200391,0.000977517106549365,0,0,0.0824266051697137,0.627483807859156,0.28780106847091,0.00228851850022035,0,0,0,-0.369340068413713,2.062020047758,0.538036678948205,0.110702239362068,0.0194457038873136
0.55327468230694,0.000977517106549365,0,0,0.0812099960905973,0.626094118752476,0.290276624914778,0.00241926024214812,0,0,0,-0.363888643117374,2.06127601656523,0.525006617609876,0.0999430962847503,0.0137219620450791
0.55425219941349,0.000977517106549365,0,0,0.0800054176578675,0.624683626341734,0.292756067033256,0.00255488896714226,0,0,0,-0.358491125169885,2.06040904460171,0.511854490768791,0.0891256025120271,0.00797323399663116
0.555229716520039,0.000977517106549365,0,0,0.078812810091915,0.623252509965758,0.29523918559771,0.00269549434461683,0,0,0,-0.353147246708644,2.05942002928988,0.498582058954949,0.0782516835986851,0.00220062662223799
0.556207233626588,0.000977517106549365,0,0,0.0776321136131304,0.621800948963376,0.297725771379508,0.0028411660439859,0,0,0,-0.347856739871049,2.0583098680522,0.485191082698348,0.0673232650995097,-0.00359475319783259
0.557184750733138,0.000977517106549365,0,0,0.0764632684419042,0.620329122673416,0.300215615150016,0.00299199373466353,0,0,0,-0.342619336794495,2.05707945831112,0.471683322528986,0.0563422725692867,-0.00941179858331271
0.558162267839687,0.000977517106549365,0,0,0.0753062147986272,0.618837210434706,0.302708507680603,0.00314806708606377,0,0,0,-0.337434769616381,2.05572969748909,0.458060538976861,0.0453106315628026,-0.015249402653934
0.559139784946237,0.000977517106549365,0,0,0.07416089290369,0.617325391586074,0.305204239742635,0.0033094757676007,0,0,0,-0.332302770474104,2.05426148300856,0.444324492571968,0.0342302676348411,-0.0211064585294297
0.560117302052786,0.000977517106549365,0,0,0.0730272429774832,0.615793845466349,0.307702602107479,0.00347630944868836,0,0,0,-0.327223071505059,2.05267571229198,0.430476943844309,0.0231031063401901,-0.0269818593295307
0.561094819159335,0.000977517106549365,0,0,0.0719052052403973,0.614242751414358,0.310203385546504,0.00364865779874083,0,0,0,-0.322195404846645,2.05097328276182,0.416519653323879,0.011931073233634,-0.0328744981739698
0.562072336265885,0.000977517106549365,0,0,0.0707947199128231,0.61267228876893,0.312706380831075,0.00382661048717217,0,0,0,-0.317219502636258,2.0491550918405,0.402454381540676,0.00071609386995895,-0.0387832681824789
0.563049853372434,0.000977517106549365,0,0,0.0696957272151512,0.611082636868893,0.31521137873256,0.00401025718339643,0,0,0,-0.312295097011295,2.0472220369505,0.3882828890247,-0.0105399061960489,-0.0447070624747898
0.564027370478983,0.000977517106549365,0,0,0.068608167367772,0.609473975053074,0.317718170022326,0.00419968755682771,0,0,0,-0.307421920109153,2.04517501551426,0.374006936305945,-0.0218350014096061,-0.0506447741706359
0.565004887585533,0.000977517106549365,0,0,0.0675319805910764,0.607846482660303,0.320226545471741,0.00439499127688002,0,0,0,-0.30259970406723,2.04301492495423,0.359628283914411,-0.0331672662159247,-0.0565952963897481
0.565982404692082,0.000977517106549365,0,0,0.066467107105455,0.606200339029406,0.322736295852171,0.00459625801296744,0,0,0,-0.297828181022922,2.04074266269286,0.345148692380097,-0.0445347750602193,-0.0625575222518586
0.566959921798632,0.000977517106549365,0,0,0.0654134871312984,0.604535723499213,0.325247211934984,0.00480357743450403,0,0,0,-0.293107083113626,2.03835912615261,0.330569922232999,-0.055935602387704,-0.0685303448766995
0.567937438905181,0.000977517106549365,0,0,0.0643710608889971,0.602852815408551,0.327759084491548,0.00501703921090386,0,0,0,-0.28843614247674,2.03586521275593,0.315893734003116,-0.0673678226435939,-0.0745126573840032
0.56891495601173,0.000977517106549365,0,0,0.0633397685989419,0.601151794096249,0.330271704293228,0.00523673301158099,0,0,0,-0.28381509124966,2.03326181992526,0.301121888220444,-0.078829510273103,-0.0805033528935018
0.56989247311828,0.000977517106549365,0,0,0.0623195504815233,0.599432838901135,0.332784862111393,0.00546274850594948,0,0,0,-0.279243661569783,2.03054984508306,0.286256145414983,-0.0903187397214453,-0.0865013245249272
0.570869990224829,0.000977517106549365,0,0,0.061310346757132,0.597696129162036,0.335298348717409,0.0056951753634234,0,0,0,-0.274721585574507,2.02773018565178,0.271298266116729,-0.101833585433836,-0.0925054653980117
0.571847507331378,0.000977517106549365,0,0,0.0603120976461585,0.595941844217781,0.337811954882644,0.0059341032534168,0,0,0,-0.270248595401228,2.02480373905388,0.256250010855681,-0.113372121855488,-0.0985146686324875
0.572825024437928,0.000977517106549365,0,0,0.0593247433689936,0.594170163407198,0.340325471378465,0.00617962184534374,0,0,0,-0.265824423187344,2.0217714027118,0.241113140161837,-0.124932423431617,-0.104527827348086
0.573802541544477,0.000977517106549365,0,0,0.0583482241460278,0.592381266069115,0.342838688976239,0.00643182080861829,0,0,0,-0.261448801070251,2.018634074048,0.225889414565192,-0.136512564607436,-0.110543834664541
0.574780058651026,0.000977517106549365,0,0,0.0573824801976517,0.59057533154236,0.345351398447333,0.00669078981265452,0,0,0,-0.257121461187346,2.01539265048492,0.210580594595748,-0.14811061982816,-0.116561583701582
0.575757575757576,0.000977517106549365,0,0,0.0564274517442561,0.588752539165762,0.347863390563115,0.00695661852686647,0,0,0,-0.252842135676027,2.01204802944502,0.195188440783499,-0.159724663539004,-0.122579967578944
0.576735092864125,0.000977517106549365,0,0,0.0554830790062315,0.586913068278148,0.350374456094952,0.00722939662066822,0,0,0,-0.24861055667369,2.00860110835075,0.179714713658446,-0.171352770185181,-0.128597879416356
0.577712609970675,0.000977517106549365,0,0,0.0545493022039685,0.585057098218347,0.35288438581421,0.00750921376347383,0,0,0,-0.244426456317733,2.00505278462457,0.164161173750585,-0.182993014211906,-0.134614212333553
0.578690127077224,0.000977517106549365,0,0,0.0536260615578578,0.583184808325187,0.355392970492258,0.00779615962469735,0,0,0,-0.240289566745552,2.00140395568891,0.148529581589913,-0.194643470064394,-0.140627859450266
0.579667644183773,0.000977517106549365,0,0,0.05271329728829,0.581296377937496,0.357900000900462,0.00809032387375285,0,0,0,-0.236199620094545,1.99765551896625,0.132821697706429,-0.206302212187858,-0.146637713886227
0.580645161290323,0.000977517106549365,0,0,0.0518109496156557,0.579391986394101,0.360405267810189,0.00839179618005439,0,0,0,-0.232156348502108,1.99380837187902,0.117039282630131,-0.217967315027512,-0.152642668761168
0.581622678396872,0.000977517106549365,0,0,0.0509189587603455,0.577471813033832,0.362908561992807,0.00870066621301604,0,0,0,-0.228159484105639,1.98986341184967,0.101184096891017,-0.229636853028572,-0.158641617194821
0.582600195503421,0.000977517106549365,0,0,0.0500372649427502,0.575536037195515,0.365409674219682,0.00901702364205185,0,0,0,-0.224208759042534,1.98582153630067,0.0852579010190842,-0.241308900636251,-0.164633452306918
0.583577712609971,0.000977517106549365,0,0,0.0491658083832602,0.573584838217981,0.367908395262183,0.00934095813657588,0,0,0,-0.220303905450191,1.98168364265446,0.0692624555443295,-0.252981532295764,-0.170617067217193
0.58455522971652,0.000977517106549365,0,0,0.0483045293022662,0.571618395440055,0.370404515891676,0.00967255936600221,0,0,0,-0.216444655466006,1.97745062833349,0.0531995209967531,-0.264652822452324,-0.176591355045375
0.58553274682307,0.000977517106549365,0,0,0.0474533679201589,0.569636888200568,0.372897826879528,0.0100119169997449,0,0,0,-0.212630741227377,1.97312339076021,0.0370708579063497,-0.276320845551148,-0.182555208911198
0.586510263929619,0.000977517106549365,0,0,0.0466122644573288,0.567640495838346,0.375388118997107,0.010359120707218,0,0,0,-0.208861894871701,1.96870282735708,0.0208782268031194,-0.287983676037448,-0.188507521934395
0.587487781036168,0.000977517106549365,0,0,0.0457811591341667,0.565629397692218,0.37787518301578,0.0107142601578355,0,0,0,-0.205137848536374,1.96418983554655,0.00462338821705944,-0.299639388356438,-0.194447187234696
0.588465298142718,0.000977517106549365,0,0,0.0449599921710631,0.563603773101012,0.380358809706914,0.0110774250210116,0,0,0,-0.201458334358794,1.95958531275107,-0.0116918973218323,-0.311286056953334,-0.200373097931833
0.589442815249267,0.000977517106549365,0,0,0.0441487037884086,0.561563801403555,0.382838789841876,0.0114487049661603,0,0,0,-0.197823084476357,1.95489015639309,-0.0280658692835591,-0.32292175627335,-0.206284147145541
0.590420332355816,0.000977517106549365,0,0,0.0433472342065939,0.559509661938678,0.385314914192033,0.0118281896626957,0,0,0,-0.194231831026461,1.95010526389506,-0.0444967671381212,-0.334544560761699,-0.212179227995549
0.591397849462366,0.000977517106549365,0,0,0.0425555236460096,0.557441534045206,0.387786973528752,0.0122159687800318,0,0,0,-0.190684306146502,1.94523153267943,-0.0609828303555227,-0.346152544863596,-0.218057233601591
0.592375366568915,0.000977517106549365,0,0,0.0417735123270463,0.555359597061969,0.390254758623402,0.0126121319875826,0,0,0,-0.187180241973879,1.94026986016866,-0.0775222984057647,-0.357743783024256,-0.223917057083398
0.593352883675464,0.000977517106549365,0,0,0.0410011404700946,0.553264030327795,0.392718060247348,0.0130167689547623,0,0,0,-0.183719370645987,1.93522114378519,-0.0941134107588495,-0.369316349688892,-0.229757591560703
0.594330400782014,0.000977517106549365,0,0,0.0402383482955453,0.551155013181511,0.395176669171959,0.0134299693509849,0,0,0,-0.180301424300223,1.93008628095149,-0.110754406884781,-0.38086831930272,-0.235577730153238
0.595307917888563,0.000977517106549365,0,0,0.0394850760237888,0.549032724961946,0.3976303761686,0.0138518228456645,0,0,0,-0.176926135073985,1.92486616908999,-0.127443526253558,-0.392397766310952,-0.241376365980734
0.596285434995112,0.000977517106549365,0,0,0.0387412638752159,0.546897345007929,0.40007897200864,0.0142824191082151,0,0,0,-0.17359323510467,1.91956170562315,-0.144179008335185,-0.403902765158805,-0.247152392162924
0.597262952101662,0.000977517106549365,0,0,0.0380068520702171,0.544749052658286,0.402522247463446,0.0147218478080508,0,0,0,-0.170302456529675,1.91417378797343,-0.160959092599664,-0.415381390291491,-0.25290470181954
0.598240469208211,0.000977517106549365,0,0,0.0372817808291831,0.542588027251846,0.404959993304385,0.0151701986145857,0,0,0,-0.167053531486397,1.90870331356327,-0.177782018516998,-0.426831716154226,-0.258632188070314
0.59921798631476,0.000977517106549365,0,0,0.0365659903725045,0.540414448127438,0.407392000302824,0.0156275611972338,0,0,0,-0.163846192112232,1.90315117981513,-0.194646025557187,-0.438251817192223,-0.264333744034979
0.60019550342131,0.000977517106549365,0,0,0.0358594209205719,0.538228494623889,0.40981805923013,0.0160940252254091,0,0,0,-0.160680170544578,1.89751828415145,-0.211549353190235,-0.449639767850697,-0.270008262833266
0.601173020527859,0.000977517106549365,0,0,0.035162012693776,0.536030346080028,0.41223796085767,0.0165696803685258,0,0,0,-0.157555198920831,1.8918055239947,-0.228490240886143,-0.460993642574861,-0.275654637584907
0.602150537634409,0.000977517106549365,0,0,0.0344737059125073,0.533820181834683,0.414651495956812,0.0170546162959979,0,0,0,-0.15447100937839,1.88601379676731,-0.245466928114914,-0.472311515809932,-0.281271761409635
0.603128054740958,0.000977517106549365,0,0,0.0337944407971566,0.531598181226681,0.417058455298923,0.0175489226772395,0,0,0,-0.15142733405465,1.88014399989175,-0.262477654346551,-0.483591462001122,-0.286858527427182
0.604105571847507,0.000977517106549365,0,0,0.0331241575681144,0.529364523594852,0.419458629655369,0.0180526891816646,0,0,0,-0.148423905087009,1.87419703079046,-0.279520659051055,-0.494831555593646,-0.292413828757279
0.605083088954057,0.000977517106549365,0,0,0.0324627964457713,0.527119388278022,0.421851809797519,0.0185660054786873,0,0,0,-0.145460454612864,1.8681737868859,-0.296594181698428,-0.506029871032718,-0.297936558519659
0.606060606060606,0.000977517106549365,0,0,0.031810297650518,0.524862954615021,0.42423778649674,0.0190889612377216,0,0,0,-0.142536714769612,1.86207516560051,-0.313696461758673,-0.517184482763553,-0.303425609834055
0.607038123167155,0.000977517106549365,0,0,0.0311666014027451,0.522595401944676,0.426616350524398,0.0196216461281816,0,0,0,-0.13965241769465,1.85590206435675,-0.330825738701792,-0.528293465231366,-0.308879875820197
0.608015640273705,0.000977517106549365,0,0,0.0305316479228433,0.520316909605815,0.42898729265186,0.0201641498194814,0,0,0,-0.136807295525374,1.84965538057707,-0.347980251997787,-0.539354892881369,-0.314298249597819
0.608993157380254,0.000977517106549365,0,0,0.0299053774312031,0.518027656937267,0.431350403650495,0.0207165619810351,0,0,0,-0.134001080399183,1.84333601168392,-0.36515824111666,-0.550366840158778,-0.319679624286652
0.609970674486804,0.000977517106549365,0,0,0.0292877301482152,0.51572782327786,0.433705474291668,0.0212789722822566,0,0,0,-0.131233504453472,1.83694485509975,-0.382357945528414,-0.561327381508807,-0.325022893006429
0.610948191593353,0.000977517106549365,0,0,0.0286786462942702,0.513417587966421,0.436052295346748,0.0218514703925601,0,0,0,-0.128504299825639,1.83048280824702,-0.39957760470305,-0.57223459137667,-0.33032694887688
0.611925708699902,0.000977517106549365,0,0,0.0280780660897587,0.51109713034178,0.438390657587102,0.0224341459813596,0,0,0,-0.125813198653081,1.82395076854818,-0.416815458110571,-0.583086544207581,-0.33559068501774
0.612903225806452,0.000977517106549365,0,0,0.0274859297550714,0.508766629742763,0.440720351784096,0.0230270887180692,0,0,0,-0.123159933073195,1.81734963342567,-0.43406974522098,-0.593881314446755,-0.34081299454874
0.613880742913001,0.000977517106549365,0,0,0.0269021775105989,0.5064262655082,0.443041168709098,0.023630388272103,0,0,0,-0.120544235223378,1.81068030030195,-0.451338705504278,-0.604616976539406,-0.345992770589611
0.61485826001955,0.000977517106549365,0,0,0.0263267495767318,0.504076216976918,0.445352899133475,0.0242441343128749,0,0,0,-0.117965837241027,1.80394366659947,-0.468620578430467,-0.615291604930748,-0.351128906260086
0.6158357771261,0.000977517106549365,0,0,0.0257595861738607,0.501716663487746,0.447655333828594,0.0248684165097991,0,0,0,-0.115424471263539,1.79714062974069,-0.48591360346955,-0.625903274065997,-0.356220294679898
0.616813294232649,0.000977517106549365,0,0,0.0252006275223763,0.499347784379511,0.449948263565823,0.0255033245322897,0,0,0,-0.11291986942831,1.79027208714805,-0.503216020091529,-0.636450058390365,-0.361265828968778
0.617790811339198,0.000977517106549365,0,0,0.0246498138426692,0.496969758991042,0.452231479116529,0.0261489480497606,0,0,0,-0.110451763872739,1.783338936244,-0.520526067766405,-0.646930032349066,-0.366264402246458
0.618768328445748,0.000977517106549365,0,0,0.0241070853551299,0.494582766661166,0.454504771252078,0.026805376731626,0,0,0,-0.108019886734222,1.776342074451,-0.537841985964183,-0.657341270387318,-0.37121490763267
0.619745845552297,0.000977517106549365,0,0,0.0235723822801492,0.492186986728713,0.456767930743838,0.0274727002472999,0,0,0,-0.105623970150156,1.7692823991915,-0.555162014154863,-0.667681846950331,-0.376116238247147
0.620723362658847,0.000977517106549365,0,0,0.0230456448381177,0.489782598532509,0.459020748363176,0.0281510082661964,0,0,0,-0.103263746257938,1.76216080788795,-0.572484391808448,-0.677949836483322,-0.380967287209621
0.621700879765396,0.000977517106549365,0,0,0.022526813249426,0.487369781411384,0.46126301488146,0.0288403904577295,0,0,0,-0.100938947194965,1.7549781979628,-0.58980735839494,-0.688143313431505,-0.385766947639824
0.622678396871945,0.000977517106549365,0,0,0.0220158277344646,0.484948714704165,0.463494521070057,0.0295409364913134,0,0,0,-0.0986493050986336,1.7477354668385,-0.607129153384341,-0.698260352240093,-0.390514112657487
0.623655913978495,0.000977517106549365,0,0,0.0215126285136243,0.482519577749681,0.465715057700333,0.030252736036362,0,0,0,-0.0963945521063416,1.74043351193751,-0.624448016246653,-0.708299027354301,-0.395207675382343
0.624633431085044,0.000977517106549365,0,0,0.0210171558072957,0.480082549886759,0.467924415543656,0.0309758787622894,0,0,0,-0.0941744203554857,1.73307323068227,-0.641762186451879,-0.718257413219343,-0.399846528934125
0.625610948191593,0.000977517106549365,0,0,0.0205293498358694,0.477637810454228,0.470122385371393,0.0317104543385097,0,0,0,-0.0919886419834629,1.72565552049524,-0.659069903470021,-0.728133584280435,-0.404429566432564
0.626588465298143,0.000977517106549365,0,0,0.0200491508197359,0.475185538790915,0.472308757954912,0.0324565524344369,0,0,0,-0.0898369491276702,1.71818127879887,-0.67636940677108,-0.737925614982789,-0.408955680997391
0.627565982404692,0.000977517106549365,0,0,0.0195764989792861,0.47272591423565,0.474483324065579,0.0332142627194852,0,0,0,-0.0877190739255047,1.71065140301561,-0.69365893582506,-0.74763157977162,-0.413423765748341
0.628543499511241,0.000977517106549365,0,0,0.0191113345349103,0.470259116127259,0.476645874474762,0.0339836748630685,0,0,0,-0.0856347485143632,1.70306679056792,-0.710936730101962,-0.757249553092143,-0.417832713805144
0.629521016617791,0.000977517106549365,0,0,0.0186535977069994,0.467785323804572,0.478796199953828,0.034764878534601,0,0,0,-0.083583705031643,1.69542833887824,-0.728201029071789,-0.766777609389572,-0.422181418287533
0.63049853372434,0.000977517106549365,0,0,0.0182032287159439,0.465304716606416,0.480934091274143,0.0355579634034967,0,0,0,-0.0815656756147408,1.68773694536902,-0.745450072204543,-0.776213823109121,-0.426468772315239
0.63147605083089,0.000977517106549365,0,0,0.0177601677821344,0.462817473871619,0.483059339207077,0.0363630191391696,0,0,0,-0.0795803924010539,1.67999350746272,-0.762682098970226,-0.785556268696004,-0.430693669007996
0.632453567937439,0.000977517106549365,0,0,0.0173243551259616,0.46032377493901,0.485171734523994,0.0371801354110338,0,0,0,-0.0776275875279791,1.67219892258179,-0.77989534883884,-0.794803020595437,-0.434855001485534
0.633431085043988,0.000977517106549365,0,0,0.0168957309678161,0.457823799147417,0.487271067996263,0.0380094018885034,0,0,0,-0.0757069931329135,1.66435408814867,-0.797088061280387,-0.803952153252632,-0.438951662867586
0.634408602150538,0.000977517106549365,0,0,0.0164742355280885,0.455317725835668,0.489357130395252,0.0388509082409925,0,0,0,-0.0738183413532541,1.65645990158583,-0.81425847576487,-0.813001741112805,-0.442982546273885
0.635386119257087,0.000977517106549365,0,0,0.0160598090271694,0.45280573434259,0.491429712492326,0.0397047441379151,0,0,0,-0.071961364326398,1.64851726031572,-0.83140483176229,-0.821949858621169,-0.446946544824162
0.636363636363636,0.000977517106549365,0,0,0.0156523916854495,0.450288004007012,0.493488605058853,0.0405709992486852,0,0,0,-0.0701357941897421,1.64052706176077,-0.848525368742651,-0.830794580222939,-0.450842551638149
0.637341153470186,0.000977517106549365,0,0,0.0152519237233194,0.447764714167763,0.495533598866201,0.041449763242717,0,0,0,-0.0683413630806834,1.63249020334346,-0.865618326175954,-0.83953398036333,-0.454669459835579
0.638318670576735,0.000977517106549365,0,0,0.0148583453611698,0.44523604416367,0.497564484685736,0.0423411257894244,0,0,0,-0.066577803136619,1.62440758248622,-0.882681943532202,-0.848166133487556,-0.458426162536184
0.639296187683284,0.000977517106549365,0,0,0.0144715968193911,0.442702173333561,0.499581053288826,0.0432451765582216,0,0,0,-0.0648448464949459,1.61628009661151,-0.899714460281396,-0.856689114040829,-0.462111552859695
0.640273704789834,0.000977517106549365,0,0,0.0140916183183742,0.440163281016265,0.501583095446838,0.0441620052185226,0,0,0,-0.0631422252930611,1.60810864314178,-0.91671411589354,-0.865100996468367,-0.465724523925845
0.641251221896383,0.000977517106549365,0,0,0.0137183500785095,0.437619546550609,0.50357040193114,0.0450917014397415,0,0,0,-0.0614696716683616,1.59989411949948,-0.933679149838634,-0.873399855215382,-0.469263968854366
0.642228739002933,0.000977517106549365,0,0,0.0133517323201878,0.435071149275423,0.505542763513097,0.0460343548912924,0,0,0,-0.0598269177582443,1.59163742310707,-0.950607801586681,-0.881583764727089,-0.472728780764991
0.643206256109482,0.000977517106549365,0,0,0.0129917052637996,0.432518268529533,0.507499970964079,0.0469900552425892,0,0,0,-0.0582136957001064,1.583339451387,-0.967498310607684,-0.889650799448702,-0.47611785277745
0.644183773216031,0.000977517106549365,0,0,0.0126382091297355,0.429961083651768,0.50944181505545,0.0479588921630461,0,0,0,-0.0566297376313449,1.57500110176171,-0.984348916371646,-0.897599033825435,-0.479430078011478
0.645161290322581,0.000977517106549365,0,0,0.0122911841383863,0.427399773980956,0.51136808655858,0.0489409553220771,0,0,0,-0.0550747756893567,1.56662327165366,-1.00115785834856,-0.905426542302502,-0.482664349586803
0.64613880742913,0.000977517106549365,0,0,0.0119505705101425,0.424834518855926,0.513278576244835,0.0499363343890963,0,0,0,-0.0535485420115389,1.55820685848529,-1.01792337600845,-0.913131399325119,-0.485819560623161
0.647116324535679,0.000977517106549365,0,0,0.0116163084653948,0.422265497615505,0.515173074885583,0.0509451190335178,0,0,0,-0.0520507687352884,1.54975275967907,-1.0346437088213,-0.920711679338499,-0.488894604240283
0.648093841642229,0.000977517106549365,0,0,0.0112883382245337,0.419692889598521,0.517051373252189,0.0519673989247555,0,0,0,-0.0505811879980023,1.54126187265745,-1.05131709625711,-0.928165456787857,-0.4918883735579
0.649071358748778,0.000977517106549365,0,0,0.0109666000079499,0.417116874143804,0.518913262116023,0.0530032637322237,0,0,0,-0.0491395319370777,1.53273509484287,-1.06794177778589,-0.935490806118407,-0.494799761695745
0.650048875855327,0.000977517106549365,0,0,0.010651034036034,0.41453763059018,0.52075853224845,0.0540528031253362,0,0,0,-0.0477255326899115,1.52417332365778,-1.08451599287764,-0.942685801775363,-0.49762766177355
0.651026392961877,0.000977517106549365,0,0,0.0103415805291767,0.411955338276478,0.522586974420838,0.0551161067735073,0,0,0,-0.0463389223939007,1.51557745652464,-1.10103798100237,-0.949748518203939,-0.500370966911047
0.652003910068426,0.000977517106549365,0,0,0.0100381797077686,0.409370176541525,0.524398379404555,0.0561932643461509,0,0,0,-0.0449794331864423,1.50694839086591,-1.11750598163007,-0.95667702984935,-0.503028570227968
0.652981427174976,0.000977517106549365,0,0,0.00974077179220024,0.406782324724151,0.526192537970967,0.0572843655126812,0,0,0,-0.0436467972049334,1.49828702410402,-1.13391823423075,-0.96346941115681,-0.505599364844046
0.653958944281525,0.000977517106549365,0,0,0.00944929700286233,0.404191962163184,0.527969240891442,0.0583894999425121,0,0,0,-0.0423407465867709,1.48959425366143,-1.15027297827441,-0.970123736571534,-0.508082243879012
0.654936461388074,0.000977517106549365,0,0,0.00916369556014547,0.40159926819745,0.529728278937346,0.0595087573050577,0,0,0,-0.041061013469352,1.4808709769606,-1.16656845323105,-0.976638080538735,-0.510476100452598
0.655913978494624,0.000977517106549365,0,0,0.00888390768444029,0.39900442216578,0.531469442880048,0.0606422272697322,0,0,0,-0.0398073299900735,1.47211809142398,-1.18280289857068,-0.983010517503629,-0.512779827684538
0.656891495601173,0.000977517106549365,0,0,0.00860987359613741,0.396407603407,0.533192523490914,0.0617899995059495,0,0,0,-0.0385794282863325,1.46333649447401,-1.19897455376329,-0.989239121911429,-0.514992318694562
0.657869012707722,0.000977517106549365,0,0,0.00834153351562746,0.393808991259938,0.534897311541311,0.0629521636831238,0,0,0,-0.0373770404955261,1.45452708353315,-1.21508165827889,-0.995321968207349,-0.517112466602402
0.658846529814272,0.000977517106549365,0,0,0.00807882766330107,0.391208765063424,0.536583597802606,0.064128809470669,0,0,0,-0.0361998987550512,1.44569075602385,-1.23112245158748,-1.0012571308366,-0.519139164527792
0.659824046920821,0.000977517106549365,0,0,0.00782169625954884,0.388607104156284,0.538251173046168,0.0653200265379993,0,0,0,-0.0350477352023048,1.43682840936857,-1.24709517315906,-1.00704268424441,-0.521071305590463
0.66080156402737,0.000977517106549365,0,0,0.00757007952476143,0.386004187877348,0.539899828043362,0.0665259045545287,0,0,0,-0.033920281974684,1.42794094098974,-1.26299806246364,-1.01267670287598,-0.522907782910147
0.66177908113392,0.000977517106549365,0,0,0.00732391767932944,0.383400195565443,0.541529353565557,0.0677465331896713,0,0,0,-0.0328172712095858,1.41902924830983,-1.27882935897122,-1.01815726117652,-0.524647489606577
0.662756598240469,0.000977517106549365,0,0,0.00708315094364351,0.380795306559397,0.543139540384118,0.0689820021128411,0,0,0,-0.0317384350444072,1.41009422875129,-1.29458730215179,-1.02348243359126,-0.526289318799483
0.663734115347019,0.000977517106549365,0,0,0.00684771953809426,0.378189700198039,0.544730179270415,0.0702324009934523,0,0,0,-0.0306835056165451,1.40113677973656,-1.31027013147537,-1.0286502945654,-0.527832163608599
0.664711632453568,0.000977517106549365,0,0,0.00661756368307232,0.375583555820196,0.546301060995813,0.0714978195009187,0,0,0,-0.0296522150633967,1.39215779868811,-1.32587608641195,-1.03365891854417,-0.529274917153657
0.665689149560117,0.000977517106549365,0,0,0.0063926235989683,0.372977052764697,0.54785197633168,0.0727783473046546,0,0,0,-0.0286442955223589,1.38315818302837,-1.34140340643154,-1.03850637997277,-0.530616472554389
0.666666666666667,0.000977517106549365,0,0,0.00617283950617285,0.37037037037037,0.549382716049383,0.074074074074074,0,0,0,-0.0276594791308287,1.37413883017981,-1.35685033100413,-1.04319075329642,-0.531855722930526
0.667644183773216,0.000977517106549365,0,0,0.00595815162507657,0.367763687976044,0.550893070920289,0.075385089478591,0,0,0,-0.0266974980262032,1.36510063756487,-1.37221509959974,-1.04771011296033,-0.532991561401802
0.668621700879765,0.000977517106549365,0,0,0.00574850017607011,0.365157184920545,0.552382831715766,0.0767114831876195,0,0,0,-0.0257580843458793,1.35604450260601,-1.38749595168836,-1.05206253340972,-0.534022881087947
0.669599217986315,0.000977517106549365,0,0,0.00554382537954407,0.362551040542702,0.55385178920718,0.0780533448705737,0,0,0,-0.0248409702272541,1.34697132272568,-1.40269112673999,-1.05624608908981,-0.534948575108695
0.670576735092864,0.000977517106549365,0,0,0.0053440674558891,0.359945434181344,0.555299734165899,0.0794107641968677,0,0,0,-0.0239458878077246,1.33788199534632,-1.41779886422465,-1.0602588544458,-0.535767536583777
0.671554252199413,0.000977517106549365,0,0,0.0051491666254958,0.357340545175298,0.556726457363291,0.0807838308359154,0,0,0,-0.0230725692246878,1.3287774178904,-1.43281740361232,-1.06409890392291,-0.536478658632926
0.672531769305963,0.000977517106549365,0,0,0.00495906310875482,0.354736552863393,0.558131749570721,0.082172634457131,0,0,0,-0.0222207466155407,1.31965848778035,-1.44774498437301,-1.06776431196635,-0.537080834375873
0.673509286412512,0.000977517106549365,0,0,0.00477369712605677,0.352133636584457,0.559515401559558,0.0835772647299285,0,0,0,-0.0213901521176804,1.31052610243864,-1.46257984597673,-1.07125315302135,-0.53757295693235
0.674486803519062,0.000977517106549365,0,0,0.00459300889779228,0.349531975677317,0.560877204101168,0.084997811323722,0,0,0,-0.0205805178685038,1.30138115928772,-1.47732022789347,-1.07456350153311,-0.537953919422091
0.675464320625611,0.000977517106549365,0,0,0.00441693864435198,0.346931749480803,0.56221694796692,0.0864343639079255,0,0,0,-0.0197915760054079,1.29222455575003,-1.49196436959324,-1.07769343194684,-0.538222614964826
0.67644183773216,0.000977517106549365,0,0,0.00424542658612649,0.344333137333741,0.563534423928179,0.0878870121519532,0,0,0,-0.0190230586657898,1.28305718924802,-1.50651051054604,-1.08064101870777,-0.538377936680288
0.67741935483871,0.000977517106549365,0,0,0.00407841294350644,0.341736318574961,0.564829422756313,0.089355845725219,0,0,0,-0.0182746979870465,1.27387995720416,-1.52095689022188,-1.08340433626111,-0.538418777688209
0.678396871945259,0.000977517106549365,0,0,0.00391583793688244,0.33914147254329,0.56610173522269,0.090840954297137,0,0,0,-0.0175462261065749,1.26469375704089,-1.53530174809075,-1.08598145905207,-0.538344031108321
0.679374389051808,0.000977517106549365,0,0,0.00375764178664514,0.336548778577557,0.567351152098676,0.0923424275371213,0,0,0,-0.0168373751617722,1.25549948618067,-1.54954332362265,-1.08837046152586,-0.538152590060357
0.680351906158358,0.000977517106549365,0,0,0.00360376471318514,0.333958416016589,0.568577464155639,0.093860355114586,0,0,0,-0.0161478772900353,1.24629804204593,-1.5636798562876,-1.0905694181277,-0.537843347664048
0.681329423264907,0.000977517106549365,0,0,0.00345414693689309,0.331370564199215,0.569780462164946,0.095394826698945,0,0,0,-0.0154774646287612,1.23709032205914,-1.57770958555559,-1.09257640330281,-0.537415197039127
0.682306940371456,0.000977517106549365,0,0,0.0033087286781596,0.328785402464263,0.570959936897964,0.0969459319596126,0,0,0,-0.014825869315347,1.22787722364275,-1.59163075089662,-1.09438949149639,-0.536867031305325
0.683284457478006,0.000977517106549365,0,0,0.00316745015737529,0.326203110150561,0.572115679126061,0.0985137605660027,0,0,0,-0.0141928234871896,1.21865964421921,-1.60544159178069,-1.09600675715367,-0.536197743582375
0.684261974584555,0.000977517106549365,0,0,0.0030302515949308,0.323623866596937,0.573247479620603,0.100098402187529,0,0,0,-0.0135780592816861,1.20943848121097,-1.61914034767782,-1.09742627471985,-0.535406226990009
0.685239491691105,0.000977517106549365,0,0,0.00289707321121676,0.32104785114222,0.574355129152957,0.101699946493607,0,0,0,-0.0129813088362335,1.20021463204048,-1.63272525805799,-1.09864611864015,-0.534491374647958
0.686217008797654,0.000977517106549365,0,0,0.00276785522662377,0.318475243125236,0.575438418494491,0.103318483153649,0,0,0,-0.0124023042882288,1.19098899413019,-1.64619456239122,-1.09966436335979,-0.533452079675956
0.687194525904203,0.000977517106549365,0,0,0.00264253786154248,0.315906221884815,0.576497138416573,0.10495410183707,0,0,0,-0.0118407777750689,1.18176246490256,-1.6595465001475,-1.10047908332398,-0.532287235193734
0.688172043010753,0.000977517106549365,0,0,0.00252106133636349,0.313340966759784,0.577531079690569,0.106606892213283,0,0,0,-0.011296461434151,1.17253594178004,-1.67277931079684,-1.10108835297794,-0.530995734321024
0.689149560117302,0.000977517106549365,0,0,0.00240336587147746,0.310779657088973,0.578540033087846,0.108276943951704,0,0,0,-0.010769087402872,1.16331032218507,-1.68589123380924,-1.10149024676687,-0.529576470177558
0.690127077223851,0.000977517106549365,0,0,0.00228939168727499,0.308222472211208,0.579523789379771,0.109964346721746,0,0,0,-0.010258387818629,1.15408650354011,-1.6988805086547,-1.10168283913599,-0.52802833588307
0.691104594330401,0.000977517106549365,0,0,0.00217907900414671,0.305669591465318,0.580482139337713,0.111669190192822,0,0,0,-0.00976409481881891,1.14486538326762,-1.71174537480322,-1.10166420453052,-0.526350224557289
0.69208211143695,0.000977517106549365,0,0,0.00207236804248326,0.303121194190131,0.581414873733037,0.113391564034348,0,0,0,-0.00928594054083881,1.13564785879003,-1.72448407172481,-1.10143241739567,-0.52454102931995
0.6930596285435,0.000977517106549365,0,0,0.00196919902267524,0.300577459724476,0.582321783337112,0.115131557915737,0,0,0,-0.00882365712208571,1.12643482752982,-1.73709483888947,-1.10098555217666,-0.522599643290783
0.694037145650049,0.000977517106549365,0,0,0.0018695121651133,0.29803856740718,0.583202658921304,0.116889261506403,0,0,0,-0.0083769766999566,1.11722718690941,-1.7495759157672,-1.1003216833187,-0.520524959589521
0.695014662756598,0.000977517106549365,0,0,0.00177324769018804,0.295504696577071,0.584057291256981,0.11866476447576,0,0,0,-0.00794563141184851,1.10802583435128,-1.761925541828,-1.099438885267,-0.518315871335896
0.695992179863148,0.000977517106549365,0,0,0.00168034581829011,0.292976026572978,0.584885471115509,0.120458156493223,0,0,0,-0.00752935339515843,1.09883166727786,-1.77414195654187,-1.09833523246678,-0.51597127164964
0.696969696969697,0.000977517106549365,0,0,0.00159074676981013,0.290452736733728,0.585686989268257,0.122269527228205,0,0,0,-0.0071278747872834,1.08964558311162,-1.78622339937882,-1.09700879936325,-0.513490053650487
0.697947214076246,0.000977517106549365,0,0,0.00150439076513871,0.287935006398151,0.58646163648659,0.124098966350121,0,0,0,-0.00674092772562041,1.08046847927499,-1.79816810980885,-1.09545766040163,-0.510871110458166
0.698924731182796,0.000977517106549365,0,0,0.00142121802466649,0.285423014905073,0.587209203541877,0.125946563528384,0,0,0,-0.00636824434756649,1.07130125319044,-1.80997432730196,-1.09367989002713,-0.50811333519241
0.699902248289345,0.000977517106549365,0,0,0.00134116876878409,0.282916941593324,0.587929481205484,0.127812408432408,0,0,0,-0.00600955679051864,1.06214480228042,-1.82164029132816,-1.09167356268497,-0.505215620972952
0.700879765395894,0.000977517106549365,0,0,0.00126418321788214,0.28041696580173,0.588622260248779,0.129696590731609,0,0,0,-0.00566459719187388,1.05300002396737,-1.83316424135743,-1.08943675282035,-0.502176860919524
0.701857282502444,0.000977517106549365,0,0,0.00119020159235126,0.277923266869121,0.589287331443129,0.131599200095399,0,0,0,-0.00533309768902922,1.04386781567375,-1.8445444168598,-1.0869675348785,-0.498995948151858
0.702834799608993,0.000977517106549365,0,0,0.00111916411258207,0.275436024134325,0.589924485559901,0.133520326193192,0,0,0,-0.00501479041938168,1.03474907482201,-1.85577905730526,-1.08426398330463,-0.495671775789686
0.703812316715543,0.000977517106549365,0,0,0.00105101099896522,0.272955416936169,0.590533513370462,0.135460058694404,0,0,0,-0.00470940752032826,1.0256446988346,-1.86686640216381,-1.08132417254395,-0.492203236952739
0.704789833822092,0.000977517106549365,0,0,0.000985682471891303,0.270481624613481,0.59111420564618,0.137418487268448,0,0,0,-0.00441668112926598,1.01655558513397,-1.87780469090545,-1.07814617704168,-0.488589224760751
0.705767350928641,0.000977517106549365,0,0,0.000923118751750966,0.268014826505091,0.591666353158421,0.139395701584737,0,0,0,-0.00413634338359186,1.00748263114258,-1.88859216300019,-1.07472807124303,-0.484828632333453
0.706744868035191,0.000977517106549365,0,0,0.000863260058934828,0.265555201949825,0.592189746678553,0.141391791312687,0,0,0,-0.0038681264207029,0.998426734282874,-1.89922705791803,-1.07106792959322,-0.480920352790577
0.70772238514174,0.000977517106549365,0,0,0.000806046613833514,0.263102930286513,0.592684176977943,0.14340684612171,0,0,0,-0.00361176237799612,0.989388791977305,-1.90970761512898,-1.06716382653745,-0.476863279251857
0.708699902248289,0.000977517106549365,0,0,0.000751418636837651,0.260658190853982,0.593149434827959,0.145440955681222,0,0,0,-0.00336698339286853,0.980369701648325,-1.92003207410302,-1.06301383652095,-0.472656304837022
0.709677419354839,0.000977517106549365,0,0,0.000699316348337863,0.25822116299106,0.593585310999966,0.147494209660636,0,0,0,-0.00313352160271714,0.971370360718386,-1.93019867431017,-1.05861603398893,-0.468298322665807
0.710654936461388,0.000977517106549365,0,0,0.000649679968724776,0.255792026036575,0.593991596265334,0.149566697729366,0,0,0,-0.00291110914493898,0.962391666609939,-1.94020565522043,-1.05396849338661,-0.463788225857942
0.711632453567937,0.000977517106549365,0,0,0.000602449718389016,0.253370959329356,0.594368081395428,0.151658509556827,0,0,0,-0.00269947815693104,0.953434516745436,-1.95005125630379,-1.04906928915918,-0.45912490753316
0.712609970674487,0.000977517106549365,0,0,0.000557565817721207,0.250958142208231,0.594714557161616,0.153769734812432,0,0,0,-0.00249836077609035,0.944499808547328,-1.95973371703027,-1.04391649575188,-0.454307260811193
0.713587487781036,0.000977517106549365,0,0,0.000514968487111976,0.248553754012028,0.595030814335265,0.155900463165595,0,0,0,-0.00230748913981391,0.935588439438066,-1.96925127686986,-1.03850818760992,-0.449334178811773
0.714565004887586,0.000977517106549365,0,0,0.000474597946951948,0.246157974079574,0.595316643687743,0.158050784285731,0,0,0,-0.00212659538549875,0.926701306840103,-1.97860217529257,-1.03284243917851,-0.444204554654632
0.715542521994135,0.000977517106549365,0,0,0.000436394417631747,0.243770981749699,0.595571835990416,0.160220787842253,0,0,0,-0.00195541165054186,0.91783930817589,-1.9877846517684,-1.02691732490286,-0.438917281459503
0.716520039100684,0.000977517106549365,0,0,0.000400298119542001,0.24139295636123,0.595796182014652,0.162410563504576,0,0,0,-0.00179367007234027,0.909003340867878,-1.99679694576735,-1.02073091922819,-0.433471252346118
0.717497556207234,0.000977517106549365,0,0,0.000366249273073333,0.239024077252995,0.595989472531818,0.164620200942114,0,0,0,-0.00164110278829099,0.900194302338519,-2.00563729675942,-1.01428129659971,-0.427865360434207
0.718475073313783,0.000977517106549365,0,0,0.00033418809861637,0.236664523763822,0.59615149831328,0.166849789824281,0,0,0,-0.00149744193579103,0.891413090010264,-2.01430394421462,-1.00756653146264,-0.422098498843505
0.719452590420332,0.000977517106549365,0,0,0.000304054816561736,0.23431447523254,0.596282050130408,0.16909941982049,0,0,0,-0.0013624196522374,0.882660601305566,-2.02279512760295,-1.00058469826219,-0.416169560693743
0.720430107526882,0.000977517106549365,0,0,0.000275789647300058,0.231974110997977,0.596380918754566,0.171369180600156,0,0,0,-0.00123576807502712,0.873937733646875,-2.0311090863944,-0.993333871443576,-0.410077439104652
0.721407624633431,0.000977517106549365,0,0,0.000249332811221961,0.229643610398961,0.596447894957124,0.173659161832694,0,0,0,-0.0011172193415572,0.865245384456643,-2.03924406005899,-0.985812125452013,-0.403821027195966
0.72238514173998,0.000977517106549365,0,0,0.000224624528718069,0.227323152774319,0.596482769509447,0.175969453187516,0,0,0,-0.00100650558922465,0.856584451157322,-2.04719828806671,-0.978017534732715,-0.397399218087415
0.72336265884653,0.000977517106549365,0,0,0.00020160502017901,0.225012917462881,0.596485333182903,0.178300144334037,0,0,0,-0.000903358955426481,0.847955831171363,-2.05497000988757,-0.969948173730896,-0.390810904898733
0.724340175953079,0.000977517106549365,0,0,0.000180214505995407,0.222713083803474,0.596455376748859,0.180651324941672,0,0,0,-0.000807511577559715,0.839360421921218,-2.06255746499156,-0.96160211689177,-0.384054980749651
0.725317693059629,0.000977517106549365,0,0,0.000160393206557887,0.220423831134926,0.596392690978683,0.183023084679833,0,0,0,-0.00071869559302136,0.830799120829338,-2.0699588928487,-0.952977438660551,-0.377130338759902
0.726295210166178,0.000977517106549365,0,0,0.000142081342257075,0.218145338796065,0.596297066643742,0.185415513217936,0,0,0,-0.000636643139208429,0.822272825318175,-2.07717253292898,-0.944072213482454,-0.370035872049217
0.727272727272727,0.000977517106549365,0,0,0.000125219133483596,0.21587778612572,0.596168294515402,0.187828700225394,0,0,0,-0.000561086353517935,0.81378243281018,-2.0841966247024,-0.934884515802693,-0.362770473737329
0.728250244379277,0.000977517106549365,0,0,0.000109746800628076,0.213621352462719,0.596006165365031,0.190262735371622,0,0,0,-0.000491757373346891,0.805328840727806,-2.09102940763898,-0.925412420066482,-0.355333036943969
0.729227761485826,0.000977517106549365,0,0,9.56045640811398e-05,0.211376217145889,0.595810469963997,0.192717708326033,0,0,0,-0.00042838833609231,0.796912946493502,-2.0976691212087,-0.915654000719036,-0.347722454788872
0.730205278592375,0.000977517106549365,0,0,8.27326442334134e-05,0.209142559514059,0.595580999083665,0.195193708758042,0,0,0,-0.000370711379151204,0.788535647529722,-2.10411400488157,-0.905607332205569,-0.339937620391766
0.731182795698925,0.000977517106549365,0,0,7.10712614755221e-05,0.206920558906058,0.595317543495405,0.197690826337062,0,0,0,-0.000318458639920587,0.780197841258916,-2.1103622981276,-0.895270488971295,-0.331977426872386
0.732160312805474,0.000977517106549365,0,0,6.05606361980912e-05,0.204710394660712,0.595019893970582,0.200209150732508,0,0,0,-0.000271362255797471,0.771900425103537,-2.11641224041678,-0.88464154546143,-0.323840767350464
0.733137829912023,0.000977517106549365,0,0,5.11409887917462e-05,0.202512246116851,0.594687841280564,0.202748771613793,0,0,0,-0.00022915436417887,0.763644296486035,-2.12226207121912,-0.873718576121184,-0.315526534945729
0.734115347018573,0.000977517106549365,0,0,4.27525396471126e-05,0.200326292613303,0.594321176196718,0.205309778650332,0,0,0,-0.000191567102461796,0.755430352828862,-2.12791003000462,-0.862499655395776,-0.307033622777917
0.735092864125122,0.000977517106549365,0,0,3.53355091548157e-05,0.198152713488894,0.593919689490412,0.207892261511539,0,0,0,-0.000158332608043262,0.74725949155447,-2.13335435624329,-0.850982857730418,-0.298360923966759
0.736070381231672,0.000977517106549365,0,0,2.8830117705481e-05,0.195991688082455,0.593483171933012,0.210496309866828,0,0,0,-0.000129183018320282,0.73913261008531,-2.13859328940512,-0.839166257570325,-0.289507331631986
0.737047898338221,0.000977517106549365,0,0,2.31765856897339e-05,0.193843395732812,0.593011414295885,0.213122013385613,0,0,0,-0.000103850470689867,0.731050605843835,-2.14362506896012,-0.827047929360711,-0.280471738893331
0.73802541544477,0.000977517106549365,0,0,1.83151334981999e-05,0.191708015778794,0.5925042073504,0.215769461737308,0,0,0,-8.20671025490318e-05,0.723014376252494,-2.14844793437828,-0.81462594754679,-0.271253038870526
0.73900293255132,0.000977517106549365,0,0,1.41859815215044e-05,0.189585727559229,0.591961341867922,0.218438744591327,0,0,0,-6.35650512947881e-05,0.715024818733741,-2.15306012512962,-0.801898386573777,-0.261850124683303
0.739980449657869,0.000977517106549365,0,0,1.07293501502727e-05,0.187476710412946,0.59138260861982,0.221129951617084,0,0,0,-4.80764543241491e-05,0.707082830710026,-2.15745988068413,-0.788863320886885,-0.252261889451393
0.740957966764418,0.000977517106549365,0,0,7.88545977513043e-06,0.185381143678771,0.590767798377461,0.223843172483993,0,0,0,-3.53334490341278e-05,0.699189309603801,-2.16164544051182,-0.775518824931331,-0.242487226294531
0.741935483870968,0.000977517106549365,0,0,5.5945307867029e-06,0.183299206695534,0.590116701912211,0.226578496861468,0,0,0,-2.50681728217372e-05,0.691345152837517,-2.16561504408269,-0.761862973152326,-0.232525028332447
0.742913000977517,0.000977517106549365,0,0,3.79678357561558e-06,0.181231078802063,0.589429109995437,0.229336014418924,0,0,0,-1.701276308399e-05,0.683551257833627,-2.16936693086673,-0.747893839995087,-0.222374188684873
0.743890518084066,0.000977517106549365,0,0,2.43243853249389e-06,0.179176939337185,0.588704813398508,0.232115814825774,0,0,0,-1.08993572178992e-05,0.675808522014581,-2.17289934033396,-0.733609499904827,-0.212033600471541
0.744868035190616,0.000977517106549365,0,0,1.44171604796326e-06,0.177136967639729,0.58794360289279,0.234917987751433,0,0,0,-6.46009262047772e-06,0.668117842802832,-2.17621051195438,-0.71900802732676,-0.201502156812185
0.745845552297165,0.000977517106549365,0,0,7.64836512649118e-07,0.175111343048523,0.587145269249651,0.237742622865314,0,0,0,-3.42710668873848e-06,0.66048011762083,-2.17929868519798,-0.7040874967061,-0.190778750826535
0.746823069403715,0.000977517106549365,0,0,3.42020317176901e-07,0.173100244902395,0.586309603240457,0.240589809836831,0,0,0,-1.53253681969437e-06,0.652896243891027,-2.18216209953477,-0.688845982488064,-0.179862275634324
0.747800586510264,0.000977517106549365,0,0,1.13487852172035e-07,0.171103852540173,0.585436395636575,0.2434596383354,0,0,0,-5.08520410358304e-07,0.645367119035876,-2.18479899443475,-0.673281559117863,-0.168751624355284
0.748778103616813,0.000977517106549365,0,0,1.94595082599511e-08,0.169122345300685,0.584525437209374,0.246352198030432,0,0,0,-8.71948577431935e-08,0.637893640477827,-2.18720760936793,-0.657392301040713,-0.157445690109147
0.749755620723363,0.000977517106549365,0,0,1.55676066079609e-10,0.16715590252276,0.58357651873022,0.249267578591344,0,0,0,-6.97558861945548e-10,0.630476705639331,-2.1893861838043,-0.641176282701828,-0.145943366015646
0.750733137829912,0.000977517106549365,0,0,0,0.16520468673221,0.582589468799764,0.252205819248503,2.52195227048966e-08,0,0,0,0.623117132989041,-2.19133320438912,-0.624632075540804,-0.134244021146576
0.751710654936461,0.000977517106549365,0,0,0,0.163268714119346,0.581564445273538,0.255166520225772,3.20381343991835e-07,0,0,0,0.615815053805124,-2.19304930910782,-0.60776257668909,-0.122351167119489
0.752688172043011,0.000977517106549365,0,0,0,0.161347925527264,0.580501775538308,0.258149055705365,1.24322906371176e-06,0,0,0,0.608570245535752,-2.19453624365713,-0.590572910549253,-0.110270448522299
0.75366568914956,0.000977517106549365,0,0,0,0.159442261176353,0.579401788381926,0.261152798001383,3.15244033811208e-06,0,0,0,0.601382482704884,-2.19579576288844,-0.573068219931064,-0.0980075275707755
0.75464320625611,0.000977517106549365,0,0,0,0.157551661287005,0.578264812592243,0.264177119427929,6.40669282344022e-06,0,0,0,0.594251539836479,-2.19682962165313,-0.555253647644289,-0.0855680664806882
0.755620723362659,0.000977517106549365,0,0,0,0.155676066079609,0.577091176957112,0.267221392299103,1.13646641759436e-05,0,0,0,0.587177191454495,-2.19763957480258,-0.537134336498699,-0.0729577274678071
0.756598240469208,0.000977517106549365,0,0,0,0.153815415774558,0.575881210264383,0.270284988929008,1.83850320518697e-05,0,0,0,0.58015921208289,-2.19822737718817,-0.518715429304059,-0.0601821727479007
0.757575757575758,0.000977517106549365,0,0,0,0.15196965059224,0.574635241301908,0.273367281631744,2.78264741074658e-05,0,0,0,0.573197376245624,-2.19859478366129,-0.500002068870144,-0.0472470645367408
0.758553274682307,0.000977517106549365,0,0,0,0.150138710753048,0.573353598857539,0.276467642721414,4.00476679989794e-05,0,0,0,0.566291458466654,-2.19874354907331,-0.480999398006716,-0.0341580650500942
0.759530791788856,0.000977517106549365,0,0,0,0.148322536477371,0.572036611719127,0.27958544451212,5.54072913826579e-05,0,0,0,0.55944123326994,-2.19867542827562,-0.461712559523547,-0.0209208365037322
0.760508308895406,0.000977517106549365,0,0,0,0.1465210679856,0.570684608674524,0.282720059317961,7.42640219147488e-05,0,0,0,0.552646475179439,-2.1983921761196,-0.442146696230406,-0.00754104111342405
0.761485826001955,0.000977517106549365,0,0,0,0.144734245498125,0.569297918511582,0.285870859453041,9.69765372514994e-05,0,0,0,0.54590695871911,-2.19789554745663,-0.42230695093706,0.0059756589050607
0.762463343108504,0.000977517106549365,0,0,0,0.142962009235339,0.567876870018151,0.289037217231461,0.000123903515049157,0,0,0,0.539222458412911,-2.19718729713808,-0.402198466453278,0.0196236013359529
0.763440860215054,0.000977517106549365,0,0,0,0.14120429941763,0.566421791982084,0.292218504967322,0.00015540363296397,0,0,0,0.532592748784802,-2.19626918001535,-0.38182638558883,0.0333971239634825
0.764418377321603,0.000977517106549365,0,0,0,0.13946105626539,0.564933013191232,0.295414094974725,0.000191835568652184,0,0,0,0.52601760435874,-2.19514295093982,-0.361195851153483,0.0472905645718796
0.765395894428152,0.000977517106549365,0,0,0,0.137732219999009,0.563410862433447,0.298623359567774,0.000233557999770048,0,0,0,0.519496799658684,-2.19381036476286,-0.340312005957007,0.0612982609453753
0.766373411534702,0.000977517106549365,0,0,0,0.136017730838878,0.56185566849658,0.301845671060568,0.000280929603973808,0,0,0,0.513030109208592,-2.19227317633586,-0.319179992809169,0.0754145508681995
0.767350928641251,0.000977517106549365,0,0,0,0.134317529005388,0.560267760168483,0.30508040176721,0.000334309058919713,0,0,0,0.506617307532424,-2.1905331405102,-0.297804954519739,0.0896337721245834
0.768328445747801,0.000977517106549365,0,0,0,0.132631554718929,0.558647466237007,0.3083269240018,0.00039405504226401,0,0,0,0.500258169154136,-2.18859201213725,-0.276192033898485,0.103950262498757
0.76930596285435,0.000977517106549365,0,0,0,0.130959748199891,0.556995115490004,0.311584610078442,0.000460526231662946,0,0,0,0.493952468597689,-2.18645154606842,-0.254346373755177,0.11835835977495
0.770283479960899,0.000977517106549365,0,0,0,0.129302049668666,0.555311036715325,0.314852832311236,0.000534081304772768,0,0,0,0.48769998038704,-2.18411349715506,-0.23227311689958,0.132852401737394
0.771260997067449,0.000977517106549365,0,0,0,0.127658399345644,0.553595558700822,0.318130963014284,0.000615078939249724,0,0,0,0.481500479046148,-2.18157962024857,-0.209977406141467,0.147426726170318
0.772238514173998,0.000977517106549365,0,0,0,0.126028737451216,0.551849010234347,0.321418374501687,0.000703877812750062,0,0,0,0.475353739098971,-2.17885167020032,-0.187464384290606,0.162075670857954
0.773216031280547,0.000977517106549365,0,0,0,0.124413004205772,0.550071720103751,0.324714439087547,0.000800836602930028,0,0,0,0.469259535069468,-2.1759314018617,-0.164739194156762,0.176793573584532
0.774193548387097,0.000977517106549365,0,0,0,0.122811139829703,0.548264017096886,0.328018529085965,0.000906313987445871,0,0,0,0.463217641481597,-2.1728205700841,-0.141806978549708,0.191574772134281
0.775171065493646,0.000977517106549365,0,0,0,0.121223084543399,0.546426230001603,0.331330016811044,0.00102066864395384,0,0,0,0.457227832859318,-2.16952092971888,-0.118672880279209,0.206413604291433
0.776148582600195,0.000977517106549365,0,0,0,0.119648778567251,0.544558687605754,0.334648274576885,0.00114425925011017,0,0,0,0.451289883726587,-2.16603423561743,-0.0953420421550366,0.221304407840218
0.777126099706745,0.000977517106549365,0,0,0,0.118088162121651,0.54266171869719,0.337972674697588,0.00127744448357113,0,0,0,0.445403568607364,-2.16236224263114,-0.0718196069869576,0.236241520564867
0.778103616813294,0.000977517106549365,0,0,0,0.116541175426987,0.540735652063763,0.341302589487257,0.00142058302199295,0,0,0,0.439568662025607,-2.15850670561139,-0.0481107175847409,0.251219280249609
0.779081133919844,0.000977517106549365,0,0,0,0.115007758703652,0.538780816493325,0.344637391259991,0.00157403354303189,0,0,0,0.433784938505275,-2.15446937940955,-0.0242205167581564,0.266232024678676
0.780058651026393,0.000977517106549365,0,0,0,0.113487852172035,0.536797540773726,0.347976452329894,0.00173815472434418,0,0,0,0.428052172570327,-2.15025201887701,-0.000154147316970568,0.281274091636297
0.781036168132942,0.000977517106549365,0,0,0,0.111981396052528,0.53478615369282,0.351319145011066,0.00191330524358608,0,0,0,0.42237013874472,-2.14585637886515,0.0240832479290456,0.296339818906704
0.782013685239492,0.000977517106549365,0,0,0,0.11048833056552,0.532746984038456,0.35466484161761,0.00209984377841384,0,0,0,0.416738611552413,-2.14128421422535,0.0484865261701247,0.311423544274125
0.782991202346041,0.000977517106549365,0,0,0,0.109008595931403,0.530680360598487,0.358012914463626,0.00229812900648371,0,0,0,0.411157365517364,-2.136537279809,0.0730505445964991,0.326519605522794
0.78396871945259,0.000977517106549365,0,0,0,0.107542132370568,0.528586612160765,0.361362735863216,0.00250851960545192,0,0,0,0.405626175163533,-2.13161733046747,0.0977701603983971,0.341622340436937
0.78494623655914,0.000977517106549365,0,0,0,0.106088880103404,0.52646606751314,0.364713678130482,0.00273137425297473,0,0,0,0.400144815014877,-2.12652612105214,0.122640230766053,0.356726086800788
0.785923753665689,0.000977517106549365,0,0,0,0.104648779350302,0.524319055443465,0.368065113579525,0.00296705162670838,0,0,0,0.394713059595356,-2.1212654064144,0.147655612889697,0.371825182398576
0.786901270772238,0.000977517106549365,0,0,0,0.103221770331653,0.52214590473959,0.371416414524447,0.00321591040430913,0,0,0,0.389330683428927,-2.11583694140564,0.172811163959561,0.386913965014532
0.787878787878788,0.000977517106549365,0,0,0,0.101807793267848,0.519946944189368,0.37476695327935,0.00347830926343322,0,0,0,0.383997461039549,-2.11024248087722,0.198101741165876,0.401986772432885
0.788856304985337,0.000977517106549365,0,0,0,0.100406788379278,0.517722502580651,0.378116102158335,0.0037546068817369,0,0,0,0.378713166951181,-2.10448377968053,0.223522201698872,0.417037942437867
0.789833822091887,0.000977517106549365,0,0,0,0.099018695886332,0.515472908701289,0.381463233475503,0.00404516193687641,0,0,0,0.37347757568778,-2.09856259266696,0.249067402748782,0.432061812813708
0.790811339198436,0.000977517106549365,0,0,0,0.0976434560094018,0.513198491339134,0.384807719544956,0.004350333106508,0,0,0,0.368290461773306,-2.09248067468788,0.274732201505838,0.447052721344638
0.791788856304985,0.000977517106549365,0,0,0,0.0962810089688778,0.510899579282038,0.388148932680797,0.00467047906828792,0,0,0,0.363151599731717,-2.08623978059468,0.300511455160271,0.462005005814888
0.792766373411535,0.000977517106549365,0,0,0,0.0949312949851505,0.508576501317852,0.391486245197125,0.00500595849987242,0,0,0,0.358060764086972,-2.07984166523874,0.326400020902309,0.476913004008688
0.793743890518084,0.000977517106549365,0,0,0,0.0935942542786106,0.506229586234428,0.394819029408043,0.00535713007891775,0,0,0,0.353017729363028,-2.07328808347144,0.352392755922188,0.491771053710268
0.794721407624633,0.000977517106549365,0,0,0,0.0922698270696488,0.503859162819618,0.398146657627653,0.00572435248308014,0,0,0,0.348022270083845,-2.06658079014416,0.378484517410138,0.50657349270386
0.795698924731183,0.000977517106549365,0,0,0,0.0909579535786556,0.501465559861272,0.401468502170056,0.00610798439001586,0,0,0,0.343074160773381,-2.05972154010828,0.404670162556387,0.521314658773692
0.796676441837732,0.000977517106549365,0,0,0,0.0896585740260217,0.499049106147244,0.404783935349354,0.00650838447738114,0,0,0,0.338173175955594,-2.05271208821519,0.430944548551172,0.535988889703997
0.797653958944281,0.000977517106549365,0,0,0,0.0883716286321378,0.496610130465383,0.408092329479647,0.00692591142283224,0,0,0,0.333319090154443,-2.04555418931626,0.457302532584721,0.550590523279004
0.798631476050831,0.000977517106549365,0,0,0,0.0870970576173943,0.494148961603542,0.411393056875039,0.0073609239040254,0,0,0,0.328511677893886,-2.03824959826287,0.483738971847266,0.565113897282944
0.79960899315738,0.000977517106549365,0,0,0,0.0858348012021821,0.491665928349572,0.414685489849629,0.00781378059861687,0,0,0,0.323750713697882,-2.03080006990642,0.510248723529038,0.579553349500046
0.80058651026393,0.000977517106549365,0,0,0,0.0845847996068916,0.489161359491325,0.41796900071752,0.00828484018426289,0,0,0,0.319035972090389,-2.02320735909828,0.536826644820268,0.593903217714542
0.801564027370479,0.000977517106549365,0,0,0,0.0833469930519135,0.486635583816652,0.421242961792814,0.00877446133861972,0,0,0,0.314367227595366,-2.01547322068983,0.563467592911189,0.608157839710663
0.802541544477028,0.000977517106549365,0,0,0,0.0821213217576385,0.484088930113406,0.424506745389612,0.0092830027393436,0,0,0,0.309744254736772,-2.00759940953245,0.590166424992031,0.622311553272637
0.803519061583578,0.000977517106549365,0,0,0,0.0809077259444571,0.481521727169437,0.427759723822016,0.00981082306409078,0,0,0,0.305166828038564,-1.99958768047753,0.616917998253025,0.636358696184696
0.804496578690127,0.000977517106549365,0,0,0,0.07970614583276,0.478934303772596,0.431001269404126,0.0103582809905175,0,0,0,0.300634722024701,-1.99143978837644,0.643717169884404,0.65029360623107
0.805474095796676,0.000977517106549365,0,0,0,0.0785165216429378,0.476326988710737,0.434230754450045,0.01092573519628,0,0,0,0.296147711219142,-1.98315748808057,0.670558797076397,0.66411062119599
0.806451612903226,0.000977517106549365,0,0,0,0.0773387935953812,0.47370011077171,0.437447551273875,0.0115135443590346,0,0,0,0.291705570145846,-1.9747425344413,0.697437737019238,0.677804078863685
0.807429130009775,0.000977517106549365,0,0,0,0.0761729019104807,0.471053998743366,0.440651032189716,0.0121220671564374,0,0,0,0.28730807332877,-1.96619668231001,0.724348846903157,0.691368317018388
0.808406647116324,0.000977517106549365,0,0,0,0.0750187868086271,0.468388981413558,0.44384056951167,0.0127516622661448,0,0,0,0.282954995291873,-1.95752168653808,0.751286983918384,0.704797673444327
0.809384164222874,0.000977517106549365,0,0,0,0.0738763885102108,0.465705387570136,0.44701553555384,0.013402688365813,0,0,0,0.278646110559113,-1.9487193019769,0.778247005255154,0.718086485925734
0.810361681329423,0.000977517106549365,0,0,0,0.0727456472356226,0.463003546000953,0.450175302630326,0.0140755041330982,0,0,0,0.27438119365445,-1.93979128347784,0.805223768103695,0.731229092246837
0.811339198435973,0.000977517106549365,0,0,0,0.071626503205253,0.46028378549386,0.45331924305523,0.0147704682456566,0,0,0,0.270160019101842,-1.93073938589229,0.83221212965424,0.74421983019187
0.812316715542522,0.000977517106549365,0,0,0,0.0705188966394928,0.457546434836709,0.456446729142654,0.0154879393811446,0,0,0,0.265982361425246,-1.92156536407162,0.85920694709702,0.75705303754506
0.813294232649071,0.000977517106549365,0,0,0,0.0694227677587324,0.45479182281735,0.459557133206699,0.0162282762172184,0,0,0,0.261847995148622,-1.91227097286723,0.886203077622266,0.76972305209064
0.814271749755621,0.000977517106549365,0,0,0,0.0683380567833625,0.452020278223636,0.462649827561467,0.0169918374315343,0,0,0,0.257756694795928,-1.90285796713049,0.913195378420212,0.782224211612841
0.81524926686217,0.000977517106549365,0,0,0,0.0672647039337739,0.449232129843419,0.465724184521059,0.0177789817017484,0,0,0,0.253708234891123,-1.89332810171278,0.940178706681084,0.794550853895889
0.81622678396872,0.000977517106549365,0,0,0,0.066202649430357,0.446427706464549,0.468779576399577,0.018590067705517,0,0,0,0.249702389958164,-1.88368313146548,0.967147919595118,0.806697316724019
0.817204301075269,0.000977517106549365,0,0,0,0.0651518334935026,0.443607336874878,0.471815375511123,0.0194254541204963,0,0,0,0.245738934521011,-1.87392481123998,0.994097874352542,0.818657937881458
0.818181818181818,0.000977517106549365,0,0,0,0.0641121963436012,0.440771349862259,0.474830954169797,0.0202854996243426,0,0,0,0.241817643103622,-1.86405489588766,1.02102342814359,0.830427055152439
0.819159335288368,0.000977517106549365,0,0,0,0.0630836782010435,0.437920074214542,0.477825684689702,0.0211705628947123,0,0,0,0.237938290229956,-1.8540751402599,1.04791943815849,0.841999006321191
0.820136852394917,0.000977517106549365,0,0,0,0.0620662192862201,0.435053838719579,0.48079893938494,0.0220810026092614,0,0,0,0.23410065042397,-1.84398729920807,1.07478076158748,0.853368129171945
0.821114369501466,0.000977517106549365,0,0,0,0.0610597598195217,0.432172972165221,0.483750090569611,0.0230171774456462,0,0,0,0.230304498209624,-1.83379312758357,1.10160225562078,0.864528761488932
0.822091886608016,0.000977517106549365,0,0,0,0.0600642400213387,0.429277803339321,0.486678510557818,0.0239794460815231,0,0,0,0.226549608110876,-1.82349438023778,1.12837877744864,0.875475241056381
0.823069403714565,0.000977517106549365,0,0,0,0.0590796001120619,0.426368661029729,0.489583571663661,0.0249681671945482,0,0,0,0.222835754651684,-1.81309281202206,1.15510518426127,0.886201905658523
0.824046920821114,0.000977517106549365,0,0,0,0.058105780312082,0.423445874024298,0.492464646201243,0.0259836994623778,0,0,0,0.219162712356007,-1.80259017778782,1.18177633324892,0.896703093079589
0.825024437927664,0.000977517106549365,0,0,0,0.0571427208417894,0.420509771110878,0.495321106484665,0.0270264015626682,0,0,0,0.215530255747803,-1.79198823238642,1.2083870816018,0.906973141103809
0.826001955034213,0.000977517106549365,0,0,0,0.0561903619215749,0.417560681077322,0.498152324828028,0.0280966321730755,0,0,0,0.211938159351031,-1.78128873066925,1.23493228651016,0.917006387515414
0.826979472140763,0.000977517106549365,0,0,0,0.0552486437718291,0.41459893271148,0.500957673545435,0.0291947499712561,0,0,0,0.20838619768965,-1.77049342748769,1.26140680516423,0.926797170098633
0.827956989247312,0.000977517106549365,0,0,0,0.0543175066129426,0.411624854801205,0.503736524950986,0.0303211136348662,0,0,0,0.204874145287617,-1.75960407769312,1.28780549475423,0.936339826637697
0.828934506353861,0.000977517106549365,0,0,0,0.053396890665306,0.408638776134349,0.506488251358783,0.031476081841562,0,0,0,0.201401776668891,-1.74862243613693,1.3141232124704,0.945628694916838
0.829912023460411,0.000977517106549365,0,0,0,0.0524867361493099,0.405641025498762,0.509212225082929,0.0326600132689997,0,0,0,0.197968866357432,-1.7375502576705,1.34035481550298,0.954658112720284
0.83088954056696,0.000977517106549365,0,0,0,0.051586983285345,0.402631931682296,0.511907818437524,0.0338732665948357,0,0,0,0.194575188877196,-1.7263892971452,1.36649516104218,0.963422417832266
0.831867057673509,0.000977517106549365,0,0,0,0.0506975722938019,0.399611823472802,0.51457440373667,0.0351162004967262,0,0,0,0.191220518752143,-1.71514130941241,1.39253910627824,0.971915948037017
0.832844574780059,0.000977517106549365,0,0,0,0.0498184433950713,0.396581029658133,0.517211353294468,0.0363891736523274,0,0,0,0.187904630506232,-1.70380804932353,1.4184815084014,0.980133041118764
0.833822091886608,0.000977517106549365,0,0,0,0.0489495368095437,0.39353987902614,0.51981803942502,0.0376925447392956,0,0,0,0.184627298663419,-1.69239127172993,1.44431722460188,0.988068034861739
0.834799608993157,0.000977517106549365,0,0,0,0.0480907927576098,0.390488700364675,0.522393834442429,0.0390266724352869,0,0,0,0.181388297747666,-1.680892731483,1.47004111206992,0.995715267050172
0.835777126099707,0.000977517106549365,0,0,0,0.0472421514596601,0.387427822461588,0.524938110660794,0.0403919154179578,0,0,0,0.178187402282928,-1.6693141834341,1.49564802799574,1.00306907546829
0.836754643206256,0.000977517106549365,0,0,0,0.0464035531360854,0.384357574104732,0.527450240394219,0.0417886323649643,0,0,0,0.175024386793166,-1.65765738243464,1.52113282956958,1.01012379790034
0.837732160312806,0.000977517106549365,0,0,0,0.0455749380072763,0.381278284081958,0.529929595956803,0.0432171819539628,0,0,0,0.171899025802338,-1.64592408333598,1.54649037398168,1.01687377213053
0.838709677419355,0.000977517106549365,0,0,0,0.0447562462936233,0.378190281181117,0.53237554966265,0.0446779228626096,0,0,0,0.168811093834401,-1.63411604098951,1.57171551842225,1.0233133359431
0.839687194525904,0.000977517106549365,0,0,0,0.0439474182155172,0.375093894190062,0.53478747382586,0.0461712137685607,0,0,0,0.165760365413315,-1.62223501024661,1.59680312008154,1.02943682712228
0.840664711632454,0.000977517106549365,0,0,0,0.0431483939933484,0.371989451896644,0.537164740760535,0.0476974133494726,0,0,0,0.162746615063038,-1.61028274595866,1.62174803614978,1.0352385834523
0.841642228739003,0.000977517106549365,0,0,0,0.0423591138475078,0.368877283088714,0.539506722780777,0.0492568802830014,0,0,0,0.159769617307529,-1.59826100297705,1.64654512381718,1.04071294271739
0.842619745845552,0.000977517106549365,0,0,0,0.0415795179983858,0.365757716554123,0.541812792200687,0.0508499732468034,0,0,0,0.156829146670746,-1.58617153615315,1.671189240274,1.04585424270178
0.843597262952102,0.000977517106549365,0,0,0,0.0408095466663731,0.362631081080725,0.544082321334367,0.0524770509185349,0,0,0,0.153924977676647,-1.57401610033835,1.69567524271045,1.05065682118971
0.844574780058651,0.000977517106549365,0,0,0,0.0400491400718603,0.359497705456369,0.546314682495919,0.054138471975852,0,0,0,0.151056884849191,-1.56179645038402,1.71999798831678,1.0551150159654
0.8455522971652,0.000977517106549365,0,0,0,0.0392982384352381,0.356357918468908,0.548509247999443,0.0558345950964111,0,0,0,0.148224642712337,-1.54951434114156,1.7441523342832,1.05922316481308
0.84652981427175,0.000977517106549365,0,0,0,0.0385567819768971,0.353212048906193,0.550665390159042,0.0575657789578684,0,0,0,0.145428025790042,-1.53717152746233,1.76813313779996,1.06297560551698
0.847507331378299,0.000977517106549365,0,0,0,0.0378247109172279,0.350060425556076,0.552782481288817,0.0593323822378801,0,0,0,0.142666808606266,-1.52476976419773,1.79193525605728,1.06636667586134
0.848484848484849,0.000977517106549365,0,0,0,0.0371019654766211,0.346903377206407,0.554859893702869,0.0611347636141025,0,0,0,0.139940765684967,-1.51231080619913,1.8155535462454,1.06939071363039
0.849462365591398,0.000977517106549365,0,0,0,0.0363884858754674,0.34374123264504,0.556896999715301,0.0629732817641918,0,0,0,0.137249671550103,-1.49979640831792,1.83898286555454,1.07204205660834
0.850439882697947,0.000977517106549365,0,0,0,0.0356842123341574,0.340574320659825,0.558893171640213,0.0648482953658043,0,0,0,0.134593300725633,-1.48722832540548,1.86221807117494,1.07431504257944
0.851417399804497,0.000977517106549365,0,0,0,0.0349890850730816,0.337402970038614,0.560847781791708,0.0667601630965962,0,0,0,0.131971427735515,-1.47460831231318,1.88525402029683,1.07620400932792
0.852394916911046,0.000977517106549365,0,0,0,0.0343030443126308,0.334227509569259,0.562760202483886,0.0687092436342238,0,0,0,0.129383827103708,-1.46193812389242,1.90808557011044,1.077703294638
0.853372434017595,0.000977517106549365,0,0,0,0.0336260302731956,0.331048268039611,0.56462980603085,0.0706958956563433,0,0,0,0.126830273354171,-1.44921951499456,1.93070757780601,1.07880723629392
0.854349951124145,0.000977517106549365,0,0,0,0.0329579831751665,0.327865574237521,0.566455964746701,0.072720477840611,0,0,0,0.124310541010861,-1.436454240471,1.95311490057375,1.07951017207991
0.855327468230694,0.000977517106549365,0,0,0,0.0322988432389343,0.324679756950841,0.568238050945541,0.074783348864683,0,0,0,0.121824404597737,-1.42364405517312,1.97530239560391,1.07980643978019
0.856304985337243,0.000977517106549365,0,0,0,0.0316485506848895,0.321491144967424,0.569975436941471,0.0768848674062158,0,0,0,0.119371638638759,-1.41079071395229,1.99726492008672,1.079690377179
0.857282502443793,0.000977517106549365,0,0,0,0.0310070457334228,0.318300067075119,0.571667495048593,0.0790253921428654,0,0,0,0.116952017657883,-1.39789597165989,2.0189973312124,1.07915632206057
0.858260019550342,0.000977517106549365,0,0,0,0.0303742686049247,0.315106852061779,0.573313597581008,0.0812052817522882,0,0,0,0.114565316179069,-1.38496158314732,2.0404944861712,1.07819861220913
0.859237536656892,0.000977517106549365,0,0,0,0.029750159519786,0.311911828715256,0.574913116852817,0.0834248949121404,0,0,0,0.112211308726276,-1.37198930326595,2.06175124215333,1.0768115854089
0.860215053763441,0.000977517106549365,0,0,0,0.0291346586983972,0.308715325823401,0.576465425178124,0.0856845903000782,0,0,0,0.109889769823461,-1.35898088686716,2.08276245634903,1.07498957944413
0.86119257086999,0.000977517106549365,0,0,0,0.0285277063611489,0.305517672174065,0.577969894871028,0.087984726593758,0,0,0,0.107600473994583,-1.34593808880233,2.10352298594854,1.07272693209903
0.86217008797654,0.000977517106549365,0,0,0,0.0279292427284319,0.302319196555101,0.579425898245632,0.0903256624708359,0,0,0,0.105343195763601,-1.33286266392285,2.12402768814208,1.07001798115785
0.863147605083089,0.000977517106549365,0,0,0,0.0273392080206367,0.299120227754359,0.580832807616037,0.0927077566089681,0,0,0,0.103117709654472,-1.31975636708009,2.14427142011989,1.0668570644048
0.864125122189638,0.000977517106549365,0,0,0,0.0267575424581539,0.295921094559691,0.582189995296344,0.095131367685811,0,0,0,0.100923790191157,-1.30662095312545,2.16424903907219,1.06323851962413
0.865102639296188,0.000977517106549365,0,0,0,0.0261841862613741,0.292722125758949,0.583496833600656,0.0975968543790208,0,0,0,0.0987612118976125,-1.29345817691029,2.18395540218923,1.05915668460005
0.866080156402737,0.000977517106549365,0,0,0,0.0256190796506881,0.289523650139984,0.584752694843074,0.100104575366254,0,0,0,0.0966297492977977,-1.280269793286,2.20338536666122,1.05460589711681
0.867057673509286,0.000977517106549365,0,0,0,0.0250621628464864,0.286325996490649,0.585956951337699,0.102654889325166,0,0,0,0.0945291769156708,-1.26705755710397,2.2225337896784,1.04958049495863
0.868035190615836,0.000977517106549365,0,0,0,0.0245133760691596,0.283129493598793,0.587108975398633,0.105248154933414,0,0,0,0.0924592692751905,-1.25382322321557,2.241395528431,1.04407481590974
0.869012707722385,0.000977517106549365,0,0,0,0.0239726595390984,0.27993447025227,0.588208139339978,0.107884730868654,0,0,0,0.0904198009003152,-1.24056854647219,2.25996544010926,1.03808319775438
0.869990224828935,0.000977517106549365,0,0,0,0.0234399534766934,0.27674125523893,0.589253815475834,0.110564975808542,0,0,0,0.0884105463150033,-1.2272952817252,2.27823838190341,1.03159997827677
0.870967741935484,0.000977517106549365,0,0,0,0.0229151981023352,0.273550177346626,0.590245376120305,0.113289248430734,0,0,0,0.0864312800432135,-1.21400518382599,2.29620921100367,1.02461949526114
0.871945259042033,0.000977517106549365,0,0,0,0.0223983336364144,0.270361565363208,0.59118219358749,0.116057907412887,0,0,0,0.084481776608904,-1.20070000762595,2.31387278460028,1.01713608649173
0.872922776148583,0.000977517106549365,0,0,0,0.0218893002993217,0.267175748076529,0.592063640191493,0.118871311432657,0,0,0,0.0825618105360336,-1.18738150797644,2.33122395988346,1.00914408975276
0.873900293255132,0.000977517106549365,0,0,0,0.0213880383114477,0.263993054274439,0.592889088246414,0.1217298191677,0,0,0,0.0806711563485605,-1.17405143972886,2.34825759404346,1.00063784282847
0.874877810361681,0.000977517106549365,0,0,0,0.020894487893183,0.26081381274479,0.593657910066354,0.124633789295672,0,0,0,0.0788095885704433,-1.16071155773458,2.3649685442705,0.991611683503082
0.875855327468231,0.000977517106549365,0,0,0,0.0204085892649183,0.257638352275435,0.594369477965417,0.12758358049423,0,0,0,0.0769768817256404,-1.14736361684499,2.38135166775481,0.98205994956083
0.87683284457478,0.000977517106549365,0,0,0,0.0199302826470441,0.254467001654224,0.595023164257702,0.13057955144103,0,0,0,0.0751728103381105,-1.13400937191147,2.39740182168663,0.971976978785944
0.877810361681329,0.000977517106549365,0,0,0,0.0194595082599512,0.251300089669009,0.595618341257312,0.133622060813727,0,0,0,0.0733971489318118,-1.1206505777854,2.41311386325619,0.961357108962656
0.878787878787879,0.000977517106549365,0,0,0,0.01899620632403,0.248137945107642,0.596154381278348,0.13671146728998,0,0,0,0.071649672030703,-1.10728898931815,2.42848264965371,0.950194677875195
0.879765395894428,0.000977517106549365,0,0,0,0.0185403170596713,0.244980896757974,0.596630656634912,0.139848129547442,0,0,0,0.0699301541587425,-1.09392636136112,2.44350303806943,0.938484023307791
0.880742913000978,0.000977517106549365,0,0,0,0.0180917806872657,0.241829273407857,0.597046539641106,0.143032406263772,0,0,0,0.0682383698398887,-1.08056444876569,2.45816988569358,0.926219483044675
0.881720430107527,0.000977517106549365,0,0,0,0.0176505374272038,0.238683403845142,0.59740140261103,0.146264656116625,0,0,0,0.0665740935981002,-1.06720500638323,2.47247804971639,0.913395394870077
0.882697947214076,0.000977517106549365,0,0,0,0.0172165274998762,0.235543616857681,0.597694617858786,0.149545237783657,0,0,0,0.0649370999573355,-1.05384978906512,2.48642238732809,0.900006096568228
0.883675464320626,0.000977517106549365,0,0,0,0.0167896911256735,0.232410241233325,0.597925557698477,0.152874509942525,0,0,0,0.0633271634415529,-1.04050055166276,2.49999775571892,0.886045925923359
0.884652981427175,0.000977517106549365,0,0,0,0.0163699685249864,0.229283605759926,0.598093594444203,0.156252831270884,0,0,0,0.0617440585747111,-1.02715904902751,2.5131990120791,0.871509220719699
0.885630498533724,0.000977517106549365,0,0,0,0.0159572999182055,0.226164039225336,0.598198100410067,0.159680560446392,0,0,0,0.0601875598807685,-1.01382703601077,2.52602101359887,0.85639031874148
0.886608015640274,0.000977517106549365,0,0,0,0.0155516255257215,0.223051870417406,0.598238447910169,0.163158056146703,0,0,0,0.0586574418836835,-1.0005062674639,2.53845861746846,0.840683557772931
0.887585532746823,0.000977517106549365,0,0,0,0.0151528855679249,0.219947428123987,0.598214009258612,0.166685677049476,0,0,0,0.0571534791074147,-0.987198498238307,2.55050668087809,0.824383275598283
0.888563049853372,0.000977517106549365,0,0,0,0.0147610202652063,0.216851041132932,0.598124156769496,0.170263781832365,0,0,0,0.0556754460759205,-0.973905483185356,2.56216006101801,0.807483810001766
0.889540566959922,0.000977517106549365,0,0,0,0.0143759698379565,0.213763038232092,0.597968262756924,0.173892729173028,0,0,0,0.0542231173131594,-0.960628977156431,2.57341361507844,0.789979498767611
0.890518084066471,0.000977517106549365,0,0,0,0.013997674506566,0.210683748209318,0.597745699534997,0.177572877749119,0,0,0,0.0527962673430899,-0.947370735002917,2.58426220024962,0.771864679680048
0.89149560117302,0.000977517106549365,0,0,0,0.0136260744914254,0.207613499852462,0.597455839417816,0.181304586238297,0,0,0,0.0513946706896705,-0.934132511576192,2.59470067372177,0.753133690523308
0.89247311827957,0.000977517106549365,0,0,0,0.0132611100129254,0.204552621949375,0.597098054719484,0.185088213318216,0,0,0,0.0500181018768597,-0.920916061727639,2.60472389268512,0.733780869081621
0.893450635386119,0.000977517106549365,0,0,0,0.0129027212914567,0.201501443287909,0.596671717754101,0.188924117666533,0,0,0,0.0486663354286159,-0.90772314030864,2.61432671432992,0.713800553139217
0.894428152492669,0.000977517106549365,0,0,0,0.0125508485474097,0.198460292655916,0.59617620083577,0.192812657960904,0,0,0,0.0473391458688976,-0.894555502170576,2.62350399584638,0.693187080480328
0.895405669599218,0.000977517106549365,0,0,0,0.0122054320011752,0.195429498841247,0.595610876278591,0.196754192878986,0,0,0,0.0460363077216633,-0.881414902164828,2.63225059442474,0.671934788889182
0.896383186705767,0.000977517106549365,0,0,0,0.0118664118731438,0.192409390631754,0.594975116396667,0.200749081098435,0,0,0,0.0447575955108715,-0.868303095142779,2.64056136725523,0.650038016150011
0.897360703812317,0.000977517106549365,0,0,0,0.0115337283837061,0.189400296815288,0.594268293504099,0.204797681296907,0,0,0,0.0435027837604806,-0.855221835955808,2.64843117152809,0.627491100047046
0.898338220918866,0.000977517106549365,0,0,0,0.0112073217532527,0.186402546179701,0.593489779914989,0.208900352152058,0,0,0,0.0422716469944492,-0.842172879455299,2.65585486443354,0.604288378364516
0.899315738025415,0.000977517106549365,0,0,0,0.0108871322021743,0.183416467512844,0.592638947943437,0.213057452341545,0,0,0,0.0410639597367357,-0.829157980492633,2.66282730316182,0.580424188886652
0.900293255131965,0.000977517106549365,0,0,0,0.0105730999508614,0.180442389602569,0.591715169903546,0.217269340543023,0,0,0,0.0398794965112987,-0.81617889391919,2.66934334490316,0.555892869397684
0.901270772238514,0.000977517106549365,0,0,0,0.0102651652197048,0.177480641236728,0.590717818109418,0.22153637543415,0,0,0,0.0387180318420965,-0.803237374586353,2.67539784684778,0.530688757681843
0.902248289345064,0.000977517106549365,0,0,0,0.009963268229095,0.174531551203172,0.589646264875153,0.22585891569258,0,0,0,0.0375793402530877,-0.790335177345503,2.68098566618592,0.50480619152336
0.903225806451613,0.000977517106549365,0,0,0,0.00966734919942265,0.171595448289752,0.588499882514854,0.230237319995972,0,0,0,0.0364631962682307,-0.777474057048021,2.68610166010782,0.478239508706464
0.904203323558162,0.000977517106549365,0,0,0,0.00937734835107838,0.168672661284321,0.587278043342621,0.23467194702198,0,0,0,0.0353693744114841,-0.76465576854529,2.69074068580369,0.450983047015386
0.905180840664712,0.000977517106549365,0,0,0,0.00909320590445283,0.165763518974729,0.585980119672557,0.239163155448261,0,0,0,0.0342976492068063,-0.75188206668869,2.69489760046379,0.423031144234357
0.906158357771261,0.000977517106549365,0,0,0,0.0088148620799366,0.162868350148828,0.584605483818763,0.243711303952472,0,0,0,0.0332477951781558,-0.739154706329602,2.69856726127832,0.394378138147607
0.90713587487781,0.000977517106549365,0,0,0,0.00854225709792033,0.159987483594471,0.583153508095341,0.248316751212268,0,0,0,0.032219586849491,-0.72647544231941,2.70174452543754,0.365018366539366
0.90811339198436,0.000977517106549365,0,0,0,0.00827533117879465,0.157121248099508,0.581623564816392,0.252979855905305,0,0,0,0.0312127987447706,-0.713846029509494,2.70442425013166,0.334946167193864
0.909090909090909,0.000977517106549365,0,0,0,0.00801402454295017,0.154269972451791,0.580015026296018,0.257700976709241,0,0,0,0.0302272053879529,-0.701268222751235,2.70660129255092,0.304155877895334
0.910068426197458,0.000977517106549365,0,0,0,0.00775827741077753,0.151433985439171,0.57832726484832,0.262480472301731,0,0,0,0.0292625813029963,-0.688743776896016,2.70827050988555,0.272641836428003
0.911045943304008,0.000977517106549365,0,0,0,0.00750803000266735,0.148613615849501,0.5765596527874,0.267318701360432,0,0,0,0.0283187010138595,-0.676274446795217,2.70942675932578,0.240398380576104
0.912023460410557,0.000977517106549365,0,0,0,0.00726322253901026,0.145809192470631,0.57471156242736,0.272216022562999,0,0,0,0.0273953390445009,-0.66386198730022,2.71006489806185,0.207419848123866
0.913000977517107,0.000977517106549365,0,0,0,0.00702379524019688,0.143021044090413,0.572782366082301,0.277172794587089,0,0,0,0.026492269918879,-0.651508153262407,2.71017978328398,0.17370057685552
0.913978494623656,0.000977517106549365,0,0,0,0.00678968832661783,0.1402494994967,0.570771436066324,0.282189376110359,0,0,0,0.0256092681609522,-0.639214699533159,2.70976627218241,0.139234904555297
0.914956011730205,0.000977517106549365,0,0,0,0.00656084201866375,0.137494887477341,0.568678144693531,0.287266125810464,0,0,0,0.024746108294679,-0.626983380963857,2.70881922194736,0.104017169007426
0.915933528836755,0.000977517106549365,0,0,0,0.00633719653672525,0.13475753682019,0.566501864278025,0.292403402365061,0,0,0,0.0239025648440179,-0.614815952405884,2.70733348976908,0.0680417079961383
0.916911045943304,0.000977517106549365,0,0,0,0.00611869210119297,0.132037776313096,0.564241967133905,0.297601564451806,0,0,0,0.0230784123329275,-0.60271416871062,2.70530393283778,0.0313028593056638
0.917888563049853,0.000977517106549365,0,0,0,0.00590526893245753,0.129335934743913,0.561897825575274,0.302860970748355,0,0,0,0.0222734252853661,-0.590679784729448,2.70272540834371,-0.0062050392797654
0.918866080156403,0.000977517106549365,0,0,0,0.00569686725090955,0.126652340900492,0.559468811916234,0.308181979932364,0,0,0,0.0214873782252923,-0.578714555313748,2.69959277347709,-0.0444876499759222
0.919843597262952,0.000977517106549365,0,0,0,0.00549342727693966,0.123987323570684,0.556954298470886,0.31356495068149,0,0,0,0.0207200456766645,-0.566820235314903,2.69590088542815,-0.083550634998572
0.920821114369501,0.000977517106549365,0,0,0,0.00529488923093848,0.12134121154234,0.554353657553332,0.31901024167339,0,0,0,0.0199712021634412,-0.554998579584293,2.69164460138713,-0.123399656563489
0.921798631476051,0.000977517106549365,0,0,0,0.00510119333329665,0.118714333603313,0.551666261477672,0.324518211585718,0,0,0,0.0192406222095809,-0.5432513429733,2.68681877854426,-0.164040376886438
0.9227761485826,0.000977517106549365,0,0,0,0.00491227980440477,0.116107018541453,0.54889148255801,0.330089219096132,0,0,0,0.0185280803390421,-0.531580280333306,2.68141827408977,-0.205478458183192
0.92375366568915,0.000977517106549365,0,0,0,0.0047280888646535,0.113519595144613,0.546028693108445,0.335723622882288,0,0,0,0.0178333510757833,-0.519987146515692,2.67543794521388,-0.247719562669519
0.924731182795699,0.000977517106549365,0,0,0,0.00454856073443343,0.110952392200644,0.543077265443081,0.341421781621842,0,0,0,0.0171562089437629,-0.50847369637184,2.66887264910684,-0.29076935256119
0.925708699902248,0.000977517106549365,0,0,0,0.00437363563413521,0.108405738497397,0.540036571876018,0.34718405399245,0,0,0,0.0164964284669394,-0.497041684753132,2.66171724295886,-0.334633490073973
0.926686217008798,0.000977517106549365,0,0,0,0.00420325378414946,0.105879962822725,0.536905984721358,0.353010798671768,0,0,0,0.0158537841692714,-0.485692866510948,2.6539665839602,-0.379317637423639
0.927663734115347,0.000977517106549365,0,0,0,0.0040373554048668,0.103375393964478,0.533684876293202,0.358902374337453,0,0,0,0.0152280505747172,-0.47442899649667,2.64561552930106,-0.424827456825955
0.928641251221896,0.000977517106549365,0,0,0,0.00387588071667786,0.100892360710508,0.530372618905653,0.364859139667161,0,0,0,0.0146190022072354,-0.46325182956168,2.6366589361717,-0.471168610496695
0.929618768328446,0.000977517106549365,0,0,0,0.00371876993997326,0.098431191848667,0.526968584872811,0.370881453338549,0,0,0,0.0140264135907845,-0.452163120557359,2.62709166176233,-0.518346760651624
0.930596285434995,0.000977517106549365,0,0,0,0.00356596329514363,0.0959922161668063,0.523472146508778,0.376969674029272,0,0,0,0.0134500592493229,-0.441164624335089,2.61690856326319,-0.566367569506513
0.931573802541544,0.000977517106549365,0,0,0,0.00341740100257959,0.0935757624527775,0.519882676127657,0.383124160416986,0,0,0,0.0128897137068091,-0.430258095746251,2.60610449786451,-0.615236699277134
0.932551319648094,0.000977517106549365,0,0,0,0.00327302328267178,0.0911821594944321,0.516199546043548,0.389345271179349,0,0,0,0.0123451514872016,-0.419445289642228,2.59467432275653,-0.664959812179254
0.933528836754643,0.000977517106549365,0,0,0,0.0031327703558108,0.0888117360796217,0.512422128570552,0.395633364994015,0,0,0,0.0118161471144589,-0.408727960874399,2.58261289512946,-0.715542570428643
0.934506353861193,0.000977517106549365,0,0,0,0.0029965824423873,0.0864648209961978,0.508549796022773,0.401988800538642,0,0,0,0.0113024751125394,-0.398107864294147,2.56991507217356,-0.766990636241071
0.935483870967742,0.000977517106549365,0,0,0,0.0028643997627919,0.084141743032012,0.50458192071431,0.408411936490886,0,0,0,0.0108039100054017,-0.387586754752854,2.55657571107903,-0.819309671832308
0.936461388074291,0.000977517106549365,0,0,0,0.00273616253741522,0.081842830974916,0.500517874959266,0.414903131528403,0,0,0,0.0103202263170042,-0.3771663871019,2.54258966903613,-0.872505339418121
0.937438905180841,0.000977517106549365,0,0,0,0.00261181098664789,0.0795684136127611,0.496357031071742,0.421462744328849,0,0,0,0.00985119857130543,-0.366848516192668,2.52795180323507,-0.926583301214284
0.93841642228739,0.000977517106549365,0,0,0,0.00249128533088051,0.0773188197333988,0.49209876136584,0.428091133569881,0,0,0,0.00939660129226378,-0.356634896876537,2.5126569708661,-0.98154921943657
0.93939393939394,0.000977517106549365,0,0,0,0.00237452579050375,0.075094378124681,0.487742438155661,0.434788657929154,0,0,0,0.00895620900383785,-0.346527284004892,2.49670002911943,-1.03740875630074
0.940371456500489,0.000977517106549365,0,0,0,0.0022614725859082,0.0728954175744592,0.483287433755307,0.441555676084325,0,0,0,0.00852979622998606,-0.336527432429113,2.48007583518531,-1.09416757402256
0.941348973607038,0.000977517106549365,0,0,0,0.00215206593748451,0.0707222668705849,0.47873312047888,0.44839254671305,0,0,0,0.00811713749466691,-0.326637097000581,2.46277924625397,-1.15183133481781
0.942326490713588,0.000977517106549365,0,0,0,0.0020462460656233,0.0685752548009096,0.474078870640481,0.455299628492986,0,0,0,0.00771800732183887,-0.316858032570678,2.44480511951562,-1.21040570090225
0.943304007820137,0.000977517106549365,0,0,0,0.00194395319071518,0.0664547101532849,0.469324056554212,0.462277280101788,0,0,0,0.00733218023546042,-0.307191993990785,2.42614831216052,-1.26989633449166
0.944281524926686,0.000977517106549365,0,0,0,0.00184512753315078,0.0643609617155623,0.464468050534173,0.469325860217114,0,0,0,0.00695943075949004,-0.297640736112285,2.40680368137888,-1.3303088978018
0.945259042033236,0.000977517106549365,0,0,0,0.00174970931332074,0.0622943382755935,0.459510224894468,0.476445727516618,0,0,0,0.00659953341788622,-0.288206013786557,2.38676608436095,-1.39164905304845
0.946236559139785,0.000977517106549365,0,0,0,0.00165763875161568,0.0602551686212299,0.454449951949196,0.483637240677958,0,0,0,0.00625226273460744,-0.278889581864985,2.36603037829694,-1.45392246244737
0.947214076246334,0.000977517106549365,0,0,0,0.00156885606842621,0.0582437815403231,0.449286604012461,0.49090075837879,0,0,0,0.00591739323361218,-0.269693195198949,2.3445914203771,-1.51713478821434
0.948191593352884,0.000977517106549365,0,0,0,0.00148330148414297,0.0562605058207248,0.444019553398363,0.498236639296769,0,0,0,0.00559469943885891,-0.260618608639831,2.32244406779165,-1.58129169256511
0.949169110459433,0.000977517106549365,0,0,0,0.00140091521915659,0.0543056702502863,0.438648172421004,0.505645242109553,0,0,0,0.00528395587430613,-0.251667577039012,2.29958317773083,-1.64639883771547
0.950146627565982,0.000977517106549365,0,0,0,0.00132163749385768,0.0523796036168594,0.433171833394486,0.513126925494797,0,0,0,0.00498493706391232,-0.242841855247875,2.27600360738486,-1.71246188588119
0.951124144672532,0.000977517106549365,0,0,0,0.00124540852863687,0.0504826347082956,0.42758990863291,0.520682048130157,0,0,0,0.00469741753163594,-0.234143198117799,2.25170021394398,-1.77948649927802
0.952101661779081,0.000977517106549365,0,0,0,0.00117216854388479,0.0486150923124464,0.421901770450378,0.528310968693291,0,0,0,0.0044211718014355,-0.225573360500168,2.22666785459842,-1.84747834012175
0.95307917888563,0.000977517106549365,0,0,0,0.00110185775999207,0.0467773052171634,0.416106791160991,0.536014045861854,0,0,0,0.00415597439726946,-0.217134097246362,2.20090138653841,-1.91644307062813
0.95405669599218,0.000977517106549365,0,0,0,0.00103441639734933,0.0449696022102982,0.410204343078851,0.543791638313502,0,0,0,0.00390159984309631,-0.208827163207763,2.17439566695418,-1.98638635301295
0.955034213098729,0.000977517106549365,0,0,0,0.000969784676347188,0.0431923120797022,0.404193798518059,0.551644104725892,0,0,0,0.00365782266287453,-0.200654313235753,2.14714555303597,-2.05731384949197
0.956011730205279,0.000977517106549365,0,0,0,0.000907902817376279,0.0414457636132272,0.398074529792717,0.559571803776679,0,0,0,0.0034244173805626,-0.192617302181713,2.119145901974,-2.12923122228095
0.956989247311828,0.000977517106549365,0,0,0,0.000848711040827226,0.0397302855987245,0.391845909216927,0.567575094143521,0,0,0,0.00320115852011901,-0.184717884897024,2.0903915709585,-2.20214413359568
0.957966764418377,0.000977517106549365,0,0,0,0.000792149567090654,0.0380462068240459,0.38550730910479,0.575654334504073,0,0,0,0.00298782060550223,-0.176957816233068,2.06087741717972,-2.27605824565191
0.958944281524927,0.000977517106549365,0,0,0,0.000738158616557188,0.0363938560770428,0.379058101770408,0.583809883535992,0,0,0,0.00278417816067075,-0.169338851041227,2.03059829782787,-2.35097922066543
0.959921798631476,0.000977517106549365,0,0,0,0.000686678409617454,0.0347735621455669,0.372497659527882,0.592042099916934,0,0,0,0.00259000570958305,-0.161862744172882,1.99954907009319,-2.42691272085198
0.960899315738025,0.000977517106549365,0,0,0,0.000637649166662078,0.0331856538174696,0.365825354691313,0.600351342324555,0,0,0,0.0024050777761976,-0.154531250479414,1.96772459116591,-2.50386440842736
0.961876832844575,0.000977517106549365,0,0,0,0.000591011108081684,0.0316304598806025,0.359040559574805,0.608737969436511,0,0,0,0.0022291688844729,-0.147346124812205,1.93511971823627,-2.58183994560733
0.962854349951124,0.000977517106549365,0,0,0,0.000546704454266899,0.0301083091228172,0.352142646492457,0.617202339930459,0,0,0,0.00206205355836742,-0.140309122022637,1.90172930849449,-2.66084499460765
0.963831867057674,0.000977517106549365,0,0,0,0.000504669425608347,0.0286195303319653,0.345130987758371,0.625744812484055,0,0,0,0.00190350632183964,-0.133421996962091,1.8675482191308,-2.7408852176441
0.964809384164223,0.000977517106549365,0,0,0,0.000464846242496655,0.0271644522958983,0.33800495568665,0.634365745774955,0,0,0,0.00175330169884805,-0.126686504481948,1.83257130733545,-2.82196627693244
0.965786901270772,0.000977517106549365,0,0,0,0.000427175125322447,0.0257434038024678,0.330763922591395,0.643065498480815,0,0,0,0.00161121421335113,-0.120104399433591,1.79679343029865,-2.90409383468845
0.966764418377322,0.000977517106549365,0,0,0,0.000391596294476349,0.0243567136395253,0.323407260786707,0.651844429279292,0,0,0,0.00147701838930735,-0.1136774366684,1.76020944521064,-2.9872735531279
0.967741935483871,0.000977517106549365,0,0,0,0.000358049970348986,0.0230047105949224,0.315934342586687,0.660702896848042,0,0,0,0.00135048875067521,-0.107407371037757,1.72281420926165,-3.07151109446655
0.96871945259042,0.000977517106549365,0,0,0,0.000326476373330984,0.0216877234565106,0.308344540305438,0.66964125986472,0,0,0,0.00123139982141317,-0.101295957393044,1.68460257964191,-3.15681212092017
0.96969696969697,0.000977517106549365,0,0,0,0.000296815723812968,0.0204060810121416,0.300637226257061,0.678659877006985,0,0,0,0.00111952612547973,-0.0953449505856422,1.64556941354166,-3.24318229470454
0.970674486803519,0.000977517106549365,0,0,0,0.000269008242185564,0.0191601120496668,0.292811772755657,0.68775910695249,0,0,0,0.00101464218683336,-0.0895561054669328,1.60570956815112,-3.33062727803542
0.971652003910068,0.000977517106549365,0,0,0,0.000242994148839397,0.0179501453569379,0.284867552115328,0.696939308378894,0,0,0,0.000916522529432552,-0.0839311768882975,1.56501790066053,-3.41915273312858
0.972629521016618,0.000977517106549365,0,0,0,0.000218713664165093,0.0167765097218064,0.276803936650177,0.706200839963852,0,0,0,0.000824941677235778,-0.0784719197011179,1.52348926826012,-3.50876432219979
0.973607038123167,0.000977517106549365,0,0,0,0.000196107008553276,0.0156395339321238,0.268620298674303,0.71554406038502,0,0,0,0.000739674154201522,-0.0731800887567754,1.48111852814011,-3.59946770746483
0.974584555229717,0.000977517106549365,0,0,0,0.000175114402394573,0.0145395467757417,0.260316010501809,0.724969328320055,0,0,0,0.000660494484288267,-0.0680574389066515,1.43790053749075,-3.69126855113946
0.975562072336266,0.000977517106549365,0,0,0,0.000155676066079609,0.0134768770405118,0.251890444446796,0.734477002446612,0,0,0,0.000587177191454493,-0.0631057250021278,1.39383015350226,-3.78417251543945
0.976539589442815,0.000977517106549365,0,0,0,0.000137732219999009,0.0124518535142854,0.243342972823366,0.744067441442349,0,0,0,0.000519496799658682,-0.0583267018945858,1.34890223336487,-3.87818526258057
0.977517106549365,0.000977517106549365,0,0,0,0.000121223084543399,0.0114648049849143,0.234672967945621,0.753741003984921,0,0,0,0.000457227832859316,-0.053722124435407,1.30311163426881,-3.97331245477859
0.978494623655914,0.000977517106549365,0,0,0,0.000106088880103403,0.0105160602402499,0.225879802127662,0.763498048751985,0,0,0,0.000400144815014876,-0.0492937474759728,1.25645321340432,-4.06955975424928
0.979472140762463,0.000977517106549365,0,0,0,9.22698270696485e-05,0.00960594806814377,0.21696284768359,0.773338934421196,0,0,0,0.000348022270083844,-0.0450433258676649,1.20892182796163,-4.16693282320841
0.980449657869013,0.000977517106549365,0,0,0,7.97061458327598e-05,0.00873479725644757,0.207921476927508,0.783264019670212,0,0,0,0.0003006347220247,-0.0409726144618646,1.16051233513097,-4.26543732387175
0.981427174975562,0.000977517106549365,0,0,0,6.83380567833624e-05,0.0079029365930128,0.198755062173516,0.793273663176687,0,0,0,0.000257756694795927,-0.0370833681099536,1.11121959210256,-4.36507891845507
0.982404692082111,0.000977517106549365,0,0,0,5.81057803120819e-05,0.00711069486569102,0.189462975735717,0.80336822361828,0,0,0,0.000219162712356007,-0.0333773416633132,1.06103845606665,-4.46586326917414
0.983382209188661,0.000977517106549365,0,0,0,4.89495368095436e-05,0.00635840086233381,0.180044589928212,0.813548059672645,0,0,0,0.000184627298663419,-0.0298562899733251,1.00996378421346,-4.56779603824472
0.98435972629521,0.000977517106549365,0,0,0,4.0809546666373e-05,0.0056463833707927,0.170499277065101,0.823813530017439,0,0,0,0.000153924977676647,-0.0265219678913708,0.957990433733228,-4.67088288788259
0.98533724340176,0.000977517106549365,0,0,0,3.36260302731955e-05,0.00497497117891928,0.160826409460488,0.834164993330319,0,0,0,0.00012683027335417,-0.0233761302688316,0.905113261816178,-4.77512948030352
0.986314760508309,0.000977517106549365,0,0,0,2.73392080206366e-05,0.00434449307456509,0.151025359428474,0.84460280828894,0,0,0,0.000103117709654472,-0.0204205319570893,0.851327125652545,-4.88054147772328
0.987292277614858,0.000977517106549365,0,0,0,2.18893002993216e-05,0.0037552778455817,0.14109549928316,0.855127333570959,0,0,0,8.25618105360333e-05,-0.0176569278075252,0.79662688243256,-4.98712454235763
0.988269794721408,0.000977517106549365,0,0,0,1.72165274998761e-05,0.00320765427982067,0.131036201338647,0.865738927854032,0,0,0,6.49370999573353e-05,-0.0150870726715209,0.741007389346454,-5.09488433642234
0.989247311827957,0.000977517106549365,0,0,0,1.32611100129254e-05,0.00270195116513355,0.120846837909038,0.876437949815816,0,0,0,5.00181018768595e-05,-0.0127127214004578,0.68446350358446,-5.2038265221332
0.990224828934506,0.000977517106549365,0,0,0,9.96326822909497e-06,0.00223849728937191,0.110526781308433,0.887224758133966,0,0,0,3.75793402530876e-05,-0.0105356288457175,0.626990082336807,-5.31395676170596
0.991202346041056,0.000977517106549365,0,0,0,7.26322253901023e-06,0.00181762144038731,0.100075403850935,0.898099711486138,0,0,0,2.73953390445008e-05,-0.00855754985868157,0.568581982793728,-5.42528071735639
0.992179863147605,0.000977517106549365,0,0,0,5.10119333329662e-06,0.00143965240603131,0.0894920778506452,0.90906316854999,0,0,0,1.92406222095808e-05,-0.0067802392907314,0.509234062145454,-5.53780405130026
0.993157380254154,0.000977517106549365,0,0,0,3.41740100257957e-06,0.00110491897415546,0.0787761756216647,0.920115488003177,0,0,0,1.2889713706809e-05,-0.00520545199324855,0.448941177582216,-5.65153242575335
0.994134897360704,0.000977517106549365,0,0,0,2.15206593748451e-06,0.000813749932611332,0.0679270694780953,0.931257028523356,0,0,0,8.11713749466691e-06,-0.00383494281761452,0.387698186294246,-5.76647150293142
0.995112414467253,0.000977517106549365,0,0,0,1.24540852863687e-06,0.000566474069250481,0.0569441317340386,0.942488148788182,0,0,0,4.69741753163594e-06,-0.00267046661521081,0.325499945471775,-5.88262694505025
0.996089931573803,0.000977517106549365,0,0,0,6.37649166662078e-07,0.000363420171924468,0.0458267347035961,0.953809207475313,0,0,0,2.4050777761976e-06,-0.00171377823741894,0.262341312305034,-6.0000044143256
0.997067448680352,0.000977517106549365,0,0,0,2.69008242185564e-07,0.000204917028484854,0.0345742507008694,0.965220563262404,0,0,0,1.01464218683336e-06,-0.000966632535620416,0.198217143984254,-6.11860957297324
0.998044965786901,0.000977517106549365,0,0,0,7.97061458327597e-08,9.12934267831973e-05,0.0231860520399601,0.976722574827111,0,0,0,3.006347220247e-07,-0.000430784361196746,0.133122297699668,-6.23844808320894
0.999022482893451,0.000977517106549365,0,0,0,9.96326822909497e-09,2.28781546710593e-05,0.0116615110349698,0.988315600847091,0,0,0,3.75793402530875e-08,-0.000107988565529438,0.0670516306415061,-6.35952560724847
1,0.000488758553274682,0,0,0,0,0,0,1,0,0,0,0,0,0,-6.4818478073076
