"SNP_model","predictor","grid","coordinate_1","coordinate_2","coordinate_1_raw","coordinate_2_raw"
"rs929708","SNP",0,0.00100364416580474,-0.0075397967006052,0.000962640152539187,-0.00754382504793779
"rs929708","SNP",0.0101010101010101,-0.00279688930599987,-0.00679775017302054,-0.00265898380580761,-0.00685493113095194
"rs929708","SNP",0.0202020202020202,-0.00805243287803283,-0.00781730416333992,-0.00816515103245813,-0.00759858092509533
"rs929708","SNP",0.0303030303030303,-0.00677078298521144,-0.00843587297685143,-0.00711700406079025,-0.00866878204429789
"rs929708","SNP",0.0404040404040404,-0.00568442897665403,-0.00707427155299121,-0.00454521541271053,-0.00724736365471954
"rs929708","SNP",0.0505050505050505,-0.00550115873838275,-0.00858009466027519,-0.00665803162863094,-0.00815445267363964
"rs929708","SNP",0.0606060606060606,-0.0093509546478618,-0.0146249754520626,-0.00963708196182462,-0.0145812065816467
"rs929708","SNP",0.0707070707070707,-0.0191553378154436,-0.0240598837611968,-0.0175487426893909,-0.0243220192200868
"rs929708","SNP",0.0808080808080808,-0.0278117231020023,-0.0295546364823787,-0.028931678148544,-0.0294112584617311
"rs929708","SNP",0.0909090909090909,-0.0286244300960442,-0.0252913854792062,-0.0290288268724969,-0.0258660187822101
"rs929708","SNP",0.101010101010101,-0.0248449202091042,-0.016737263329555,-0.0235983777591889,-0.0159704511960585
"rs929708","SNP",0.111111111111111,-0.0195692527948156,-0.00863497741692374,-0.0204576743914713,-0.00902661009484228
"rs929708","SNP",0.121212121212121,-0.0139754520729309,-0.0044605806290233,-0.0139026065299376,-0.00446133627609239
"rs929708","SNP",0.131313131313131,-0.00604582976582301,-0.00518054354636959,-0.00572299187098491,-0.004850092824582
"rs929708","SNP",0.141414141414141,0.000818375440076295,-0.00654014346573195,0.000662483858503059,-0.00673469020797578
"rs929708","SNP",0.151515151515152,0.00322652604092264,-0.00482769672395647,0.00310314404365847,-0.00511540930216752
"rs929708","SNP",0.161616161616162,0.00446276802418563,-0.00340372670560718,0.00466641870028373,-0.0031840955428427
"rs929708","SNP",0.171717171717172,0.00737139954405609,-0.00467551977502,0.00718060125249104,-0.00404737788701433
"rs929708","SNP",0.181818181818182,0.00788575527086914,-0.00267876042772165,0.00806288375388848,-0.00380957470593118
"rs929708","SNP",0.191919191919192,0.00592347153114554,0.00121794258363365,0.00581505299309768,0.00148779744876036
"rs929708","SNP",0.202020202020202,0.00282224341758248,0.00367897205040454,0.00284521003450633,0.00444758329194301
"rs929708","SNP",0.212121212121212,-0.000492844274709926,0.00355488997928641,-0.000475497049445113,0.00296812625924101
"rs929708","SNP",0.222222222222222,-0.00306731667030877,0.00144189387267425,-0.00309785610438616,0.00139151243714443
"rs929708","SNP",0.232323232323232,-0.00373596444527512,0.00133359612186856,-0.00370657082879738,0.00155822639671585
"rs929708","SNP",0.242424242424242,-0.00247878030225017,0.00282690829581091,-0.00247436473021647,0.0027266917619086
"rs929708","SNP",0.252525252525253,-3.5093713914413e-06,0.00371466910945461,-6.91527927462944e-05,0.00350122352701842
"rs929708","SNP",0.262626262626263,0.00177143077806513,0.00143527711632061,0.00186555482791299,0.0019408972666494
"rs929708","SNP",0.272727272727273,0.00220967667847872,-0.00191375514431645,0.00215599525082773,-0.00214845739192929
"rs929708","SNP",0.282828282828283,0.00104934456377709,-0.00350217697355918,0.00105272650145357,-0.00374436419600455
"rs929708","SNP",0.292929292929293,-0.0021639008846268,-0.0026330239952052,-0.00217430677003683,-0.00224693762668566
"rs929708","SNP",0.303030303030303,-0.0071111095411502,0.000439883869482359,-0.00705319055996877,-0.000120448297294917
"rs929708","SNP",0.313131313131313,-0.0107245006693054,0.00372475245424458,-0.0107634145408482,0.00426604441858156
"rs929708","SNP",0.323232323232323,-0.0112619460734635,0.00453983136471575,-0.0113595580016518,0.00448334196089995
"rs929708","SNP",0.333333333333333,-0.00792912534785415,0.00123697652843348,-0.0077332130361629,0.0010245724383991
"rs929708","SNP",0.343434343434343,-0.00157589837298237,-0.00342503732813644,-0.00166681066090666,-0.00321619331847089
"rs929708","SNP",0.353535353535354,0.00593922673943738,-0.00585135672227434,0.00579567402946437,-0.00600855545203404
"rs929708","SNP",0.363636363636364,0.011268895871584,-0.00442223478998059,0.0115558161917265,-0.00449595849154529
"rs929708","SNP",0.373737373737374,0.0140744182758148,-0.00143358698996393,0.0138105326673559,-0.0012726511254773
"rs929708","SNP",0.383838383838384,0.0156466777481899,-0.000430131161478848,0.0158491208252297,-0.000633535504247351
"rs929708","SNP",0.393939393939394,0.018556338534029,-0.00468725358863432,0.0184306880604238,-0.00433433771054482
"rs929708","SNP",0.404040404040404,0.0195730680069621,-0.0113585212988849,0.0195305305114768,-0.0113564498831587
"rs929708","SNP",0.414141414141414,0.0153145091063416,-0.0166817317412123,0.0154514739784921,-0.0171255125721851
"rs929708","SNP",0.424242424242424,0.00831921181734768,-0.0196897228430985,0.00845280231278807,-0.0194113543908999
"rs929708","SNP",0.434343434343434,0.00101150821133364,-0.0194333560000853,0.000306336596299272,-0.0192021361961346
"rs929708","SNP",0.444444444444444,-0.0086569169589398,-0.0140138587182848,-0.00764602219474243,-0.0147921161105853
"rs929708","SNP",0.454545454545455,-0.0167082980858312,-0.00794497271957622,-0.0173975027205657,-0.00721317695721911
"rs929708","SNP",0.464646464646465,-0.0190217897780156,-0.00623806324023875,-0.0188522537877461,-0.00646293966464427
"rs929708","SNP",0.474747474747475,-0.0185247530395976,-0.00880173870681984,-0.0184278728398365,-0.00869104725092426
"rs929708","SNP",0.484848484848485,-0.0190307941175572,-0.0131965478370711,-0.0192296765675601,-0.0132404082535929
"rs929708","SNP",0.494949494949495,-0.0204469097246529,-0.0143204197257054,-0.0202377455650652,-0.0144885859491167
"rs929708","SNP",0.505050505050505,-0.020190753776489,-0.0125063625707227,-0.0201804410871807,-0.0123506820270834
"rs929708","SNP",0.515151515151515,-0.0167089713174184,-0.00848072485644924,-0.0170974346934147,-0.00850761585074682
"rs929708","SNP",0.525252525252525,-0.0130833466245757,-0.00042927868507293,-0.0126407112602416,-0.00070202722169304
"rs929708","SNP",0.535353535353535,-0.0094505923205981,0.00512167762847304,-0.00936150499291559,0.00537328454624052
"rs929708","SNP",0.545454545454546,-0.00477175204795832,0.00208329341728404,-0.00537349061757337,0.00243436355192915
"rs929708","SNP",0.555555555555556,0.00231735957798883,-0.00430944306459799,0.00281715675992154,-0.0046487688889474
"rs929708","SNP",0.565656565656566,0.0104907704359231,-0.00724153939046394,0.0104022818306114,-0.00751199103750646
"rs929708","SNP",0.575757575757576,0.0107554732779403,-0.00536214767350155,0.0106301031304559,-0.00485356950642942
"rs929708","SNP",0.585858585858586,0.00502229179098204,-0.000412664822946754,0.00511487738157138,-0.000931492042397716
"rs929708","SNP",0.595959595959596,-0.00224482738965268,0.0053734515355153,-0.00225571495322307,0.00573750837942366
"rs929708","SNP",0.606060606060606,-0.0100447415328226,0.00963579014888065,-0.0100113425052387,0.00955934869807094
"rs929708","SNP",0.616161616161616,-0.0168169631413797,0.0107391809485224,-0.0169567760104097,0.0106807652936347
"rs929708","SNP",0.626262626262626,-0.0170166678781143,0.00996159261697554,-0.0168279426032562,0.0101031385255398
"rs929708","SNP",0.636363636363636,-0.0105373701762722,0.00887885497332377,-0.0106232020228371,0.00864533333176386
"rs929708","SNP",0.646464646464647,0.00045838797334743,0.00747023629043062,0.00035052179836774,0.00764711115499707
"rs929708","SNP",0.656565656565657,0.0119842037011086,0.00212977814247063,0.0122064918535854,0.00231108264180271
"rs929708","SNP",0.666666666666667,0.02105595206344,-0.00286265570279825,0.0208703562513802,-0.0032484181471091
"rs929708","SNP",0.676767676767677,0.0256459729146147,-0.00265996568986118,0.0257230227202859,-0.00254875596735389
"rs929708","SNP",0.686868686868687,0.0259970059447909,0.000486286761683684,0.0260636212412726,0.000715165416263629
"rs929708","SNP",0.696969696969697,0.0227128791493507,0.0033081071062039,0.0224716017138185,0.00272578772646984
"rs929708","SNP",0.707070707070707,0.0159565204102489,0.00544584363809829,0.0162150143273652,0.00621750709028401
"rs929708","SNP",0.717171717171717,0.00722493196194595,0.00679973424573011,0.00724595122425709,0.00632091686410674
"rs929708","SNP",0.727272727272727,-0.00117074398028095,0.00713243347986791,-0.00147031767324608,0.00717262499216497
"rs929708","SNP",0.737373737373737,-0.00520339128413926,0.00615460506468057,-0.0049111247984331,0.00643541710406197
"rs929708","SNP",0.747474747474748,-0.00247249544036087,0.00433525320523479,-0.00263188603292421,0.00387290301294547
"rs929708","SNP",0.757575757575758,0.00210308059465064,0.00413560561131946,0.00217401158170414,0.00454958149324119
"rs929708","SNP",0.767676767676768,0.00516089053598082,0.00441571119839635,0.00519315172471182,0.00420095873210815
"rs929708","SNP",0.777777777777778,0.00468859517112121,0.00353455883199652,0.00451853760305496,0.00356994242205266
"rs929708","SNP",0.787878787878788,0.000911002064715062,0.00212026651810234,0.00107421952133312,0.0022472563422226
"rs929708","SNP",0.797979797979798,-0.00370505604444592,0.000996430891432584,-0.00360127780297923,0.000740148807049331
"rs929708","SNP",0.808080808080808,-0.0066699152496294,0.000739517463555009,-0.00702501118397061,0.00101755023049077
"rs929708","SNP",0.818181818181818,-0.00719750801752415,0.00133405782023509,-0.00686558292829017,0.00112642353960241
"rs929708","SNP",0.828282828282828,-0.00564588385692967,0.00265511093239074,-0.00582967930108628,0.00277541025501562
"rs929708","SNP",0.838383838383838,-0.00429539876866492,0.0047381319876252,-0.0042776443569708,0.00470634338349827
"rs929708","SNP",0.848484848484849,-0.00234236549029707,0.00768249804123796,-0.00211226773547769,0.0075637425956365
"rs929708","SNP",0.858585858585859,0.00151826778444835,0.0114183724662546,0.00114061981598548,0.0116252253354739
"rs929708","SNP",0.868686868686869,0.00679474982520501,0.0151736529055116,0.00697199505715468,0.0149315813898726
"rs929708","SNP",0.878787878787879,0.0128394304893849,0.0178659315628232,0.0130633236634115,0.0181684770503132
"rs929708","SNP",0.888888888888889,0.0191981512291784,0.018446559518586,0.0187852897991622,0.0182292038841185
"rs929708","SNP",0.898989898989899,0.021791192171817,0.0180230084566507,0.0219327510409588,0.0178894045840594
"rs929708","SNP",0.909090909090909,0.017843924152238,0.0171886335372441,0.0182349751077418,0.0177679839233151
"rs929708","SNP",0.919191919191919,0.0127807029872201,0.0138386321166082,0.0121748541986693,0.0133917675348404
"rs929708","SNP",0.929292929292929,0.0105497269106972,0.0113780417266382,0.0107895302593908,0.0110456679909217
"rs929708","SNP",0.93939393939394,0.0129238796751519,0.0128564729898962,0.013129373275212,0.0135148358666706
"rs929708","SNP",0.94949494949495,0.0167357511907854,0.0133051572898504,0.016466675079489,0.0129835391524945
"rs929708","SNP",0.95959595959596,0.0175808335162837,0.00802872831052356,0.0177057524072884,0.00809812101919928
"rs929708","SNP",0.96969696969697,0.0128655290879401,0.000540608450099697,0.0128341090172564,0.000549219091448317
"rs929708","SNP",0.97979797979798,0.00727024771664955,-0.0069805816915154,0.00727401331555755,-0.00686768088133758
"rs929708","SNP",0.98989898989899,0.00561140199068957,-0.0131520096182213,0.00561138172486186,-0.0134257264210985
"rs929708","SNP",1,0.00597338384232013,-0.0161611963405341,0.005973761026723,-0.0160245311427497
"rs929708","intercept",0,0.735056060057089,0.802547377053473,0.722198826031424,0.803088103030635
"rs929708","intercept",0.0101010101010101,0.572193687453558,0.889887875261523,0.591697335260719,0.887897414392094
"rs929708","intercept",0.0202020202020202,0.289741827056175,0.996787883053547,0.288520213327622,0.999426388479487
"rs929708","intercept",0.0303030303030303,-0.0765332225897828,0.990100181430416,-0.0747379072793908,0.988918178516599
"rs929708","intercept",0.0404040404040404,-0.447347298240011,0.819995397728722,-0.450624691377954,0.818965866340937
"rs929708","intercept",0.0505050505050505,-0.738280520302917,0.524274875215178,-0.743674048833961,0.526265675899471
"rs929708","intercept",0.0606060606060606,-0.921316374902723,0.226450023314641,-0.923688253057539,0.225858204612459
"rs929708","intercept",0.0707070707070707,-0.993934626488974,0.0435305235478504,-0.992687670331137,0.0422228030231615
"rs929708","intercept",0.0808080808080808,-0.994067038356362,-0.00153673383491569,-0.992665013542841,5.41988153992495e-05
"rs929708","intercept",0.0909090909090909,-0.962297132792631,0.0826207930453532,-0.960557352091979,0.0813453607539892
"rs929708","intercept",0.101010101010101,-0.909019164492807,0.253942242736399,-0.910261481463373,0.254996750230537
"rs929708","intercept",0.111111111111111,-0.835788928554607,0.457512898765635,-0.837132475644982,0.456862271013327
"rs929708","intercept",0.121212121212121,-0.748900161615833,0.641796772377329,-0.747598207862675,0.641983284069381
"rs929708","intercept",0.131313131313131,-0.669954601430353,0.777604229909906,-0.668774139307566,0.777713856808156
"rs929708","intercept",0.141414141414141,-0.605552296318607,0.856468125575616,-0.605921924575279,0.856314546609056
"rs929708","intercept",0.151515151515152,-0.55600941537605,0.879543380946813,-0.555387891147262,0.879717773137807
"rs929708","intercept",0.161616161616162,-0.516590546491495,0.870328227995934,-0.51639657647057,0.870114103334131
"rs929708","intercept",0.171717171717172,-0.479771895175907,0.857627304895572,-0.480696692945351,0.857960098727921
"rs929708","intercept",0.181818181818182,-0.435397700842305,0.865021720453496,-0.436035087529285,0.864540402003952
"rs929708","intercept",0.191919191919192,-0.385666644654719,0.899389787016251,-0.385589092390635,0.899855996230835
"rs929708","intercept",0.202020202020202,-0.335772890200264,0.960652902271647,-0.334892289066447,0.960289222219669
"rs929708","intercept",0.212121212121212,-0.289012601931211,1.03732818033392,-0.288929687173872,1.0375202902344
"rs929708","intercept",0.222222222222222,-0.246363270141764,1.1114873506983,-0.24677299854679,1.11143236595993
"rs929708","intercept",0.232323232323232,-0.20295750655534,1.15642711279801,-0.202996606652371,1.15649710503116
"rs929708","intercept",0.242424242424242,-0.158211024227538,1.16425875170217,-0.157809167861798,1.16395758976487
"rs929708","intercept",0.252525252525253,-0.11206704123533,1.13219987243887,-0.112423554731948,1.13297829471499
"rs929708","intercept",0.262626262626263,-0.0616078088598832,1.06145340091349,-0.0619360021178597,1.06047230139167
"rs929708","intercept",0.272727272727273,-0.00753641977803295,0.976602119761924,-0.00678623308160572,0.977226570445205
"rs929708","intercept",0.282828282828283,0.0489225143717865,0.907684260310002,0.0483743494104267,0.907580100773785
"rs929708","intercept",0.292929292929293,0.109083461405678,0.882684087031287,0.10902079490538,0.88247153549582
"rs929708","intercept",0.303030303030303,0.173070879139077,0.914613004722184,0.17271906828778,0.914963818472608
"rs929708","intercept",0.313131313131313,0.235684791293682,0.965244040894331,0.236652364734265,0.96443182413416
"rs929708","intercept",0.323232323232323,0.29779918318077,1.00828723338169,0.298646129792315,1.00993465317129
"rs929708","intercept",0.333333333333333,0.362215517697869,1.02336166100958,0.360223905594425,1.02143950467733
"rs929708","intercept",0.343434343434343,0.431546426633603,0.987326188282356,0.433971391933427,0.987899034858009
"rs929708","intercept",0.353535353535354,0.514780361723734,0.882636440772623,0.514216730477132,0.884488713099864
"rs929708","intercept",0.363636363636364,0.632558167719775,0.709179564290255,0.623589373970585,0.706072034428988
"rs929708","intercept",0.373737373737374,0.755784845570912,0.442266565866584,0.759908576371254,0.444130082669682
"rs929708","intercept",0.383838383838384,0.838743763095178,0.0828985486594024,0.847551757202538,0.0837697778393511
"rs929708","intercept",0.393939393939394,0.841883324431041,-0.253413053455518,0.840037172638336,-0.255865061295662
"rs929708","intercept",0.404040404040404,0.789040807740911,-0.494203000978743,0.78393817709144,-0.492164373486488
"rs929708","intercept",0.414141414141414,0.719286067244253,-0.596321279981113,0.725922050129976,-0.59780835207515
"rs929708","intercept",0.424242424242424,0.666648472115331,-0.557426749955009,0.658546078806783,-0.554280960039309
"rs929708","intercept",0.434343434343434,0.621677645604292,-0.343530678197043,0.598958007752346,-0.349973456558028
"rs929708","intercept",0.444444444444444,0.459059031056566,0.146742157830536,0.520257605998336,0.149776974597844
"rs929708","intercept",0.454545454545455,0.223315722140907,0.656565781735633,0.191398960329499,0.66748677641309
"rs929708","intercept",0.464646464646465,-5.54229251473558e-05,0.918977303203831,-0.0156663298271419,0.897869767278575
"rs929708","intercept",0.474747474747475,-0.173719762715074,1.02651718571243,-0.162429686401008,1.04128317950426
"rs929708","intercept",0.484848484848485,-0.294020273824542,1.10542345319588,-0.292142502616914,1.10497619996477
"rs929708","intercept",0.494949494949495,-0.424607957061675,1.08722270302158,-0.425519106213259,1.07981472550409
"rs929708","intercept",0.505050505050505,-0.573809952717849,0.967269996150549,-0.571744393377505,0.973606911733283
"rs929708","intercept",0.515151515151515,-0.724326098042711,0.758626006983226,-0.719174133662809,0.756409732071919
"rs929708","intercept",0.525252525252525,-0.838028380272319,0.448981529585413,-0.847122638422751,0.448081267774052
"rs929708","intercept",0.535353535353535,-0.889283465934836,0.108988916035097,-0.892225626087664,0.112456575022046
"rs929708","intercept",0.545454545454546,-0.866058465364674,-0.181331648117921,-0.859082056691981,-0.185979942998037
"rs929708","intercept",0.555555555555556,-0.791840512872724,-0.399746273405489,-0.796429615012447,-0.39731948972074
"rs929708","intercept",0.565656565656566,-0.694461945904274,-0.549645505800395,-0.693832570011517,-0.548304074703737
"rs929708","intercept",0.575757575757576,-0.586325737185917,-0.667550712546672,-0.584616454805332,-0.669990385134115
"rs929708","intercept",0.585858585858586,-0.486139443465263,-0.754838624665574,-0.487735633235399,-0.755288847292608
"rs929708","intercept",0.595959595959596,-0.410540823202177,-0.806738332053266,-0.406087046738978,-0.803506501965974
"rs929708","intercept",0.606060606060606,-0.357049054824794,-0.840210857748866,-0.359294599793943,-0.842201685166308
"rs929708","intercept",0.616161616161616,-0.317789778823333,-0.875845226257493,-0.31950645217426,-0.877501336777136
"rs929708","intercept",0.626262626262626,-0.285049990892323,-0.922245305991961,-0.283142338294444,-0.918610103950221
"rs929708","intercept",0.636363636363636,-0.260970501493265,-0.967149068291992,-0.261481187612637,-0.969328114364692
"rs929708","intercept",0.646464646464647,-0.249974820604844,-0.992346398319541,-0.250642175250944,-0.993103481098844
"rs929708","intercept",0.656565656565657,-0.252644619461543,-0.983740925000182,-0.250233025967624,-0.982093388140156
"rs929708","intercept",0.666666666666667,-0.259207625427023,-0.961434112780422,-0.259287835383664,-0.961020498292795
"rs929708","intercept",0.676767676767677,-0.258485271666799,-0.947881932634282,-0.261708074685979,-0.950108714224716
"rs929708","intercept",0.686868686868687,-0.243693531017583,-0.939577688760482,-0.24297039083557,-0.93903259591632
"rs929708","intercept",0.696969696969697,-0.212968317902259,-0.932496386845866,-0.211192440936772,-0.929121659362214
"rs929708","intercept",0.707070707070707,-0.175984583748271,-0.940720053087435,-0.177246106414425,-0.945179385699671
"rs929708","intercept",0.717171717171717,-0.131253827975708,-0.961173272993537,-0.131518135493458,-0.960771362011581
"rs929708","intercept",0.727272727272727,-0.0754487485209279,-0.987580895987742,-0.0750891430042847,-0.98375421029097
"rs929708","intercept",0.737373737373737,-0.0128715960611147,-1.02399863602509,-0.0130720673604772,-1.02739162138019
"rs929708","intercept",0.747474747474748,0.0510752621946343,-1.06904430079036,0.0513464349513728,-1.06853044539216
"rs929708","intercept",0.757575757575758,0.114043355695942,-1.09660532080295,0.113935782974752,-1.095664621036
"rs929708","intercept",0.767676767676768,0.173790725727906,-1.10195695396754,0.173987646291442,-1.10202625621151
"rs929708","intercept",0.777777777777778,0.229210703609363,-1.08513599782919,0.230309963032693,-1.08702821483651
"rs929708","intercept",0.787878787878788,0.284058327813733,-1.04104612270677,0.282759120917849,-1.03905213793707
"rs929708","intercept",0.797979797979798,0.34187826560987,-0.982917082114599,0.340571088392425,-0.981795685917247
"rs929708","intercept",0.808080808080808,0.403649630909234,-0.927533875408767,0.405334665131999,-0.931499899932316
"rs929708","intercept",0.818181818181818,0.461610175386475,-0.884985829310165,0.46053072540764,-0.88181537415418
"rs929708","intercept",0.828282828282828,0.505829703726947,-0.865852302424699,0.505575907434182,-0.866363506402681
"rs929708","intercept",0.838383838383838,0.527367418138272,-0.882128365665175,0.528970292492763,-0.883138281863969
"rs929708","intercept",0.848484848484849,0.520979207368663,-0.919012688514876,0.521431536038107,-0.9179016071231
"rs929708","intercept",0.858585858585859,0.485394101427577,-0.957063296088883,0.485470986520816,-0.957678510429067
"rs929708","intercept",0.868686868686869,0.431554402398801,-0.987235987502818,0.431608931891567,-0.987423488938474
"rs929708","intercept",0.878787878787879,0.373504377221523,-0.997504842991409,0.374288246658089,-0.996262511186725
"rs929708","intercept",0.888888888888889,0.326082136672754,-0.964306781808266,0.325056129809214,-0.966059943042588
"rs929708","intercept",0.898989898989899,0.306571464328326,-0.901647514997938,0.305152607805636,-0.900940194059488
"rs929708","intercept",0.909090909090909,0.326328441098576,-0.832475989031694,0.325466533787893,-0.831270859563109
"rs929708","intercept",0.919191919191919,0.374802635863251,-0.770433310644263,0.377953463998017,-0.772328492620232
"rs929708","intercept",0.929292929292929,0.451721956719687,-0.719593024368295,0.449734383421356,-0.719027856852565
"rs929708","intercept",0.93939393939394,0.559378748711514,-0.676879227556935,0.558284983458395,-0.675950783469772
"rs929708","intercept",0.94949494949495,0.693517806293968,-0.618341537931095,0.694608147678266,-0.618881973185862
"rs929708","intercept",0.95959595959596,0.846504832305492,-0.517124912983538,0.841632461007314,-0.518245648450879
"rs929708","intercept",0.96969696969697,0.99807116053481,-0.355909197817477,1.00017349623704,-0.353725943359937
"rs929708","intercept",0.97979797979798,1.10354370811709,-0.120804392779357,1.11067957178541,-0.12293858145865
"rs929708","intercept",0.98989898989899,1.12941345462549,0.163398564476586,1.12872964586892,0.164717716246467
"rs929708","intercept",1,1.10948984206903,0.318301182628315,1.10612294819518,0.317927975114996
"rs929708","male",0,0.0381753068798665,-0.0477194602571797,0.0377580700188186,-0.0476658029639534
"rs929708","male",0.0101010101010101,0.0283147253344287,-0.0318377899636139,0.0289442654771688,-0.0320207166027062
"rs929708","male",0.0202020202020202,0.00103086211595046,-0.0092549715046178,0.00175427058392412,-0.00907907523109685
"rs929708","male",0.0303030303030303,-0.0228277479657047,-1.6383290477091e-06,-0.02353933409114,0.000307427263315033
"rs929708","male",0.0404040404040404,-0.0231685398131064,0.0120624134008203,-0.0259388513690684,0.0108708520499319
"rs929708","male",0.0505050505050505,-0.0198347250890333,0.0284776988638872,-0.0155515193250009,0.0299977150275285
"rs929708","male",0.0606060606060606,-0.019063026534441,0.0387331262511399,-0.0198185362167151,0.0380440325775827
"rs929708","male",0.0707070707070707,-0.0205695634061859,0.0338424638002451,-0.023418962772767,0.0335917865763443
"rs929708","male",0.0808080808080808,-0.0231511696773922,0.0198807170803446,-0.020764491415632,0.0200054693367014
"rs929708","male",0.0909090909090909,-0.0259297608193542,0.00633771428929611,-0.0255816466765782,0.00707767493926024
"rs929708","male",0.101010101010101,-0.0293084050153638,-0.000767304993404427,-0.0310759247838514,-0.00198950536060988
"rs929708","male",0.111111111111111,-0.0304912390101568,-0.00404015509942341,-0.0293523154534593,-0.00328267991277386
"rs929708","male",0.121212121212121,-0.0279280498324862,-0.00776403590081702,-0.0280888475076242,-0.00764773569007726
"rs929708","male",0.131313131313131,-0.0266332171181673,-0.0139881088255834,-0.0267784874948582,-0.0144208965802903
"rs929708","male",0.141414141414141,-0.0251178582047907,-0.0216942254459287,-0.0248798132548435,-0.0217414721947821
"rs929708","male",0.151515151515152,-0.0205070674642436,-0.0284212826539814,-0.020832616828241,-0.0279020369232833
"rs929708","male",0.161616161616162,-0.0130692185522547,-0.0286124122159868,-0.0129833094451056,-0.0287972109609126
"rs929708","male",0.171717171717172,-0.00368583406597511,-0.0200027227349075,-0.00340961326275727,-0.0206863460131423
"rs929708","male",0.181818181818182,0.0069841592504012,-0.0133656628899866,0.00650671503517096,-0.012338871120623
"rs929708","male",0.191919191919192,0.0165821548714335,-0.0106392698927748,0.0167885256182077,-0.0110083590625306
"rs929708","male",0.202020202020202,0.0227608873300556,-0.0102416031916465,0.0230044956630193,-0.0106685320432448
"rs929708","male",0.212121212121212,0.0250908060534841,-0.00941214076815046,0.0249529639237017,-0.0088531386382928
"rs929708","male",0.222222222222222,0.0245760789176819,-0.00807072236173945,0.0244937666857046,-0.00841432314601295
"rs929708","male",0.232323232323232,0.0247083415027453,-0.0131736793835089,0.024699972323883,-0.0130274460868482
"rs929708","male",0.242424242424242,0.024614754327674,-0.0151982030619686,0.0247158512492233,-0.0149347444474439
"rs929708","male",0.252525252525253,0.0225405401621439,-0.00698397993495885,0.0223682056037581,-0.00793958057070125
"rs929708","male",0.262626262626263,0.0182484657513956,-0.00407998522903811,0.018412005903628,-0.00283686939514422
"rs929708","male",0.272727272727273,0.0108551720342675,-0.00448186688368926,0.0109671350981938,-0.00511338331212057
"rs929708","male",0.282828282828283,0.000378596051228999,-0.00222617798048425,0.000298619475245166,-0.00239211593121549
"rs929708","male",0.292929292929293,-0.00846426149707906,-0.000292451592556236,-0.00855174969540307,0.000141959437063271
"rs929708","male",0.303030303030303,-0.0110147042806528,-0.00152459029420341,-0.01105109321601,-0.00196711006765783
"rs929708","male",0.313131313131313,-0.00770377167220811,-0.00119096099827952,-0.0076757414958911,-0.000684850180219573
"rs929708","male",0.323232323232323,-0.000825391570148673,0.000171579577260671,-0.000962451692250418,-0.000372184862786448
"rs929708","male",0.333333333333333,0.00726024745149615,0.000532009500806876,0.00748209932333483,0.000945637565626127
"rs929708","male",0.343434343434343,0.014557732356202,-0.000477488712047214,0.0144215366775664,-0.000427814282736336
"rs929708","male",0.353535353535354,0.0187283431540267,-0.00278717068933314,0.0186732769502696,-0.00355401257028103
"rs929708","male",0.363636363636364,0.0167980698221498,-0.00542664790749174,0.017140808214777,-0.00432156732980734
"rs929708","male",0.373737373737374,0.00976925477314593,-0.00414936640520761,0.00975310436641177,-0.00467835228967152
"rs929708","male",0.383838383838384,0.000836208554083452,0.00232011390426371,0.00039839107029749,0.00181227814405891
"rs929708","male",0.393939393939394,-0.00444309022208078,0.00317320544273529,-0.00419324440067159,0.00395163177189788
"rs929708","male",0.404040404040404,-0.00739481292177878,-0.0039640643097061,-0.00720694272650481,-0.0037887064504914
"rs929708","male",0.414141414141414,-0.0104474297783302,-0.0172094090210442,-0.0108068759168392,-0.0182370212741131
"rs929708","male",0.424242424242424,-0.0124652016970202,-0.0298748370576853,-0.0122155279120952,-0.029496733401775
"rs929708","male",0.434343434343434,-0.0110055951362945,-0.0316444828850295,-0.0109590341641071,-0.0303682412293711
"rs929708","male",0.444444444444444,-0.00326613959971189,-0.0110331529985138,-0.00348577081430173,-0.0132407645891322
"rs929708","male",0.454545454545455,0.00875925150625054,0.0117249443521048,0.00824898715914254,0.013347066857987
"rs929708","male",0.464646464646465,0.0213670107022466,0.0152841592063414,0.0223718763460321,0.0147777898229388
"rs929708","male",0.474747474747475,0.0292270802352038,0.00799892409073263,0.0287860971807959,0.00778286596544044
"rs929708","male",0.484848484848485,0.0280853682104106,0.00352189573011447,0.027922526667714,0.00421400903111097
"rs929708","male",0.494949494949495,0.0201046364022109,0.00502723867671937,0.0208436863587391,0.00420305627013575
"rs929708","male",0.505050505050505,0.0108762348592782,0.0056770951442044,0.0100330643787422,0.00577063134184155
"rs929708","male",0.515151515151515,0.00543312268882978,0.000805785548811857,0.00585500032617324,0.00202778816438754
"rs929708","male",0.525252525252525,0.00393304353298708,-0.000558151892537681,0.00370740113926314,-0.00229913623706935
"rs929708","male",0.535353535353535,0.00270624272360513,0.00323842201931065,0.00252485111121395,0.00397005632596879
"rs929708","male",0.545454545454546,-0.00114753243666589,0.00980705891761042,-0.000336117322728849,0.0103101729614256
"rs929708","male",0.555555555555556,-0.0046679193550696,0.01211184387114,-0.00539558062519212,0.0114140549573042
"rs929708","male",0.565656565656566,-0.00536263413656663,0.00609032093743402,-0.00551116898481942,0.00641559745004796
"rs929708","male",0.575757575757576,-0.00728211536197356,0.00120635879227308,-0.00663142401820792,0.00109827548093689
"rs929708","male",0.585858585858586,-0.0116492037118801,-0.00100075986370056,-0.0118703403437716,-0.000928924963700066
"rs929708","male",0.595959595959596,-0.018119086328276,-0.00149928305632027,-0.0183247438338306,-0.00159280498689923
"rs929708","male",0.606060606060606,-0.0248371666192208,0.000772329887690759,-0.0246473303726656,0.000959298581342923
"rs929708","male",0.616161616161616,-0.0296634880876628,0.00536094771914372,-0.0295460595139524,0.00498446297979361
"rs929708","male",0.626262626262626,-0.0307342309194015,0.00600231193238732,-0.031026571522681,0.00647294773471788
"rs929708","male",0.636363636363636,-0.0259088316060779,0.00351944145456852,-0.0258348890384908,0.00326983724718847
"rs929708","male",0.646464646464647,-0.0142660714414672,0.000411307459817862,-0.0144133039395472,0.000255135522767948
"rs929708","male",0.656565656565657,-9.04965560991265e-05,-0.00292356010901863,4.80258103696542e-05,-0.00245800843301328
"rs929708","male",0.666666666666667,0.0111835710639834,-0.00546744295133032,0.0111558010898898,-0.00604733951416678
"rs929708","male",0.676767676767677,0.0153319128576088,-0.00593878625830104,0.0155094986467212,-0.0054961012728157
"rs929708","male",0.686868686868687,0.01280894758584,-0.00322127443158413,0.0128316475710653,-0.00307005013663831
"rs929708","male",0.696969696969697,0.0053157826603292,0.00210791320319481,0.00501546120905957,0.00102552550305551
"rs929708","male",0.707070707070707,-0.00496545692526238,0.00457015214526162,-0.00457453614308719,0.00590114259239966
"rs929708","male",0.717171717171717,-0.015084015649703,0.00386381401356888,-0.015142585917728,0.00358910738863645
"rs929708","male",0.727272727272727,-0.0222742843476137,0.00182538861322714,-0.0226616105059797,0.000988094368660371
"rs929708","male",0.737373737373737,-0.0252028404845637,0.00201465725289685,-0.0248941741944368,0.00273367334876439
"rs929708","male",0.747474747474748,-0.0235171530107499,0.00598706020650407,-0.0237209522607355,0.0060820101387143
"rs929708","male",0.757575757575758,-0.0192913711307368,0.00782149841960919,-0.0192020707643701,0.00732935645409614
"rs929708","male",0.767676767676768,-0.0149636926632095,0.008218174183638,-0.0148581902317013,0.00827553911702521
"rs929708","male",0.777777777777778,-0.0125379288958236,0.00852382117532485,-0.0127620986333223,0.00934121852130261
"rs929708","male",0.787878787878788,-0.0122848744211685,0.00573254891156125,-0.0120140836995383,0.00471882731398782
"rs929708","male",0.797979797979798,-0.0130885692191136,0.00369174420206779,-0.013023901730837,0.00367247079901632
"rs929708","male",0.808080808080808,-0.013603367980274,0.00624377674615032,-0.0140051649930974,0.00730607748077395
"rs929708","male",0.818181818181818,-0.0125819513731301,0.008740085579814,-0.0123191757334409,0.00780349559744801
"rs929708","male",0.828282828282828,-0.00981019880944287,0.00750243397239517,-0.00981167292696895,0.00771150301939609
"rs929708","male",0.838383838383838,-0.00730478957944778,0.00916957378820805,-0.00720537006673916,0.00934258270841868
"rs929708","male",0.848484848484849,-0.000876343755068831,0.0152523577841343,-0.00103407954971818,0.0151520133655177
"rs929708","male",0.858585858585859,0.0134809277492886,0.0250092080566881,0.0131947688837774,0.0249243597587495
"rs929708","male",0.868686868686869,0.0318237741821672,0.0369097800675028,0.0321469141912692,0.037091830279275
"rs929708","male",0.878787878787879,0.0482771889469477,0.0478048594773196,0.0479765203363197,0.0475532868174037
"rs929708","male",0.888888888888889,0.0574440481307249,0.0511478033210264,0.0578532307570103,0.0514020403625494
"rs929708","male",0.898989898989899,0.0550061968439478,0.048127426262682,0.0550602773650499,0.0481298842892245
"rs929708","male",0.909090909090909,0.0414750373006834,0.0419655210474199,0.0417272357646921,0.0415180202440106
"rs929708","male",0.919191919191919,0.0311899867023513,0.0344285744142759,0.0304765131996949,0.0350276831247474
"rs929708","male",0.929292929292929,0.0251971590552071,0.0253064370043137,0.0249869835626313,0.025114702659518
"rs929708","male",0.93939393939394,0.0208943432046691,0.0142838892004695,0.0220136093446537,0.0139946596984447
"rs929708","male",0.94949494949495,0.0189530214242726,0.00234576058937915,0.018309782188913,0.00273848647146025
"rs929708","male",0.95959595959596,0.0183658249384089,-0.0102072950148272,0.0172688983123841,-0.0105320858846085
"rs929708","male",0.96969696969697,0.0117469718228814,-0.0264071061201433,0.0142508368420137,-0.0261297343583726
"rs929708","male",0.97979797979798,0.00365614365174328,-0.0474776094215931,0.00204960770507082,-0.0476464294230971
"rs929708","male",0.98989898989899,0.00123139042522762,-0.0708303431416369,0.00110787308094969,-0.0707850899932563
"rs929708","male",1,0.00748149794386176,-0.0814443314988853,0.0078138313030465,-0.0814454755313319
"rs929708","age_z",0,-0.00348861727035139,-0.00193436894428137,-0.00345493718682,-0.00214506230948337
"rs929708","age_z",0.0101010101010101,-0.00615190162142586,-0.00510340565993151,-0.00556524788238243,-0.00464574274135206
"rs929708","age_z",0.0202020202020202,-0.00535204205109404,-0.0117528951529979,-0.00657043049136831,-0.0117527024565233
"rs929708","age_z",0.0303030303030303,-1.96867897264742e-05,-0.0172918711067564,7.28011036937377e-05,-0.0177088486299118
"rs929708","age_z",0.0404040404040404,0.007813486603351,-0.0175563238034106,0.00839408864205274,-0.0177922684177062
"rs929708","age_z",0.0505050505050505,0.0103024100169829,-0.017230586441128,0.0103688998661588,-0.0166436283420935
"rs929708","age_z",0.0606060606060606,0.00631356970580869,-0.0192316754553187,0.00614631261677893,-0.0190815973519018
"rs929708","age_z",0.0707070707070707,-0.00245636208804403,-0.0239063421152283,-0.00176249353237819,-0.0241404974852474
"rs929708","age_z",0.0808080808080808,-0.0116991979764973,-0.0255649730166413,-0.0122247645224648,-0.0256539520414316
"rs929708","age_z",0.0909090909090909,-0.0166856148772224,-0.0188618640913682,-0.0173193210559449,-0.0193327529163185
"rs929708","age_z",0.101010101010101,-0.0150411845300101,-0.00642771288516828,-0.0146635889732408,-0.00607266552083662
"rs929708","age_z",0.111111111111111,-0.0103349115795754,0.00499618416627628,-0.0103276375450989,0.00513058231549935
"rs929708","age_z",0.121212121212121,-0.0070000024779242,0.0103598237263961,-0.00698700324724385,0.0106412293032686
"rs929708","age_z",0.131313131313131,-0.00670180223259878,0.0125740300904783,-0.00635530734939644,0.0120466148652821
"rs929708","age_z",0.141414141414141,-0.00849001976149804,0.012557547648806,-0.00866075007477784,0.0127089107438778
"rs929708","age_z",0.151515151515152,-0.010957030366224,0.0102479643395219,-0.0110592250042682,0.0105512176734352
"rs929708","age_z",0.161616161616162,-0.0129177903269542,0.0059060148927072,-0.0127332587552263,0.00571290175870343
"rs929708","age_z",0.171717171717172,-0.0130817653843657,0.000884925153070903,-0.0133977876286642,0.00102183618092701
"rs929708","age_z",0.181818181818182,-0.0103156046236333,-0.000740715653274033,-0.0103221671116138,-0.00114817705031077
"rs929708","age_z",0.191919191919192,-0.00653172727008622,0.000813568975749146,-0.00643329939274915,0.000937714474014725
"rs929708","age_z",0.202020202020202,-0.0039188340305463,0.0039620920309919,-0.00373348627698864,0.00411715258786704
"rs929708","age_z",0.212121212121212,-0.00256384561350727,0.00694032959908403,-0.0026519971768652,0.00681118391600573
"rs929708","age_z",0.222222222222222,-0.00190738328867089,0.00830501278525002,-0.00200527845461245,0.00850954571703386
"rs929708","age_z",0.232323232323232,-0.0011988439587401,0.00820927953795286,-0.00113246059323007,0.00805898422938787
"rs929708","age_z",0.242424242424242,-0.000735543646570356,0.00770243150885928,-0.000695461934762002,0.00768414615270959
"rs929708","age_z",0.252525252525253,-0.000714730694800296,0.00736937763283318,-0.00070202214563351,0.00740954926067341
"rs929708","age_z",0.262626262626263,-0.000149123200851472,0.00595085024459274,-0.000284561837804439,0.00591726916393857
"rs929708","age_z",0.272727272727273,0.000802765667861055,0.00376501399989206,0.000716074188458963,0.00413015674438161
"rs929708","age_z",0.282828282828283,0.00146945146529093,0.00187744719825501,0.00168214507635417,0.00136306367911285
"rs929708","age_z",0.292929292929293,0.000665620770917625,0.00216900781180743,0.000781540528169687,0.00222788264488974
"rs929708","age_z",0.303030303030303,-0.00193996169354392,0.00533165259181684,-0.00194195675929465,0.00544854128858946
"rs929708","age_z",0.313131313131313,-0.00342061252560455,0.00754808849806776,-0.00362107651716975,0.00755062831985409
"rs929708","age_z",0.323232323232323,-0.0025560043874894,0.00785484040954512,-0.00265018380248074,0.00790975152986646
"rs929708","age_z",0.333333333333333,0.000908886140285485,0.00653981754681417,0.00101468482952844,0.00656307532214142
"rs929708","age_z",0.343434343434343,0.0060567582546088,0.00464992743855249,0.00587922919808571,0.00453628970234146
"rs929708","age_z",0.353535353535354,0.0107825331701469,0.0033519739131452,0.0106915608925166,0.00364609566900004
"rs929708","age_z",0.363636363636364,0.0111027516567907,0.00382884972919593,0.0120672172778642,0.00353501429070361
"rs929708","age_z",0.373737373737374,0.00894088660393337,0.00837560252599039,0.00846601559069553,0.00771142056600501
"rs929708","age_z",0.383838383838384,0.00740853900925966,0.0159728103507668,0.00627116043285072,0.016839539249843
"rs929708","age_z",0.393939393939394,0.00699885638879816,0.0149991897229342,0.008245218776139,0.0150903276790043
"rs929708","age_z",0.404040404040404,0.00541535963035861,0.00557558552380729,0.00559813440346937,0.00546100683325613
"rs929708","age_z",0.414141414141414,0.00040674109610541,-0.00739712907226388,-0.000656630023154227,-0.00708577169213183
"rs929708","age_z",0.424242424242424,-0.0078202734793866,-0.0152500677122408,-0.0068527967294836,-0.0155151807052247
"rs929708","age_z",0.434343434343434,-0.0166385152287883,-0.0127957680728621,-0.0157900264116098,-0.0149867224381835
"rs929708","age_z",0.444444444444444,-0.0185214265168548,-0.00990227831601523,-0.0209539195058566,-0.00641659200864446
"rs929708","age_z",0.454545454545455,-0.013433916481457,-0.010308278677447,-0.0130107676798093,-0.0113911077170721
"rs929708","age_z",0.464646464646465,-0.00438647307823105,-0.0142879012293331,-0.0030937797702375,-0.0155203211181436
"rs929708","age_z",0.474747474747475,0.00272550202889341,-0.0188098806401549,0.0021794101504353,-0.01765294752879
"rs929708","age_z",0.484848484848485,0.00355439148463576,-0.0209857526130394,0.00366839920834198,-0.0211044618370945
"rs929708","age_z",0.494949494949495,0.00184923842598898,-0.0214734092544363,0.00189261142685296,-0.0219486453717877
"rs929708","age_z",0.505050505050505,-0.000289463076792895,-0.020578912500546,-0.000290232953984468,-0.0202292802350776
"rs929708","age_z",0.515151515151515,-0.00163657543332421,-0.0178663117162828,-0.00198274632518146,-0.0177357174926885
"rs929708","age_z",0.525252525252525,-0.00107646645559856,-0.0121598698219053,-0.000914842415119945,-0.0126929099689447
"rs929708","age_z",0.535353535353535,0.000507964873669644,-0.00550121544401851,0.000762929365281779,-0.00547327577717121
"rs929708","age_z",0.545454545454546,0.00199321501471645,-0.000714287996217305,0.00155735324178644,-0.000104753698011295
"rs929708","age_z",0.555555555555556,0.00339592734104729,-0.000123136901378376,0.00367658573389759,-0.000288073066984319
"rs929708","age_z",0.565656565656566,0.00472927544116325,-0.00340053619329325,0.00461298093085164,-0.00330625487224384
"rs929708","age_z",0.575757575757576,0.00503969831708954,-0.00295472931679276,0.00505134764971352,-0.00356554512087557
"rs929708","age_z",0.585858585858586,0.00383429432477556,-3.03807319471797e-05,0.00413060465468306,0.000129994294694797
"rs929708","age_z",0.595959595959596,0.0011180486349331,0.00204745392950708,0.00082287490880882,0.00263298676259855
"rs929708","age_z",0.606060606060606,-0.00186167218992184,0.00299487825581371,-0.00185815539147571,0.00258416542183839
"rs929708","age_z",0.616161616161616,-0.00405297788412133,0.00340646903114995,-0.00385018384585075,0.0032221459060285
"rs929708","age_z",0.626262626262626,-0.00592746372593549,0.00400709610214107,-0.00604522911537319,0.00438768202830819
"rs929708","age_z",0.636363636363636,-0.00645959249740283,0.0042700507011275,-0.00649852655153491,0.00416090889613056
"rs929708","age_z",0.646464646464647,-0.00432459048284802,0.0035443032868459,-0.00437266533363052,0.00325884896234226
"rs929708","age_z",0.656565656565657,0.000510399789266254,0.00207212199051917,0.000344461300958908,0.00246756984955208
"rs929708","age_z",0.666666666666667,0.00593403887708355,0.000397169717783993,0.00597696674530692,0.000515081298987189
"rs929708","age_z",0.676767676767677,0.00957337168934185,-0.000791857109678066,0.00982021724671244,-0.00136983981933084
"rs929708","age_z",0.686868686868687,0.00995161291300767,-0.000309403052717755,0.00998862329676496,-8.86681521874248e-05
"rs929708","age_z",0.696969696969697,0.00653658142648178,0.00179864388470228,0.00658272621605028,0.0019488399365061
"rs929708","age_z",0.707070707070707,0.00149222379663849,0.00178928000258727,0.00144799588801242,0.00185059484383642
"rs929708","age_z",0.717171717171717,-0.00304142885891206,0.00146591177899647,-0.00318741216265369,0.00128836497498221
"rs929708","age_z",0.727272727272727,-0.00551135221511726,0.00323113937356573,-0.00549412103133813,0.00307288295943944
"rs929708","age_z",0.737373737373737,-0.00596807192101204,0.00498226929670479,-0.0059640977839121,0.00528882817934666
"rs929708","age_z",0.747474747474748,-0.00487039966559579,0.00477871649405043,-0.00494378433396943,0.00486986626383384
"rs929708","age_z",0.757575757575758,-0.00273408009341198,0.004893989576026,-0.00264557320459314,0.00444445739458247
"rs929708","age_z",0.767676767676768,-0.000191611474542683,0.00513149409919566,-0.000227827461354479,0.00536360728402537
"rs929708","age_z",0.777777777777778,0.0020821309173572,0.00480572712204487,0.00205265733082744,0.00522772867496151
"rs929708","age_z",0.787878787878788,0.00349228096171246,0.00483205672376969,0.00366127653208325,0.00414596856222205
"rs929708","age_z",0.797979797979798,0.00398958265725063,0.00576845665736555,0.00382486297682769,0.00585958333891532
"rs929708","age_z",0.808080808080808,0.00373501671951317,0.00747141721471669,0.00388038828702774,0.00783950798926666
"rs929708","age_z",0.818181818181818,0.00316986237819544,0.00779961439673241,0.00317825096645075,0.00753202991575141
"rs929708","age_z",0.828282828282828,0.00284864096106134,0.00523085352474084,0.00261831935995482,0.00565848375660313
"rs929708","age_z",0.838383838383838,0.00337701562999582,0.00231217622048784,0.00359572146317457,0.00190110488779568
"rs929708","age_z",0.848484848484849,0.00491770484041647,0.00108882590995241,0.00490898906239738,0.000949126685416445
"rs929708","age_z",0.858585858585859,0.00742186776025433,0.00257979044721389,0.00715623024914998,0.00291846012044825
"rs929708","age_z",0.868686868686869,0.0104805385834916,0.00531941648768176,0.0106180015434021,0.00509855235026743
"rs929708","age_z",0.878787878787879,0.0133458780758675,0.0070779083176258,0.0133851119835258,0.00705320666616618
"rs929708","age_z",0.888888888888889,0.0145294733714552,0.00610156932304439,0.0145028689178909,0.00661960079390788
"rs929708","age_z",0.898989898989899,0.0133132498490016,0.00468583033093598,0.0135840859495536,0.0041133553638518
"rs929708","age_z",0.909090909090909,0.010077209902565,0.005007708047669,0.00997160031932235,0.00500599340615108
"rs929708","age_z",0.919191919191919,0.00780109769342881,0.00517146778478902,0.00770789293379593,0.00548611778393704
"rs929708","age_z",0.929292929292929,0.00721439583246943,0.0044869917482729,0.00670915216346575,0.00446586099286485
"rs929708","age_z",0.93939393939394,0.0079318307704709,0.00305032971986432,0.00865188876817989,0.00282619117949645
"rs929708","age_z",0.94949494949495,0.00820264777620863,0.00173014339169462,0.00776126168107445,0.00169429474271613
"rs929708","age_z",0.95959595959596,0.005792058564714,0.000484257191403588,0.00598601312195691,0.000748502504559077
"rs929708","age_z",0.96969696969697,-0.000697272280590099,-0.00375999428367192,6.75401889121242e-07,-0.00386004466150254
"rs929708","age_z",0.97979797979798,-0.00717291982908664,-0.00963738212607837,-0.00811102288025055,-0.00940723497526553
"rs929708","age_z",0.98989898989899,-0.00944396940468644,-0.0146620625388184,-0.00941900000170241,-0.0151269598319643
"rs929708","age_z",1,-0.00855797095484902,-0.0174076167189255,-0.00833911792603211,-0.0171900521731932
"rs929708","handedness",0,0.0275381821625491,-0.0247971448001449,0.0268821484332167,-0.0246687568088577
"rs929708","handedness",0.0101010101010101,0.0185425340775795,-0.0182727419418135,0.0198594474975769,-0.018860804866058
"rs929708","handedness",0.0202020202020202,0.0012238626745823,-0.0123527622575697,0.00109868327604616,-0.0114823234591426
"rs929708","handedness",0.0303030303030303,-0.0172562525587472,-0.0095182529793177,-0.0178790701248141,-0.00990992291382858
"rs929708","handedness",0.0404040404040404,-0.026574460500598,-0.00785512929718246,-0.0260915892671342,-0.00729100585110244
"rs929708","handedness",0.0505050505050505,-0.0218416273891695,0.00541845302435823,-0.0231388917072993,0.0038852651238336
"rs929708","handedness",0.0606060606060606,-0.0111823553001387,0.0233208688809915,-0.0117486042031666,0.0235870279535318
"rs929708","handedness",0.0707070707070707,-0.00500302909348495,0.0338850506501539,-0.00230321632947204,0.0352945963155617
"rs929708","handedness",0.0808080808080808,-0.0104049711690903,0.029181263778943,-0.0107758511393644,0.0285578294001818
"rs929708","handedness",0.0909090909090909,-0.0277210379261267,0.00849735408632532,-0.0289890209509003,0.00933856442315449
"rs929708","handedness",0.101010101010101,-0.0390452590587933,-0.00833777375793989,-0.0384788960352934,-0.00987592751374751
"rs929708","handedness",0.111111111111111,-0.0426493632266852,-0.0124546862477212,-0.042590221522434,-0.0123655730367342
"rs929708","handedness",0.121212121212121,-0.0408043775557334,-0.00505302636033209,-0.0415756951383921,-0.00445758249091438
"rs929708","handedness",0.131313131313131,-0.0316229624076744,-0.00408319291983871,-0.0312988148937604,-0.00383593124643223
"rs929708","handedness",0.141414141414141,-0.0195444566589932,-0.00784140439095496,-0.018781249439178,-0.00829504629421448
"rs929708","handedness",0.151515151515152,-0.00926539837877835,-0.00971740564674192,-0.0101214243479858,-0.00955293964645041
"rs929708","handedness",0.161616161616162,0.0013462324796523,-0.00890637446942634,0.00129088364313932,-0.00878715938788958
"rs929708","handedness",0.171717171717172,0.0127110291632236,-0.0051050781020103,0.0128613307318404,-0.00564655003546865
"rs929708","handedness",0.181818181818182,0.0152220819542512,0.00343883586422208,0.0159772329049455,0.00366746342852075
"rs929708","handedness",0.191919191919192,0.0104409642071094,0.0100276669471176,0.0103558417500463,0.0103078170768325
"rs929708","handedness",0.202020202020202,0.00341512559898138,0.0082243037485872,0.0027856208654792,0.00830379467862215
"rs929708","handedness",0.212121212121212,-0.00145152830247189,0.00203381286418295,-0.00138117734276991,0.00190229689586167
"rs929708","handedness",0.222222222222222,-0.00153205323573327,-0.00235023128274406,-0.00137668982880271,-0.0026352925286315
"rs929708","handedness",0.232323232323232,0.00015815073419239,-0.00255788973494101,-1.26946139053778e-05,-0.00255180943778615
"rs929708","handedness",0.242424242424242,0.00227543541766158,-0.0051832153403769,0.00235872333803686,-0.00466793964020559
"rs929708","handedness",0.252525252525253,0.0041045096919518,-0.0127678252281982,0.00424236979669878,-0.012376096335704
"rs929708","handedness",0.262626262626263,0.00466654683091251,-0.00982107424465018,0.00465552466539678,-0.0116235244927906
"rs929708","handedness",0.272727272727273,0.00483257351883337,-0.00154213564150046,0.00445506229573741,-0.000782253834845036
"rs929708","handedness",0.282828282828283,0.00509094154692132,0.00199773743221024,0.00533603689565253,0.00302837030008575
"rs929708","handedness",0.292929292929293,0.00235585000200207,-0.0018832848536537,0.00270117193357524,-0.00248843743630628
"rs929708","handedness",0.303030303030303,-0.00506766115239305,-0.0113940689447334,-0.00494194881601055,-0.0115591989998913
"rs929708","handedness",0.313131313131313,-0.0108725160180526,-0.0169997841532612,-0.0112509112788406,-0.0167765248453385
"rs929708","handedness",0.323232323232323,-0.0110091807500596,-0.0175749245793585,-0.0114572369368412,-0.0180806377439085
"rs929708","handedness",0.333333333333333,-0.00353051444840707,-0.0147569215491278,-0.00295370917323462,-0.0141884385374511
"rs929708","handedness",0.343434343434343,0.00964297311336692,-0.0102000229499377,0.00888620009586519,-0.0104592731691051
"rs929708","handedness",0.353535353535354,0.0237155108537165,-0.00517835913161169,0.0239614667794115,-0.00526110646256956
"rs929708","handedness",0.363636363636364,0.0295544336306017,0.000459446942602336,0.0307553811393911,0.00083449241511264
"rs929708","handedness",0.373737373737374,0.0293047296543288,0.0068019766878333,0.0284281733164178,0.00594971787160183
"rs929708","handedness",0.383838383838384,0.027407174371906,0.0134684384588252,0.0268797924880597,0.0148854121372055
"rs929708","handedness",0.393939393939394,0.0242739857926882,0.0184650913396112,0.0247306307596452,0.0171778001186509
"rs929708","handedness",0.404040404040404,0.0192138510947575,0.018710303364083,0.0205930706155508,0.0184453680967058
"rs929708","handedness",0.414141414141414,0.0116810701798637,0.0122394479794083,0.00925848585917086,0.0142199937706326
"rs929708","handedness",0.424242424242424,0.00181521141440883,0.00228621760048595,0.00151383108282773,0.00176462319530982
"rs929708","handedness",0.434343434343434,-0.0106517628945612,-0.00385271050521396,-0.00452773090136732,-0.00664599764168186
"rs929708","handedness",0.444444444444444,-0.0253854182531344,0.00485538062138957,-0.0325341574306595,0.00779589067494906
"rs929708","handedness",0.454545454545455,-0.0309575837871501,0.0129362900462408,-0.0299580193099585,0.0118078461499618
"rs929708","handedness",0.464646464646465,-0.0187146203358055,0.00399955867922724,-0.016144088087453,0.00477606830303785
"rs929708","handedness",0.474747474747475,-0.00277367514749479,-0.012739982190215,-0.00416750357130964,-0.0130114726267343
"rs929708","handedness",0.484848484848485,0.00328337555720206,-0.025275167920173,0.00362095952850406,-0.0262344611242704
"rs929708","handedness",0.494949494949495,0.00703284604201437,-0.0340054419931182,0.0065736625458239,-0.03238082308275
"rs929708","handedness",0.505050505050505,0.00726429805620151,-0.0348218417529054,0.00792430548832519,-0.0359859328507242
"rs929708","handedness",0.515151515151515,-0.000719406949456298,-0.0264240444292582,-0.0010438682642428,-0.0276100418164199
"rs929708","handedness",0.525252525252525,-0.0176620212497695,-0.0219943257250144,-0.0166814290705221,-0.0189417871928406
"rs929708","handedness",0.535353535353535,-0.0324984480869151,-0.0200755242685874,-0.0328409179751129,-0.0217452734522599
"rs929708","handedness",0.545454545454546,-0.0351611905078703,-0.015302427018686,-0.0375144549027979,-0.015909229257696
"rs929708","handedness",0.555555555555556,-0.031115020073782,-0.00615504006075101,-0.0288276225835063,-0.00497150728325013
"rs929708","handedness",0.565656565656566,-0.0277462184372593,0.00616137280458327,-0.0275412280106399,0.00464826839737114
"rs929708","handedness",0.575757575757576,-0.0243702336215184,0.0148888812270525,-0.0257266081878404,0.0161349990421513
"rs929708","handedness",0.585858585858586,-0.0174425346884023,0.0175181826605343,-0.0165279082719959,0.0185172093589875
"rs929708","handedness",0.595959595959596,-0.00552054162201133,0.0137388965166578,-0.00678841309370444,0.0111486579663997
"rs929708","handedness",0.606060606060606,0.0035320999802314,0.00602374930040512,0.00476853503115564,0.00785274509150909
"rs929708","handedness",0.616161616161616,0.00214925136208989,-0.00120404071861872,0.00277714492697934,-0.000761432988820862
"rs929708","handedness",0.626262626262626,-0.0065705216034969,-0.00116212753576042,-0.00761013139875836,-0.00342744226334211
"rs929708","handedness",0.636363636363636,-0.01623078319465,0.00354762092454946,-0.0158068255157246,0.00503346936942867
"rs929708","handedness",0.646464646464647,-0.0201470454708674,0.00763542907875296,-0.0199257142515552,0.00808649738869915
"rs929708","handedness",0.656565656565657,-0.0132770995858178,0.00738268928145996,-0.0145886172678659,0.00650053039858173
"rs929708","handedness",0.666666666666667,0.00105813841739054,0.00577809707547766,0.00144798819757573,0.0058608538095661
"rs929708","handedness",0.676767676767677,0.0174865848541249,0.00640294528936298,0.0182043074440624,0.00685960330566899
"rs929708","handedness",0.686868686868687,0.0309142109306159,0.00847343727743859,0.0305818525327326,0.00818864896869588
"rs929708","handedness",0.696969696969697,0.0377585343950956,0.00946248323286106,0.0378332865428714,0.00893369865590537
"rs929708","handedness",0.707070707070707,0.039652792776171,0.00570268061016217,0.0397712915655293,0.00677010674880238
"rs929708","handedness",0.717171717171717,0.0374626104346477,-0.00125431220151208,0.0372435446159555,-0.00135108027335487
"rs929708","handedness",0.727272727272727,0.0316454917326569,-0.00837425051484934,0.0318965039707612,-0.00925725990412997
"rs929708","handedness",0.737373737373737,0.0232361070247222,-0.0125636261770931,0.0230841114088277,-0.0120989778264071
"rs929708","handedness",0.747474747474748,0.0129245634307458,-0.0116003936106351,0.0127936868595325,-0.011267579918497
"rs929708","handedness",0.757575757575758,0.000342584829777748,-0.00706822408360182,0.000936083641282761,-0.00790517426977575
"rs929708","handedness",0.767676767676768,-0.011778816871744,-0.00247947962441671,-0.0122665104354597,-0.00195395431145203
"rs929708","handedness",0.777777777777778,-0.0204672059858419,0.000783847355645537,-0.0206604544589765,0.0015812038598726
"rs929708","handedness",0.787878787878788,-0.0251343506238071,0.00796707095278209,-0.0246408815171559,0.00614952658807048
"rs929708","handedness",0.797979797979798,-0.0248946554667065,0.0149601408403972,-0.0252899920744031,0.0159121523087986
"rs929708","handedness",0.808080808080808,-0.0193224526260236,0.0167026769449711,-0.019495247674548,0.0174824996693037
"rs929708","handedness",0.818181818181818,-0.0107847592736171,0.0160793173249257,-0.0103697413872352,0.0150909480528041
"rs929708","handedness",0.828282828282828,-0.00128800630163855,0.0168272785281932,-0.00128298056135834,0.0168862069849158
"rs929708","handedness",0.838383838383838,0.0105661731623496,0.0183859878173754,0.0102163907089038,0.018728378805949
"rs929708","handedness",0.848484848484849,0.0239139738771331,0.0200088559658781,0.0238683574549749,0.0199935453249841
"rs929708","handedness",0.858585858585859,0.036958961126639,0.0214253175425701,0.0373123790711909,0.0211535069325777
"rs929708","handedness",0.868686868686869,0.0474951119538115,0.0233212427438932,0.047466440103322,0.0232702394351111
"rs929708","handedness",0.878787878787879,0.0535881444727324,0.0258139240593243,0.0530464768518299,0.0265160400544009
"rs929708","handedness",0.888888888888889,0.0545235272783936,0.027162964220231,0.0554382808217933,0.0263047043850701
"rs929708","handedness",0.898989898989899,0.0488536589186855,0.0303125061334184,0.0485608303586094,0.0304397119305926
"rs929708","handedness",0.909090909090909,0.0379813436283952,0.0344844696152923,0.0385310697692465,0.0344671311726463
"rs929708","handedness",0.919191919191919,0.0318404384823253,0.0254529500211931,0.0302244955609348,0.0263105910186275
"rs929708","handedness",0.929292929292929,0.0275808959425789,0.0116299416780468,0.0278264898893612,0.0116956236859009
"rs929708","handedness",0.93939393939394,0.0192849046342453,0.00448205551166465,0.0210445405765168,0.00243470619126195
"rs929708","handedness",0.94949494949495,0.00467471017857464,-3.88099159136915e-05,0.00376065706527678,0.00144298841852485
"rs929708","handedness",0.95959595959596,-0.0129131319341522,-0.00929296999923338,-0.0120370401782294,-0.00851371584183428
"rs929708","handedness",0.96969696969697,-0.0170557532769458,-0.0259552946402947,-0.0194198002315494,-0.0272804043979495
"rs929708","handedness",0.97979797979798,-0.00954946797582865,-0.0424558337862786,-0.00905980788132549,-0.0418248716490204
"rs929708","handedness",0.98989898989899,0.00185492688804997,-0.0512689704869191,0.00346365061772355,-0.0516891960720412
"rs929708","handedness",1,0.00851218058603573,-0.054724776022627,0.00773384441380465,-0.0545073730447732
"rs929708","APOE4",0,0.00982371310479325,-0.0029899037946333,0.00969110249443723,-0.00288927424266498
"rs929708","APOE4",0.0101010101010101,0.00764265442059348,-0.000621887222808104,0.00800198127550743,-0.0010289532909211
"rs929708","APOE4",0.0202020202020202,0.00343035866700579,0.00167502689487359,0.00314596676320952,0.00222463999310625
"rs929708","APOE4",0.0303030303030303,-0.000675814969352516,0.00195770524747824,-0.000649747867341312,0.00170595414468869
"rs929708","APOE4",0.0404040404040404,-0.00226733995665256,0.000502021548984764,-0.00210216031889394,0.000636075403112458
"rs929708","APOE4",0.0505050505050505,-0.00119771833367606,0.00307706635256985,-0.00153532279627281,0.00265105947570073
"rs929708","APOE4",0.0606060606060606,0.000426938274598318,0.00585524539855593,0.000526794407599229,0.00604113355212692
"rs929708","APOE4",0.0707070707070707,0.000336680725258541,0.00345577846119637,0.000593795923402678,0.00385095516086585
"rs929708","APOE4",0.0808080808080808,-0.00259421425656021,-0.00401353692536791,-0.00266966833015843,-0.00418660781854464
"rs929708","APOE4",0.0909090909090909,-0.00782423287554668,-0.0136879757253844,-0.00788401996298495,-0.0137585315618887
"rs929708","APOE4",0.101010101010101,-0.010788348331343,-0.0185593404141842,-0.0108558646005554,-0.0186013943104577
"rs929708","APOE4",0.111111111111111,-0.0115451908508688,-0.0158172894360303,-0.0115393233202363,-0.0158489712258287
"rs929708","APOE4",0.121212121212121,-0.0108906017432806,-0.00656873251647941,-0.0106462466421998,-0.00708557567041011
"rs929708","APOE4",0.131313131313131,-0.00751823915303219,0.000385509024452883,-0.00797056926728506,0.00137889350196458
"rs929708","APOE4",0.141414141414141,-0.00317300344636339,0.00329284034369015,-0.00303089679599113,0.00300639346741128
"rs929708","APOE4",0.151515151515152,-0.000201052464814349,0.00306338569277658,0.000110424876216716,0.00261845453626651
"rs929708","APOE4",0.161616161616162,0.000461666596032877,0.0016883277011484,0.000173075155541481,0.00220900941259652
"rs929708","APOE4",0.171717171717172,-0.00114955444988667,0.000893706324830708,-0.000899029430288613,0.000465918586209731
"rs929708","APOE4",0.181818181818182,-0.00290295184763477,0.00035849991018913,-0.00314617047667899,0.000670059152987722
"rs929708","APOE4",0.191919191919192,-0.00356116929867479,-0.000395450616786182,-0.00350117466163671,-0.000449497314464521
"rs929708","APOE4",0.202020202020202,-0.00257414842608908,-0.00138503188895982,-0.00253441535980727,-0.0014986385368358
"rs929708","APOE4",0.212121212121212,-0.000627928735006574,-0.0011603106221241,-0.000661871959158931,-0.00113505040138737
"rs929708","APOE4",0.222222222222222,0.00168085888453799,0.000554835762706294,0.00171169368582169,0.000472236365550162
"rs929708","APOE4",0.232323232323232,0.00483794689064399,-0.000188961115163632,0.0047282829173089,0.000193162301602312
"rs929708","APOE4",0.242424242424242,0.00768202484985922,-0.00113529820779271,0.00780204477604526,-0.00152599656129856
"rs929708","APOE4",0.252525252525253,0.00893766630672837,0.000198589912677275,0.00892326110205324,0.000155144749817439
"rs929708","APOE4",0.262626262626263,0.00870765539259303,0.000766389250735322,0.00865531626544331,0.00116393006301357
"rs929708","APOE4",0.272727272727273,0.00664882400168926,0.00105860909286199,0.00670608880213506,0.000747044536796894
"rs929708","APOE4",0.282828282828283,0.00243899400518068,0.00224130615342278,0.00247283382383983,0.00223848608612887
"rs929708","APOE4",0.292929292929293,-0.00331684760866707,0.00293569417796672,-0.00332204662375593,0.003086889727094
"rs929708","APOE4",0.303030303030303,-0.00905923271494146,0.00236647920515584,-0.00900702212281035,0.00236796490163102
"rs929708","APOE4",0.313131313131313,-0.0115224231837691,0.00317935282473073,-0.0117527853928853,0.00292874219406859
"rs929708","APOE4",0.323232323232323,-0.0114559487260068,0.00310840330099009,-0.0113808157662112,0.00332677917259544
"rs929708","APOE4",0.333333333333333,-0.0102723344722362,-1.17426322213161e-05,-0.0100628668548804,0.000216428778565619
"rs929708","APOE4",0.343434343434343,-0.00729812953383658,-0.00179299800211534,-0.00752611847012839,-0.00224970321416965
"rs929708","APOE4",0.353535353535354,-0.00229966811880156,0.000843811733032689,-0.00240778007450383,0.000790352664601052
"rs929708","APOE4",0.363636363636364,0.00208343539904959,0.00162421182464734,0.00247641020639054,0.00224926397453633
"rs929708","APOE4",0.373737373737374,0.00613763250381956,0.00106829272494219,0.00592021272449206,0.000570513346651444
"rs929708","APOE4",0.383838383838384,0.00992197252715675,0.00158865509914703,0.00949495621466915,0.00157210816234706
"rs929708","APOE4",0.393939393939394,0.00997908609902528,0.00312582310637035,0.0108010687507652,0.00341972466316544
"rs929708","APOE4",0.404040404040404,0.00677450492697939,0.00387627177944748,0.00657868272807657,0.00351672606403675
"rs929708","APOE4",0.414141414141414,0.0020086301082288,0.00269878250325242,0.00154485957108893,0.00310744674305944
"rs929708","APOE4",0.424242424242424,-0.00280079917127335,0.00230246073720608,-0.00271278322078796,0.00231827645259861
"rs929708","APOE4",0.434343434343434,-0.00733008349548685,0.00396253376914074,-0.00657803215951058,0.00267935389113508
"rs929708","APOE4",0.444444444444444,-0.0139539773977057,0.00185746440754283,-0.0146117268315605,0.00390176032992972
"rs929708","APOE4",0.454545454545455,-0.0186154368270807,-0.00227445460310411,-0.0190073157280269,-0.00311911296334354
"rs929708","APOE4",0.464646464646465,-0.0172936433013018,-0.00498386326881949,-0.0164311716155692,-0.00571576794621463
"rs929708","APOE4",0.474747474747475,-0.0136928534884567,-0.00593342172385728,-0.0141761719263306,-0.0051861349903071
"rs929708","APOE4",0.484848484848485,-0.0118710527750984,-0.00544820131648313,-0.0118181936093057,-0.00534289502577211
"rs929708","APOE4",0.494949494949495,-0.00993528194604612,-0.00365568841926597,-0.00973747298782182,-0.00425645253681257
"rs929708","APOE4",0.505050505050505,-0.0058519044161972,-0.0016269367726917,-0.00597667967378549,-0.00128760834485298
"rs929708","APOE4",0.515151515151515,0.00109578098700661,0.000213477592929903,0.000610139066460802,0.000619925321088197
"rs929708","APOE4",0.525252525252525,0.00790249762521314,0.00379873486801718,0.0085144566039263,0.00299351190963807
"rs929708","APOE4",0.535353535353535,0.0110408536825501,0.00682402002589452,0.0112444507057266,0.00692536569166579
"rs929708","APOE4",0.545454545454546,0.00856002073930743,0.00627600647269948,0.00795120462113726,0.00709893813674625
"rs929708","APOE4",0.555555555555556,0.00437981940020253,0.0014565845695837,0.00486637174746329,0.000944305489886951
"rs929708","APOE4",0.565656565656566,0.00293467995809709,-0.00494726281515675,0.0025214223285557,-0.00492071585494199
"rs929708","APOE4",0.575757575757576,0.00440268490548607,-0.0033992121314305,0.00442849531499471,-0.00383853719777172
"rs929708","APOE4",0.585858585858586,0.00623231405283694,0.000940098872169039,0.00682214850267336,0.00149870288755188
"rs929708","APOE4",0.595959595959596,0.00644374708786596,0.00102758036776932,0.0057099489996594,0.00102320548573886
"rs929708","APOE4",0.606060606060606,0.00712051332134929,-0.000206416222543493,0.00726092155355714,-0.000528544416436691
"rs929708","APOE4",0.616161616161616,0.00911583752569572,0.000793107263408213,0.0095797030661048,0.000997377984776477
"rs929708","APOE4",0.626262626262626,0.00700929750939899,0.001092064955349,0.00666049523097194,0.000998186694657855
"rs929708","APOE4",0.636363636363636,0.00397801238727809,-0.00016926156083566,0.0040073373269009,2.03070518000278e-05
"rs929708","APOE4",0.646464646464647,0.00431547856035649,-0.00290037836022761,0.00431972141490534,-0.00322911406317718
"rs929708","APOE4",0.656565656565657,0.00633094827059204,-0.00687796920702547,0.00628276548326683,-0.00660303526833413
"rs929708","APOE4",0.666666666666667,0.00831485001983038,-0.0108140598502883,0.00834929983546646,-0.0105107078261976
"rs929708","APOE4",0.676767676767677,0.00910381360214878,-0.01320750029909,0.00914739213073985,-0.0140339198026398
"rs929708","APOE4",0.686868686868687,0.00814355419425382,-0.0128046535358123,0.00816279447822824,-0.012266809679946
"rs929708","APOE4",0.696969696969697,0.00531518015321142,-0.00984599397083233,0.0052560668320078,-0.00998296126179395
"rs929708","APOE4",0.707070707070707,0.0015435867147664,-0.00850602474413027,0.00161142786911394,-0.00832736053129514
"rs929708","APOE4",0.717171717171717,-0.00231801089115091,-0.00721186614406496,-0.0023258006111042,-0.00744314880928668
"rs929708","APOE4",0.727272727272727,-0.00553036609809687,-0.00376451250939483,-0.00560238730322505,-0.00375636927653748
"rs929708","APOE4",0.737373737373737,-0.00745530515305733,-0.00064007041676691,-0.00739874435895915,-0.000504464253100456
"rs929708","APOE4",0.747474747474748,-0.00780776941598145,-0.000252207375891685,-0.00792171759826958,-0.000196319055915635
"rs929708","APOE4",0.757575757575758,-0.00746602190918546,-0.000522820270557296,-0.00731175801049716,-0.000658373552715695
"rs929708","APOE4",0.767676767676768,-0.00704390866036322,0.000125019623004228,-0.00711652866683456,-2.22322918794724e-05
"rs929708","APOE4",0.777777777777778,-0.00674913342675816,0.00202589629682383,-0.00674281176227742,0.00250177643144924
"rs929708","APOE4",0.787878787878788,-0.0059998233428822,0.00326031069306671,-0.00599075327895741,0.00286956479432127
"rs929708","APOE4",0.797979797979798,-0.00492694346822106,0.00503113433479243,-0.00493273695234936,0.00484236108309594
"rs929708","APOE4",0.808080808080808,-0.00360222963359409,0.00843654898863037,-0.00355202305617447,0.00892792860698386
"rs929708","APOE4",0.818181818181818,-0.000889586535788253,0.0102243599625707,-0.000984057725966953,0.00999798834377398
"rs929708","APOE4",0.828282828282828,0.00351871384185829,0.00838921877860206,0.00336856143479734,0.00854135367088247
"rs929708","APOE4",0.838383838383838,0.00636926933421403,0.00827999927780101,0.00668246388827294,0.00805981543276506
"rs929708","APOE4",0.848484848484849,0.00711903309986567,0.00964585964771895,0.00718999463412777,0.00945154381215629
"rs929708","APOE4",0.858585858585859,0.00636254159655154,0.0103717404704749,0.00598814769735777,0.0109007384095494
"rs929708","APOE4",0.868686868686869,0.00540398408483937,0.00881986788864137,0.00552754922956539,0.00872105312845504
"rs929708","APOE4",0.878787878787879,0.00490466052690703,0.00497778831391223,0.00518951382326614,0.00449722083876951
"rs929708","APOE4",0.888888888888889,0.00316009442533487,0.00304448023996809,0.00282048942093584,0.00353869584847821
"rs929708","APOE4",0.898989898989899,0.00130724093076989,0.00147466730331303,0.00132491668134084,0.00158238203466821
"rs929708","APOE4",0.909090909090909,0.000783356023022754,-0.00103035306920521,0.00115172982295474,-0.00179000701555044
"rs929708","APOE4",0.919191919191919,0.000774507603532786,0.000265610076197232,0.000323544017169422,0.000948846277040951
"rs929708","APOE4",0.929292929292929,0.000689001874664744,0.00335126343520344,0.000739543049345282,0.00326740334625077
"rs929708","APOE4",0.93939393939394,0.000548520339595959,0.00465499404631039,0.00099445534821851,0.00425486173462088
"rs929708","APOE4",0.94949494949495,0.00199087469620135,0.00317053180176188,0.00148770294365967,0.00362331535245726
"rs929708","APOE4",0.95959595959596,0.00516308151964171,-0.000832065422868176,0.00507536482255436,-0.000871777627742776
"rs929708","APOE4",0.96969696969697,0.0049409784403174,-0.00490525633671723,0.0057264150497586,-0.00510589040324721
"rs929708","APOE4",0.97979797979798,0.00353810238041374,-0.00741645003616844,0.00284875615922956,-0.00740505447830582
"rs929708","APOE4",0.98989898989899,0.00452094452831969,-0.00771698740931665,0.0046509637113115,-0.00762830983665646
"rs929708","APOE4",1,0.00763528617406469,-0.00764399385396488,0.00768393781277885,-0.00767003322880914
"rs929708","PC1",0,0.0103853279461767,0.000739985603346296,0.010320873599424,0.000846210094024144
"rs929708","PC1",0.0101010101010101,0.00922933117064138,0.00218753190302633,0.00927038177652133,0.00189633238740809
"rs929708","PC1",0.0202020202020202,0.00503581923126059,0.00454935060479584,0.00518374791394942,0.00470849903082659
"rs929708","PC1",0.0303030303030303,-0.000717214415099401,0.00621834288530339,-0.000600526839501729,0.00642357031950326
"rs929708","PC1",0.0404040404040404,-0.00464147597934062,0.00650374108935457,-0.0052287947669684,0.00652073726114064
"rs929708","PC1",0.0505050505050505,-0.00283722098574168,0.00911657763446324,-0.00255964121949703,0.00851828368890346
"rs929708","PC1",0.0606060606060606,0.00196872848071868,0.0129286732367853,0.00248403023284415,0.0131041464826924
"rs929708","PC1",0.0707070707070707,0.00615040654008947,0.0152368989205976,0.00519054612196097,0.0155607070262452
"rs929708","PC1",0.0808080808080808,0.00968999664704363,0.0133739661101653,0.0102519122727777,0.0134009611445547
"rs929708","PC1",0.0909090909090909,0.0120850064009323,0.00631881532561074,0.0121881856533841,0.00669947980224514
"rs929708","PC1",0.101010101010101,0.00929763841336616,-0.00118066320768881,0.00914274316945988,-0.00188724940435431
"rs929708","PC1",0.111111111111111,0.00394957317966077,-0.00585981538123873,0.0040697926579036,-0.00567346416314577
"rs929708","PC1",0.121212121212121,-7.32045041247838e-05,-0.00613147082744497,-0.000321496389200165,-0.00623105834971356
"rs929708","PC1",0.131313131313131,-0.00187684694604963,-0.00384808074964582,-0.00166083525097957,-0.00386403696312961
"rs929708","PC1",0.141414141414141,-0.00132740285923764,-0.00116022069418635,-0.00143471486983645,-0.000965391325625081
"rs929708","PC1",0.151515151515152,0.00120408185237972,0.000476267579159661,0.00108518586104945,0.000477522322195604
"rs929708","PC1",0.161616161616162,0.00333922545927824,0.00178524433719529,0.00350384329498862,0.00164796809304854
"rs929708","PC1",0.171717171717172,0.00320951254786955,0.00325915599625521,0.00338456529397558,0.00313671562937774
"rs929708","PC1",0.181818181818182,0.00251656116478705,0.00302973218891817,0.00217647635068297,0.00346992203518799
"rs929708","PC1",0.191919191919192,0.00206701911254044,0.00143092576942816,0.0021455168857342,0.00131315519224583
"rs929708","PC1",0.202020202020202,0.0019424519508565,-0.000431335257066933,0.002097321725784,-0.000640616477792249
"rs929708","PC1",0.212121212121212,0.00123076678478815,-0.00134178486058163,0.00111855488390901,-0.00135888570904257
"rs929708","PC1",0.222222222222222,-0.000626321500497394,-0.000666148436705656,-0.000557314002371983,-0.000498976575562675
"rs929708","PC1",0.232323232323232,-0.00216493282531864,0.000160846182359973,-0.00223705417104318,8.95105204822534e-07
"rs929708","PC1",0.242424242424242,-0.00286586223867819,0.000553350394738401,-0.00285305042826526,0.000648943621730038
"rs929708","PC1",0.252525252525253,-0.00257796937103403,0.000485776490723349,-0.00255287283287653,0.000664667145653508
"rs929708","PC1",0.262626262626263,-0.00139954560262282,0.000562507410666402,-0.00146253335868876,0.000263079551660941
"rs929708","PC1",0.272727272727273,-0.000706506300215811,0.000968414670499827,-0.00072459340802708,0.00094035081763025
"rs929708","PC1",0.282828282828283,-0.00171323478691219,0.00158163969624886,-0.00150881294086619,0.00183073633757566
"rs929708","PC1",0.292929292929293,-0.00369170242542688,0.0016688745803733,-0.00380821903705791,0.00169241733624748
"rs929708","PC1",0.303030303030303,-0.00548415908753238,0.000858453836613226,-0.00562398410836149,0.000538940792194765
"rs929708","PC1",0.313131313131313,-0.00639951664960728,0.000398772961770612,-0.00623856140543769,0.000670475305407304
"rs929708","PC1",0.323232323232323,-0.00677511251915027,0.000300900064820934,-0.00670854120144692,0.000322272302390539
"rs929708","PC1",0.333333333333333,-0.00702045002194824,0.000162559321208712,-0.00725017056386502,-0.000146932647273777
"rs929708","PC1",0.343434343434343,-0.0068611521249747,-0.000320068685247212,-0.00679858674466974,-0.000129044403237854
"rs929708","PC1",0.353535353535354,-0.00624243694835485,-0.00166509150524481,-0.00597799405495196,-0.0013673317183689
"rs929708","PC1",0.363636363636364,-0.00610039690151464,-0.00429320236809078,-0.00644880861464672,-0.00436557337400335
"rs929708","PC1",0.373737373737374,-0.00547614290825708,-0.00465190366837098,-0.005354532214037,-0.00500479678691977
"rs929708","PC1",0.383838383838384,-0.00360584499338965,0.000548002335608653,-0.00347460462865354,0.000453628161374552
"rs929708","PC1",0.393939393939394,-0.00197463413478668,0.00926826505961311,-0.00215602374323547,0.00928898897385261
"rs929708","PC1",0.404040404040404,0.000433201624269823,0.0179056875889861,0.000526489147637854,0.0181117804495129
"rs929708","PC1",0.414141414141414,0.00455693030413525,0.0231423614756797,0.00443076007835286,0.0230743129898375
"rs929708","PC1",0.424242424242424,0.00776275546199814,0.0230501553369486,0.00765401050136503,0.0228525232170837
"rs929708","PC1",0.434343434343434,0.00727254481871652,0.0168339299701194,0.00810266619539132,0.0184157122646628
"rs929708","PC1",0.444444444444444,0.00367547235408163,0.00720714447147977,0.00266407893790166,0.00535114876913074
"rs929708","PC1",0.454545454545455,-0.000204017108298957,-0.000865567573038893,0.000217181976259235,-0.000451598101222016
"rs929708","PC1",0.464646464646465,-0.00190644102630479,-0.00352105291308528,-0.00181350345635363,-0.00322981853997799
"rs929708","PC1",0.474747474747475,-0.0019185065481189,-0.00276770621652592,-0.00209914756147033,-0.00308553116468219
"rs929708","PC1",0.484848484848485,-0.0012083773215736,-0.00120676536479647,-0.001203141037737,-0.000926037776599315
"rs929708","PC1",0.494949494949495,4.10400544079836e-05,0.00154521474497995,0.000115681368780623,0.00120511533751776
"rs929708","PC1",0.505050505050505,0.000961503332640137,0.00468475466315002,0.000977427746876532,0.00477948733963619
"rs929708","PC1",0.515151515151515,0.00098997492431279,0.00655315898919226,0.000912172299912598,0.00683292955635429
"rs929708","PC1",0.525252525252525,0.00116352967125489,0.00513738099313737,0.00118139560793272,0.00515299083566733
"rs929708","PC1",0.535353535353535,0.000815022620257258,0.00210282669581483,0.000924026397466515,0.0018335284665191
"rs929708","PC1",0.545454545454546,-0.000672305816211104,-0.000397546787854326,-0.000739011491178401,-0.000233398243029074
"rs929708","PC1",0.555555555555556,-0.00146914266675742,-0.00227875458862046,-0.00148527039431418,-0.00226521824724843
"rs929708","PC1",0.565656565656566,0.000253490159805964,-0.0036041971898943,0.000156324914063513,-0.0037871932197905
"rs929708","PC1",0.575757575757576,0.00362101974525554,-0.00350446604803721,0.00368202435856967,-0.00348306745871522
"rs929708","PC1",0.585858585858586,0.00612246443276343,-0.00290803214257769,0.00617856133703371,-0.00265768123568156
"rs929708","PC1",0.595959595959596,0.00575910999476263,-0.00280948807465775,0.00579032560201892,-0.00301663486032177
"rs929708","PC1",0.606060606060606,0.00360586763939817,-0.0023014256999489,0.00351876960430777,-0.00233683086737091
"rs929708","PC1",0.616161616161616,0.000921186241615587,-0.000847256942024134,0.000977108798040532,-0.000883053535592573
"rs929708","PC1",0.626262626262626,-0.00280244942146361,-0.000530928922329831,-0.00276016709459751,-0.000247352826049261
"rs929708","PC1",0.636363636363636,-0.00636338058210191,-0.00122372573976849,-0.00642095694242465,-0.00122854482452479
"rs929708","PC1",0.646464646464647,-0.00809210003292551,-0.00198064456901782,-0.00808225942454003,-0.00253662899803854
"rs929708","PC1",0.656565656565657,-0.00701254108016602,-0.00209354577543079,-0.00709050497538058,-0.00164116259106183
"rs929708","PC1",0.666666666666667,-0.00333746561872973,-0.00257485906238437,-0.0032539509745372,-0.00223652437660564
"rs929708","PC1",0.676767676767677,0.0021565550536088,-0.00436708721040701,0.00202284696923695,-0.00507456708365005
"rs929708","PC1",0.686868686868687,0.00752087838522791,-0.00636091486558752,0.00758897854683368,-0.00611464196921281
"rs929708","PC1",0.696969696969697,0.0106570702022926,-0.00731736452752555,0.0108276684194597,-0.00681185361211604
"rs929708","PC1",0.707070707070707,0.0106063307604612,-0.00743277434413899,0.0104675607108934,-0.00819317247515652
"rs929708","PC1",0.717171717171717,0.00882000516463511,-0.00689535924980671,0.00878765760672939,-0.00685025640682182
"rs929708","PC1",0.727272727272727,0.00687260915758596,-0.00591768218212787,0.00696926548260646,-0.00528768992117988
"rs929708","PC1",0.737373737373737,0.00456442237557216,-0.00520111369224241,0.00449003638798341,-0.00562056272185285
"rs929708","PC1",0.747474747474748,0.00155534174137617,-0.0053383537907568,0.00162087865632303,-0.0054421356282779
"rs929708","PC1",0.757575757575758,-0.00143677727462116,-0.00593064155649563,-0.00149173522587174,-0.00547937585750933
"rs929708","PC1",0.767676767676768,-0.00400988970892834,-0.00607645899993745,-0.0039935053385736,-0.00643069521130562
"rs929708","PC1",0.777777777777778,-0.00553594306335452,-0.00525872710086383,-0.00545159109370182,-0.00547829351538447
"rs929708","PC1",0.787878787878788,-0.0046203490700259,-0.00444838901419295,-0.00487196517592445,-0.00387857025501917
"rs929708","PC1",0.797979797979798,-0.00251368997798568,-0.00378232471424204,-0.00234064961911843,-0.00410003790754408
"rs929708","PC1",0.808080808080808,-0.000836486306789576,-0.00314936623391942,-0.000776814055624942,-0.00324387978208214
"rs929708","PC1",0.818181818181818,0.000336913098583332,-0.00273262714650871,0.000161626671507778,-0.00238360245308595
"rs929708","PC1",0.828282828282828,0.00118820639610692,-0.00244186675654244,0.00141700115381424,-0.00284977662426905
"rs929708","PC1",0.838383838383838,0.00138685195205411,-0.00130483812770119,0.00118417465533606,-0.00114027876482315
"rs929708","PC1",0.848484848484849,0.000510787701262859,-2.51391679311782e-05,0.00050854509387416,7.24676858333238e-05
"rs929708","PC1",0.858585858585859,-0.0017075843932487,0.000261912391567444,-0.0014702130471063,6.37199390065149e-06
"rs929708","PC1",0.868686868686869,-0.00495698173999785,-0.00128311097531062,-0.00518036503068558,-0.00082846415861831
"rs929708","PC1",0.878787878787879,-0.00877565858731274,-0.00438755737016518,-0.00864998612370918,-0.00456702853546536
"rs929708","PC1",0.888888888888889,-0.0124989064684872,-0.00591526175768399,-0.012505817955463,-0.00635132846385252
"rs929708","PC1",0.898989898989899,-0.0147363111027743,-0.00684760965338426,-0.0148975276687074,-0.00620676444187351
"rs929708","PC1",0.909090909090909,-0.014191275663787,-0.00824601884339944,-0.0139409323726355,-0.00843324342144769
"rs929708","PC1",0.919191919191919,-0.0110627491165198,-0.00735437768524183,-0.0112744136086156,-0.00771564809259235
"rs929708","PC1",0.929292929292929,-0.00742474123496128,-0.00427968810292365,-0.0076985157460553,-0.00407628350213076
"rs929708","PC1",0.93939393939394,-0.00509743290711374,-0.000310911627166459,-0.00429822933513438,-0.000346092556768699
"rs929708","PC1",0.94949494949495,-0.00328443682513963,0.00260714743637053,-0.00364020367400349,0.0028113485275816
"rs929708","PC1",0.95959595959596,-0.000249560746228786,0.00356900344527266,-0.000949397351859161,0.00368617033309812
"rs929708","PC1",0.96969696969697,0.00549485860690532,0.00539709069771374,0.00641355747592858,0.00483964891202962
"rs929708","PC1",0.97979797979798,0.0101574253592611,0.00777633289953461,0.00997150963673299,0.00799992196459413
"rs929708","PC1",0.98989898989899,0.0104862296657758,0.00941014418158146,0.0102446967248955,0.00969973597463395
"rs929708","PC1",1,0.0109520278394446,0.00941669032403443,0.0110616410938696,0.00922227209611046
"rs929708","PC2",0,-0.00395510755319834,0.0021520822977908,-0.00394828435257472,0.00208177371736878
"rs929708","PC2",0.0101010101010101,-0.00432028140992916,-0.00106519250097966,-0.00418091164753462,-0.000818319779664666
"rs929708","PC2",0.0202020202020202,-0.002375712201577,-0.00506580407840791,-0.00277928630300854,-0.00534217710169036
"rs929708","PC2",0.0303030303030303,0.000709668779642944,-0.00738790443006389,0.00105420347838616,-0.00728844016105096
"rs929708","PC2",0.0404040404040404,0.00306074410367123,-0.00715259061428738,0.00299025941816155,-0.00727124138502048
"rs929708","PC2",0.0505050505050505,0.00475071734431303,-0.0092464630773296,0.00467044590831118,-0.00889444760624443
"rs929708","PC2",0.0606060606060606,0.00493466858564763,-0.0119037659109631,0.005042724576197,-0.0122350648466287
"rs929708","PC2",0.0707070707070707,0.00320964066713048,-0.011954324127053,0.00330198038531824,-0.0118432864211917
"rs929708","PC2",0.0808080808080808,0.00243941143979331,-0.00924360076605381,0.00221097120216214,-0.00926397881335633
"rs929708","PC2",0.0909090909090909,0.00423040921166766,-0.00463434618778203,0.00405828295199405,-0.00474437144783082
"rs929708","PC2",0.101010101010101,0.00386885402493319,-0.00010448656067694,0.00452673614100097,7.88302814401088e-05
"rs929708","PC2",0.111111111111111,0.0024706322967754,0.00185801589554282,0.00196576462727454,0.00177105088190626
"rs929708","PC2",0.121212121212121,0.00188447943387878,0.000660702302183423,0.00173838579546867,0.000905890689441887
"rs929708","PC2",0.131313131313131,3.71148562146476e-05,0.00155422126540826,0.00061990894182557,0.00107290549889637
"rs929708","PC2",0.141414141414141,-0.00218666703970841,0.00380413281894348,-0.00253187773359911,0.0040616600035494
"rs929708","PC2",0.151515151515152,-0.00326400843352499,0.00504698374044392,-0.00337803080772838,0.00513919816492521
"rs929708","PC2",0.161616161616162,-0.00332094871420581,0.00434552425650741,-0.00315986908665767,0.00426091679907751
"rs929708","PC2",0.171717171717172,-0.00285071348192178,0.00246647619129944,-0.00281144898352558,0.00253307047123162
"rs929708","PC2",0.181818181818182,-0.00202716862618681,0.00362884044061813,-0.00208955655384104,0.00333476814498573
"rs929708","PC2",0.191919191919192,-0.000422312560894427,0.0056494231568132,-0.000617861327295205,0.00604874211904153
"rs929708","PC2",0.202020202020202,0.00194565259852127,0.00560920749925858,0.00221363150993088,0.00539012176554899
"rs929708","PC2",0.212121212121212,0.00271688054597722,0.00539550013420556,0.00265657428049003,0.00538054712081084
"rs929708","PC2",0.222222222222222,0.000127712027237538,0.00663901267275723,0.000171900266016734,0.00672045226600794
"rs929708","PC2",0.232323232323232,-0.00342955397801718,0.00633401111481652,-0.00348242252841142,0.00631584972201601
"rs929708","PC2",0.242424242424242,-0.00666275704708071,0.00480161799349892,-0.00669348499813468,0.00480199744019989
"rs929708","PC2",0.252525252525253,-0.00863283843010941,0.00314621753022289,-0.00846893558593845,0.00310631046613165
"rs929708","PC2",0.262626262626263,-0.00803208302098243,0.00106965500745452,-0.00829662692498698,0.00114588887697468
"rs929708","PC2",0.272727272727273,-0.00533813765734694,-0.00114143362864449,-0.00535115348444143,-0.00118217099751081
"rs929708","PC2",0.282828282828283,-0.00160745280207296,-0.00280936422135667,-0.001340639333057,-0.00278481408817594
"rs929708","PC2",0.292929292929293,0.00179100101610436,-0.00269004686340427,0.00163522195000518,-0.00281265456222737
"rs929708","PC2",0.303030303030303,0.0039818426717637,-0.000382051853196675,0.00396759340706022,-0.000250484284565003
"rs929708","PC2",0.313131313131313,0.00583535243449036,0.0013628931773195,0.00587979935600937,0.00135893523644873
"rs929708","PC2",0.323232323232323,0.00662866485719588,0.00194435591195763,0.00659625171515084,0.00175145531003506
"rs929708","PC2",0.333333333333333,0.0054223914045647,0.00147809803240667,0.00550561047624925,0.00180187443316723
"rs929708","PC2",0.343434343434343,0.00257591632482636,-0.0001908997472293,0.00256587474248036,-0.00031984728779437
"rs929708","PC2",0.353535353535354,-0.00085453164444618,-0.00234290328539874,-0.000878525605873194,-0.00247386749876495
"rs929708","PC2",0.363636363636364,-0.00282294371716411,-0.00183459891668269,-0.00284078044437409,-0.00175124188251684
"rs929708","PC2",0.373737373737374,-0.00290646031503251,3.49150796521736e-05,-0.00305855369012681,0.000181398341731103
"rs929708","PC2",0.383838383838384,-0.00136058599133816,0.000737720587142988,-0.000998069902360924,0.000227834733201843
"rs929708","PC2",0.393939393939394,0.000844260157653402,-0.00112334826066344,0.000500421014864097,-0.000345993026213468
"rs929708","PC2",0.404040404040404,0.00257108595779591,-0.00418337807484892,0.00246743943665095,-0.00465889655221992
"rs929708","PC2",0.414141414141414,0.00297578277604256,-0.00670309260223815,0.00353889527033318,-0.00677819198989031
"rs929708","PC2",0.424242424242424,0.002372810215356,-0.00809044807168763,0.00205566132324359,-0.0074357792723044
"rs929708","PC2",0.434343434343434,0.00121504247089303,-0.00715908018885733,0.000853968926682778,-0.00855782264589029
"rs929708","PC2",0.444444444444444,-0.000408421531610773,-0.00168033541316495,0.000370109725099969,-0.000431280104378908
"rs929708","PC2",0.454545454545455,-0.00159517194198106,0.00152666712537372,-0.00222600756620241,0.00160055355894876
"rs929708","PC2",0.464646464646465,-0.00156927331735701,-0.00340078516027371,-0.00136607978037397,-0.00421141840817652
"rs929708","PC2",0.474747474747475,-0.00102522623537895,-0.00857087737090345,-0.00101798217270651,-0.00807385729393814
"rs929708","PC2",0.484848484848485,-0.000505043714476017,-0.00674976614060298,-0.000474001970032339,-0.00694847559948596
"rs929708","PC2",0.494949494949495,0.000844627852195766,-0.00434844648273733,0.000659415531045525,-0.00418979672118387
"rs929708","PC2",0.505050505050505,0.00165716010752572,-0.000908215855027058,0.00185270310003741,-0.000902551750432855
"rs929708","PC2",0.515151515151515,0.000296150323581034,0.00502578604367968,0.000338830283806876,0.00447945453768925
"rs929708","PC2",0.525252525252525,-0.00266973450544982,0.0089689205380752,-0.00267655747780317,0.00973806644511853
"rs929708","PC2",0.535353535353535,-0.00408022741565347,0.00885981526578407,-0.00426945079349489,0.00875094581880522
"rs929708","PC2",0.545454545454546,-0.00149018270520946,0.00464594287034955,-0.00145764971503428,0.00422507414199953
"rs929708","PC2",0.555555555555556,0.0025087055708566,0.000141472224806868,0.00255471173072734,0.000417067832585763
"rs929708","PC2",0.565656565656566,0.00519253211442758,-0.00159785352121793,0.00534213414918397,-0.00161357269412731
"rs929708","PC2",0.575757575757576,0.00756334091350988,-0.00321374430930013,0.0073632828300984,-0.00326285747859799
"rs929708","PC2",0.585858585858586,0.0086219926588065,-0.00426122573409098,0.00843618677979349,-0.00425660596468138
"rs929708","PC2",0.595959595959596,0.00702402765815585,-0.0035892035928274,0.00764857924199864,-0.00358119830237131
"rs929708","PC2",0.606060606060606,0.00317188668136163,-0.00203388862079554,0.00281371818806812,-0.00207169169606077
"rs929708","PC2",0.616161616161616,-0.00155571850677367,-0.000313398212317356,-0.00174883918117058,-0.000170034240699413
"rs929708","PC2",0.626262626262626,-0.00464028797090556,0.00249644725048295,-0.0043277451963176,0.00223954632997489
"rs929708","PC2",0.636363636363636,-0.00709735728613602,0.00466522180212646,-0.00722471882122559,0.00481197856308027
"rs929708","PC2",0.646464646464647,-0.00987930504825147,0.00493881955519751,-0.00981884016798143,0.00519465999354851
"rs929708","PC2",0.656565656565657,-0.0104513481593017,0.0059495010456688,-0.0105487028546132,0.00548577317854365
"rs929708","PC2",0.666666666666667,-0.00855334164844926,0.00646947198649956,-0.00860199164561086,0.00652976737159768
"rs929708","PC2",0.676767676767677,-0.00485628964449704,0.0047442055388007,-0.00472172289086527,0.0052180673980146
"rs929708","PC2",0.686868686868687,-0.000399602220892259,0.00206600084707436,-0.000460608591382466,0.00171753236802564
"rs929708","PC2",0.696969696969697,0.00387820650245665,0.000344639517495885,0.00381908214256474,0.000138549623027765
"rs929708","PC2",0.707070707070707,0.00762831458324232,0.000347795271968707,0.00771222886306679,0.000749191214960788
"rs929708","PC2",0.717171717171717,0.00996570719405966,0.000438070807929924,0.009975888051424,0.000280288699654645
"rs929708","PC2",0.727272727272727,0.0100610915398656,-0.000714235946714246,0.0100191382903291,-0.000738383242805931
"rs929708","PC2",0.737373737373737,0.00803725327986264,-0.000947199151889503,0.00809781631267023,-0.000991883223249587
"rs929708","PC2",0.747474747474748,0.00449612960435128,0.000804308661485665,0.00453174925795228,0.000815315568041796
"rs929708","PC2",0.757575757575758,0.000905630538988904,-0.000257166193833734,0.00082010121360229,-9.13706636943572e-05
"rs929708","PC2",0.767676767676768,-0.00141942131219105,-0.00283382179487604,-0.00147235498262964,-0.00287821352960958
"rs929708","PC2",0.777777777777778,-0.00176791860628489,-0.00431949645955867,-0.00165096838937789,-0.00463975624707875
"rs929708","PC2",0.787878787878788,-0.00129409099276398,-0.00477558203673819,-0.00143498295258976,-0.00439331779514393
"rs929708","PC2",0.797979797979798,-0.00103610969550876,-0.00431547728849923,-0.000938802453027801,-0.00426021109112797
"rs929708","PC2",0.808080808080808,-0.00161594065585105,-0.00291004779861385,-0.00155973803048628,-0.00341305912659411
"rs929708","PC2",0.818181818181818,-0.00261194753685877,-0.00061590000507763,-0.00271161315105542,-0.00017176392535292
"rs929708","PC2",0.828282828282828,-0.00317270833734464,0.00174199746585609,-0.00307270034849903,0.00151890908703951
"rs929708","PC2",0.838383838383838,-0.002356105636038,0.00154518274276111,-0.00254241599036719,0.00173736906499999
"rs929708","PC2",0.848484848484849,-0.00139051675167223,0.000205125594048836,-0.00129299589512986,0.000133910897224514
"rs929708","PC2",0.858585858585859,-0.00166362941178843,-0.000428892759686391,-0.00153956257653695,-0.000596901462447119
"rs929708","PC2",0.868686868686869,-0.00286099314446534,-0.00153320390365788,-0.00304805747334437,-0.00121115214246686
"rs929708","PC2",0.878787878787879,-0.00463465349753741,-0.00373136710408013,-0.00445524713492917,-0.004044397404791
"rs929708","PC2",0.888888888888889,-0.0074066181767195,-0.00380735647714109,-0.00745384838688961,-0.0036661582962377
"rs929708","PC2",0.898989898989899,-0.00879828497492957,-0.00282443834568413,-0.00881981076851506,-0.00265136254242472
"rs929708","PC2",0.909090909090909,-0.00688024990378318,-0.00202477117894883,-0.00720036192770497,-0.00256585419184515
"rs929708","PC2",0.919191919191919,-0.00422896171367218,0.000692595525834251,-0.00383941997394494,0.00120185399370517
"rs929708","PC2",0.929292929292929,-0.0027339050205603,0.00252767637876513,-0.00253889493773302,0.00250326263444086
"rs929708","PC2",0.93939393939394,-0.00300673484636441,0.000711769678140234,-0.00353301147582796,0.000495767372996783
"rs929708","PC2",0.94949494949495,-0.00248211031054397,-0.00127953084690831,-0.00222032579382338,-0.00120498464945473
"rs929708","PC2",0.95959595959596,0.000567149362668442,-0.000259305551795577,0.000480660399215234,-0.000234289224499921
"rs929708","PC2",0.96969696969697,0.00264639448205856,0.000775194560138277,0.00281101887056098,0.000788500495724986
"rs929708","PC2",0.97979797979798,0.0038597896942967,0.00183625502769597,0.00370126230264578,0.00173991293299529
"rs929708","PC2",0.98989898989899,0.00529877131590091,0.00365218056193601,0.00536673337522488,0.0037622920710529
"rs929708","PC2",1,0.0067726389245083,0.00495606807854119,0.00675901312314566,0.00491648883376803
"rs929708","education_years",0,-0.00067545494212602,0.00143009079788638,-0.000681487151019855,0.00141089003206685
"rs929708","education_years",0.0101010101010101,-0.00124782755435892,0.00108093947677387,-0.00113725446295442,0.0011164582038237
"rs929708","education_years",0.0202020202020202,-0.00139737562392622,9.83735040029902e-05,-0.00159998262793846,0.000103496511834641
"rs929708","education_years",0.0303030303030303,-0.00104215098285062,-0.00100422132646344,-0.00101195189607535,-0.0010609784787237
"rs929708","education_years",0.0404040404040404,-0.000368746861138443,-0.00165418737948939,-0.000181584017384663,-0.00157090069851657
"rs929708","education_years",0.0505050505050505,0.000107324992107747,-0.0020971124127013,-0.000151764987712492,-0.00218814318434059
"rs929708","education_years",0.0606060606060606,1.71940253974621e-05,-0.0024563968035361,0.000212415644274693,-0.00239989259008471
"rs929708","education_years",0.0707070707070707,-0.000743695639484725,-0.00270738996670139,-0.00067926879531417,-0.00270003884831757
"rs929708","education_years",0.0808080808080808,-0.00146677007019919,-0.00258176944292644,-0.00163854149268333,-0.00262302011108649
"rs929708","education_years",0.0909090909090909,-0.00148607613017942,-0.00182453540244742,-0.00148697371908704,-0.00179821125565541
"rs929708","education_years",0.101010101010101,-0.00107082270560841,-0.000606213420609949,-0.000999189441815718,-0.00065182924504947
"rs929708","education_years",0.111111111111111,-0.000542318047489335,0.000314178276824445,-0.000583161706399573,0.000376296738739368
"rs929708","education_years",0.121212121212121,-0.000192445453663413,0.000341740148871973,-0.000202998695814123,0.000337915659238102
"rs929708","education_years",0.131313131313131,-0.000292253466437933,-4.07873371145593e-05,-0.000203052104505341,-7.46131663840593e-05
"rs929708","education_years",0.141414141414141,-0.000744061339945125,-0.000430329148656192,-0.000793974988842232,-0.00039421404231581
"rs929708","education_years",0.151515151515152,-0.00134557383654771,-0.00060239061137614,-0.00134472396180405,-0.000640915484810446
"rs929708","education_years",0.161616161616162,-0.00186379305744139,-0.000674451350551122,-0.00185530850622548,-0.000674081782990467
"rs929708","education_years",0.171717171717172,-0.00205705469390723,-0.000750460552747594,-0.00207369247559741,-0.00066056070326018
"rs929708","education_years",0.181818181818182,-0.00175183191704288,-0.000560320636589915,-0.00177330372876331,-0.000673193024011253
"rs929708","education_years",0.191919191919192,-0.00106200898655619,0.000176892846711363,-0.00106129227646957,0.000163182670879552
"rs929708","education_years",0.202020202020202,-0.000191728399827181,0.00146337382661085,-0.000184510469587626,0.00154698430591765
"rs929708","education_years",0.212121212121212,0.000582236228308512,0.00227459130143368,0.000582894045766042,0.00225280069361223
"rs929708","education_years",0.222222222222222,0.000970441785015424,0.00185226941061939,0.000996021850567639,0.00185203696339078
"rs929708","education_years",0.232323232323232,0.000817861153041311,0.00120362216050895,0.000849362578640351,0.00118788968268873
"rs929708","education_years",0.242424242424242,0.000424806977005876,0.00055377741659687,0.000377050229290912,0.000584966277955529
"rs929708","education_years",0.252525252525253,0.000147691094567449,-9.71214428090904e-05,0.000163592943875161,-0.000142689926037585
"rs929708","education_years",0.262626262626263,0.000124087415317305,-0.000422532569427056,0.000120321019805482,-0.000380119828658673
"rs929708","education_years",0.272727272727273,0.000461673292903576,-0.000309387357565157,0.000414855640819042,-0.000340539180244338
"rs929708","education_years",0.282828282828283,0.00117585653943839,0.000190886220592259,0.00119242695643187,0.000185089423632023
"rs929708","education_years",0.292929292929293,0.00188649967974466,0.00068361826544507,0.00189668285568839,0.00072015139561372
"rs929708","education_years",0.303030303030303,0.00218795194002555,0.00090121219386851,0.00222568821053896,0.000877444123849604
"rs929708","education_years",0.313131313131313,0.00201358874985252,0.00125917987436031,0.00200596451749616,0.00126702850634638
"rs929708","education_years",0.323232323232323,0.00155229500423177,0.0017122100069688,0.00154243178998076,0.0016884699862603
"rs929708","education_years",0.333333333333333,0.00108255098524029,0.00208971473050145,0.00113016226566241,0.00212451876570772
"rs929708","education_years",0.343434343434343,0.00105908208100594,0.00239370690558099,0.000967283943955649,0.00236477505827384
"rs929708","education_years",0.353535353535354,0.00175853403495353,0.00228101064645486,0.00167098241455838,0.00223405514136401
"rs929708","education_years",0.363636363636364,0.00256746817303006,0.00046837874878213,0.0027041766580224,0.0006549283372883
"rs929708","education_years",0.373737373737374,0.00264422196950794,-0.00226263736369517,0.00269485153982413,-0.00240176027101281
"rs929708","education_years",0.383838383838384,0.00151072137654657,-0.00433503630023944,0.00146421735693103,-0.00430194446350372
"rs929708","education_years",0.393939393939394,-1.33555910666455e-05,-0.00408474769768563,-1.28075326119586e-05,-0.00413602297897486
"rs929708","education_years",0.404040404040404,-0.00139396082555773,-0.00223190897717153,-0.00136553556718408,-0.00227836506991065
"rs929708","education_years",0.414141414141414,-0.0023181577772457,7.58023004297315e-06,-0.00240152138916438,0.000143803351070366
"rs929708","education_years",0.424242424242424,-0.00270671701130642,0.0020011448147801,-0.0026835456460612,0.00191629869442413
"rs929708","education_years",0.434343434343434,-0.00246339439558634,0.00274609542225107,-0.00238445223322721,0.00266968701487509
"rs929708","education_years",0.444444444444444,-0.00146401967651715,0.000400372666611701,-0.00174643586286667,0.000789593672929151
"rs929708","education_years",0.454545454545455,-0.000604340255526023,-0.00249638232023087,-0.000280233996948941,-0.00296312939882529
"rs929708","education_years",0.464646464646465,-0.000723003753744318,-0.00314656840246863,-0.000776397111647074,-0.00294406156145175
"rs929708","education_years",0.474747474747475,-0.00133489954008114,-0.00261839032257275,-0.00136145731072877,-0.00261901929425828
"rs929708","education_years",0.484848484848485,-0.00171316442468155,-0.00255605805180197,-0.00175879246072287,-0.00264234287818878
"rs929708","education_years",0.494949494949495,-0.00152452535803616,-0.00292926559375435,-0.0015006348616615,-0.00275144668050993
"rs929708","education_years",0.505050505050505,-0.000672264787644571,-0.00286633669311943,-0.000669015158590862,-0.00301968707441945
"rs929708","education_years",0.515151515151515,0.000660601154705109,-0.00150618709467053,0.000431909364619228,-0.00150771507731332
"rs929708","education_years",0.525252525252525,0.00154509577096815,0.00108017939459694,0.00188856319456458,0.00111104690615923
"rs929708","education_years",0.535353535353535,0.0017117735147104,0.00294325178802973,0.00177712048424888,0.00290003584294623
"rs929708","education_years",0.545454545454546,0.00125164060331171,0.00240137402834291,0.000882328028099559,0.00258765478360136
"rs929708","education_years",0.555555555555556,0.000795087596688244,0.00059949395076755,0.000985892836591953,0.000460413382745425
"rs929708","education_years",0.565656565656566,0.000679923075534789,-0.000716375127641832,0.000678851301429947,-0.00074990741155292
"rs929708","education_years",0.575757575757576,-3.18391256359155e-05,-0.000607637323298046,2.51347076680741e-06,-0.000558253422702969
"rs929708","education_years",0.585858585858586,-0.000969943184207912,0.000218415883099188,-0.000938329710980315,0.00018750871600895
"rs929708","education_years",0.595959595959596,-0.00145640884663483,0.000845499220711939,-0.00160756217020243,0.000882409899022727
"rs929708","education_years",0.606060606060606,-0.00131802818860726,0.00106165413113066,-0.00126687393581339,0.00104363448255034
"rs929708","education_years",0.616161616161616,-0.000655418740807476,0.000978214446197211,-0.00062660046547465,0.00101010772811484
"rs929708","education_years",0.626262626262626,-3.64852591307226e-05,0.00109584035545042,-5.79453077814645e-05,0.00102917006556822
"rs929708","education_years",0.636363636363636,0.000316204189912166,0.00126433679705249,0.000337191331339136,0.0012918408090008
"rs929708","education_years",0.646464646464647,0.000389577827546286,0.00108784163491108,0.000436630752484975,0.0011456081476572
"rs929708","education_years",0.656565656565657,0.000413491066748581,0.000272525384418492,0.000322617756515052,0.0002385981564907
"rs929708","education_years",0.666666666666667,0.000295697754214773,-0.000375052082479972,0.000268180871157862,-0.000439481913901523
"rs929708","education_years",0.676767676767677,-0.000135472148168687,-0.000110040902130803,2.01944613140687e-05,-4.2586023766318e-05
"rs929708","education_years",0.686868686868687,-0.000961028629252014,0.000419028816024764,-0.000998587285172073,0.000443730955867222
"rs929708","education_years",0.696969696969697,-0.00200342488727128,0.000598345190438551,-0.00208657276351124,0.000476607733990122
"rs929708","education_years",0.707070707070707,-0.00244199665585819,0.000992057311548988,-0.00242603266951646,0.00109149970075912
"rs929708","education_years",0.717171717171717,-0.00242198648470095,0.00113020984023961,-0.00240997203333701,0.00118670937876615
"rs929708","education_years",0.727272727272727,-0.00231587140955706,0.000497616344648007,-0.00230942557261759,0.000361757156281162
"rs929708","education_years",0.737373737373737,-0.00220326781610627,-0.000184666327350518,-0.00218376920124397,-0.00010568886046869
"rs929708","education_years",0.747474747474748,-0.00201184653999448,-0.000238523403134472,-0.00200968334504067,-0.00025543644001953
"rs929708","education_years",0.757575757575758,-0.00143360274967746,-0.000163505366969432,-0.0014836583009469,-0.000158497063621125
"rs929708","education_years",0.767676767676768,-0.000398784757567094,0.000110219697155112,-0.000390303379226614,7.5592375421143e-05
"rs929708","education_years",0.777777777777778,0.000971800780296126,0.000699118825131404,0.000928187199700716,0.000752236230453667
"rs929708","education_years",0.787878787878788,0.00214583486046371,0.00112719638585908,0.00218916654626287,0.00111889937294421
"rs929708","education_years",0.797979797979798,0.00261463600126988,0.00130427414003266,0.00268911723526511,0.00119789105923527
"rs929708","education_years",0.808080808080808,0.0020527026009506,0.00125630196801489,0.00199139107845393,0.0014400649920386
"rs929708","education_years",0.818181818181818,0.000732302594804645,0.000904213633062152,0.000796553989927811,0.000792133504639752
"rs929708","education_years",0.828282828282828,-0.000825026038900887,0.00017541056790497,-0.000822833824645474,0.000156263282304471
"rs929708","education_years",0.838383838383838,-0.00185512528163763,-0.000798614109464491,-0.00195653600753111,-0.000703129085778459
"rs929708","education_years",0.848484848484849,-0.00212077183437112,-0.00156082602126894,-0.00209794854489162,-0.00161866312709827
"rs929708","education_years",0.858585858585859,-0.00158918937383191,-0.00168707280409249,-0.00156051181990765,-0.00171636111193138
"rs929708","education_years",0.868686868686869,-0.000418627101614203,-0.0011775497129992,-0.000461018365981683,-0.00114453918652331
"rs929708","education_years",0.878787878787879,0.00113536363322811,-0.000275695539444449,0.00109378206478724,-0.00029871192308927
"rs929708","education_years",0.888888888888889,0.00259864131952152,0.000398791376658654,0.00266347121169249,0.000440770796876049
"rs929708","education_years",0.898989898989899,0.0033658902912719,0.000778523978135826,0.003427660171131,0.00074242950354763
"rs929708","education_years",0.909090909090909,0.00306714823672604,0.000978764241735699,0.00303557537218282,0.00100177205404574
"rs929708","education_years",0.919191919191919,0.00228165703023558,0.00109583115971203,0.00225342628124737,0.00110424447586801
"rs929708","education_years",0.929292929292929,0.00154906851979401,0.000996040956907866,0.00166263998087755,0.000899553203848149
"rs929708","education_years",0.93939393939394,0.00122104356642576,0.00053656308539948,0.000978039452936828,0.00070188976118817
"rs929708","education_years",0.94949494949495,0.0011926295610221,-0.000221735271097977,0.00125491079185745,-0.000313941427971907
"rs929708","education_years",0.95959595959596,0.00107132940999219,-0.00106892811649562,0.00131885441935938,-0.00110713099916425
"rs929708","education_years",0.96969696969697,0.000173863998235724,-0.00155515879406985,-1.10642964591653e-05,-0.0014723022978542
"rs929708","education_years",0.97979797979798,-0.000745307121153198,-0.00174286369651771,-0.000799387062304046,-0.00179166142732992
"rs929708","education_years",0.98989898989899,-0.000867176159459206,-0.00179171592679326,-0.000789732070306904,-0.00178920915733418
"rs929708","education_years",1,-0.000725672170625285,-0.00163990799999403,-0.000737958495317027,-0.00163279856872435
"rs11719939","SNP",0,-0.00565436563606334,-0.00774476630707387,-0.00573151638002995,-0.00774347829539286
"rs11719939","SNP",0.0101010101010101,-0.00940128758543187,-0.00579972394427665,-0.00850994619420635,-0.00595440229045998
"rs11719939","SNP",0.0202020202020202,-0.0106702792827835,-0.00642491904870139,-0.0122141681432569,-0.00592526455749206
"rs11719939","SNP",0.0303030303030303,-0.00881573233406463,-0.00670746004143005,-0.0087471334650987,-0.00720981038150633
"rs11719939","SNP",0.0404040404040404,-0.00516679620345579,-0.00406714121144002,-0.0035209147859989,-0.00427429595393446
"rs11719939","SNP",0.0505050505050505,-0.00397589008852247,-0.00369192643124681,-0.00558491304289715,-0.00310162705175282
"rs11719939","SNP",0.0606060606060606,-0.00689877733603415,-0.0077042450313831,-0.00677245646186629,-0.00757925544740922
"rs11719939","SNP",0.0707070707070707,-0.0137453881529892,-0.015355573651901,-0.0115893826842727,-0.0158317040146155
"rs11719939","SNP",0.0808080808080808,-0.0204916250237202,-0.0197549935713224,-0.0224368674918192,-0.0195537635095113
"rs11719939","SNP",0.0909090909090909,-0.0230420367533088,-0.0155935315912281,-0.0236958812966149,-0.0161488269147846
"rs11719939","SNP",0.101010101010101,-0.0212093732171267,-0.0088453793261328,-0.0196013219856861,-0.00808707890318719
"rs11719939","SNP",0.111111111111111,-0.0171318898004717,-0.00385422219066088,-0.0179000131666389,-0.00425129556341678
"rs11719939","SNP",0.121212121212121,-0.012479007810329,-0.00324532225080689,-0.0127971163188717,-0.00306552505411925
"rs11719939","SNP",0.131313131313131,-0.0064967289131418,-0.00659013648448565,-0.00610592146610134,-0.00644538656783854
"rs11719939","SNP",0.141414141414141,-0.00116370835729685,-0.00921606213424291,-0.000793147226837114,-0.00953860613413346
"rs11719939","SNP",0.151515151515152,0.00164481801377108,-0.00747159373663962,0.00129129529285133,-0.00751083735056735
"rs11719939","SNP",0.161616161616162,0.00402836770131975,-0.0055022640318699,0.00383556623470259,-0.00537777428004768
"rs11719939","SNP",0.171717171717172,0.00761829583986911,-0.00630193342563701,0.00763303503252737,-0.00564921494224729
"rs11719939","SNP",0.181818181818182,0.00929546107172284,-0.00341273489061887,0.0097507132820627,-0.00470513219438688
"rs11719939","SNP",0.191919191919192,0.00886649661398207,0.000916130051620155,0.00861679886287079,0.00143875054602995
"rs11719939","SNP",0.202020202020202,0.00714584575666303,0.00267598553644212,0.0070835195219882,0.00335508105891883
"rs11719939","SNP",0.212121212121212,0.00459156680373425,0.00262825876120073,0.00479499301256192,0.00195496933487318
"rs11719939","SNP",0.222222222222222,0.00177103987776937,0.00279474633993322,0.0016233663931599,0.0028213906517217
"rs11719939","SNP",0.232323232323232,-0.000209520430163898,0.0047685748390907,-0.000251581191568026,0.00491271105148868
"rs11719939","SNP",0.242424242424242,-0.00106483263177763,0.00741053586699466,-0.00115334184729513,0.00740393076800651
"rs11719939","SNP",0.252525252525253,-0.00124873241740386,0.00820568192315549,-0.00125201079741999,0.00787965546228802
"rs11719939","SNP",0.262626262626263,-0.00254291654195511,0.00390034429575216,-0.00223783082254452,0.00467048811878844
"rs11719939","SNP",0.272727272727273,-0.00477633521898005,-0.00157861372512683,-0.004824317655423,-0.00194745405653121
"rs11719939","SNP",0.282828282828283,-0.00716546960631966,-0.00357538560159371,-0.00737577028482397,-0.00404494534301161
"rs11719939","SNP",0.292929292929293,-0.00891395056699384,-0.00237461826295547,-0.008852372324222,-0.00185815652465165
"rs11719939","SNP",0.303030303030303,-0.00949031398668158,0.000157336061182823,-0.00937865068165307,-0.000168417949414788
"rs11719939","SNP",0.313131313131313,-0.00918393039290764,0.00129327985362486,-0.00926400793301898,0.00156899663812575
"rs11719939","SNP",0.323232323232323,-0.00754574493511487,6.1513449300648e-05,-0.00763517987332217,5.32490829783111e-05
"rs11719939","SNP",0.333333333333333,-0.00411567773595287,-0.00340316132672444,-0.00408160953355285,-0.00347675306379349
"rs11719939","SNP",0.343434343434343,0.000603908214655379,-0.00664202647446916,0.000632819371231917,-0.0065755780548138
"rs11719939","SNP",0.353535353535354,0.00577124317757996,-0.00675683849523857,0.00551834762364463,-0.00699248012582167
"rs11719939","SNP",0.363636363636364,0.0103027303131425,-0.00292340308370891,0.0107569130639697,-0.00297874291272668
"rs11719939","SNP",0.373737373737374,0.0136294048653001,-0.000491919532812491,0.0135435803385616,-6.85887547662291e-05
"rs11719939","SNP",0.383838383838384,0.0157317041455736,-0.00455344683395633,0.0154201191941096,-0.00486320468173285
"rs11719939","SNP",0.393939393939394,0.0176440084837664,-0.0129716272228052,0.0178668239372741,-0.0126683771729508
"rs11719939","SNP",0.404040404040404,0.0186757947044486,-0.0212110656345892,0.018763528046018,-0.02124631884741
"rs11719939","SNP",0.414141414141414,0.0179926629166868,-0.0255032445810378,0.0177865163730107,-0.0258610582251172
"rs11719939","SNP",0.424242424242424,0.0163056549113244,-0.0257788188654768,0.0163805870196006,-0.0258946149923116
"rs11719939","SNP",0.434343434343434,0.0131787662361473,-0.0218923484390878,0.0124700849613176,-0.0206536813812244
"rs11719939","SNP",0.444444444444444,0.00421092191760804,-0.0119546961935331,0.00607036264659289,-0.0141115847120466
"rs11719939","SNP",0.454545454545455,-0.00785813515065256,-0.00211525565804722,-0.00838129392496342,-0.000715839000939374
"rs11719939","SNP",0.464646464646465,-0.0185080985123924,0.000738549886300511,-0.0197587326711774,0.00087771653150961
"rs11719939","SNP",0.474747474747475,-0.024770631991655,-0.00419340328628073,-0.0241869194160825,-0.00432596829223688
"rs11719939","SNP",0.484848484848485,-0.0256312751719435,-0.0134049029538514,-0.0255234948741282,-0.0135269961986271
"rs11719939","SNP",0.494949494949495,-0.0248631707550542,-0.0159667949131082,-0.0247963002906266,-0.0162621971917193
"rs11719939","SNP",0.505050505050505,-0.0219016260751317,-0.0130258229189545,-0.0222737587936692,-0.0127386646270177
"rs11719939","SNP",0.515151515151515,-0.016409594578947,-0.00758913832436626,-0.0166138285444192,-0.00757149399473012
"rs11719939","SNP",0.525252525252525,-0.0129556001292737,0.00205723628020334,-0.011843683905141,0.00152592907984107
"rs11719939","SNP",0.535353535353535,-0.0101768119745951,0.00869137351129338,-0.0103476190145523,0.00923646404173475
"rs11719939","SNP",0.545454545454546,-0.00541741594513367,0.00552716150029917,-0.00672501929527726,0.00591031242289898
"rs11719939","SNP",0.555555555555556,0.00151540543575584,-0.00168765011274403,0.00194472234717843,-0.00221021129004679
"rs11719939","SNP",0.565656565656566,0.00855115694320047,-0.00550962392086524,0.00915403586486278,-0.00565717154153005
"rs11719939","SNP",0.575757575757576,0.00927524243132146,-0.00465946786070688,0.00932850348359944,-0.00426668329824865
"rs11719939","SNP",0.585858585858586,0.00461011499374824,-0.000947807090004236,0.00438149549039714,-0.00143920450776251
"rs11719939","SNP",0.595959595959596,-0.00256644111836776,0.00358730021009259,-0.00236205141459529,0.00406536605682885
"rs11719939","SNP",0.606060606060606,-0.0105399297915293,0.00765020337564246,-0.0103226699464073,0.00738995949939355
"rs11719939","SNP",0.616161616161616,-0.0169993516644845,0.0100749078181514,-0.0174612402906378,0.0101378050529798
"rs11719939","SNP",0.626262626262626,-0.0173761622654239,0.0101797690498966,-0.017501837497668,0.0103655477931895
"rs11719939","SNP",0.636363636363636,-0.0113815159128371,0.01005973004407,-0.0115918563475113,0.00962737799446641
"rs11719939","SNP",0.646464646464647,-0.000872688216376729,0.0102784809096553,-0.00082719623752875,0.0106256312794204
"rs11719939","SNP",0.656565656565657,0.00966776230540277,0.00543590821029887,0.0100480692738394,0.00568786273152004
"rs11719939","SNP",0.666666666666667,0.0180716245940214,-0.00013252296568565,0.0180066189396342,-0.000719926847642724
"rs11719939","SNP",0.676767676767677,0.023282187959216,-0.000950689484636008,0.0232459271204901,-0.000708906380757997
"rs11719939","SNP",0.686868686868687,0.0255200304504728,0.00104519926343593,0.0255495885506257,0.00125408989362099
"rs11719939","SNP",0.696969696969697,0.0248381074051137,0.0029163290963,0.0246744407419257,0.00224881547390374
"rs11719939","SNP",0.707070707070707,0.0200610512926506,0.00473112595101077,0.0205427692581427,0.0055761568199802
"rs11719939","SNP",0.717171717171717,0.0124043765678754,0.00582980116125842,0.012624902721885,0.00539772257069567
"rs11719939","SNP",0.727272727272727,0.00417761237991736,0.00544130014892901,0.00360358451812703,0.00540010644585194
"rs11719939","SNP",0.737373737373737,-0.000811480227123753,0.0039281976307565,-0.000996190112581853,0.00426274234208185
"rs11719939","SNP",0.747474747474748,-7.24118374918167e-05,0.00249299146404018,-0.000204651315486034,0.00199507256941438
"rs11719939","SNP",0.757575757575758,0.00270685800523117,0.00331033632481649,0.00297073160325967,0.00366388324337444
"rs11719939","SNP",0.767676767676768,0.00450201795140376,0.00409577691127065,0.00466623603502254,0.00395318536346032
"rs11719939","SNP",0.777777777777778,0.00324443522062958,0.00258164883627853,0.00313868624816697,0.00278012511429742
"rs11719939","SNP",0.787878787878788,-0.00108648121190058,0.000861412119721427,-0.000671105130787184,0.000689242969064297
"rs11719939","SNP",0.797979797979798,-0.00582129215222012,-0.000587436040998239,-0.00596050214892355,-0.000753774696454019
"rs11719939","SNP",0.808080808080808,-0.00829545653969715,-0.0016519835959865,-0.00894623261816033,-0.00113371841877253
"rs11719939","SNP",0.818181818181818,-0.00818724694557525,-0.000790998899537318,-0.00778567680128713,-0.00127401813139178
"rs11719939","SNP",0.828282828282828,-0.00607612801880938,0.00282156792738682,-0.00604471475272501,0.0028192149150445
"rs11719939","SNP",0.838383838383838,-0.00345274648016244,0.00660318542477836,-0.0035595827147221,0.00691965615783352
"rs11719939","SNP",0.848484848484849,-0.000720147291492339,0.0104209217607733,-0.000530126355226415,0.0102683882594157
"rs11719939","SNP",0.858585858585859,0.0022150994613914,0.0145091429818498,0.00213610459034688,0.0143542337150462
"rs11719939","SNP",0.868686868686869,0.006029232768225,0.0170495453540905,0.005880477910582,0.0171188019088437
"rs11719939","SNP",0.878787878787879,0.0110185087779004,0.0168863276634556,0.0108586431958834,0.0175136380751558
"rs11719939","SNP",0.888888888888889,0.0154251557446708,0.016779469990676,0.0156659447380589,0.0157350283160968
"rs11719939","SNP",0.898989898989899,0.0171605669902008,0.017517028120917,0.0173203120941695,0.0177725626724058
"rs11719939","SNP",0.909090909090909,0.0149488627832325,0.0178154529178269,0.0151784654060696,0.0187989993547544
"rs11719939","SNP",0.919191919191919,0.0107887953584318,0.013605925383217,0.0106169045942823,0.012601829372619
"rs11719939","SNP",0.929292929292929,0.00831742877227531,0.00894914241727476,0.00799648822163272,0.00881951732527257
"rs11719939","SNP",0.93939393939394,0.0100228577862664,0.00824542920068463,0.00967048359675115,0.00900342013238232
"rs11719939","SNP",0.94949494949495,0.0129230025629944,0.0078394017813591,0.0133119943373917,0.00734655853516855
"rs11719939","SNP",0.95959595959596,0.0133077773455204,0.00364826182612908,0.0139104545876017,0.00378290581246171
"rs11719939","SNP",0.96969696969697,0.0105458421950493,-0.00243280266753029,0.00993458540857761,-0.00235742971563673
"rs11719939","SNP",0.97979797979798,0.00672777449236682,-0.00839435191123636,0.00692381970619933,-0.00838295549256274
"rs11719939","SNP",0.98989898989899,0.00390434137433464,-0.0127328666469273,0.00373407316226586,-0.0129611544589861
"rs11719939","SNP",1,0.00188468941273861,-0.0144962486266218,0.00197008392366119,-0.0143625242849209
"rs11719939","intercept",0,0.738022514524068,0.800960872183613,0.724957904937247,0.801515846112875
"rs11719939","intercept",0.0101010101010101,0.573455541962378,0.888100520263992,0.593344074795553,0.88605679012297
"rs11719939","intercept",0.0202020202020202,0.289625731511894,0.994421575577537,0.288277816745484,0.997129048977483
"rs11719939","intercept",0.0303030303030303,-0.0774939764035923,0.987683768942699,-0.0756722639594297,0.986468617606902
"rs11719939","intercept",0.0404040404040404,-0.448642170312511,0.817296036471137,-0.452007783967914,0.816250395028032
"rs11719939","intercept",0.0505050505050505,-0.740086117028613,0.520516110395211,-0.745537364150709,0.522560160072373
"rs11719939","intercept",0.0606060606060606,-0.924665391465745,0.220648862787716,-0.926884572681415,0.220006373129897
"rs11719939","intercept",0.0707070707070707,-1.00015263072739,0.0349657505793949,-0.998790929264827,0.0336759884605016
"rs11719939","intercept",0.0808080808080808,-1.00251657291158,-0.0117527000648372,-1.00145923351295,-0.0101251223573163
"rs11719939","intercept",0.0909090909090909,-0.970615653932821,0.0734001965647202,-0.968930427171306,0.0719940691420165
"rs11719939","intercept",0.101010101010101,-0.916022730153952,0.247279464430169,-0.916939411352534,0.248505784110967
"rs11719939","intercept",0.111111111111111,-0.841058251213484,0.453800096959552,-0.842576145242771,0.453071855067085
"rs11719939","intercept",0.121212121212121,-0.752292638974047,0.640373242583759,-0.751056737708778,0.640477068680263
"rs11719939","intercept",0.131313131313131,-0.671141654655019,0.777020374648337,-0.669878775764413,0.77726154107242
"rs11719939","intercept",0.141414141414141,-0.60492878619541,0.856053480726108,-0.60522295609157,0.855910633058739
"rs11719939","intercept",0.151515151515152,-0.554672970783634,0.879485566662195,-0.554020028228435,0.879512132590601
"rs11719939","intercept",0.161616161616162,-0.515165457933233,0.870386582859063,-0.51506065570698,0.870253626923022
"rs11719939","intercept",0.171717171717172,-0.478347212550295,0.857243442654441,-0.479300042150897,0.857685661944687
"rs11719939","intercept",0.181818181818182,-0.434349610647743,0.864700008002663,-0.43491603158747,0.864049013039341
"rs11719939","intercept",0.191919191919192,-0.385466112996922,0.899737033385611,-0.385385286949922,0.900199743868117
"rs11719939","intercept",0.202020202020202,-0.336780696277673,0.961861839436757,-0.335884334249596,0.961676950107722
"rs11719939","intercept",0.212121212121212,-0.291083953356665,1.03850384566432,-0.291040278614537,1.03855455692262
"rs11719939","intercept",0.222222222222222,-0.2488355926452,1.11125717275077,-0.249247427811681,1.11119198660378
"rs11719939","intercept",0.232323232323232,-0.205042370644501,1.15539560488399,-0.205121927412288,1.15556037238649
"rs11719939","intercept",0.242424242424242,-0.159262313746547,1.1631489334399,-0.158852768687313,1.16277253011727
"rs11719939","intercept",0.252525252525253,-0.111643318312541,1.13127831220339,-0.111988300030086,1.13207623337553
"rs11719939","intercept",0.262626262626263,-0.0595940573904882,1.06082005622651,-0.0599660587575018,1.0598571031925
"rs11719939","intercept",0.272727272727273,-0.00437629271033062,0.976085054742287,-0.00365746253512791,0.97668061695509
"rs11719939","intercept",0.282828282828283,0.0522132182404472,0.906965468039534,0.051813448297773,0.906876427177071
"rs11719939","intercept",0.292929292929293,0.111078155755113,0.881992371175335,0.111088346187244,0.881832569815225
"rs11719939","intercept",0.303030303030303,0.172450884939852,0.914782728470461,0.172063396248143,0.914955765433379
"rs11719939","intercept",0.313131313131313,0.232830965059162,0.966989752265609,0.233729745882356,0.966390805441675
"rs11719939","intercept",0.323232323232323,0.293983101494869,1.01101923840661,0.29474611690682,1.01260095610144
"rs11719939","intercept",0.333333333333333,0.359092070082265,1.02539540313425,0.357143932268649,1.02337721177291
"rs11719939","intercept",0.343434343434343,0.430411357720896,0.98778972133555,0.432731638900205,0.988475378918086
"rs11719939","intercept",0.353535353535354,0.516093001218678,0.881749697606055,0.515588634885381,0.883550507248071
"rs11719939","intercept",0.363636363636364,0.635268015219741,0.707609450797333,0.626418415754162,0.704512030549278
"rs11719939","intercept",0.373737373737374,0.759012743578529,0.441511331080676,0.76302772185537,0.443393579734767
"rs11719939","intercept",0.383838383838384,0.842335298539712,0.0844179283912169,0.851178019063374,0.0852417688091871
"rs11719939","intercept",0.393939393939394,0.846220900712106,-0.251230991730779,0.844278836862378,-0.253638962411026
"rs11719939","intercept",0.404040404040404,0.793389017312743,-0.492944246759126,0.788497492614166,-0.49088018718122
"rs11719939","intercept",0.414141414141414,0.721745392916233,-0.596623692174505,0.728409040369427,-0.598224165625781
"rs11719939","intercept",0.424242424242424,0.665684914042505,-0.559404266775336,0.657374514203229,-0.5560537543922
"rs11719939","intercept",0.434343434343434,0.616869406423277,-0.346831720457508,0.594393686339433,-0.353616325214343
"rs11719939","intercept",0.444444444444444,0.452114187927332,0.142908177911822,0.513364595020081,0.146285892894807
"rs11719939","intercept",0.454545454545455,0.216678739089822,0.652607687601051,0.184164874563142,0.663436935805752
"rs11719939","intercept",0.464646464646465,-0.00418771597295599,0.91491336184005,-0.0194402814190291,0.893662761359906
"rs11719939","intercept",0.474747474747475,-0.175576487761015,1.02280836130102,-0.164263335799701,1.03772227575364
"rs11719939","intercept",0.484848484848485,-0.295868221520065,1.10268180361589,-0.293947730327435,1.10219237891463
"rs11719939","intercept",0.494949494949495,-0.427354600261454,1.0847483478884,-0.428205278285766,1.07732435900703
"rs11719939","intercept",0.505050505050505,-0.577408441684854,0.964697742622205,-0.575356664893571,0.971056094918556
"rs11719939","intercept",0.515151515151515,-0.728130564925392,0.756426069617278,-0.723093933681785,0.754194455906701
"rs11719939","intercept",0.525252525252525,-0.841070130069236,0.447950387381679,-0.850188008055032,0.447079602441911
"rs11719939","intercept",0.535353535353535,-0.891063140462606,0.108751477938567,-0.893895594540848,0.112159724420196
"rs11719939","intercept",0.545454545454546,-0.866561653700133,-0.182189404024028,-0.859741542886746,-0.186771492329647
"rs11719939","intercept",0.555555555555556,-0.790828869146339,-0.401684824452548,-0.795481913127138,-0.39926367551324
"rs11719939","intercept",0.565656565656566,-0.691831883883907,-0.55188296169704,-0.691084483634454,-0.550651600839979
"rs11719939","intercept",0.575757575757576,-0.583640835367319,-0.669002997744195,-0.581798277052546,-0.671274308768531
"rs11719939","intercept",0.585858585858586,-0.484721338402884,-0.754740770452641,-0.486338838538887,-0.75529906420758
"rs11719939","intercept",0.595959595959596,-0.410921764864888,-0.804861927725091,-0.406539417992299,-0.801616240893307
"rs11719939","intercept",0.606060606060606,-0.359227149823403,-0.837321859013637,-0.361363473039966,-0.83928705560612
"rs11719939","intercept",0.616161616161616,-0.321203951293443,-0.873278954614038,-0.323019319015988,-0.874960935824895
"rs11719939","intercept",0.626262626262626,-0.288411623124052,-0.92015955332635,-0.286562546525891,-0.916502548692441
"rs11719939","intercept",0.636363636363636,-0.262922745310332,-0.965628306123074,-0.263433475746344,-0.967813075066415
"rs11719939","intercept",0.646464646464647,-0.249408207876234,-0.991789821140775,-0.250117181570436,-0.992566689119365
"rs11719939","intercept",0.656565656565657,-0.24922436038018,-0.984549292819498,-0.246744189475986,-0.982874115741765
"rs11719939","intercept",0.666666666666667,-0.253554248835974,-0.963100203537592,-0.253637461545854,-0.96269295874391
"rs11719939","intercept",0.676767676767677,-0.251999262082245,-0.949114493625788,-0.25514463780475,-0.951366108304011
"rs11719939","intercept",0.686868686868687,-0.237801806580355,-0.9396839177711,-0.237079956679708,-0.939081528600157
"rs11719939","intercept",0.696969696969697,-0.20884081779817,-0.931612382301657,-0.207121266145113,-0.928344490158132
"rs11719939","intercept",0.707070707070707,-0.174179744611318,-0.939257251069486,-0.175350997917455,-0.943576714406035
"rs11719939","intercept",0.717171717171717,-0.131725970514259,-0.959331747241468,-0.131982939993195,-0.959038786452256
"rs11719939","intercept",0.727272727272727,-0.0775690416430788,-0.985382585271611,-0.0773422465164576,-0.981512168732672
"rs11719939","intercept",0.737373737373737,-0.0154094946823431,-1.02179178349964,-0.0156356953407513,-1.02515829821557
"rs11719939","intercept",0.747474747474748,0.049612397809892,-1.06738114944341,0.0498472351500585,-1.06696927346366
"rs11719939","intercept",0.757575757575758,0.114147715259415,-1.09540596699834,0.114107444367351,-1.09433334627897
"rs11719939","intercept",0.767676767676768,0.175067768572882,-1.10089097746967,0.175322932966543,-1.10101403810792
"rs11719939","intercept",0.777777777777778,0.230692388965327,-1.08396833100107,0.231822599917428,-1.08594749034291
"rs11719939","intercept",0.787878787878788,0.28499866027091,-1.04010423583109,0.283658349385292,-1.0379679264062
"rs11719939","intercept",0.797979797979798,0.341954446114363,-0.982134353262762,0.340682490775942,-0.981065168637576
"rs11719939","intercept",0.808080808080808,0.402933686070355,-0.926443389442472,0.404531239312581,-0.93045849324998
"rs11719939","intercept",0.818181818181818,0.46045305910181,-0.883840562113104,0.459380961919325,-0.880655308694672
"rs11719939","intercept",0.828282828282828,0.504632081412238,-0.865373740047035,0.504384036108604,-0.865773776833287
"rs11719939","intercept",0.838383838383838,0.526056675999827,-0.881814467727787,0.527762260462322,-0.88295268038502
"rs11719939","intercept",0.848484848484849,0.519921107138671,-0.918341145527939,0.520367632026414,-0.917278754995757
"rs11719939","intercept",0.858585858585859,0.485467417924182,-0.955768694920546,0.48534118083842,-0.956177528458829
"rs11719939","intercept",0.868686868686869,0.433337577854655,-0.984683789021859,0.433547851146891,-0.984993809572934
"rs11719939","intercept",0.878787878787879,0.377181732573276,-0.993176183051381,0.377981907282742,-0.992043500269933
"rs11719939","intercept",0.888888888888889,0.331618831082282,-0.959609786541867,0.330348251802743,-0.96112735044407
"rs11719939","intercept",0.898989898989899,0.31277011765758,-0.897542963392238,0.311700912249487,-0.896986996790304
"rs11719939","intercept",0.909090909090909,0.331309418642962,-0.828960692659911,0.33061449176404,-0.827781229738032
"rs11719939","intercept",0.919191919191919,0.378545819448343,-0.767337133324901,0.381206762405251,-0.769101721565984
"rs11719939","intercept",0.929292929292929,0.455081088465502,-0.716207599831721,0.453155250137357,-0.71576686536077
"rs11719939","intercept",0.93939393939394,0.563409176982904,-0.672283859579314,0.56247060599508,-0.671280198817593
"rs11719939","intercept",0.94949494949495,0.698516641779422,-0.613315373934922,0.699407122254343,-0.613898922984059
"rs11719939","intercept",0.95959595959596,0.8516702614202,-0.513754106874593,0.84694607540598,-0.514833280203153
"rs11719939","intercept",0.96969696969697,1.00172909640272,-0.354642065283923,1.004081631247,-0.352499258580172
"rs11719939","intercept",0.97979797979798,1.1055652787487,-0.121735240935685,1.11240222668482,-0.123862192837179
"rs11719939","intercept",0.98989898989899,1.13131301494327,0.160268831162658,1.13067046461507,0.161607406094955
"rs11719939","intercept",1,1.11229880821468,0.314177348835366,1.1089525428025,0.313793930042002
"rs11719939","male",0,0.0386699862579103,-0.0478047489583787,0.0382454609965008,-0.0477518176882217
"rs11719939","male",0.0101010101010101,0.0286762715963325,-0.0319953202660415,0.029323785504024,-0.0321755856704247
"rs11719939","male",0.0202020202020202,0.00121989906886056,-0.00947071364435397,0.00193292149306542,-0.00929860860128019
"rs11719939","male",0.0303030303030303,-0.0228102666936498,-0.000222315550279922,-0.0235182620607,8.88801482619343e-05
"rs11719939","male",0.0404040404040404,-0.0232796636087851,0.0117547915982227,-0.0260718263961257,0.0105638312810292
"rs11719939","male",0.0505050505050505,-0.0200229304794841,0.0280111397566571,-0.0157160103136734,0.029531196918616
"rs11719939","male",0.0606060606060606,-0.019401289161253,0.0380483874750034,-0.0201496001841647,0.0373539865085849
"rs11719939","male",0.0707070707070707,-0.0212083660672839,0.0329088068663798,-0.0240744943600771,0.0326668746499903
"rs11719939","male",0.0808080808080808,-0.0239975041548681,0.0187947530952717,-0.0216091330655652,0.0189160488481435
"rs11719939","male",0.0909090909090909,-0.026690700209312,0.0053126075492321,-0.0263452032941476,0.00604527690378132
"rs11719939","male",0.101010101010101,-0.0299149814331679,-0.00155050662759862,-0.0316726605420632,-0.0027604902087873
"rs11719939","male",0.111111111111111,-0.0309366263181188,-0.00449458116812256,-0.029805296135493,-0.00374110363274338
"rs11719939","male",0.121212121212121,-0.0281915238593863,-0.00791104575403428,-0.0283518299767042,-0.00780593664677076
"rs11719939","male",0.131313131313131,-0.0266843797348994,-0.0139541109443145,-0.0268273303668988,-0.0143721934065217
"rs11719939","male",0.141414141414141,-0.0250029835396058,-0.0215867428399585,-0.0247678138162032,-0.0216321034182834
"rs11719939","male",0.151515151515152,-0.0203447866181664,-0.0283011245072335,-0.0206629538686747,-0.0278001280473947
"rs11719939","male",0.161616161616162,-0.0129422822513301,-0.0285137091959544,-0.012862440303395,-0.0286839611415765
"rs11719939","male",0.171717171717172,-0.00362251890390013,-0.0199424933923023,-0.00334634344332736,-0.0206265201550944
"rs11719939","male",0.181818181818182,0.0069702846017501,-0.0133488011521871,0.00649411189593557,-0.0123259620950419
"rs11719939","male",0.191919191919192,0.0164601485134532,-0.0106101314532455,0.0166670993852673,-0.0109851261184917
"rs11719939","male",0.202020202020202,0.0224952168522716,-0.0101200598896699,0.0227417838168519,-0.010532017992435
"rs11719939","male",0.212121212121212,0.0247160949619495,-0.00929076929062593,0.0245729778823413,-0.00874189490924613
"rs11719939","male",0.222222222222222,0.0241963911139544,-0.00815134574846379,0.024117902403359,-0.00849722294798529
"rs11719939","male",0.232323232323232,0.0244196589506375,-0.0134006072237083,0.024405799861495,-0.0132445847661515
"rs11719939","male",0.242424242424242,0.0244859196420967,-0.0154825273329739,0.0245893365108536,-0.015230149667831
"rs11719939","male",0.252525252525253,0.0226197116532152,-0.00725980492397648,0.0224511507535223,-0.00820351614119894
"rs11719939","male",0.262626262626263,0.0185712144811462,-0.00423799923202397,0.0187277032136879,-0.00300462250416211
"rs11719939","male",0.272727272727273,0.0113813370704429,-0.00452412333245232,0.0114906601085578,-0.00515616231463642
"rs11719939","male",0.282828282828283,0.000975802627491615,-0.00226325526732131,0.00091016955510261,-0.00242052421110224
"rs11719939","male",0.292929292929293,-0.0080170157292773,-0.000349278286247308,-0.00810715318841449,8.4559528436069e-05
"rs11719939","male",0.303030303030303,-0.0109411343142784,-0.00150412686025661,-0.0109798756279405,-0.00196530843050213
"rs11719939","male",0.313131313131313,-0.00795234897224641,-0.000968625470692143,-0.00792496877497977,-0.000436986083831579
"rs11719939","male",0.323232323232323,-0.00123279500636114,0.000553590152649399,-0.00137734294316865,1.43567172218176e-06
"rs11719939","male",0.333333333333333,0.00688993638331473,0.000876219701697091,0.00712051977724433,0.00127838149167242
"rs11719939","male",0.343434343434343,0.0143847179567752,-0.000295734115784064,0.0142363627480262,-0.000232343341431733
"rs11719939","male",0.353535353535354,0.0188151768487337,-0.00279051458127063,0.0187698963810279,-0.0035640373510225
"rs11719939","male",0.363636363636364,0.0170017859907706,-0.00559639214276092,0.0173508923604101,-0.00448883545533029
"rs11719939","male",0.373737373737374,0.00998282573135736,-0.00425066976633197,0.00995541278811788,-0.00478061781635848
"rs11719939","male",0.383838383838384,0.00106346399434196,0.00261167247965807,0.000639257806871056,0.00210374490129091
"rs11719939","male",0.393939393939394,-0.00413271893861771,0.00370665652921842,-0.00390853697188732,0.00448495333130086
"rs11719939","male",0.404040404040404,-0.00709742311457604,-0.00341663404574784,-0.00689322885450492,-0.00323832063308857
"rs11719939","male",0.414141414141414,-0.0104227484170224,-0.016807551014224,-0.0107672571081185,-0.0178450796894862
"rs11719939","male",0.424242424242424,-0.0128945184291442,-0.0297041860551943,-0.0126653598146852,-0.0292948287809363
"rs11719939","male",0.434343434343434,-0.0118899480421958,-0.0317265061853498,-0.0118173634676602,-0.0305203018555221
"rs11719939","male",0.444444444444444,-0.0043175747795779,-0.0113614759646584,-0.00455977501484858,-0.0134854291898019
"rs11719939","male",0.454545454545455,0.00793317905385897,0.0112063052768954,0.00737873643307329,0.0127906329799516
"rs11719939","male",0.464646464646465,0.0211068768413047,0.0146950241791921,0.0221858169711805,0.0141715275199787
"rs11719939","male",0.474747474747475,0.0294219491164173,0.0075469556713821,0.0289497148508959,0.00735798325383325
"rs11719939","male",0.484848484848485,0.0282718565430488,0.00337810221830815,0.0281134124200113,0.00405851637276781
"rs11719939","male",0.494949494949495,0.020154346927285,0.00495896637586471,0.0208981582047642,0.00413641819612522
"rs11719939","male",0.505050505050505,0.010760866505495,0.00553746911352938,0.00991351442520066,0.00563414159894638
"rs11719939","male",0.515151515151515,0.00517078435260655,0.000634917640932903,0.00559368657536373,0.0018484505798756
"rs11719939","male",0.525252525252525,0.00372199033429784,-0.000737400107641347,0.00348304431283282,-0.00246641779370675
"rs11719939","male",0.535353535353535,0.00263812147976356,0.00304610666168184,0.00247045974642714,0.00376750958721155
"rs11719939","male",0.545454545454546,-0.00112500292753002,0.00958797150918653,-0.000311646721142018,0.0100960562969144
"rs11719939","male",0.555555555555556,-0.00455869268391484,0.0118739042038005,-0.00529631860764694,0.0111794355741139
"rs11719939","male",0.565656565656566,-0.00513591779291902,0.00587351242759408,-0.00528454399576992,0.00618434547419119
"rs11719939","male",0.575757575757576,-0.00705967520042001,0.00108244295375606,-0.00639799120685516,0.000992218226899708
"rs11719939","male",0.585858585858586,-0.0115299005629958,-0.000971058994774325,-0.0117504269493227,-0.000905297408292047
"rs11719939","male",0.595959595959596,-0.0181280214977717,-0.00129727229937321,-0.0183471569769028,-0.0013980669216959
"rs11719939","male",0.606060606060606,-0.0249593726906089,0.00104493315255205,-0.0247581921988516,0.00124003885297942
"rs11719939","male",0.616161616161616,-0.0298505275656977,0.0055430994346544,-0.0297354523884099,0.00516478176777808
"rs11719939","male",0.626262626262626,-0.0309055064945278,0.00612006544591339,-0.0312022412432595,0.00658849671225965
"rs11719939","male",0.636363636363636,-0.0259841880706101,0.00356146169809445,-0.0259072715957651,0.00331500751117545
"rs11719939","male",0.646464646464647,-0.0141730262520123,0.000305031733800966,-0.0143251506009064,0.000145502982948017
"rs11719939","male",0.656565656565657,0.000221594637894706,-0.00313373906666002,0.000363138386979511,-0.00266673110853906
"rs11719939","male",0.666666666666667,0.0116662133420962,-0.00569422380891879,0.011635961999483,-0.00626974068427997
"rs11719939","male",0.676767676767677,0.0158404309784784,-0.00609400473397512,0.0160266827140144,-0.0056603880753334
"rs11719939","male",0.686868686868687,0.0131929987963384,-0.00325758708258616,0.0132141751466615,-0.00309876306242094
"rs11719939","male",0.696969696969697,0.0054628665679357,0.00218179331668791,0.00515766916427593,0.00109553643483724
"rs11719939","male",0.707070707070707,-0.00506224486574963,0.00469449479710871,-0.00466605996250189,0.0060291722004995
"rs11719939","male",0.717171717171717,-0.0153681952404982,0.00402024990717917,-0.0154277332789785,0.00373849255787278
"rs11719939","male",0.727272727272727,-0.0226475363453674,0.00203791119973647,-0.0230408683006741,0.00120900505553169
"rs11719939","male",0.737373737373737,-0.0255480966156492,0.00225643719184975,-0.0252369508268422,0.00297316574887389
"rs11719939","male",0.747474747474748,-0.0237225843668147,0.0061800610097472,-0.0239279878854309,0.00626657229868723
"rs11719939","male",0.757575757575758,-0.0193198878510135,0.00793183249281951,-0.0192296899795527,0.00745256269300221
"rs11719939","male",0.767676767676768,-0.014857704287806,0.00829384656159139,-0.0147518757156786,0.00834888800030346
"rs11719939","male",0.777777777777778,-0.0123880257419856,0.00864431846017763,-0.012604269672294,0.00944461886244516
"rs11719939","male",0.787878787878788,-0.0121349194714383,0.00585035708404995,-0.0118760781007662,0.00485912879270682
"rs11719939","male",0.797979797979798,-0.0129753867608797,0.00381020469163182,-0.0129044544150727,0.00378821639610662
"rs11719939","male",0.808080808080808,-0.0135627132312018,0.00642654296974105,-0.0139622333256988,0.00747211160438063
"rs11719939","male",0.818181818181818,-0.0126047456042101,0.00891697403865338,-0.0123451060047906,0.00798864148957071
"rs11719939","male",0.828282828282828,-0.00986519858488875,0.00751891449851886,-0.00987383595558132,0.00774525032370403
"rs11719939","male",0.838383838383838,-0.00742724684274461,0.00909805559103668,-0.00731308015633148,0.00924815387283107
"rs11719939","male",0.848484848484849,-0.00101848928611431,0.0151669215514562,-0.00117429924598975,0.0150606912357462
"rs11719939","male",0.858585858585859,0.013454799086974,0.0249381464108063,0.0131393356670806,0.0248852403320697
"rs11719939","male",0.868686868686869,0.031973835450604,0.0369690547611934,0.032316878550664,0.0371350261615187
"rs11719939","male",0.878787878787879,0.0485915877919586,0.0481188202318444,0.048306289904354,0.0478409625247154
"rs11719939","male",0.888888888888889,0.0579553530673712,0.0515183135807725,0.0583238276399478,0.0518209294546356
"rs11719939","male",0.898989898989899,0.0555915775587272,0.0484000481283732,0.0556785262844293,0.048375710934729
"rs11719939","male",0.909090909090909,0.041909546941222,0.0421439918509006,0.0421860703879295,0.0416808527392185
"rs11719939","male",0.919191919191919,0.0315204706226586,0.0346263761759146,0.0307486327765644,0.0352615101607928
"rs11719939","male",0.929292929292929,0.0255229303746715,0.0256315396190636,0.0253282750078411,0.0254192032021369
"rs11719939","male",0.93939393939394,0.0212817633487088,0.0147854641681239,0.0224331780595804,0.0144939697301606
"rs11719939","male",0.94949494949495,0.0194274773560803,0.002911061725769,0.0187520968398544,0.00331054309885672
"rs11719939","male",0.95959595959596,0.0188707575916097,-0.00979458230166563,0.0177730850051129,-0.01011861157247
"rs11719939","male",0.96969696969697,0.0120825335073604,-0.026188186529944,0.0146268264539736,-0.0259163632645731
"rs11719939","male",0.97979797979798,0.00381831580613593,-0.0474658010372825,0.00217102332486703,-0.0476301898636621
"rs11719939","male",0.98989898989899,0.00143085639609039,-0.071039994266484,0.00131548245652646,-0.0709962998276686
"rs11719939","male",1,0.00784105047458534,-0.081775135631313,0.00817700978879267,-0.0817760902098598
"rs11719939","age_z",0,-0.00355760431618303,-0.00176452989594098,-0.00351737325916362,-0.00197608544921112
"rs11719939","age_z",0.0101010101010101,-0.00610573575911294,-0.00494619156962717,-0.00554084996934558,-0.00448561548218726
"rs11719939","age_z",0.0202020202020202,-0.00521782825293463,-0.0115683323600447,-0.00641085084732611,-0.0115710975633113
"rs11719939","age_z",0.0303030303030303,0.000138580361498157,-0.0170897258168472,0.00022344757109592,-0.0175044034263373
"rs11719939","age_z",0.0404040404040404,0.00793750427839752,-0.0173780122755076,0.00850286078612914,-0.0176106811032891
"rs11719939","age_z",0.0505050505050505,0.0104336175193136,-0.0170064225684082,0.0105256348172084,-0.0164289262331686
"rs11719939","age_z",0.0606060606060606,0.0065555342507348,-0.0188588790293991,0.00638115317759684,-0.0187100495053442
"rs11719939","age_z",0.0707070707070707,-0.00199205160228065,-0.0233124692131979,-0.00133033882304837,-0.0235401402702302
"rs11719939","age_z",0.0808080808080808,-0.0110441539477072,-0.0248403614222675,-0.011532549879243,-0.0249304636848221
"rs11719939","age_z",0.0909090909090909,-0.0160046078941237,-0.0182294463581614,-0.0166319819864811,-0.0186900998105405
"rs11719939","age_z",0.101010101010101,-0.0144485470834702,-0.00600279416016338,-0.0141068885301285,-0.005664414412343
"rs11719939","age_z",0.111111111111111,-0.00987788565593315,0.00521734046382927,-0.0098505478642887,0.0053632725782458
"rs11719939","age_z",0.121212121212121,-0.00668817161679033,0.0104720534591217,-0.00666663128349229,0.0107503688944492
"rs11719939","age_z",0.131313131313131,-0.00656772805540895,0.0126831051145346,-0.0062285239288461,0.012146330929251
"rs11719939","age_z",0.141414141414141,-0.00850729388077252,0.0126840944581934,-0.00868455011322297,0.0128437922819984
"rs11719939","age_z",0.151515151515152,-0.0110411291103778,0.010340451476041,-0.0111402539442862,0.0106520523876725
"rs11719939","age_z",0.161616161616162,-0.0130330746772744,0.0059738124883023,-0.012843588599146,0.0057713925506858
"rs11719939","age_z",0.171717171717172,-0.0132397242282165,0.00097934632298541,-0.0135570324455858,0.00110340291831889
"rs11719939","age_z",0.181818181818182,-0.0104779904278001,-0.000686534843448326,-0.0104938019779373,-0.00106767914441799
"rs11719939","age_z",0.191919191919192,-0.00665069973973849,0.000785340696088705,-0.0065474467982836,0.000903850913161467
"rs11719939","age_z",0.202020202020202,-0.00395879784987796,0.00387530398762074,-0.003771894809633,0.0040101682078249
"rs11719939","age_z",0.212121212121212,-0.00252015101829419,0.00685504482650468,-0.00260921096379753,0.00673805923041949
"rs11719939","age_z",0.222222222222222,-0.00180928226747736,0.00827793314612083,-0.00190667195033139,0.00848685024429739
"rs11719939","age_z",0.232323232323232,-0.00109641291891479,0.00819844789383876,-0.00102782339589881,0.00804423444534461
"rs11719939","age_z",0.242424242424242,-0.000673158207226042,0.00766789731263205,-0.000631604021600565,0.00765108131186733
"rs11719939","age_z",0.252525252525253,-0.000719460934610074,0.00731476245417734,-0.000707657011005862,0.0073571931611315
"rs11719939","age_z",0.262626262626263,-0.000213341213286816,0.00593319859754166,-0.000351609081510976,0.00589008514862688
"rs11719939","age_z",0.272727272727273,0.000709907764598292,0.00380867396923383,0.000624975009185044,0.00417984932730133
"rs11719939","age_z",0.282828282828283,0.00139675194733901,0.00195645934332725,0.00160712714495398,0.00144570947895319
"rs11719939","age_z",0.292929292929293,0.00067563118090084,0.00223114833418633,0.000789972935806518,0.00228093917257812
"rs11719939","age_z",0.303030303030303,-0.00179441692791941,0.00531802486229317,-0.00179697943802945,0.0054509668584339
"rs11719939","age_z",0.313131313131313,-0.00317114052607672,0.00744874410135465,-0.0033691297289959,0.00743797954224751
"rs11719939","age_z",0.323232323232323,-0.00228099507173347,0.00772755229730292,-0.00237125396724138,0.00778165884290659
"rs11719939","age_z",0.333333333333333,0.0011097607947129,0.00648508561203627,0.00121136040643276,0.00651258038018246
"rs11719939","age_z",0.343434343434343,0.00610446730154556,0.00470580839513735,0.00593082099174502,0.00458841398558763
"rs11719939","age_z",0.353535353535354,0.0106472615480557,0.00347530332864306,0.0105591215950074,0.00377566582660002
"rs11719939","age_z",0.363636363636364,0.0108473641720674,0.00393919518683822,0.0118016545914125,0.00364567343787113
"rs11719939","age_z",0.373737373737374,0.00862337265796738,0.00841835783000134,0.00815282142350444,0.00774745596994909
"rs11719939","age_z",0.383838383838384,0.00704709464254657,0.0159573962563305,0.0059109893164002,0.0168281041995799
"rs11719939","age_z",0.393939393939394,0.00657521045906509,0.0150496222045408,0.00782598628472372,0.015137418328194
"rs11719939","age_z",0.404040404040404,0.004978162788311,0.0057681615583473,0.0051528534568496,0.00565705510054093
"rs11719939","age_z",0.414141414141414,7.29373946592193e-05,-0.00706979381166595,-0.000991017225560425,-0.00675254997495705
"rs11719939","age_z",0.424242424242424,-0.00796935474147288,-0.014836268044635,-0.0069952724867832,-0.0151166896237496
"rs11719939","age_z",0.434343434343434,-0.0165733362553157,-0.0123771081770896,-0.0157229489787723,-0.0145623449511581
"rs11719939","age_z",0.444444444444444,-0.0182402814291639,-0.00957873469094303,-0.0206979898894363,-0.00607873730136041
"rs11719939","age_z",0.454545454545455,-0.013014097338695,-0.0100920784251867,-0.012563431087113,-0.0111888545703167
"rs11719939","age_z",0.464646464646465,-0.00396255416501603,-0.0141008778223808,-0.00267398027341292,-0.0153298639271745
"rs11719939","age_z",0.474747474747475,0.00310949336277238,-0.0185821102772446,0.00256011872950339,-0.0174303230213452
"rs11719939","age_z",0.484848484848485,0.00395042597614553,-0.0206919762724245,0.00406394389710958,-0.0208074968952417
"rs11719939","age_z",0.494949494949495,0.00228090571030261,-0.0211604570776107,0.0023214535958183,-0.0216325662350283
"rs11719939","age_z",0.505050505050505,0.000148120851724153,-0.0202989568623563,0.000152311715554834,-0.019953004577187
"rs11719939","age_z",0.515151515151515,-0.00125412211087051,-0.0176736735891066,-0.00159408067462922,-0.0175380885950555
"rs11719939","age_z",0.525252525252525,-0.000772739154057473,-0.0121335219909384,-0.000624815531928513,-0.0126635199922125
"rs11719939","age_z",0.535353535353535,0.00071701455222541,-0.00558828780248327,0.000968129902517952,-0.00557100034681349
"rs11719939","age_z",0.545454545454546,0.00208453594544734,-0.000741663787581482,0.00167036009124822,-0.000138530607135426
"rs11719939","age_z",0.555555555555556,0.00333053287487927,-1.67662307523906e-05,0.00360772294574162,-0.000168362212969446
"rs11719939","age_z",0.565656565656566,0.0044979712232079,-0.0032244440996119,0.00437070915710994,-0.0031254994467557
"rs11719939","age_z",0.575757575757576,0.00479628627424934,-0.00282727652609642,0.0048036116142605,-0.00345247706504575
"rs11719939","age_z",0.585858585858586,0.00370933633435853,-2.661125552063e-05,0.00401075031315392,0.000147920810977449
"rs11719939","age_z",0.595959595959596,0.00116730132516822,0.00191460330904578,0.000873117801970846,0.00249337544855856
"rs11719939","age_z",0.606060606060606,-0.00162934508765082,0.00276790794396403,-0.00163418976843031,0.00235530746750007
"rs11719939","age_z",0.616161616161616,-0.00368327800054445,0.00316146855155233,-0.00347070164450477,0.00297788149436653
"rs11719939","age_z",0.626262626262626,-0.00555518225313185,0.00378135602560401,-0.00566968403650798,0.0041613479006052
"rs11719939","age_z",0.636363636363636,-0.00622694868583551,0.00407521875932487,-0.00626475549244244,0.00397184068559468
"rs11719939","age_z",0.646464646464647,-0.00434029036864162,0.00339731412663983,-0.00438773693745031,0.00310444495912707
"rs11719939","age_z",0.656565656565657,0.000229562229495409,0.00204452122695423,5.59495917513768e-05,0.00243597098579967
"rs11719939","age_z",0.666666666666667,0.00544382822716439,0.000473476356981969,0.00548870504904246,0.000603746797983318
"rs11719939","age_z",0.676767676767677,0.00898001031867582,-0.000721334096287481,0.00922482955052257,-0.00130114774448874
"rs11719939","age_z",0.686868686868687,0.00935959463479023,-0.000313065268430273,0.0093974923130092,-0.000101524411796922
"rs11719939","age_z",0.696969696969697,0.00603730941084919,0.00171933380201393,0.00608915835931047,0.00188444394484917
"rs11719939","age_z",0.707070707070707,0.00116284346688183,0.00166068361319497,0.00110850403462513,0.00170642459739624
"rs11719939","age_z",0.717171717171717,-0.00316796572036234,0.0013091356448525,-0.00331816474390834,0.00114014739439283
"rs11719939","age_z",0.727272727272727,-0.00545881990011009,0.00306103310825173,-0.00543008710827162,0.00290028436124343
"rs11719939","age_z",0.737373737373737,-0.00583548013674417,0.00482827163684843,-0.00582948772402697,0.00513042721290679
"rs11719939","age_z",0.747474747474748,-0.00479937592365573,0.00466895447836053,-0.00486964392578507,0.00477106994910656
"rs11719939","age_z",0.757575757575758,-0.00277271726064518,0.00479579736340036,-0.00268977344206923,0.00433642982758468
"rs11719939","age_z",0.767676767676768,-0.000308532169859584,0.00503017332343842,-0.000348191826053014,0.0052673250754371
"rs11719939","age_z",0.777777777777778,0.001970963853389,0.00472039377974285,0.0019423243371654,0.00514238531839074
"rs11719939","age_z",0.787878787878788,0.00346041917899894,0.00477718954800856,0.00362642547475114,0.00408579274931666
"rs11719939","age_z",0.797979797979798,0.00405725815220937,0.00573690989521163,0.00389175857923733,0.00583379823099386
"rs11719939","age_z",0.808080808080808,0.00387060098971708,0.00743948384109235,0.00402718873651413,0.00780346617311248
"rs11719939","age_z",0.818181818181818,0.00332455405107515,0.007755144906928,0.00332754422310207,0.00749201623427035
"rs11719939","age_z",0.828282828282828,0.00297882940380641,0.00517168951274752,0.00274853093621564,0.00559613599589331
"rs11719939","age_z",0.838383838383838,0.00348099033091528,0.00221745052969809,0.00369659435067369,0.00180839108814097
"rs11719939","age_z",0.848484848484849,0.00497711739349683,0.000933105032889143,0.00496626624937615,0.000794937608093927
"rs11719939","age_z",0.858585858585859,0.00739191265601362,0.00234100893941624,0.00713655271326931,0.00267279078447361
"rs11719939","age_z",0.868686868686869,0.010322906090563,0.00498787610372425,0.0104540715562227,0.0047749949469239
"rs11719939","age_z",0.878787878787879,0.0130372111804029,0.0066686215879101,0.0130769884804133,0.00663933637229604
"rs11719939","age_z",0.888888888888889,0.0140760182081062,0.00567467775502313,0.0140600922526167,0.00619317234000835
"rs11719939","age_z",0.898989898989899,0.0128061766397257,0.00427687032220248,0.0130612194247885,0.00370905351834935
"rs11719939","age_z",0.909090909090909,0.00965875799841498,0.00462719669072496,0.00954162115202953,0.00461141293009133
"rs11719939","age_z",0.919191919191919,0.00749420786234279,0.00485592933492542,0.0074237474809025,0.0051791899339074
"rs11719939","age_z",0.929292929292929,0.00695569710783088,0.00420992187471372,0.00644874739309369,0.00420312589996237
"rs11719939","age_z",0.93939393939394,0.00761934133813543,0.0027341904408325,0.00833464617853561,0.00249385021557553
"rs11719939","age_z",0.94949494949495,0.00780596116089129,0.00140292133822446,0.00737057882615916,0.00136709353665963
"rs11719939","age_z",0.95959595959596,0.00537925143390714,0.000273680688745457,0.00556347957099467,0.000539557923664594
"rs11719939","age_z",0.96969696969697,-0.00100196110388568,-0.00379246067907517,-0.00030650346562906,-0.00389011552041193
"rs11719939","age_z",0.97979797979798,-0.00734879217525248,-0.00948672221046001,-0.00827725725106535,-0.0092615146968734
"rs11719939","age_z",0.98989898989899,-0.0095797293783804,-0.0143642010886887,-0.00955701382066002,-0.0148212449643463
"rs11719939","age_z",1,-0.00871610735236947,-0.0170321279021552,-0.00849824121926222,-0.0168184237325927
"rs11719939","handedness",0,0.0270376699946808,-0.025084281538119,0.0263810606023932,-0.0249557608541715
"rs11719939","handedness",0.0101010101010101,0.0179512447616615,-0.0184415277214205,0.0192957184791912,-0.0190350213626349
"rs11719939","handedness",0.0202020202020202,0.000665447537964714,-0.012514950348071,0.000481327097891004,-0.011621417939005
"rs11719939","handedness",0.0303030303030303,-0.0176455504658518,-0.00967561700508509,-0.0182652077813443,-0.010104618659013
"rs11719939","handedness",0.0404040404040404,-0.0267429250285282,-0.0078815053844136,-0.026172920088186,-0.00731347480002344
"rs11719939","handedness",0.0505050505050505,-0.0219110273772963,0.00549016584176028,-0.0232922233865303,0.00399663129355481
"rs11719939","handedness",0.0606060606060606,-0.0112912422406933,0.0233538457220862,-0.0118656063992216,0.0236234704725646
"rs11719939","handedness",0.0707070707070707,-0.00525427463744353,0.0337309093247757,-0.00245681783673589,0.035100180168666
"rs11719939","handedness",0.0808080808080808,-0.0108467884652277,0.0289141926326717,-0.0112955610154072,0.0282899747532435
"rs11719939","handedness",0.0909090909090909,-0.0283175909046022,0.00836071563379121,-0.0296051946297551,0.00918685270111591
"rs11719939","handedness",0.101010101010101,-0.0396347949322338,-0.00832493208926625,-0.0390068686891026,-0.00981886434967342
"rs11719939","handedness",0.111111111111111,-0.0431464332621806,-0.0123926642233224,-0.0431205395763863,-0.0123077476339602
"rs11719939","handedness",0.121212121212121,-0.0412091812906189,-0.005099031882324,-0.0419867128311972,-0.00450617115345446
"rs11719939","handedness",0.131313131313131,-0.031874624093282,-0.00437305303993368,-0.0315350676651606,-0.00413783781958557
"rs11719939","handedness",0.141414141414141,-0.0196447183858102,-0.00829963437407079,-0.018873929292541,-0.00876137602813296
"rs11719939","handedness",0.151515151515152,-0.00928126324021478,-0.0101047293405676,-0.0101549232793405,-0.00992840576299839
"rs11719939","handedness",0.161616161616162,0.00144299334735892,-0.00919152171829214,0.00139204884757174,-0.00907709487168785
"rs11719939","handedness",0.171717171717172,0.0130090493604079,-0.00541091759334367,0.0131555129419917,-0.00592014100687446
"rs11719939","handedness",0.181818181818182,0.0156343113136675,0.00328066472274031,0.0164019704747903,0.00345893318396871
"rs11719939","handedness",0.191919191919192,0.0108845716866937,0.0100559789137581,0.0107889579543137,0.0103573445155297
"rs11719939","handedness",0.202020202020202,0.00385802071708327,0.00828358648116807,0.00322699445171233,0.00837616030620359
"rs11719939","handedness",0.212121212121212,-0.00105946307954562,0.00208269347526187,-0.000976511008203746,0.00192785923838218
"rs11719939","handedness",0.222222222222222,-0.00125727183178929,-0.00220273468709938,-0.00111019010291449,-0.00247087935508276
"rs11719939","handedness",0.232323232323232,0.000298902930831674,-0.00222770873052489,0.000130610629051579,-0.00222739790711523
"rs11719939","handedness",0.242424242424242,0.00229606278089192,-0.00469961738592711,0.00237553612800609,-0.00419570051791273
"rs11719939","handedness",0.252525252525253,0.0040119400712531,-0.0122898690820129,0.00414523193250156,-0.0118999413706894
"rs11719939","handedness",0.262626262626263,0.00438838072879346,-0.00958416545499125,0.00439419183671182,-0.0113353693030282
"rs11719939","handedness",0.272727272727273,0.00434979508145767,-0.00157562138790531,0.00397394972763767,-0.000843357159934256
"rs11719939","handedness",0.282828282828283,0.00447358117301735,0.00187707667168897,0.00469940207149905,0.0028697934432788
"rs11719939","handedness",0.292929292929293,0.00174478283581887,-0.00195628137385935,0.00208867037517144,-0.00253805271575927
"rs11719939","handedness",0.303030303030303,-0.00551443811443183,-0.0114078885056675,-0.00538143485557077,-0.0115673649320204
"rs11719939","handedness",0.313131313131313,-0.0111391555876604,-0.0170643005257893,-0.0115176254109016,-0.0168390786180934
"rs11719939","handedness",0.323232323232323,-0.0111214844395584,-0.0177679949558873,-0.0115673244560068,-0.0182740645436665
"rs11719939","handedness",0.333333333333333,-0.00351696502610052,-0.0150821193942491,-0.0029393362008176,-0.0145118289275902
"rs11719939","handedness",0.343434343434343,0.00975740777758528,-0.0105806819969951,0.00901033500679033,-0.0108436427189791
"rs11719939","handedness",0.353535353535354,0.0239237865290989,-0.00545991558835045,0.0241474965044412,-0.00555571088910343
"rs11719939","handedness",0.363636363636364,0.0298944805714107,0.000418318663163285,0.0311066188939747,0.000794374767904638
"rs11719939","handedness",0.373737373737374,0.0297747604512348,0.00682228914153506,0.0289029836515479,0.00600034543245462
"rs11719939","handedness",0.383838383838384,0.0279567278737704,0.0131250923365059,0.0274148760057675,0.0145241889642558
"rs11719939","handedness",0.393939393939394,0.0248689032101582,0.0176350762165982,0.0253476706266732,0.0163551823716809
"rs11719939","handedness",0.404040404040404,0.0198647021476338,0.0175153196335157,0.0212333692896403,0.0172459674294945
"rs11719939","handedness",0.414141414141414,0.0124383192352853,0.010943422820699,0.01000046448065,0.0129056975605774
"rs11719939","handedness",0.424242424242424,0.00273688777669287,0.00109275899081781,0.00245190435031386,0.000548433324580081
"rs11719939","handedness",0.434343434343434,-0.00961254519969191,-0.0047735547178201,-0.00354337057613132,-0.00745202832951602
"rs11719939","handedness",0.444444444444444,-0.0246554079154785,0.00451463110931977,-0.0317112587089648,0.0073189098978475
"rs11719939","handedness",0.454545454545455,-0.0308772151362548,0.0131435847792093,-0.0298615753012245,0.0120686208385746
"rs11719939","handedness",0.464646464646465,-0.0193738947993517,0.00433741077470817,-0.0168939318056662,0.00513127994284991
"rs11719939","handedness",0.474747474747475,-0.0039262619488454,-0.0127037599293787,-0.00529040753663095,-0.0129744188659179
"rs11719939","handedness",0.484848484848485,0.00208688996881175,-0.0257582429654662,0.00242645616145772,-0.0267330833656032
"rs11719939","handedness",0.494949494949495,0.00593539391644858,-0.0346535141852419,0.00548179962165382,-0.0330432817020221
"rs11719939","handedness",0.505050505050505,0.00638493787936751,-0.0353268918643904,0.00703177192376817,-0.0364607035221484
"rs11719939","handedness",0.515151515151515,-0.00127981325313422,-0.026648607302204,-0.00161943054933874,-0.0278407862625212
"rs11719939","handedness",0.525252525252525,-0.01810427837511,-0.0218007168430077,-0.0170717940380097,-0.0187887258293074
"rs11719939","handedness",0.535353535353535,-0.0329040713933259,-0.0196090911338576,-0.033256159281395,-0.021243091784618
"rs11719939","handedness",0.545454545454546,-0.0354135916493965,-0.0149589029683431,-0.0378156593212442,-0.0155436209970043
"rs11719939","handedness",0.555555555555556,-0.0311088612196652,-0.00610228514861544,-0.0287962233869642,-0.0049433883097488
"rs11719939","handedness",0.565656565656566,-0.0274870121799642,0.00604266125692265,-0.0272673902123117,0.00452680888978456
"rs11719939","handedness",0.575757575757576,-0.0240850403913997,0.0147544127477828,-0.0254488548470413,0.016007587647153
"rs11719939","handedness",0.585858585858586,-0.0173138321190782,0.0174611800568034,-0.0164028315699573,0.0184431159425641
"rs11719939","handedness",0.595959595959596,-0.00562553724109504,0.0137930414880312,-0.00687796348839124,0.0112209834923814
"rs11719939","handedness",0.606060606060606,0.00315082600069174,0.00621358313291143,0.00438394401532135,0.00802258801889471
"rs11719939","handedness",0.616161616161616,0.00151522968334043,-0.000879414668209904,0.00212756977571259,-0.000421152468041869
"rs11719939","handedness",0.626262626262626,-0.00723127163446523,-0.000792297141177304,-0.00826863593847446,-0.00304346776264943
"rs11719939","handedness",0.636363636363636,-0.0166814046153886,0.00396482869262488,-0.0162659987707038,0.00542265508529744
"rs11719939","handedness",0.646464646464647,-0.0202342452110815,0.00813492723301714,-0.0200073631280628,0.00859957973450143
"rs11719939","handedness",0.656565656565657,-0.0130254027974436,0.00772471598874954,-0.0143227926576788,0.00685377395733251
"rs11719939","handedness",0.666666666666667,0.00158241152045174,0.00588893197024755,0.00196864021031042,0.00594647987508691
"rs11719939","handedness",0.676767676767677,0.0182204174840555,0.006440393127662,0.0189302410249999,0.0069152604348679
"rs11719939","handedness",0.686868686868687,0.0318080578189029,0.00853668786397194,0.0314771089580178,0.00825746801559258
"rs11719939","handedness",0.696969696969697,0.0387472475884325,0.0095542253463696,0.038816898817159,0.00899346048262547
"rs11719939","handedness",0.707070707070707,0.0405666562953611,0.00584345459766324,0.0407001606871565,0.00694216217306234
"rs11719939","handedness",0.717171717171717,0.0381457223212805,-0.00108843820196746,0.0379342992253988,-0.00119786306080313
"rs11719939","handedness",0.727272727272727,0.0320157239777028,-0.00825447208766415,0.0322496981596022,-0.00914140702843486
"rs11719939","handedness",0.737373737373737,0.0233749470088279,-0.0125225959622186,0.0232209457789847,-0.0120416315528806
"rs11719939","handedness",0.747474747474748,0.0130295724763584,-0.0115957617330629,0.0128933604769782,-0.0112787035747518
"rs11719939","handedness",0.757575757575758,0.000476842637605994,-0.00698207828383128,0.00107794381202946,-0.00781259549608492
"rs11719939","handedness",0.767676767676768,-0.011638907357632,-0.0023412243370475,-0.0121220999458667,-0.00182285318860374
"rs11719939","handedness",0.777777777777778,-0.0204040336572308,0.000827182541811726,-0.0206085335962679,0.00164625954523396
"rs11719939","handedness",0.787878787878788,-0.0252594206761878,0.00793978973931995,-0.0247419504612179,0.00610559025572645
"rs11719939","handedness",0.797979797979798,-0.0252063860585812,0.0148762647151957,-0.0256081628133829,0.0158191985350534
"rs11719939","handedness",0.808080808080808,-0.0197021179188185,0.0165408026452945,-0.0199013737527286,0.0173469107439385
"rs11719939","handedness",0.818181818181818,-0.0111240316795028,0.0159528254792099,-0.0106900285078807,0.0149393315687539
"rs11719939","handedness",0.828282828282828,-0.00151758156686105,0.0169338931996506,-0.00150963125384876,0.0169894246608804
"rs11719939","handedness",0.838383838383838,0.0104827659085748,0.0187076355260829,0.0101201674039618,0.0190745753436127
"rs11719939","handedness",0.848484848484849,0.0239562247476722,0.0205059910297962,0.0239190742795238,0.0204817167908351
"rs11719939","handedness",0.858585858585859,0.0370678529161601,0.0220790456505788,0.037433017835226,0.0217895451407207
"rs11719939","handedness",0.868686868686869,0.0476744217512406,0.0240144972900715,0.0476295793016535,0.0239817109889736
"rs11719939","handedness",0.878787878787879,0.053890966192295,0.0263865997414935,0.0533393833273757,0.0271163795525836
"rs11719939","handedness",0.888888888888889,0.0549211397387894,0.0276855002019104,0.0558635685137885,0.0267600401827996
"rs11719939","handedness",0.898989898989899,0.049293041240879,0.0309076259670489,0.0489797183698605,0.0310730761992933
"rs11719939","handedness",0.909090909090909,0.0383934533754697,0.0351713975934953,0.0389416144057093,0.0351879857721048
"rs11719939","handedness",0.919191919191919,0.0321224179681868,0.0259389974540784,0.0305372339329075,0.0267285065287677
"rs11719939","handedness",0.929292929292929,0.0277619188809517,0.0118269832644994,0.0279906243632367,0.0119143236194969
"rs11719939","handedness",0.93939393939394,0.0195135827808935,0.00456720005325217,0.0212394570250516,0.00255924706354899
"rs11719939","handedness",0.94949494949495,0.00498707182358141,1.29782185979731e-05,0.00409981610664805,0.00145837259431756
"rs11719939","handedness",0.95959595959596,-0.0126029490213581,-0.00934660027115291,-0.0117046274857218,-0.00856808156658645
"rs11719939","handedness",0.96969696969697,-0.0167847096672375,-0.0261751020114234,-0.0191907307683783,-0.027493265321855
"rs11719939","handedness",0.97979797979798,-0.00935292868831561,-0.0428273912666666,-0.00882649664456275,-0.042192861063558
"rs11719939","handedness",0.98989898989899,0.00192420629703661,-0.0517133110145047,0.00351502718647057,-0.0521343677341159
"rs11719939","handedness",1,0.00840411409689505,-0.0551659411886049,0.0076280862089261,-0.0549500923089761
"rs11719939","APOE4",0,0.0102238618990204,-0.00279368712454088,0.0100940658371126,-0.00269324945930304
"rs11719939","APOE4",0.0101010101010101,0.00810002370556808,-0.000516550338716715,0.00843924358213325,-0.000919739298454055
"rs11719939","APOE4",0.0202020202020202,0.00385115836408026,0.00177022328375665,0.00360225747216844,0.00230270477945496
"rs11719939","APOE4",0.0303030303030303,-0.000398073528137397,0.00204921302306155,-0.000372986628237806,0.00182367567762515
"rs11719939","APOE4",0.0404040404040404,-0.00216192402057613,0.00049271260060137,-0.00205695361800997,0.000622823982874299
"rs11719939","APOE4",0.0505050505050505,-0.00116838599907805,0.00297753503509575,-0.00144188564084547,0.00252738858669925
"rs11719939","APOE4",0.0606060606060606,0.00047248423666946,0.0057606145602635,0.000578517925966433,0.00594948657125255
"rs11719939","APOE4",0.0707070707070707,0.000454875024033918,0.00348018884662606,0.000640660865509864,0.00390120715630605
"rs11719939","APOE4",0.0808080808080808,-0.0023595099996561,-0.0039178815047993,-0.00238031056824081,-0.00409976795981992
"rs11719939","APOE4",0.0909090909090909,-0.00746889605753791,-0.0136894156539081,-0.00751830170676712,-0.0137489021306574
"rs11719939","APOE4",0.101010101010101,-0.010427606811908,-0.018647433501724,-0.0105370182019267,-0.018715422012519
"rs11719939","APOE4",0.111111111111111,-0.0112372443998579,-0.0159049755107325,-0.0112051175610609,-0.0159337745637396
"rs11719939","APOE4",0.121212121212121,-0.010624930056984,-0.00654667274256975,-0.0103788340347447,-0.00706606888868967
"rs11719939","APOE4",0.131313131313131,-0.00734283180548962,0.000594771338061998,-0.00780711625777871,0.00159835195657565
"rs11719939","APOE4",0.141414141414141,-0.00309353379644667,0.00362534113673403,-0.002954284622488,0.00334862393750205
"rs11719939","APOE4",0.151515151515152,-0.000175076499436396,0.00335007388685397,0.000150418721396191,0.00289532098079649
"rs11719939","APOE4",0.161616161616162,0.000406439069621284,0.00190279843073191,0.000112602488869448,0.00242609698859541
"rs11719939","APOE4",0.171717171717172,-0.00135643193903297,0.00111468529371062,-0.00110232791232748,0.00066628847449733
"rs11719939","APOE4",0.181818181818182,-0.00319687260399866,0.000470209784975359,-0.00344959076972076,0.000819667264522313
"rs11719939","APOE4",0.191919191919192,-0.00388608846041502,-0.000410090363024444,-0.00382092049062335,-0.000482525744782247
"rs11719939","APOE4",0.202020202020202,-0.00291574931142889,-0.00140771655642114,-0.00287349201330904,-0.00153712905755997
"rs11719939","APOE4",0.212121212121212,-0.000945688272932694,-0.00118324539813127,-0.000985998336828034,-0.00114264488007944
"rs11719939","APOE4",0.222222222222222,0.00145053384317208,0.000425741064118671,0.00148627164863957,0.000347353984419591
"rs11719939","APOE4",0.232323232323232,0.0047121478308685,-0.000439378689816509,0.00459829925238987,-5.83503909726019e-05
"rs11719939","APOE4",0.242424242424242,0.00765485392501835,-0.00148783438554839,0.00777803309388825,-0.0018901489934502
"rs11719939","APOE4",0.252525252525253,0.00901015075296248,-0.000184223703067953,0.00900027836970119,-0.000208796972597022
"rs11719939","APOE4",0.262626262626263,0.00893461477517583,0.000571863655553782,0.00887133182474054,0.000942918630925398
"rs11719939","APOE4",0.272727272727273,0.0070412440551142,0.00108999586616959,0.00709828006133147,0.000786448267855692
"rs11719939","APOE4",0.282828282828283,0.00293690328385032,0.00232975494048913,0.00298406927774758,0.002348615247959
"rs11719939","APOE4",0.292929292929293,-0.00283623862475238,0.00297834529130959,-0.00284388289120274,0.00311672677222576
"rs11719939","APOE4",0.303030303030303,-0.00873395204611811,0.00238218369573282,-0.00868752548314539,0.00237394691125631
"rs11719939","APOE4",0.313131313131313,-0.0113578662094184,0.00324268618847482,-0.0115867413358333,0.00299685735433536
"rs11719939","APOE4",0.323232323232323,-0.0114165655840361,0.00327166437421662,-0.0113419956378549,0.00349999282733151
"rs11719939","APOE4",0.333333333333333,-0.0103184036702474,0.000256999505291551,-0.0101075288725287,0.00047822453886371
"rs11719939","APOE4",0.343434343434343,-0.0073956201966745,-0.0014922373812904,-0.00763208110913744,-0.00195759119817213
"rs11719939","APOE4",0.353535353535354,-0.00243719815153926,0.00103734460158603,-0.00253094711355545,0.000999022359308701
"rs11719939","APOE4",0.363636363636364,0.00186232422351253,0.00163060215104696,0.00224649596761079,0.00226187973383374
"rs11719939","APOE4",0.373737373737374,0.00582276321083755,0.00104791914522117,0.00560163047275732,0.000524750293736799
"rs11719939","APOE4",0.383838383838384,0.00955069923521999,0.00186426441571683,0.0091371589590862,0.00185689263502535
"rs11719939","APOE4",0.393939393939394,0.00958307218190416,0.00376328675176835,0.0103891310020454,0.00405584531095279
"rs11719939","APOE4",0.404040404040404,0.0063397709909944,0.00477522338492296,0.00615295770988394,0.00442256995215446
"rs11719939","APOE4",0.414141414141414,0.00147761843415126,0.00367086768573246,0.00102068124197432,0.00407995459553086
"rs11719939","APOE4",0.424242424242424,-0.00349254385980119,0.0031758578976668,-0.00342310457487168,0.00320287904398381
"rs11719939","APOE4",0.434343434343434,-0.00815964012252811,0.00458483352873166,-0.00736019206739375,0.00323839978233723
"rs11719939","APOE4",0.444444444444444,-0.0145829399793433,0.00206271140050776,-0.0152995392693468,0.00421785316253699
"rs11719939","APOE4",0.454545454545455,-0.0187540360084543,-0.00244883310571647,-0.019158818263332,-0.00335765790654396
"rs11719939","APOE4",0.464646464646465,-0.0168406607748327,-0.00527634034026057,-0.0159153431680333,-0.00602625446665772
"rs11719939","APOE4",0.474747474747475,-0.0128460544123914,-0.00601568209327731,-0.0133615927396532,-0.00525296408841265
"rs11719939","APOE4",0.484848484848485,-0.0110101166335503,-0.00511003225136539,-0.0109500713293108,-0.00500291102828295
"rs11719939","APOE4",0.494949494949495,-0.00915033190075223,-0.00320348049829012,-0.0089553754019559,-0.003791429471241
"rs11719939","APOE4",0.505050505050505,-0.00522778338246158,-0.00129424115916896,-0.00535298691359786,-0.000962786079558793
"rs11719939","APOE4",0.515151515151515,0.00146721751195593,0.000368500874811975,0.000994791530331134,0.000767031254995814
"rs11719939","APOE4",0.525252525252525,0.00819006239992513,0.00365561929279016,0.00877085237081391,0.00286867076692887
"rs11719939","APOE4",0.535353535353535,0.0113205685454928,0.00646719782798621,0.011534733761086,0.00654875115053694
"rs11719939","APOE4",0.545454545454546,0.00874530344037308,0.00599416130934394,0.00816785567396688,0.0068183999046378
"rs11719939","APOE4",0.555555555555556,0.00439063560436472,0.00139165718976442,0.00485348300531159,0.000901953609305152
"rs11719939","APOE4",0.565656565656566,0.0027709938728458,-0.00486265191448587,0.0023481569329383,-0.00485631517113585
"rs11719939","APOE4",0.575757575757576,0.00421657965467942,-0.00330895026705476,0.00425309217577662,-0.00375797856796011
"rs11719939","APOE4",0.585858585858586,0.00614903377429144,0.000969297738109143,0.00674457070104644,0.00155367388013199
"rs11719939","APOE4",0.595959595959596,0.00651943512567353,0.00100812197348013,0.00577153365106678,0.000990288458007281
"rs11719939","APOE4",0.606060606060606,0.00738328552407599,-0.000303730985099314,0.00752401757847164,-0.000622659083144005
"rs11719939","APOE4",0.616161616161616,0.00954746987215507,0.000571457506420982,0.010023868417569,0.000772425613321046
"rs11719939","APOE4",0.626262626262626,0.00746522485058916,0.00083334598819956,0.00711232117043659,0.000735975728659884
"rs11719939","APOE4",0.636363636363636,0.0042960338957772,-0.000457540800656342,0.00432716656554834,-0.000252314440610169
"rs11719939","APOE4",0.646464646464647,0.00438301514740806,-0.00326352252885215,0.00438621356710965,-0.0036046362553834
"rs11719939","APOE4",0.656565656565657,0.00617753358942814,-0.00714322948856145,0.00612362894186104,-0.00687426175845675
"rs11719939","APOE4",0.666666666666667,0.00798805627832671,-0.0109163434489536,0.008024560409356,-0.0105928150090854
"rs11719939","APOE4",0.676767676767677,0.00863217137487288,-0.0132460534353394,0.00868011146065932,-0.0140891682121672
"rs11719939","APOE4",0.686868686868687,0.0075452417380449,-0.0128501387550592,0.00756220892989862,-0.012318512024322
"rs11719939","APOE4",0.696969696969697,0.00462466142549846,-0.00990891946723005,0.00456972527406858,-0.0100188170255661
"rs11719939","APOE4",0.707070707070707,0.000881424092394316,-0.0085939567746019,0.000941779120798063,-0.00843759287642294
"rs11719939","APOE4",0.717171717171717,-0.00283289107796314,-0.00730837873541096,-0.00284445981130023,-0.00753794311786738
"rs11719939","APOE4",0.727272727272727,-0.00582686084246972,-0.00383025644171408,-0.00588981956148499,-0.00381776543935194
"rs11719939","APOE4",0.737373737373737,-0.00758268372283987,-0.000654759446633723,-0.0075287525184122,-0.000522460688558126
"rs11719939","APOE4",0.747474747474748,-0.00790191100363967,-0.000239609455692095,-0.00801235691475828,-0.000170827309195436
"rs11719939","APOE4",0.757575757575758,-0.00756571989783856,-0.000566168401661552,-0.00741532826599463,-0.000712514011448557
"rs11719939","APOE4",0.767676767676768,-0.0071345815073144,3.88039306818075e-05,-0.00720915842269208,-0.000108531309121143
"rs11719939","APOE4",0.777777777777778,-0.0067815332526409,0.00199543758393106,-0.00676472498243995,0.00246533368474656
"rs11719939","APOE4",0.787878787878788,-0.00589744018666127,0.00329031025176412,-0.00590569519277518,0.0029141890853848
"rs11719939","APOE4",0.797979797979798,-0.00469353273808864,0.00511449164089567,-0.00469496849436546,0.00491952492843829
"rs11719939","APOE4",0.808080808080808,-0.00332614940167707,0.00856790018487995,-0.00325895734839525,0.00904021851874078
"rs11719939","APOE4",0.818181818181818,-0.000648425237355239,0.0103187771176789,-0.000758628388207559,0.0101235026976531
"rs11719939","APOE4",0.828282828282828,0.00367669418328931,0.00831835268585276,0.00352391358596075,0.00847112353715955
"rs11719939","APOE4",0.838383838383838,0.00641390490875303,0.00805279248269188,0.00674067337061271,0.00780448798137311
"rs11719939","APOE4",0.848484848484849,0.00707264002334913,0.00928437880096538,0.0071405535040465,0.0090954906305284
"rs11719939","APOE4",0.858585858585859,0.00628509687419943,0.00989111150328962,0.0058970285707097,0.0104444428578552
"rs11719939","APOE4",0.868686868686869,0.00529418145347864,0.00832865234468737,0.00542765483570486,0.00821892262310913
"rs11719939","APOE4",0.878787878787879,0.0047154762445891,0.00461356903541885,0.00501250316433221,0.00409744884325114
"rs11719939","APOE4",0.888888888888889,0.00292674689204726,0.00270208187102807,0.00256269520263407,0.00325459665396272
"rs11719939","APOE4",0.898989898989899,0.00105450173535854,0.00106166425615554,0.00108573775468057,0.00115512592620368
"rs11719939","APOE4",0.909090909090909,0.000526037802658644,-0.00148329790520394,0.000903305779195791,-0.00228742040086197
"rs11719939","APOE4",0.919191919191919,0.000601777699215518,-5.01901335277519e-05,0.000126931773118567,0.000673748944776552
"rs11719939","APOE4",0.929292929292929,0.000595603628214987,0.00322818871360776,0.000655256791759554,0.00314078751226568
"rs11719939","APOE4",0.93939393939394,0.000428410136819148,0.00463206319674392,0.000895721049216405,0.00421379700551197
"rs11719939","APOE4",0.94949494949495,0.00181428439755145,0.00319238672860648,0.00128849970859065,0.00366684857658571
"rs11719939","APOE4",0.95959595959596,0.00498441620430607,-0.000748206977103679,0.00488685429896653,-0.00079371676046951
"rs11719939","APOE4",0.96969696969697,0.00477569297951955,-0.0047261328044615,0.00559922908065993,-0.00493410982961909
"rs11719939","APOE4",0.97979797979798,0.00341572568434076,-0.00715397134758097,0.00269430764420239,-0.00714166675598609
"rs11719939","APOE4",0.98989898989899,0.00449626990159013,-0.00742539277316918,0.00463417861437403,-0.0073316645695693
"rs11719939","APOE4",1,0.00774374062709181,-0.00735826174033804,0.00779377684066947,-0.00738650446379534
"rs11719939","PC1",0,0.0103745964131619,0.000406014347070881,0.0103077609188437,0.000513502515407415
"rs11719939","PC1",0.0101010101010101,0.00903295084044481,0.00190423882855521,0.00910530898546123,0.00160295453389846
"rs11719939","PC1",0.0202020202020202,0.00470861959387481,0.00421104441400888,0.00479194131858523,0.00438887712098399
"rs11719939","PC1",0.0303030303030303,-0.00105615519384708,0.00585460277627648,-0.000926332999916781,0.00605521070042688
"rs11719939","PC1",0.0404040404040404,-0.00489979550190178,0.00623366549748655,-0.00541978850367208,0.00622727667199804
"rs11719939","PC1",0.0505050505050505,-0.00306180108035083,0.008789070515113,-0.00284295101056342,0.00820221465035884
"rs11719939","PC1",0.0606060606060606,0.0015816620008977,0.0123328041514345,0.00208480142672419,0.0125221613218898
"rs11719939","PC1",0.0707070707070707,0.00534981582848089,0.0142400046174587,0.00446971055032749,0.0145635598457988
"rs11719939","PC1",0.0808080808080808,0.00852892511748433,0.0121537490967417,0.00903597088409481,0.0121917814993954
"rs11719939","PC1",0.0909090909090909,0.0108908670906239,0.00529188139204834,0.0109583728559597,0.00564472077298141
"rs11719939","PC1",0.101010101010101,0.00823958496726591,-0.00183840241963922,0.00814019539438539,-0.00252291183834205
"rs11719939","PC1",0.111111111111111,0.00309950819560568,-0.00618922530553712,0.00319316975856579,-0.00603010223117986
"rs11719939","PC1",0.121212121212121,-0.000670437479279449,-0.00632334568681098,-0.000922462594480835,-0.00641529887522784
"rs11719939","PC1",0.131313131313131,-0.00214711096686183,-0.00409185882908553,-0.0019151521966056,-0.00409007291843227
"rs11719939","PC1",0.141414141414141,-0.00131807532937754,-0.0014663040175919,-0.001417679538215,-0.00128412653294052
"rs11719939","PC1",0.151515151515152,0.00133514645439089,0.000242074884404778,0.0012063824414365,0.000233226358081262
"rs11719939","PC1",0.161616161616162,0.00354373359454304,0.00161479949722766,0.00370175569767374,0.00149009512604294
"rs11719939","PC1",0.171717171717172,0.00353313941770491,0.00304325750858079,0.00370342337880844,0.00294585225941487
"rs11719939","PC1",0.181818181818182,0.00286758025377673,0.00290552172931016,0.00254426906531705,0.00329533513278186
"rs11719939","PC1",0.191919191919192,0.00234984590616694,0.00147628501557221,0.00242387638348416,0.00137804075475176
"rs11719939","PC1",0.202020202020202,0.00210559958532677,-0.000278465266475616,0.00225723105067225,-0.000454471268043362
"rs11719939","PC1",0.212121212121212,0.00125452322567622,-0.00118750905949831,0.00114127249795291,-0.00123700949338892
"rs11719939","PC1",0.222222222222222,-0.000722648588907525,-0.000588091794703753,-0.000654219337845957,-0.000426086394382109
"rs11719939","PC1",0.232323232323232,-0.00230044634117311,0.000248569472596184,-0.00237114377639439,9.70170477885032e-05
"rs11719939","PC1",0.242424242424242,-0.00296268030734754,0.000711976110732403,-0.00295071228542404,0.00080728158442139
"rs11719939","PC1",0.252525252525253,-0.00259221440422995,0.000678033832594535,-0.00256568925770698,0.00085452400368852
"rs11719939","PC1",0.262626262626263,-0.00135708738064091,0.000646771719872351,-0.00141459764727787,0.000370827205908571
"rs11719939","PC1",0.272727272727273,-0.000662086812192042,0.000895492479750576,-0.000687702750357114,0.000847729173488089
"rs11719939","PC1",0.282828282828283,-0.00173431560983655,0.00142703993333439,-0.00153231443100853,0.00166393134337117
"rs11719939","PC1",0.292929292929293,-0.00384698589918917,0.00155043005522953,-0.00395886181168895,0.00159702677816625
"rs11719939","PC1",0.303030303030303,-0.00581783210409896,0.000882128580899028,-0.00595273991518444,0.000533258299092627
"rs11719939","PC1",0.313131313131313,-0.00685531969650849,0.00054259387256753,-0.00669850842021607,0.000835384927517664
"rs11719939","PC1",0.323232323232323,-0.00723591342220124,0.000454653962274633,-0.00717625014406064,0.000482386417273671
"rs11719939","PC1",0.333333333333333,-0.00733811118461446,0.000178875648084162,-0.00755934120113769,-0.000139193757171677
"rs11719939","PC1",0.343434343434343,-0.00691353923852859,-0.000494682155175941,-0.00685271691137373,-0.000297965817177947
"rs11719939","PC1",0.353535353535354,-0.00597855202429814,-0.00194376364950994,-0.005725947507839,-0.00163915041552548
"rs11719939","PC1",0.363636363636364,-0.00561790274261655,-0.00446879713489998,-0.005948294654618,-0.00455032931769932
"rs11719939","PC1",0.373737373737374,-0.0048682481694579,-0.00468330511289149,-0.00475067229491942,-0.00505068932527122
"rs11719939","PC1",0.383838383838384,-0.00290702955595749,0.000494868641773282,-0.00278262248321591,0.000390848386149435
"rs11719939","PC1",0.393939393939394,-0.00116701111779805,0.00898957115631432,-0.00135186621627505,0.00902986030617784
"rs11719939","PC1",0.404040404040404,0.00127030265778199,0.0173265390554785,0.00137723278373786,0.0175316243249176
"rs11719939","PC1",0.414141414141414,0.00524899516199411,0.0223279556998656,0.00512814909110992,0.022250530504124
"rs11719939","PC1",0.424242424242424,0.00820607146562939,0.0221175600366479,0.00809051614132004,0.0219470532076748
"rs11719939","PC1",0.434343434343434,0.00742134787454254,0.0159550427418763,0.00821669822611341,0.0175610336575428
"rs11719939","PC1",0.444444444444444,0.0034005996743874,0.0066250883428906,0.00244196574788561,0.00470763271951757
"rs11719939","PC1",0.454545454545455,-0.000865274157515209,-0.00114608571134411,-0.000471737776394262,-0.00071441432749089
"rs11719939","PC1",0.464646464646465,-0.00273874609548489,-0.00374424252517582,-0.00264832022155965,-0.00345273716768004
"rs11719939","PC1",0.474747474747475,-0.00278631729690138,-0.00313403750559386,-0.00295546911587626,-0.0034308357052744
"rs11719939","PC1",0.484848484848485,-0.00210095083105857,-0.00177345817118341,-0.00209907161670398,-0.00150945562929164
"rs11719939","PC1",0.494949494949495,-0.000889672386716043,0.000914435508021569,-0.000810137919610526,0.000554624904886222
"rs11719939","PC1",0.505050505050505,6.60629867406838e-05,0.0041254292952245,7.45096130085681e-05,0.00423427613686642
"rs11719939","PC1",0.515151515151515,0.000255957742498786,0.00618564015816427,0.000165860153724847,0.00646731889730627
"rs11719939","PC1",0.525252525252525,0.00058878151091127,0.00513418254954445,0.000633256123564503,0.00514060694104877
"rs11719939","PC1",0.535353535353535,0.000398555269365649,0.0023476481782939,0.00050504728239784,0.00210127877267716
"rs11719939","PC1",0.545454545454546,-0.000883323356034149,-0.000282101863429379,-0.000986000640230609,-9.78230586452697e-05
"rs11719939","PC1",0.555555555555556,-0.001377800333911,-0.00243863869453366,-0.00136885567996171,-0.0024490611136808
"rs11719939","PC1",0.565656565656566,0.000687216668717008,-0.00389207385501183,0.000602500805409886,-0.00410151423327015
"rs11719939","PC1",0.575757575757576,0.00408171865786696,-0.00373274286178818,0.00413775684960879,-0.00369121035879386
"rs11719939","PC1",0.585858585858586,0.00635042832739886,-0.00294164161474382,0.00639696013476896,-0.00270275779159704
"rs11719939","PC1",0.595959595959596,0.00565774495671642,-0.00258686402863639,0.00569045546068695,-0.00277867536816452
"rs11719939","PC1",0.606060606060606,0.00315316667984194,-0.00188691806309114,0.0030768529094746,-0.00193526405662254
"rs11719939","PC1",0.616161616161616,0.000187847742056492,-0.00039290249059793,0.000228798490065249,-0.000418824163911761
"rs11719939","PC1",0.626262626262626,-0.00354773110659729,-9.50344904295788e-05,-0.0035042247341234,0.000198187754869158
"rs11719939","PC1",0.636363636363636,-0.00683650406109399,-0.000815195344274809,-0.00689516054143646,-0.000841028153494672
"rs11719939","PC1",0.646464646464647,-0.00808464436240834,-0.00163360122102958,-0.00807661615976515,-0.00217640881175567
"rs11719939","PC1",0.656565656565657,-0.00650749715471928,-0.00197753368008219,-0.00657267908069632,-0.00151181760072642
"rs11719939","PC1",0.666666666666667,-0.00244149578984795,-0.00267505053756208,-0.00236174887174554,-0.00235816992444355
"rs11719939","PC1",0.676767676767677,0.0032605918597847,-0.00446584516744855,0.00313120297225494,-0.00517120309968524
"rs11719939","PC1",0.686868686868687,0.00866070808665648,-0.00633454260539441,0.00872851515522259,-0.00607880067712079
"rs11719939","PC1",0.696969696969697,0.0116782155591448,-0.007176540799328,0.011832038545522,-0.00669617828592404
"rs11719939","PC1",0.707070707070707,0.0113402300288059,-0.00719765150816794,0.0112149360831171,-0.00792562433080827
"rs11719939","PC1",0.717171717171717,0.00917373705978321,-0.00660224178193511,0.00915012358072324,-0.00658050090327559
"rs11719939","PC1",0.727272727272727,0.00686651209954256,-0.00562295021804573,0.00694670025912102,-0.00498758120545039
"rs11719939","PC1",0.737373737373737,0.00437836315092794,-0.00495648630925251,0.00430688914082691,-0.00535611506986302
"rs11719939","PC1",0.747474747474748,0.00146441326323293,-0.00516087387306118,0.00152545192957159,-0.00528770424491503
"rs11719939","PC1",0.757575757575758,-0.00133984322686696,-0.00575027904433822,-0.00138974143581067,-0.0052870443397126
"rs11719939","PC1",0.767676767676768,-0.00378703044724294,-0.00588398821361076,-0.00376996413431998,-0.00624838746194049
"rs11719939","PC1",0.777777777777778,-0.00534839228544967,-0.0051153949734842,-0.00526470833920376,-0.00532816001822566
"rs11719939","PC1",0.787878787878788,-0.00459980981193287,-0.00436686348375204,-0.00483925668824932,-0.00379283472496241
"rs11719939","PC1",0.797979797979798,-0.00268926157902165,-0.00374937084706834,-0.00251819938226133,-0.00407991095388411
"rs11719939","PC1",0.808080808080808,-0.00113936620505983,-0.00313799121814563,-0.00110099035774868,-0.0032170151651942
"rs11719939","PC1",0.818181818181818,1.10314927874577e-05,-0.00269472530546255,-0.000147274345074104,-0.00235402053861475
"rs11719939","PC1",0.828282828282828,0.00093401059985054,-0.00231968558613566,0.00115939069763246,-0.00272761705495853
"rs11719939","PC1",0.838383838383838,0.00120646775281699,-0.00107362744056401,0.0010023906686169,-0.000915440439279184
"rs11719939","PC1",0.848484848484849,0.000424863010792902,0.000335824090669389,0.000428932990786747,0.000426764473381672
"rs11719939","PC1",0.858585858585859,-0.00163583743368986,0.000775153361969205,-0.00141192538264965,0.000539106145615413
"rs11719939","PC1",0.868686868686869,-0.00466622582461388,-0.00061222816232142,-0.00488342927803306,-0.000155112760102691
"rs11719939","PC1",0.878787878787879,-0.00822108345047937,-0.00359519627078615,-0.00809494117637964,-0.00377513031215564
"rs11719939","PC1",0.888888888888889,-0.0116891043317372,-0.00511463887064904,-0.0117072315851932,-0.00557197574755854
"rs11719939","PC1",0.898989898989899,-0.013827641885809,-0.00607670688752521,-0.013973163926072,-0.00542266416847781
"rs11719939","PC1",0.909090909090909,-0.0134337912860134,-0.00749050631317673,-0.0131659766348257,-0.0076449793719303
"rs11719939","PC1",0.919191919191919,-0.0105164291317779,-0.00673107803630558,-0.0107530104785688,-0.00713449029981778
"rs11719939","PC1",0.929292929292929,-0.00697615624443214,-0.00378191649609159,-0.0072481204293429,-0.00360995979282941
"rs11719939","PC1",0.93939393939394,-0.00454464460240973,0.000200367257386328,-0.00375065757257701,0.000209691107964689
"rs11719939","PC1",0.94949494949495,-0.00258315335615708,0.00311813021177912,-0.00294366062220041,0.00333450862812657
"rs11719939","PC1",0.95959595959596,0.000459808788137063,0.00389689732417155,-0.000203775694834357,0.00400586698840067
"rs11719939","PC1",0.96969696969697,0.00604931274741291,0.00541100141334669,0.0069527974327426,0.0048397144316468
"rs11719939","PC1",0.97979797979798,0.01050253937221,0.00745361734485856,0.0102878296972157,0.00768600700875971
"rs11719939","PC1",0.98989898989899,0.0106927175958168,0.00882904472507496,0.0104754245887298,0.00911439728588883
"rs11719939","PC1",1,0.0111853059861795,0.00872566603684968,0.0112906876777537,0.00853278855488942
"rs11719939","PC2",0,-0.00342459150884255,0.00215783840051079,-0.00342210079685844,0.00208320716127874
"rs11719939","PC2",0.0101010101010101,-0.0038712240652654,-0.00116721313035442,-0.00372759764194723,-0.000901769207353842
"rs11719939","PC2",0.0202020202020202,-0.00207958383020228,-0.0051853475123756,-0.0024774921499584,-0.00548756137839867
"rs11719939","PC2",0.0303030303030303,0.000818160331907625,-0.00752603457583814,0.00116849361569007,-0.00741904957202025
"rs11719939","PC2",0.0404040404040404,0.00300878438271925,-0.00740975727421092,0.00290146409132563,-0.00751777719946223
"rs11719939","PC2",0.0505050505050505,0.00461665553863278,-0.00965521146797547,0.00457384785957062,-0.00930560445456582
"rs11719939","PC2",0.0606060606060606,0.00468901311178062,-0.0124712759665828,0.00480018320001928,-0.0128110041341248
"rs11719939","PC2",0.0707070707070707,0.00274409752629609,-0.0126753633832953,0.00280212176551984,-0.0125541562646266
"rs11719939","PC2",0.0808080808080808,0.0018497810868004,-0.0100623498429243,0.00164773391497849,-0.010091527063304
"rs11719939","PC2",0.0909090909090909,0.0037636059481538,-0.00543946850070672,0.00358587465295039,-0.00555425328343822
"rs11719939","PC2",0.101010101010101,0.00351935484860029,-0.000759958512368182,0.00416919776393863,-0.000568769143175979
"rs11719939","PC2",0.111111111111111,0.00222184465816283,0.00145878425248466,0.00172689210691911,0.00137998982729601
"rs11719939","PC2",0.121212121212121,0.00177428003977669,0.000559125944695096,0.00162560959899133,0.000788151920333229
"rs11719939","PC2",0.131313131313131,6.17209766724314e-05,0.00166318789567158,0.000639127746217344,0.00118873573044074
"rs11719939","PC2",0.141414141414141,-0.00207127221669047,0.00400506099730082,-0.00241660680772915,0.00426861585153952
"rs11719939","PC2",0.151515151515152,-0.00312884799442306,0.00523574379127905,-0.00323026036785402,0.00531720538699875
"rs11719939","PC2",0.161616161616162,-0.0032382954861507,0.00449569926884778,-0.00308599882009473,0.00442675736275655
"rs11719939","PC2",0.171717171717172,-0.00287231069392381,0.00259946191196989,-0.00283336738119536,0.00265092486493694
"rs11719939","PC2",0.181818181818182,-0.00214434181323585,0.00368555238157405,-0.00220658528913409,0.00339774562450067
"rs11719939","PC2",0.191919191919192,-0.000636520260154137,0.00566285537942674,-0.000826378975025696,0.00605538579024801
"rs11719939","PC2",0.202020202020202,0.00161845128825445,0.00569356930960933,0.00188699151013261,0.00548407564973157
"rs11719939","PC2",0.212121212121212,0.00231464662795226,0.00548448872295977,0.00224282759132769,0.00546549968639657
"rs11719939","PC2",0.222222222222222,-0.000254915218205702,0.00653181941047489,-0.000203759071259424,0.00661106654846608
"rs11719939","PC2",0.232323232323232,-0.00370273685876665,0.00606555606412781,-0.00376004081584528,0.0060560184902496
"rs11719939","PC2",0.242424242424242,-0.00677217405741728,0.00445191592775065,-0.0068016236979817,0.00444075175920127
"rs11719939","PC2",0.252525252525253,-0.00854657184916138,0.00279745523099029,-0.00837640944750795,0.00276992965970161
"rs11719939","PC2",0.262626262626263,-0.00769963329248266,0.000875313767032449,-0.00797168493337062,0.000935727825842619
"rs11719939","PC2",0.272727272727273,-0.00478454545918403,-0.00116901789754441,-0.00480030732234935,-0.00120196191455712
"rs11719939","PC2",0.282828282828283,-0.000959212895480131,-0.0028047596631258,-0.000678430725722161,-0.00276831986255866
"rs11719939","PC2",0.292929292929293,0.00231361076271335,-0.00271272517262852,0.00215423781423977,-0.00284734005283845
"rs11719939","PC2",0.303030303030303,0.00415199008307048,-0.000363223853995551,0.00413647078652374,-0.00024695351467406
"rs11719939","PC2",0.313131313131313,0.00569668795364275,0.00155829317632731,0.0057420781286469,0.00157823551091695
"rs11719939","PC2",0.323232323232323,0.00632380340376728,0.00230476828878357,0.00628312004021344,0.00210691873690905
"rs11719939","PC2",0.333333333333333,0.00511614171583292,0.00184079185452551,0.00520500826569971,0.00215640442463592
"rs11719939","PC2",0.343434343434343,0.0024050275191646,5.25554112578385e-05,0.00238259990510985,-6.27543681490619e-05
"rs11719939","PC2",0.353535353535354,-0.000835416222383577,-0.00227315377751529,-0.000845887961650204,-0.00240810892801004
"rs11719939","PC2",0.363636363636364,-0.00274137771482943,-0.001956680674259,-0.00275643930053537,-0.0018785557701747
"rs11719939","PC2",0.373737373737374,-0.0028503173106055,-4.98306577353659e-05,-0.00301163574521445,8.4684433948665e-05
"rs11719939","PC2",0.383838383838384,-0.00131325979491288,0.00105336426349957,-0.000934619308495653,0.000557962760336083
"rs11719939","PC2",0.393939393939394,0.0009500412261439,-0.000480493027808165,0.000579297137715916,0.0002986720111344
"rs11719939","PC2",0.404040404040404,0.00265360593858879,-0.00342757007601352,0.00256429905093888,-0.00390558279058541
"rs11719939","PC2",0.414141414141414,0.00280722825421406,-0.00604847740422141,0.0033850822499839,-0.00612616322161307
"rs11719939","PC2",0.424242424242424,0.00178944392404076,-0.00765313969061511,0.00145057484072861,-0.00696448239431193
"rs11719939","PC2",0.434343434343434,0.000227962790592251,-0.00698272425720655,-9.8272429601349e-05,-0.00848027921453099
"rs11719939","PC2",0.444444444444444,-0.00145931095265958,-0.00186867659778553,-0.000718728942038459,-0.00051244321759118
"rs11719939","PC2",0.454545454545455,-0.00229852518387574,0.00103015668263163,-0.0029650323443282,0.00107801681506582
"rs11719939","PC2",0.464646464646465,-0.00161370511569715,-0.0039620437213236,-0.00133057394800941,-0.00479860168974585
"rs11719939","PC2",0.474747474747475,-0.000569344595356217,-0.008930500910261,-0.000601562861139786,-0.00843215161851195
"rs11719939","PC2",0.484848484848485,-5.59713088350699e-05,-0.00676052768072008,-1.72024816061027e-05,-0.00695095967505115
"rs11719939","PC2",0.494949494949495,0.00115888447075124,-0.00425040615022329,0.000978388971022044,-0.0040781488390736
"rs11719939","PC2",0.505050505050505,0.00178843232328408,-0.000884214513435087,0.0019786759874666,-0.000895417857481361
"rs11719939","PC2",0.515151515151515,0.000224142716194453,0.00494559651327395,0.000268751652187079,0.00439010481468331
"rs11719939","PC2",0.525252525252525,-0.00273572668522012,0.00876600295074879,-0.00276279467353257,0.0095622228001603
"rs11719939","PC2",0.535353535353535,-0.00403972073832327,0.00857706060670511,-0.00420983472700055,0.00845845139655729
"rs11719939","PC2",0.545454545454546,-0.0014066681404843,0.0043822804177173,-0.00136189985876955,0.00395737817064328
"rs11719939","PC2",0.555555555555556,0.00260186632784062,-6.04441402757045e-05,0.00262835684043844,0.000217295054571092
"rs11719939","PC2",0.565656565656566,0.00531064856516068,-0.00174970758229844,0.00545950125080773,-0.00177301152658697
"rs11719939","PC2",0.575757575757576,0.00767157898882752,-0.00328167127222853,0.00748525827963724,-0.00331796965727297
"rs11719939","PC2",0.585858585858586,0.00868987559550965,-0.00421650958228961,0.00850326642220158,-0.00421858962929722
"rs11719939","PC2",0.595959595959596,0.00704626377382071,-0.00343901322798306,0.0076526610763906,-0.00343941061198255
"rs11719939","PC2",0.606060606060606,0.00316719560057536,-0.00186350891537974,0.00281925273567294,-0.00188375637874799
"rs11719939","PC2",0.616161616161616,-0.00155347117481191,-0.000239187438684917,-0.00174125479473302,-0.000107389597252713
"rs11719939","PC2",0.626262626262626,-0.00461354134148358,0.00249924610745637,-0.00430664625813167,0.00223801653364177
"rs11719939","PC2",0.636363636363636,-0.00704207985105685,0.00458723078402158,-0.00716884634358965,0.00475133262394716
"rs11719939","PC2",0.646464646464647,-0.00978445026868266,0.00473187380124562,-0.009725926359726,0.00497574513886563
"rs11719939","PC2",0.656565656565657,-0.0102618674896498,0.00569530994030079,-0.0103566416967651,0.005225613204631
"rs11719939","PC2",0.666666666666667,-0.00828785063813218,0.00625085295017588,-0.00833836625592708,0.00632558687810169
"rs11719939","PC2",0.676767676767677,-0.00462091606839103,0.00460374083010149,-0.00447924601133617,0.00506914755792559
"rs11719939","PC2",0.686868686868687,-0.000308004898929621,0.00202299170018809,-0.000371262176626422,0.00167666374541406
"rs11719939","PC2",0.696969696969697,0.00374982573113855,0.000386998019371649,0.0036888446907163,0.000181045088652776
"rs11719939","PC2",0.707070707070707,0.00731835856967507,0.000412707687282082,0.00740375929471976,0.000811138162291428
"rs11719939","PC2",0.717171717171717,0.0095608833556842,0.000519850737243115,0.00956818569708851,0.000364507959362039
"rs11719939","PC2",0.727272727272727,0.00966308112710502,-0.000565775585421038,0.00961891747805282,-0.000586030325504872
"rs11719939","PC2",0.737373737373737,0.00772068129692273,-0.000753458012472588,0.0077819010085951,-0.000809573272820372
"rs11719939","PC2",0.747474747474748,0.00430132046025908,0.00095175738992518,0.00433666146045326,0.000969704073908738
"rs11719939","PC2",0.757575757575758,0.000846881876061411,-0.000189326736035507,0.00076178597206517,-1.34242017124703e-05
"rs11719939","PC2",0.767676767676768,-0.00136969086704409,-0.00279768781279794,-0.0014213009779374,-0.00285089389010475
"rs11719939","PC2",0.777777777777778,-0.00166139457612183,-0.00423577460978445,-0.00153437208151965,-0.00457116516661866
"rs11719939","PC2",0.787878787878788,-0.00113876235060815,-0.00467477189267824,-0.00129624422484336,-0.00426704268236148
"rs11719939","PC2",0.797979797979798,-0.000863371869180778,-0.00419170717441905,-0.000760779872490747,-0.00414179436767913
"rs11719939","PC2",0.808080808080808,-0.00148598589381162,-0.00271684760180341,-0.00142247265961721,-0.00324262845877686
"rs11719939","PC2",0.818181818181818,-0.00254566964642425,-0.000442849525651033,-0.00265246849825021,1.83901383352126e-05
"rs11719939","PC2",0.828282828282828,-0.00316211154203239,0.0017254711682939,-0.0030668340365849,0.00152070418008447
"rs11719939","PC2",0.838383838383838,-0.00243641419510338,0.00140691639350685,-0.0026067189485353,0.00157285708904215
"rs11719939","PC2",0.848484848484849,-0.00151712334638661,1.31927691232011e-05,-0.0014209068182618,-6.37076475051968e-05
"rs11719939","PC2",0.858585858585859,-0.00171276966938168,-0.000652481492176325,-0.00161539358028407,-0.000788780148787051
"rs11719939","PC2",0.868686868686869,-0.00278292802040947,-0.00166030874310815,-0.00294942698684292,-0.00135436490806552
"rs11719939","PC2",0.878787878787879,-0.00444925000548853,-0.00361295910021831,-0.00425794895983334,-0.00395888875825891
"rs11719939","PC2",0.888888888888889,-0.00708515331192652,-0.00363868440248857,-0.00717412700103364,-0.00343645524766535
"rs11719939","PC2",0.898989898989899,-0.00843138439230291,-0.00275637404143976,-0.00841720439055182,-0.00260852213958803
"rs11719939","PC2",0.909090909090909,-0.00663176532284814,-0.00203844086055434,-0.00692659890772724,-0.00261315710648363
"rs11719939","PC2",0.919191919191919,-0.00402549134381676,0.000736883446788134,-0.00369445501228442,0.00128895020244432
"rs11719939","PC2",0.929292929292929,-0.00250466497659176,0.0027339750793245,-0.00229979068457024,0.00269844314141162
"rs11719939","PC2",0.93939393939394,-0.0027482235075944,0.00109913222174593,-0.00323734343353097,0.000874608405960016
"rs11719939","PC2",0.94949494949495,-0.00217810836060117,-0.000820659109002105,-0.00194220269812818,-0.00073897566994051
"rs11719939","PC2",0.95959595959596,0.000908098335096806,9.38102423589734e-05,0.000811298035716456,0.000118982591554414
"rs11719939","PC2",0.96969696969697,0.00285701727197073,0.00100764603842062,0.0030623142879454,0.00101722014397239
"rs11719939","PC2",0.97979797979798,0.003940425497177,0.00193877276698443,0.0037423917136987,0.00184567569906105
"rs11719939","PC2",0.98989898989899,0.00544431406008729,0.00359274538405821,0.00552435476237037,0.00370061869917227
"rs11719939","PC2",1,0.00709648399307362,0.0047948731735343,0.00708388092290555,0.00475612339706892
"rs11719939","education_years",0,-0.000645379053567584,0.00150465649269948,-0.000650650044275112,0.00148505587659956
"rs11719939","education_years",0.0101010101010101,-0.00117841405588993,0.00113998041557156,-0.00107644390202673,0.00117736228660827
"rs11719939","education_years",0.0202020202020202,-0.00130869482544304,0.000165525807759433,-0.00149672030487974,0.000166958814215321
"rs11719939","education_years",0.0303030303030303,-0.000962613997684356,-0.000932336074555627,-0.000933335210917686,-0.000985879009661175
"rs11719939","education_years",0.0404040404040404,-0.000317502245499551,-0.00160381293975333,-0.000143763220181631,-0.00151863086662422
"rs11719939","education_years",0.0505050505050505,0.00015205531927169,-0.00204374795483166,-9.38005460855256e-05,-0.00213957283217098
"rs11719939","education_years",0.0606060606060606,9.58310358331292e-05,-0.00235656943507856,0.000288450655474209,-0.00230084872336614
"rs11719939","education_years",0.0707070707070707,-0.000591151005234443,-0.00252680567099159,-0.000545268169953637,-0.00251570246844562
"rs11719939","education_years",0.0808080808080808,-0.00124477550600954,-0.00235439681802918,-0.00139764963514797,-0.00239765723244273
"rs11719939","education_years",0.0909090909090909,-0.00124305101426882,-0.00163767328671009,-0.0012381738707366,-0.00160629860009491
"rs11719939","education_years",0.101010101010101,-0.000851194424082407,-0.000491843340381613,-0.00079490414173925,-0.000544634109195221
"rs11719939","education_years",0.111111111111111,-0.000367306301694612,0.000368432678597495,-0.000400622382611207,0.000434967501351273
"rs11719939","education_years",0.121212121212121,-6.70347170738844e-05,0.000377525012206598,-7.51545113029648e-05,0.000372696984431334
"rs11719939","education_years",0.131313131313131,-0.000230739462155621,1.8047919439175e-05,-0.000145399251596163,-1.8132339824604e-05
"rs11719939","education_years",0.141414141414141,-0.000738741003284083,-0.000350797500943894,-0.000791652754262349,-0.000312255518111697
"rs11719939","education_years",0.151515151515152,-0.00136745761389937,-0.00053988399081866,-0.00136387283990953,-0.000577069535427212
"rs11719939","education_years",0.161616161616162,-0.00190566386898006,-0.000629207212490345,-0.00189546186398026,-0.000630126659321123
"rs11719939","education_years",0.171717171717172,-0.0021296513354659,-0.000695613615860452,-0.00214586105725365,-0.000611804975461289
"rs11719939","education_years",0.181818181818182,-0.00183614078809973,-0.000529579430886346,-0.00186141558976978,-0.000630973398125887
"rs11719939","education_years",0.191919191919192,-0.00113715108418825,0.000167450854585999,-0.00113434250060945,0.000149085957560132
"rs11719939","education_years",0.202020202020202,-0.000245111389330716,0.00143339088503328,-0.000237450403671054,0.00151051690594111
"rs11719939","education_years",0.212121212121212,0.000556778063690687,0.00224498503462247,0.000555883466570169,0.00223016761811114
"rs11719939","education_years",0.222222222222222,0.000971456573355749,0.00183059132202797,0.000997670551358294,0.00183000169274369
"rs11719939","education_years",0.232323232323232,0.000832671030331193,0.00117043896749864,0.000864493392670285,0.00115269898729543
"rs11719939","education_years",0.242424242424242,0.000439914223165974,0.000498652566309078,0.000393060913405234,0.000530540235136467
"rs11719939","education_years",0.252525252525253,0.000155397591985362,-0.000160100240925094,0.000171356046674249,-0.000202815605061784
"rs11719939","education_years",0.262626262626263,0.000132621778249452,-0.000450943570712617,0.000126886390004305,-0.000415264133718848
"rs11719939","education_years",0.272727272727273,0.000481640454454842,-0.000292603949647076,0.000435866126974946,-0.000320963527837172
"rs11719939","education_years",0.282828282828283,0.00121537390817851,0.0002250165802957,0.00123279443526362,0.000223109911278785
"rs11719939","education_years",0.292929292929293,0.00194889610790263,0.00070721201780159,0.00195776589670256,0.000739553407136568
"rs11719939","education_years",0.303030303030303,0.00227098047163366,0.000898909710806484,0.00230785791342668,0.000878896871315837
"rs11719939","education_years",0.313131313131313,0.00210795579496118,0.00123777663603133,0.00210108202439521,0.00124194035479256
"rs11719939","education_years",0.323232323232323,0.00163895694433744,0.0016949231990687,0.00162997124285011,0.00167167397577609
"rs11719939","education_years",0.333333333333333,0.00113563780340821,0.00210592423884486,0.00118306199293797,0.00214160527664829
"rs11719939","education_years",0.343434343434343,0.00106008328302867,0.00244660323783391,0.000969614262058871,0.0024160319967881
"rs11719939","education_years",0.353535353535354,0.00170207223748858,0.00234231005280311,0.00161658643504331,0.00229807461765119
"rs11719939","education_years",0.363636363636364,0.00246581943155747,0.00050119588627176,0.00259719328093466,0.00068931642426533
"rs11719939","education_years",0.373737373737374,0.00251199047243995,-0.00225434587732693,0.00256286880089366,-0.00239667181167298
"rs11719939","education_years",0.383838383838384,0.00135752288680052,-0.00430483337783413,0.00131348805938884,-0.00427044899816607
"rs11719939","education_years",0.393939393939394,-0.000187956638335635,-0.00398937194816418,-0.000187698462933925,-0.004044115079819
"rs11719939","education_years",0.404040404040404,-0.0015767761071388,-0.00206357544750371,-0.00154984650980044,-0.00210920395230054
"rs11719939","education_years",0.414141414141414,-0.00248206100109929,0.000222363365534137,-0.00256498181804818,0.000361843240213239
"rs11719939","education_years",0.424242424242424,-0.00283599126428306,0.00222858864450107,-0.00281285329440496,0.00214294049641557
"rs11719939","education_years",0.434343434343434,-0.00254639602987971,0.00294650974361662,-0.0024603676375509,0.00286412731524797
"rs11719939","education_years",0.444444444444444,-0.00145751353194842,0.000523147017984504,-0.00175474323204192,0.000928590429182002
"rs11719939","education_years",0.454545454545455,-0.000495934805830022,-0.00245224976315309,-0.000166029769473539,-0.0029323271249659
"rs11719939","education_years",0.464646464646465,-0.000541738621267514,-0.00312751895889408,-0.000588610131098014,-0.00292557385318273
"rs11719939","education_years",0.474747474747475,-0.00111748745781078,-0.00256239988320863,-0.00114867182330626,-0.00256113390127976
"rs11719939","education_years",0.484848484848485,-0.00148922143559594,-0.00242732621731296,-0.00153504414015554,-0.0025125548567818
"rs11719939","education_years",0.494949494949495,-0.00130124077091872,-0.00278069833150582,-0.00127754316971133,-0.00260066707960131
"rs11719939","education_years",0.505050505050505,-0.000468035367695138,-0.00274199642449632,-0.000461263060046095,-0.00289789690448311
"rs11719939","education_years",0.515151515151515,0.000820735250691656,-0.00142827904594625,0.000594385614119501,-0.00143103870223375
"rs11719939","education_years",0.525252525252525,0.00167254924700438,0.00106931901816988,0.00200605158025094,0.0011044751223604
"rs11719939","education_years",0.535353535353535,0.00180848116627444,0.00287068067635869,0.00187358483887813,0.00282489269922408
"rs11719939","education_years",0.545454545454546,0.00129964968183225,0.00235988714858727,0.000942409487374012,0.00254326107773498
"rs11719939","education_years",0.555555555555556,0.000775417222090065,0.000626307030201427,0.000963876042856044,0.000490753776125925
"rs11719939","education_years",0.565656565656566,0.0005929189350095,-0.000655902013313029,0.000585720546498494,-0.000688371227488288
"rs11719939","education_years",0.575757575757576,-0.000125215197510184,-0.000559854795551411,-9.25009192047403e-05,-0.00051482663694537
"rs11719939","education_years",0.585858585858586,-0.00101755256950365,0.000225235559136421,-0.000983405413024155,0.000199563684153057
"rs11719939","education_years",0.595959595959596,-0.00143360864842736,0.000803914850965732,-0.00158510578126979,0.000836941970002984
"rs11719939","education_years",0.606060606060606,-0.00121728203871213,0.000980330115461994,-0.0011681710077846,0.000964181660215202
"rs11719939","education_years",0.616161616161616,-0.000492117880073525,0.000878469945764981,-0.000459558778663248,0.000910053347664272
"rs11719939","education_years",0.626262626262626,0.000129840191220515,0.000998523366137991,0.000108866388320849,0.000929872618892488
"rs11719939","education_years",0.636363636363636,0.00042331581830975,0.00117136239353756,0.00044575486475964,0.00120232810414444
"rs11719939","education_years",0.646464646464647,0.000392938505007802,0.000997882322324858,0.000440303682769474,0.00105377694614838
"rs11719939","education_years",0.656565656565657,0.000311368039431121,0.000232166492266615,0.000217494398490504,0.000195991664663312
"rs11719939","education_years",0.666666666666667,0.00011036505098231,-0.000362767196668222,8.34855374900052e-05,-0.000423225935656543
"rs11719939","education_years",0.676767676767677,-0.000368490398938517,-9.46787874536951e-05,-0.00021375767721166,-2.89674566743071e-05
"rs11719939","education_years",0.686868686868687,-0.00120924000916574,0.000410213186389874,-0.00124760740813269,0.000433581234473158
"rs11719939","education_years",0.696969696969697,-0.00223675395867852,0.000569366591036646,-0.00231714320415862,0.000453102924104301
"rs11719939","education_years",0.707070707070707,-0.00262115078917522,0.000943799142679348,-0.00260882985521434,0.00103520673843066
"rs11719939","education_years",0.717171717171717,-0.00252219689193785,0.00106940262261886,-0.00251231961112422,0.00113110654016823
"rs11719939","education_years",0.727272727272727,-0.00233680967045143,0.000438794006908522,-0.00232563460767031,0.000303009923385067
"rs11719939","education_years",0.737373737373737,-0.0021802857675155,-0.000230091992165631,-0.00215974574556573,-0.000154905429423073
"rs11719939","education_years",0.747474747474748,-0.0020023886335429,-0.000269695799693215,-0.00199878354834229,-0.00028163516399143
"rs11719939","education_years",0.757575757575758,-0.00145742916278227,-0.000198704740777819,-0.00150946499532631,-0.00019719136280497
"rs11719939","education_years",0.767676767676768,-0.00044482805805622,6.97748309287996e-05,-0.000437374483178556,3.64441979230484e-05
"rs11719939","education_years",0.777777777777778,0.000935341848882277,0.000670519768344175,0.000892756869183883,0.000722442542541618
"rs11719939","education_years",0.787878787878788,0.00214944915532183,0.001114052378387,0.00218924366864827,0.00110650677332601
"rs11719939","education_years",0.797979797979798,0.00266351831821324,0.00130419947126243,0.00273810046026364,0.00119969173121905
"rs11719939","education_years",0.808080808080808,0.00212699689231144,0.00126357818246222,0.00207086378355887,0.00144312491145452
"rs11719939","education_years",0.818181818181818,0.000807776287692273,0.000903974266186007,0.000868480325667796,0.00079563475617576
"rs11719939","education_years",0.828282828282828,-0.000767695834019326,0.000148522463867304,-0.000765155975242567,0.000129155123133962
"rs11719939","education_years",0.838383838383838,-0.00181893190411202,-0.00085565477946164,-0.00191946664411752,-0.000761926063065982
"rs11719939","education_years",0.848484848484849,-0.00210846404131224,-0.00165133669272732,-0.00208700634461248,-0.00170804536994352
"rs11719939","education_years",0.858585858585859,-0.00160811730556177,-0.0018158244914946,-0.00157751502235579,-0.00184517457825232
"rs11719939","education_years",0.868686868686869,-0.000479923546507113,-0.00133554883136617,-0.000521909305263242,-0.00130208433636714
"rs11719939","education_years",0.878787878787879,0.00102084643018647,-0.000442838756009533,0.000980648346004495,-0.000470520967017493
"rs11719939","education_years",0.888888888888889,0.00243656150222569,0.000230289866338862,0.00250047690949668,0.000279405825664666
"rs11719939","education_years",0.898989898989899,0.00318545815969368,0.000607314289996788,0.00324317658930191,0.000570093168110137
"rs11719939","education_years",0.909090909090909,0.0029118375108539,0.000808711187489758,0.00287752718880976,0.000823725874238766
"rs11719939","education_years",0.919191919191919,0.00216878773417038,0.00096338180131362,0.00214500759259776,0.000979448903897487
"rs11719939","education_years",0.929292929292929,0.00145940678233763,0.000900593695515005,0.001575028472247,0.000806064234066491
"rs11719939","education_years",0.93939393939394,0.00111232559442391,0.000439695219731536,0.000871789008188512,0.000598223436838126
"rs11719939","education_years",0.94949494949495,0.00105397318119972,-0.000317786325030617,0.00111455545437658,-0.000405718131813368
"rs11719939","education_years",0.95959595959596,0.00093014768658515,-0.00112000647499189,0.0011703560937422,-0.00115958031135025
"rs11719939","education_years",0.96969696969697,6.34079998366542e-05,-0.00154252134487855,-0.00011781357701079,-0.00146018198944209
"rs11719939","education_years",0.97979797979798,-0.000815438236803428,-0.00166707573740832,-0.000867645407345396,-0.00171614519014483
"rs11719939","education_years",0.98989898989899,-0.000911025899976684,-0.00166671779145458,-0.000832749537583443,-0.00166213372404965
"rs11719939","education_years",1,-0.0007580890796225,-0.00149374787759037,-0.000771728174216346,-0.00148776757126142
"rs4639533","SNP",0,0.00886387107107022,-0.0130651406692851,0.00829662236946306,-0.0134063712703263
"rs4639533","SNP",0.0101010101010101,0.00308004214414064,-0.0120183879982889,0.00435505621755159,-0.0117699124534727
"rs4639533","SNP",0.0202020202020202,-0.00563269883250902,-0.0133165319341177,-0.00563315957622804,-0.0125690582663448
"rs4639533","SNP",0.0303030303030303,-0.0131524440491368,-0.0159222345541961,-0.0145870969617273,-0.0164943758592465
"rs4639533","SNP",0.0404040404040404,-0.015715486604415,-0.0180648713151775,-0.0155241048992485,-0.0189397981995016
"rs4639533","SNP",0.0505050505050505,-0.0172939444265891,-0.0195713584076026,-0.016629060452721,-0.0190712019798205
"rs4639533","SNP",0.0606060606060606,-0.0208399011374502,-0.0229391203701183,-0.0207485432838346,-0.0212466762480936
"rs4639533","SNP",0.0707070707070707,-0.0272627676931194,-0.0295463752432049,-0.0265338806166702,-0.0303286697791526
"rs4639533","SNP",0.0808080808080808,-0.0324521876018103,-0.0338719836990659,-0.0334897115303327,-0.0349146813070204
"rs4639533","SNP",0.0909090909090909,-0.0322291303328551,-0.0307123223014877,-0.0331048074831854,-0.0312007824622035
"rs4639533","SNP",0.101010101010101,-0.0274229989954416,-0.0229086067102333,-0.0263452520519016,-0.0223860607324221
"rs4639533","SNP",0.111111111111111,-0.0211029139117433,-0.0148460804641992,-0.0212348022148667,-0.0146259058794606
"rs4639533","SNP",0.121212121212121,-0.0161381795039676,-0.00996194965897891,-0.0167301923207119,-0.00921211991070289
"rs4639533","SNP",0.131313131313131,-0.0134648548548316,-0.00826381543609654,-0.0124500149724355,-0.00878493503854016
"rs4639533","SNP",0.141414141414141,-0.0132336914006674,-0.00839269319089454,-0.012833783244608,-0.00880046152338024
"rs4639533","SNP",0.151515151515152,-0.0148384595369208,-0.00918279827900458,-0.0157436714887724,-0.00842266811323568
"rs4639533","SNP",0.161616161616162,-0.0149671348944384,-0.0107842760387236,-0.0150560994239547,-0.0105675273782759
"rs4639533","SNP",0.171717171717172,-0.0109565376475183,-0.012319521598321,-0.0110140942602764,-0.0129617651148064
"rs4639533","SNP",0.181818181818182,-0.00504848291777949,-0.00953278617260503,-0.00494996014188865,-0.0106688141730263
"rs4639533","SNP",0.191919191919192,0.000774632902891502,-0.00500673590794572,0.000708889882950312,-0.00386970141632115
"rs4639533","SNP",0.202020202020202,0.00508041626591754,-0.00240573629001988,0.00536818424269783,-0.00179413742776826
"rs4639533","SNP",0.212121212121212,0.0070517730316264,-0.00152580252447475,0.00724551404324883,-0.00245505142439771
"rs4639533","SNP",0.222222222222222,0.00664815430035218,-0.00162816309299698,0.00645189443929199,-0.00119029258308909
"rs4639533","SNP",0.232323232323232,0.00577085696265326,-0.0031322513481514,0.00556352165260349,-0.00267057427561886
"rs4639533","SNP",0.242424242424242,0.00474775525328369,-0.00460580743531383,0.00484477264281948,-0.00527325060809812
"rs4639533","SNP",0.252525252525253,0.00311313827626089,-0.0042463987219043,0.00321760902232047,-0.00438653755897468
"rs4639533","SNP",0.262626262626263,0.000137978528382047,-0.0016750083702776,0.000497787785109381,-0.00187139479336673
"rs4639533","SNP",0.272727272727273,-0.00229177737482871,0.00080610330776904,-0.00260672645827997,0.00115459143829946
"rs4639533","SNP",0.282828282828283,-0.00218910544761618,0.00109206506472503,-0.00278898209896042,0.00190333741444284
"rs4639533","SNP",0.292929292929293,-2.21957118682848e-05,0.000348013324315753,0.000276198492717128,-0.000236069862656698
"rs4639533","SNP",0.303030303030303,0.00273743642711865,0.000366834867608067,0.00298644822666853,-0.000507422455158727
"rs4639533","SNP",0.313131313131313,0.00389746452323989,0.00170903839155336,0.00409458189257706,0.00242667460489538
"rs4639533","SNP",0.323232323232323,0.00422514618962177,0.00285189366365292,0.00420593746577291,0.00341631062842336
"rs4639533","SNP",0.333333333333333,0.00527108784463885,0.00243397876670197,0.00502416141875268,0.0016565006736076
"rs4639533","SNP",0.343434343434343,0.00837018518692977,0.00163259241365416,0.0080597512490669,0.00149047433088796
"rs4639533","SNP",0.353535353535354,0.0137424220766402,0.00111981136482102,0.0134529498371042,0.00157997806472016
"rs4639533","SNP",0.363636363636364,0.018081076494473,-0.00167834644096658,0.0191040292829814,-0.00111122934659946
"rs4639533","SNP",0.373737373737374,0.0198873652817431,-0.00522156669807382,0.0195800157711442,-0.00561649424220051
"rs4639533","SNP",0.383838383838384,0.0190006175703983,-0.00708280964810497,0.0188544138824967,-0.00834456102846518
"rs4639533","SNP",0.393939393939394,0.0171260413893888,-0.00697561694849833,0.0172669531611757,-0.00599422080116967
"rs4639533","SNP",0.404040404040404,0.014119137318079,-0.0067734934227446,0.0137909324672553,-0.00655200404891803
"rs4639533","SNP",0.414141414141414,0.00966360612026019,-0.00872286193478063,0.0103564980028325,-0.00953037913349493
"rs4639533","SNP",0.424242424242424,0.00522653828285625,-0.0148286785107608,0.00495859998075794,-0.0134398726813182
"rs4639533","SNP",0.434343434343434,0.00127895549449785,-0.0237238173771112,-0.000985792094098526,-0.0207591553695183
"rs4639533","SNP",0.444444444444444,-0.00579059737379488,-0.0247947397274276,-0.00134813428257926,-0.0333812592126221
"rs4639533","SNP",0.454545454545455,-0.0142947392852988,-0.0201179809782315,-0.0162568384314871,-0.015492065869303
"rs4639533","SNP",0.464646464646465,-0.0211872183683574,-0.0151634784695703,-0.0226140002522626,-0.0136580129497348
"rs4639533","SNP",0.474747474747475,-0.0247270518063605,-0.0129729879223865,-0.0237975938437902,-0.0137602737725766
"rs4639533","SNP",0.484848484848485,-0.0245057988907746,-0.0140309862437675,-0.0240894588998795,-0.014675225855166
"rs4639533","SNP",0.494949494949495,-0.0232517030274372,-0.0128324338219553,-0.0238277834864475,-0.0128509185119707
"rs4639533","SNP",0.505050505050505,-0.0211463714149372,-0.00916772610599915,-0.0210107629558886,-0.00897206234807649
"rs4639533","SNP",0.515151515151515,-0.0176987836975886,-0.00428926866210763,-0.017170268524508,-0.00493417965084985
"rs4639533","SNP",0.525252525252525,-0.0131817207957798,0.00125084239842654,-0.0138995366873679,0.00143411300404571
"rs4639533","SNP",0.535353535353535,-0.00768935310495402,0.0044606437792954,-0.00767162887217396,0.00522975421209394
"rs4639533","SNP",0.545454545454546,-0.00136846307207211,0.00288653011168473,-0.000903333398696928,0.00328652947477099
"rs4639533","SNP",0.555555555555556,0.00502952041627446,-0.000982398077916663,0.00443992464732992,-0.00117948048611444
"rs4639533","SNP",0.565656565656566,0.0100190457076676,-0.00346203421261661,0.0100984938086159,-0.00476673601409848
"rs4639533","SNP",0.575757575757576,0.0108540268558796,-0.00221769071913886,0.0117205666441687,-0.00190886274954113
"rs4639533","SNP",0.585858585858586,0.00849065807823295,0.000297700312663402,0.00872011524847971,0.0012556178339222
"rs4639533","SNP",0.595959595959596,0.00494527370525684,0.00138951224613368,0.00364954057100835,0.000894637456907871
"rs4639533","SNP",0.606060606060606,0.00218952720083888,0.00214328949710914,0.00255281468666004,0.00179707559682654
"rs4639533","SNP",0.616161616161616,0.00126702670821624,0.00377148763355828,0.00180073226145197,0.00429791345284435
"rs4639533","SNP",0.626262626262626,0.000387573165821022,0.00482897913742537,-7.934424593488e-05,0.00462223473383963
"rs4639533","SNP",0.636363636363636,0.000178865252712766,0.00551227831144048,0.000190448900219464,0.00523189345708824
"rs4639533","SNP",0.646464646464647,0.00154374051880391,0.00595884955134214,0.00145965015232491,0.00626266300513818
"rs4639533","SNP",0.656565656565657,0.00330788719015611,0.00449842686340493,0.00342138442110953,0.00503678588407766
"rs4639533","SNP",0.666666666666667,0.00436671130194926,0.00233972167008657,0.00432475394939376,0.00181658112095976
"rs4639533","SNP",0.676767676767677,0.00393398154407078,0.00123026036925049,0.00412352901007913,0.00100520048291712
"rs4639533","SNP",0.686868686868687,0.00186864507581868,0.00151985857926345,0.00197896986271772,0.00163804318823151
"rs4639533","SNP",0.696969696969697,-0.00152281953841633,0.0027298151690276,-0.00160682754071516,0.00234923132684172
"rs4639533","SNP",0.707070707070707,-0.00483957858621512,0.00305975364964813,-0.00475965777358759,0.00394612303327582
"rs4639533","SNP",0.717171717171717,-0.0065969295791434,0.00260893191989973,-0.00691991198450198,0.00264834829669203
"rs4639533","SNP",0.727272727272727,-0.0058783322491715,0.00210514003428327,-0.00606949446536687,0.00120578966707715
"rs4639533","SNP",0.737373737373737,-0.00383752719816253,0.00241157322794441,-0.00363870733407364,0.00267204521830129
"rs4639533","SNP",0.747474747474748,-0.00211593430414816,0.00370249350023746,-0.00203397749957148,0.00392465337611343
"rs4639533","SNP",0.757575757575758,-0.00197840472384176,0.00409239474200116,-0.00187121396347748,0.00436082970465778
"rs4639533","SNP",0.767676767676768,-0.00363187884825536,0.0042984663743001,-0.00341074677663093,0.00405952711382646
"rs4639533","SNP",0.777777777777778,-0.00637895596371028,0.00551885144799374,-0.0063485037209372,0.0049586632791394
"rs4639533","SNP",0.787878787878788,-0.00763431721063164,0.00759673952894817,-0.00827606348919253,0.00845070229301667
"rs4639533","SNP",0.797979797979798,-0.00697101337473235,0.0102117520255521,-0.0067772996826185,0.00950866925528462
"rs4639533","SNP",0.808080808080808,-0.00477119255369933,0.012908750549065,-0.00459925161934387,0.0129919497229417
"rs4639533","SNP",0.818181818181818,-0.00184768629923628,0.014506709294207,-0.00198727246270573,0.0156030300350685
"rs4639533","SNP",0.828282828282828,0.00109647845153192,0.0147815644548211,0.00147728753597287,0.0136897322835686
"rs4639533","SNP",0.838383838383838,0.00437575457268479,0.0168571823036199,0.00414672890597496,0.0167852696191543
"rs4639533","SNP",0.848484848484849,0.00911238201187605,0.0201726416299301,0.0088091452391789,0.0206358020667005
"rs4639533","SNP",0.858585858585859,0.0160358588102986,0.0233523153965051,0.0160918490804241,0.0232241157669142
"rs4639533","SNP",0.868686868686869,0.0237144037878103,0.0265849745964449,0.0238467816587365,0.0262487681967429
"rs4639533","SNP",0.878787878787879,0.0305113741494699,0.0298927020437587,0.0303519257057255,0.0301810938100977
"rs4639533","SNP",0.888888888888889,0.0357468763891373,0.0316827515678655,0.035695353098226,0.0320044082769363
"rs4639533","SNP",0.898989898989899,0.0375361412978687,0.0322698763599951,0.0381139530132118,0.0315746828784401
"rs4639533","SNP",0.909090909090909,0.0348353844150879,0.0320171148354184,0.0352615139489759,0.0324099566064967
"rs4639533","SNP",0.919191919191919,0.0307592048365749,0.0295110532641262,0.0296578314395783,0.0296438643962829
"rs4639533","SNP",0.929292929292929,0.0266647125580047,0.0247530174061992,0.0267045616551523,0.024877251697827
"rs4639533","SNP",0.93939393939394,0.022983926117279,0.0183359186393413,0.0237550322883036,0.018094186254853
"rs4639533","SNP",0.94949494949495,0.0194320555430126,0.011236234783578,0.0187673394701792,0.0111450717161809
"rs4639533","SNP",0.95959595959596,0.0154815053562026,0.00404066456247686,0.015694414605533,0.00402514400974715
"rs4639533","SNP",0.96969696969697,0.0108610112221192,-0.0041381677604268,0.0114029153432207,-0.00388246227654396
"rs4639533","SNP",0.97979797979798,0.00727868408756206,-0.0127988751561448,0.00661287916054154,-0.0122674527575592
"rs4639533","SNP",0.98989898989899,0.00638990072487502,-0.020933400194075,0.00617759520993303,-0.0222612212698081
"rs4639533","SNP",1,0.00759612254675207,-0.0273814373096526,0.0079366872107398,-0.0267409306330568
"rs4639533","intercept",0,0.715712707294606,0.826106600149126,0.705032247421821,0.827238878144334
"rs4639533","intercept",0.0101010101010101,0.564141790261989,0.913167200080578,0.580790113119014,0.908961215021338
"rs4639533","intercept",0.0202020202020202,0.298880960161973,1.01640698065149,0.295674624393265,1.02175364709067
"rs4639533","intercept",0.0303030303030303,-0.0521070577705827,1.02160089768472,-0.0478062275357722,1.0189989467252
"rs4639533","intercept",0.0404040404040404,-0.41749919518157,0.85579501238781,-0.420147989220802,0.855128258546358
"rs4639533","intercept",0.0505050505050505,-0.705768837102176,0.559341449654529,-0.712100326986707,0.562165532676363
"rs4639533","intercept",0.0606060606060606,-0.883672747300806,0.26453623796065,-0.885089623492809,0.262559463168077
"rs4639533","intercept",0.0707070707070707,-0.946990620659449,0.0930202293608344,-0.946457277038886,0.0925100690191957
"rs4639533","intercept",0.0808080808080808,-0.940037326764138,0.0559550233874667,-0.93837971147515,0.0570996061388022
"rs4639533","intercept",0.0909090909090909,-0.909948289767,0.133817709647056,-0.907153433299886,0.132572536160626
"rs4639533","intercept",0.101010101010101,-0.86563906910495,0.292198751040959,-0.868059650710635,0.293302249009763
"rs4639533","intercept",0.111111111111111,-0.80284435200289,0.48311255557949,-0.803977998686277,0.48273264528001
"rs4639533","intercept",0.121212121212121,-0.722437065504038,0.659556094343339,-0.720149407682418,0.659011233028681
"rs4639533","intercept",0.131313131313131,-0.644868461179452,0.792583266332942,-0.645577551245665,0.79359525761864
"rs4639533","intercept",0.141414141414141,-0.577325867303882,0.871319643313102,-0.578078194239757,0.871099835442009
"rs4639533","intercept",0.151515151515152,-0.522081224558039,0.895170834065645,-0.519858449173482,0.894665431091039
"rs4639533","intercept",0.161616161616162,-0.4811139946366,0.890201325270407,-0.481400829016149,0.890806138652644
"rs4639533","intercept",0.171717171717172,-0.452108092438244,0.883768654476607,-0.452838722166983,0.883255219478391
"rs4639533","intercept",0.181818181818182,-0.420209869441581,0.88477223975708,-0.420617376469378,0.885074243316431
"rs4639533","intercept",0.191919191919192,-0.38375182918731,0.908854050355955,-0.383620561895689,0.909023406498813
"rs4639533","intercept",0.202020202020202,-0.345001575879828,0.967557390916696,-0.344667912108272,0.966791372169998
"rs4639533","intercept",0.212121212121212,-0.304558537266741,1.04391668790368,-0.304710113993033,1.04454934937723
"rs4639533","intercept",0.222222222222222,-0.262301237157336,1.11495838222243,-0.262427574966285,1.11481180790045
"rs4639533","intercept",0.232323232323232,-0.21728492329078,1.16324240452012,-0.217116043512125,1.16314222648308
"rs4639533","intercept",0.242424242424242,-0.169829636487636,1.17667413462216,-0.169653083208902,1.17686906531889
"rs4639533","intercept",0.252525252525253,-0.119099879504136,1.14454001207398,-0.119346276916147,1.14445754371494
"rs4639533","intercept",0.262626262626263,-0.0609212450033044,1.06571988557148,-0.061882680827011,1.06563758151351
"rs4639533","intercept",0.272727272727273,-0.000979204635965363,0.972599651583055,8.05455945952722e-05,0.973469891939669
"rs4639533","intercept",0.282828282828283,0.0543923824859972,0.902725255555677,0.0549697882671111,0.901265805937636
"rs4639533","intercept",0.292929292929293,0.107673687684971,0.881101297000143,0.107127186282052,0.881629957672241
"rs4639533","intercept",0.303030303030303,0.162800504114112,0.9151986674597,0.162105631601306,0.915976831770361
"rs4639533","intercept",0.313131313131313,0.220771170207044,0.963395161200257,0.221445739855848,0.961798423573959
"rs4639533","intercept",0.323232323232323,0.282052492186249,1.00367175563096,0.282844126009141,1.0053149971744
"rs4639533","intercept",0.333333333333333,0.346725504496231,1.01959221880125,0.344845055625451,1.01851081847099
"rs4639533","intercept",0.343434343434343,0.413111800902946,0.98304992669495,0.415735733662485,0.982784201125416
"rs4639533","intercept",0.353535353535354,0.48822054014564,0.874978694160587,0.488918786989979,0.877509181593261
"rs4639533","intercept",0.363636363636364,0.599816208541634,0.709456439587697,0.589657529004461,0.705754408297488
"rs4639533","intercept",0.373737373737374,0.721773225576546,0.453766942313573,0.726309877085887,0.455379082489209
"rs4639533","intercept",0.383838383838384,0.808493731116728,0.0976935975256523,0.816726447876852,0.101236090773405
"rs4639533","intercept",0.393939393939394,0.816941382533358,-0.240381028718293,0.814153824896394,-0.245642914077394
"rs4639533","intercept",0.404040404040404,0.770094506600951,-0.485492584381226,0.766147824851449,-0.484957230893945
"rs4639533","intercept",0.414141414141414,0.706856840952372,-0.590708994312218,0.713032376243224,-0.58768858603919
"rs4639533","intercept",0.424242424242424,0.660101190624969,-0.540621417050572,0.65300667367149,-0.537169981136555
"rs4639533","intercept",0.434343434343434,0.62045328249593,-0.299663215846767,0.601249822536859,-0.317083850520789
"rs4639533","intercept",0.444444444444444,0.466992334893531,0.194719808331041,0.518559002863385,0.212303262796172
"rs4639533","intercept",0.454545454545455,0.243701707119623,0.69245304797337,0.215741165039084,0.696296221916238
"rs4639533","intercept",0.464646464646465,0.0332843385972278,0.944781843415351,0.0213997697661327,0.92320641623855
"rs4639533","intercept",0.474747474747475,-0.132321996750816,1.04889873662327,-0.122578010951091,1.06550336589915
"rs4639533","intercept",0.484848484848485,-0.252894139976541,1.12914629274808,-0.252147104217191,1.12842699460888
"rs4639533","intercept",0.494949494949495,-0.386655674136607,1.10654277097003,-0.386687405975595,1.09861604485323
"rs4639533","intercept",0.505050505050505,-0.540267296308727,0.978860864933114,-0.538902926066664,0.985393890700833
"rs4639533","intercept",0.515151515151515,-0.696584663639653,0.763487727066108,-0.692698626247903,0.761864064883737
"rs4639533","intercept",0.525252525252525,-0.818178097960876,0.446025441921978,-0.824971398226775,0.444593547478177
"rs4639533","intercept",0.535353535353535,-0.878853892886972,0.101060984605147,-0.88142857585245,0.104491914632317
"rs4639533","intercept",0.545454545454546,-0.865604415225781,-0.187188476851342,-0.86037014415872,-0.191549865144699
"rs4639533","intercept",0.555555555555556,-0.800771865238871,-0.399378237388388,-0.804236842384473,-0.397582721139864
"rs4639533","intercept",0.565656565656566,-0.710339025441794,-0.544682953993812,-0.709196122290665,-0.542611228693328
"rs4639533","intercept",0.575757575757576,-0.603581229492364,-0.666103299631492,-0.603312506264598,-0.668816459679384
"rs4639533","intercept",0.585858585858586,-0.500897157259149,-0.757425316618251,-0.503319740059244,-0.75853233544618
"rs4639533","intercept",0.595959595959596,-0.422027271306535,-0.806342403446817,-0.415243777192435,-0.801981684754353
"rs4639533","intercept",0.606060606060606,-0.367758942661991,-0.837693260264014,-0.37075328297342,-0.840316669610106
"rs4639533","intercept",0.616161616161616,-0.330785239365452,-0.878455465950385,-0.333518656864159,-0.880292701962702
"rs4639533","intercept",0.626262626262626,-0.295985615408276,-0.926765018274559,-0.293056548636159,-0.922441207577681
"rs4639533","intercept",0.636363636363636,-0.267325520137035,-0.972603290754692,-0.268254286297764,-0.975336622426106
"rs4639533","intercept",0.646464646464647,-0.252893339599485,-1.00140488037645,-0.25355378551457,-1.00191459650835
"rs4639533","intercept",0.656565656565657,-0.252617303275819,-0.992802745468836,-0.250235548305748,-0.991480339895112
"rs4639533","intercept",0.666666666666667,-0.256098559327686,-0.96764802183141,-0.256030639150565,-0.966852064878345
"rs4639533","intercept",0.676767676767677,-0.251777905326546,-0.951392617538679,-0.25511264282748,-0.9537857734383
"rs4639533","intercept",0.686868686868687,-0.232294248138172,-0.942378370154453,-0.231584436298644,-0.942107215977199
"rs4639533","intercept",0.696969696969697,-0.196045970992269,-0.936754517565163,-0.194290248534978,-0.932512413506731
"rs4639533","intercept",0.707070707070707,-0.156003327479612,-0.944586226105215,-0.157350337156588,-0.94989294265537
"rs4639533","intercept",0.717171717171717,-0.112774817030012,-0.962828606646597,-0.112376956175727,-0.962647488879849
"rs4639533","intercept",0.727272727272727,-0.0633798864156711,-0.987042533357669,-0.0629897909511464,-0.982034860679282
"rs4639533","intercept",0.737373737373737,-0.00755347497965135,-1.02490690700501,-0.00823312914003757,-1.02924981466187
"rs4639533","intercept",0.747474747474748,0.0540190002067772,-1.07548918946726,0.0541192462164898,-1.07460305634825
"rs4639533","intercept",0.757575757575758,0.119244343285418,-1.10310138887386,0.119240366712359,-1.10226456320113
"rs4639533","intercept",0.767676767676768,0.184472312032706,-1.1076478814199,0.184393900594735,-1.10819072994053
"rs4639533","intercept",0.777777777777778,0.245782813309973,-1.09511722161331,0.24659474731001,-1.09549373773084
"rs4639533","intercept",0.787878787878788,0.301051357883082,-1.05585302749694,0.301102290011341,-1.05577844941967
"rs4639533","intercept",0.797979797979798,0.354563229188029,-1.00348142257278,0.352907229024832,-1.00168771213278
"rs4639533","intercept",0.808080808080808,0.409866606503092,-0.955568643507032,0.410961139120458,-0.958675154385972
"rs4639533","intercept",0.818181818181818,0.461202989335393,-0.916434724075726,0.460666670805869,-0.9145095292124
"rs4639533","intercept",0.828282828282828,0.499881792520867,-0.894452363565034,0.498923182152545,-0.893977689438096
"rs4639533","intercept",0.838383838383838,0.515580966878807,-0.914698988665773,0.517538647254914,-0.91621559836017
"rs4639533","intercept",0.848484848484849,0.50053382808798,-0.958607692197002,0.50132626575007,-0.957501542947855
"rs4639533","intercept",0.858585858585859,0.452080503332255,-1.00010166250739,0.451739934052763,-1.00038011403909
"rs4639533","intercept",0.868686868686869,0.384827586228044,-1.03407302016849,0.38478729453856,-1.03461242716718
"rs4639533","intercept",0.878787878787879,0.316345821777901,-1.05154487361893,0.317204636105016,-1.04992158657341
"rs4639533","intercept",0.888888888888889,0.260721856353215,-1.02119428652645,0.259973696046584,-1.02358202842756
"rs4639533","intercept",0.898989898989899,0.238392920130554,-0.95898282130547,0.236783747665913,-0.957746874481853
"rs4639533","intercept",0.909090909090909,0.262705411408645,-0.890916600391331,0.260982154519247,-0.889936643122841
"rs4639533","intercept",0.919191919191919,0.317165348014443,-0.825984606411531,0.321821863699859,-0.827701005023308
"rs4639533","intercept",0.929292929292929,0.401166137907406,-0.765922902205903,0.399088606896584,-0.765612202035798
"rs4639533","intercept",0.93939393939394,0.518003567325941,-0.707889731565318,0.515349283152655,-0.706549031373474
"rs4639533","intercept",0.94949494949495,0.661678951357113,-0.633930605909546,0.664339118881247,-0.634936990338756
"rs4639533","intercept",0.95959595959596,0.823033707112479,-0.521438020192676,0.818677788315329,-0.522001271842365
"rs4639533","intercept",0.96969696969697,0.982780782837271,-0.347012814962304,0.983477502487446,-0.345093671656645
"rs4639533","intercept",0.97979797979798,1.09366345412639,-0.0972117137335954,1.1008958992824,-0.100818365042234
"rs4639533","intercept",0.98989898989899,1.11953994549355,0.20062384167305,1.11888057812272,0.204281118397253
"rs4639533","intercept",1,1.09586166959036,0.366844252556822,1.0927289795373,0.36551453379217
"rs4639533","male",0,0.0389544734514347,-0.0495394987457267,0.0385677385027008,-0.0494782126802637
"rs4639533","male",0.0101010101010101,0.0285018608683538,-0.0334205862273991,0.0291029142769073,-0.0336314179933979
"rs4639533","male",0.0202020202020202,-4.36737198906116e-05,-0.0110374918079476,0.000572227677661323,-0.0108225586382243
"rs4639533","male",0.0303030303030303,-0.0248391288143847,-0.00216137855667703,-0.0254195102659453,-0.00187087681800421
"rs4639533","male",0.0404040404040404,-0.0249949845650543,0.00980613650377692,-0.0276848322372707,0.00859743436595128
"rs4639533","male",0.0505050505050505,-0.0216908213592328,0.0260944063069228,-0.0175723922009356,0.0276364006936525
"rs4639533","male",0.0606060606060606,-0.021677447577653,0.0356188682029032,-0.0224519638462864,0.0349506740123855
"rs4639533","male",0.0707070707070707,-0.0246075671095831,0.0291941871683442,-0.0272264599055801,0.0288808624286087
"rs4639533","male",0.0808080808080808,-0.0283505827487823,0.0142683739630365,-0.0261410572550301,0.014463388281717
"rs4639533","male",0.0909090909090909,-0.0311821721343371,0.0014927499570306,-0.0309325867299445,0.00216018926920082
"rs4639533","male",0.101010101010101,-0.0338229199560658,-0.00415121368453644,-0.0353760981903553,-0.00529987125384885
"rs4639533","male",0.111111111111111,-0.0339915373186409,-0.00603605908322098,-0.0329392966814734,-0.0053270099837524
"rs4639533","male",0.121212121212121,-0.0304954131713055,-0.00896082084306893,-0.0307284312144533,-0.00883231706725953
"rs4639533","male",0.131313131313131,-0.0282982761860841,-0.0151702920199784,-0.0283536340247152,-0.0156006857072275
"rs4639533","male",0.141414141414141,-0.0262066448662537,-0.0230411151817728,-0.0259511511297994,-0.0230812653180557
"rs4639533","male",0.151515151515152,-0.0215595341857786,-0.0295818300780377,-0.0219540621195534,-0.0290723442444346
"rs4639533","male",0.161616161616162,-0.0140353264407793,-0.029773461293182,-0.0139127776367644,-0.0299933138311749
"rs4639533","male",0.171717171717172,-0.00403455973243092,-0.0216016378222424,-0.00377246237523178,-0.0221653873397651
"rs4639533","male",0.181818181818182,0.00720477601075739,-0.0144827287546579,0.00675070583354766,-0.0135965204995441
"rs4639533","male",0.191919191919192,0.0171545931686761,-0.0108838155286473,0.017340278343602,-0.011222969808905
"rs4639533","male",0.202020202020202,0.0234696096805791,-0.0101121707501548,0.0237154490584353,-0.0104517131783987
"rs4639533","male",0.212121212121212,0.0256885494402588,-0.00929660254916695,0.025549262126517,-0.00881890013070932
"rs4639533","male",0.222222222222222,0.0248772564798146,-0.00806413229685604,0.0247996234373881,-0.00840172463128542
"rs4639533","male",0.232323232323232,0.0248827587916425,-0.0133150387697303,0.024876569336473,-0.013130817119371
"rs4639533","male",0.242424242424242,0.024835040464242,-0.0154001899630243,0.0249330492604762,-0.0151683325475013
"rs4639533","male",0.252525252525253,0.0228299767571949,-0.0070795790346606,0.0226449652500123,-0.00803009665632754
"rs4639533","male",0.262626262626263,0.0184185055117423,-0.0040978752646525,0.0186127606824036,-0.00283784170296526
"rs4639533","male",0.272727272727273,0.0108340877536436,-0.00453067445063,0.0109196899829114,-0.0051928348351146
"rs4639533","male",0.282828282828283,0.000250861500964523,-0.00240265664475776,0.000142297847050467,-0.0025401493840891
"rs4639533","male",0.292929292929293,-0.00866766863404876,-0.000511097597772488,-0.00871052043647716,-6.79142270350588e-05
"rs4639533","male",0.303030303030303,-0.0113562654392378,-0.00150832689225955,-0.011382532633031,-0.00202181255354508
"rs4639533","male",0.313131313131313,-0.00824047927821834,-0.000706886234729356,-0.00822217787685407,-0.000112627525195173
"rs4639533","male",0.323232323232323,-0.00139987508821493,0.000868407780693215,-0.00154929024542472,0.000305242333069826
"rs4639533","male",0.333333333333333,0.00703149728884133,0.000820628575790846,0.00727237592597748,0.00117736255925598
"rs4639533","male",0.343434343434343,0.0151350539171681,-0.00068522038361484,0.0149890621825152,-0.000567646671886205
"rs4639533","male",0.353535353535354,0.0204481785288361,-0.00310660156049166,0.0203426226282873,-0.00392103809476213
"rs4639533","male",0.363636363636364,0.0193700170020722,-0.00592711267405732,0.0197913233097899,-0.00479761691992377
"rs4639533","male",0.373737373737374,0.0127152459299899,-0.0047906658715416,0.0126352181759981,-0.00527873922646236
"rs4639533","male",0.383838383838384,0.0037897933737578,0.00168004116814104,0.00338838314033519,0.00102610269003459
"rs4639533","male",0.393939393939394,-0.00138326316039458,0.00214202764464878,-0.00112535873832948,0.00306034701859551
"rs4639533","male",0.404040404040404,-0.00448065969343182,-0.00556215920859593,-0.00435175052977135,-0.00532008030096011
"rs4639533","male",0.414141414141414,-0.00831928977107537,-0.0192668076099813,-0.00859667093403217,-0.0205155899780216
"rs4639533","male",0.424242424242424,-0.0113389694237177,-0.0327035196535342,-0.0110685132711333,-0.0323110624722363
"rs4639533","male",0.434343434343434,-0.0107887139359194,-0.035532914994545,-0.0110198229853787,-0.0338077617496
"rs4639533","male",0.444444444444444,-0.00447835984491437,-0.0145349573182971,-0.00424779016577409,-0.0174175749574793
"rs4639533","male",0.454545454545455,0.0060910007963703,0.00935334995525748,0.00535678381472665,0.0113793178315703
"rs4639533","male",0.464646464646465,0.0178803969448081,0.0135574594770511,0.0187989095720996,0.0130342661927366
"rs4639533","male",0.474747474747475,0.025487128479167,0.00615499882386697,0.0251449066841475,0.00584280527308837
"rs4639533","male",0.484848484848485,0.0243605766829642,0.00108322452447525,0.0241882099338881,0.00181064116575005
"rs4639533","male",0.494949494949495,0.016355080157865,0.00267064209270452,0.0170474942237903,0.00185483663840553
"rs4639533","male",0.505050505050505,0.00729960166399722,0.00386197467475442,0.00648909576152717,0.00394302838345798
"rs4639533","male",0.515151515151515,0.00245433427343088,-0.000349389451748563,0.00290783555199531,0.000878304136843398
"rs4639533","male",0.525252525252525,0.00167806015132121,-0.00049228501087538,0.00142263768745558,-0.00223228262312721
"rs4639533","male",0.535353535353535,0.00124900247174002,0.0041592058395342,0.00106307738868371,0.00488165896116528
"rs4639533","male",0.545454545454546,-0.00167619864923334,0.0102895909801966,-0.000867777151415579,0.0108037247905835
"rs4639533","male",0.555555555555556,-0.00404834864551084,0.0116067429082862,-0.00476851141515157,0.0109191481591267
"rs4639533","male",0.565656565656566,-0.00358713738709648,0.00508855691256105,-0.0037486503647493,0.00536462791659957
"rs4639533","male",0.575757575757576,-0.00539415819138349,0.00056528755227685,-0.00470727236589594,0.000522072419913241
"rs4639533","male",0.585858585858586,-0.0104682724364118,-0.000936098093358416,-0.0106739550367916,-0.000897063108301144
"rs4639533","male",0.595959595959596,-0.0179033573143989,-0.00093024635735271,-0.0181941095784251,-0.00103126681373113
"rs4639533","male",0.606060606060606,-0.0255181082622191,0.00171921189593823,-0.0252658622651462,0.00192180415080979
"rs4639533","male",0.616161616161616,-0.0309294548157689,0.00664240042561104,-0.0308152898736801,0.0062609980268671
"rs4639533","male",0.626262626262626,-0.032125109029191,0.00726117439207419,-0.0324500713771225,0.00772934262723156
"rs4639533","male",0.636363636363636,-0.0268204699617543,0.0046993032166449,-0.0267123961835629,0.00445706014851628
"rs4639533","male",0.646464646464647,-0.0140984735124262,0.00162090131870999,-0.014255606785706,0.00144885621604427
"rs4639533","male",0.656565656565657,0.00122183769528671,-0.00231355973643048,0.00137601288264578,-0.00182112093208284
"rs4639533","male",0.666666666666667,0.0133500812329462,-0.0055474291285434,0.0132924261041073,-0.00616124475963814
"rs4639533","male",0.676767676767677,0.0178454744082933,-0.00609003007364111,0.0180369360376084,-0.00562236886135995
"rs4639533","male",0.686868686868687,0.0151721008058405,-0.00303814456573661,0.0151994135792318,-0.00286599120129452
"rs4639533","male",0.696969696969697,0.00710101549882662,0.00264118254466912,0.00676594430821532,0.00146129211671816
"rs4639533","male",0.707070707070707,-0.00406170772912647,0.00531642657748732,-0.00362760764440307,0.00677107703542136
"rs4639533","male",0.717171717171717,-0.0150812440458673,0.0046741159640944,-0.0151403698231002,0.00435377185217719
"rs4639533","male",0.727272727272727,-0.0228934929065375,0.00258251478086339,-0.0233184204212596,0.00169776323814362
"rs4639533","male",0.737373737373737,-0.0259652470444441,0.00272037841070026,-0.0256271426073092,0.00351005727856641
"rs4639533","male",0.747474747474748,-0.0239112181655442,0.00671924749556912,-0.0241211278765169,0.00675269649317623
"rs4639533","male",0.757575757575758,-0.0192740542087681,0.00853718561421878,-0.019183404246203,0.00809531021301534
"rs4639533","male",0.767676767676768,-0.0148302132483146,0.00893591160616377,-0.0147205872114689,0.0089856853763316
"rs4639533","male",0.777777777777778,-0.0127222758856935,0.00932201335389115,-0.0129392860789345,0.0100772125228609
"rs4639533","male",0.787878787878788,-0.0128938439119225,0.00656997309834369,-0.0126504891900934,0.00565016317560259
"rs4639533","male",0.797979797979798,-0.0140080702744876,0.00464091297597858,-0.0139222519439974,0.00456985639659588
"rs4639533","male",0.808080808080808,-0.0145844496000076,0.00747733516998554,-0.0150004328369627,0.00853272685810594
"rs4639533","male",0.818181818181818,-0.0133472609819365,0.0101796179908577,-0.0130716309418819,0.0092686230894428
"rs4639533","male",0.828282828282828,-0.0101596762818175,0.00895930558274593,-0.0101726597429816,0.0091474058951916
"rs4639533","male",0.838383838383838,-0.00729085736716091,0.0110213305886928,-0.00720127179296638,0.0112128864329154
"rs4639533","male",0.848484848484849,-0.000318476358639282,0.0177187276198302,-0.000438237256225161,0.0176010114894875
"rs4639533","male",0.858585858585859,0.0150110515976494,0.0280138114615348,0.0147040210371517,0.0279425567418481
"rs4639533","male",0.868686868686869,0.0344971528556874,0.0404796124299031,0.0348280991036502,0.0406539822261895
"rs4639533","male",0.878787878787879,0.0520147982589259,0.0519840094603751,0.0517417597551204,0.0517332615067337
"rs4639533","male",0.888888888888889,0.0622382442838279,0.0554862639770994,0.0625694070459827,0.0557472562005812
"rs4639533","male",0.898989898989899,0.0602026282221869,0.0524286213091242,0.0602538077980328,0.0524087568603089
"rs4639533","male",0.909090909090909,0.0459853596148855,0.046259074308739,0.0463589868764776,0.0458600283638073
"rs4639533","male",0.919191919191919,0.0349299142317082,0.0382110581460438,0.0341060060299762,0.0387583858624222
"rs4639533","male",0.929292929292929,0.0284541866500066,0.0284141175446459,0.0282404978717234,0.0282292977420463
"rs4639533","male",0.93939393939394,0.0240013033483079,0.0169706594931303,0.0252050483048513,0.0167213922214079
"rs4639533","male",0.94949494949495,0.0220402226761427,0.00446147446766784,0.0213441111844149,0.00481020231735608
"rs4639533","male",0.95959595959596,0.0212312753709045,-0.00920070067935177,0.0201376554336917,-0.00949690647196918
"rs4639533","male",0.96969696969697,0.013822619088756,-0.0266817582645113,0.01633261870972,-0.0264244728418571
"rs4639533","male",0.97979797979798,0.00489000285926693,-0.049147364845116,0.00324267911761381,-0.0493018996393609
"rs4639533","male",0.98989898989899,0.0021778584195088,-0.073908284600456,0.00212276054199583,-0.0738702839003605
"rs4639533","male",1,0.00871267138326525,-0.0851435474527202,0.00901371199474589,-0.0851428523742294
"rs4639533","age_z",0,-0.00374897745653168,-0.00136685713153896,-0.00369167198713528,-0.00159100307099159
"rs4639533","age_z",0.0101010101010101,-0.00613485352533482,-0.00464926656626501,-0.00559887954518267,-0.00415267144130685
"rs4639533","age_z",0.0202020202020202,-0.00499904594504841,-0.0111997442801368,-0.00619454099729312,-0.0112181839073456
"rs4639533","age_z",0.0303030303030303,0.000543227920347632,-0.0166045832607173,0.000644401551616107,-0.0170447171077376
"rs4639533","age_z",0.0404040404040404,0.00835701141991962,-0.0168836503935486,0.00891564764255375,-0.0171072003762711
"rs4639533","age_z",0.0505050505050505,0.0108755268145726,-0.016522179795795,0.0109788328283278,-0.0159292657523786
"rs4639533","age_z",0.0606060606060606,0.00711270654519524,-0.018274542645598,0.00694542881363222,-0.0181283081769074
"rs4639533","age_z",0.0707070707070707,-0.00122013508544925,-0.0224668362211961,-0.000590912102154655,-0.0226792402957629
"rs4639533","age_z",0.0808080808080808,-0.0100900661425909,-0.0238157472646054,-0.01055178125751,-0.0239313079586209
"rs4639533","age_z",0.0909090909090909,-0.0150361640173063,-0.0173307668051965,-0.0156532587719292,-0.0178052844897479
"rs4639533","age_z",0.101010101010101,-0.0136255761447543,-0.00539052891442923,-0.0133234829637324,-0.00505085971137616
"rs4639533","age_z",0.111111111111111,-0.00925152412869839,0.00557711398903838,-0.00920632776223001,0.00575785809498657
"rs4639533","age_z",0.121212121212121,-0.00621103560137298,0.0107412619804308,-0.00616701398488287,0.0110012575641048
"rs4639533","age_z",0.131313131313131,-0.00619263025717652,0.0129460922474903,-0.0058775125290602,0.0124070087625249
"rs4639533","age_z",0.141414141414141,-0.00816993224243151,0.0129540726730889,-0.00835617976821781,0.0131236766873076
"rs4639533","age_z",0.151515151515152,-0.0106748954682757,0.0105990607865941,-0.0107512029621656,0.0109100781197774
"rs4639533","age_z",0.161616161616162,-0.0126730793729661,0.0062676498585553,-0.0124873476897173,0.00607051642595671
"rs4639533","age_z",0.171717171717172,-0.0130042376721778,0.00135781582858531,-0.0133257913176497,0.00146453777495848
"rs4639533","age_z",0.181818181818182,-0.0104070044222523,-0.000407909921718445,-0.0104283218073515,-0.000770093263529385
"rs4639533","age_z",0.191919191919192,-0.00672864160761846,0.000893244750660567,-0.00661773169889447,0.000992656456943523
"rs4639533","age_z",0.202020202020202,-0.00413547934142602,0.00391143693162655,-0.00395031628213211,0.00403499130951715
"rs4639533","age_z",0.212121212121212,-0.00272728521926002,0.0068793214509832,-0.00282104039442713,0.00678806075914934
"rs4639533","age_z",0.222222222222222,-0.001983875202212,0.00829190953232957,-0.00207920177920319,0.00849969640752543
"rs4639533","age_z",0.232323232323232,-0.0012386296733537,0.00824688794540689,-0.00116655216552296,0.00808167833900319
"rs4639533","age_z",0.242424242424242,-0.000788851780211704,0.00775166627721907,-0.000746727638109149,0.00773898657654482
"rs4639533","age_z",0.252525252525253,-0.000793001497017818,0.00737870306394245,-0.000781158873861819,0.00741985026930138
"rs4639533","age_z",0.262626262626263,-0.000199154534614914,0.00594225257114903,-0.000350546487075583,0.00590885471277103
"rs4639533","age_z",0.272727272727273,0.000801376214449632,0.00378423346731531,0.00072003674097109,0.00416258730872514
"rs4639533","age_z",0.282828282828283,0.00149469150033429,0.00195697106193795,0.0017223033627855,0.00142232963381
"rs4639533","age_z",0.292929292929293,0.000725435441409459,0.00225605406000158,0.00083685620727648,0.00229819322548534
"rs4639533","age_z",0.303030303030303,-0.00180654888139074,0.00530837000965557,-0.00181522167337146,0.0054647836599133
"rs4639533","age_z",0.313131313131313,-0.00321359611168086,0.0073842857201662,-0.00341600588644474,0.00736725816167044
"rs4639533","age_z",0.323232323232323,-0.0023401985989319,0.00764584013087652,-0.00243084513283742,0.00769520810604789
"rs4639533","age_z",0.333333333333333,0.00101011761359255,0.00645283489310987,0.00110952610062913,0.00649196726233805
"rs4639533","age_z",0.343434343434343,0.005895412533826,0.00470993337032649,0.00572378152257817,0.00459083570991614
"rs4639533","age_z",0.353535353535354,0.0102539173793045,0.00346451985053581,0.0101863997619356,0.00377836701091421
"rs4639533","age_z",0.363636363636364,0.0103203952481124,0.00401894439703038,0.0112546016726123,0.00369180687973187
"rs4639533","age_z",0.373737373737374,0.00804411630847654,0.00859783772651122,0.00757681818106815,0.00788946770340896
"rs4639533","age_z",0.383838383838384,0.0064803923734644,0.0161387993536713,0.00534186441536228,0.0170680560461589
"rs4639533","age_z",0.393939393939394,0.00603693048448468,0.0152618335548231,0.00728199945102444,0.0153655935253217
"rs4639533","age_z",0.404040404040404,0.00450189032372774,0.00605618852123076,0.00469104439460412,0.00595146937032635
"rs4639533","age_z",0.414141414141414,-0.000286502359414627,-0.00667759867998871,-0.00136029966505329,-0.00635497933511585
"rs4639533","age_z",0.424242424242424,-0.00820160163602122,-0.0142790543844881,-0.00721991946070486,-0.0146203546503687
"rs4639533","age_z",0.434343434343434,-0.0166818932670433,-0.0116329373487283,-0.0157739485318079,-0.0139133663842547
"rs4639533","age_z",0.444444444444444,-0.0181115662258803,-0.00888716064140745,-0.0207009269987761,-0.00515134305335586
"rs4639533","age_z",0.454545454545455,-0.012599071314404,-0.00958900602844696,-0.0121026074129056,-0.0107939378815575
"rs4639533","age_z",0.464646464646465,-0.00331929404145348,-0.0137346942864625,-0.00198368388146733,-0.0149908777250309
"rs4639533","age_z",0.474747474747475,0.00387416634997991,-0.01822705010774,0.0033071894399456,-0.0170571062952805
"rs4639533","age_z",0.484848484848485,0.00472217667548225,-0.0202452191148817,0.00482650266047328,-0.0203552466482676
"rs4639533","age_z",0.494949494949495,0.00301973300790885,-0.0207386247063008,0.00307299208575224,-0.0212096702353876
"rs4639533","age_z",0.505050505050505,0.000816181067463198,-0.0199927521126754,0.000817487883886727,-0.0196493290208065
"rs4639533","age_z",0.515151515151515,-0.000704784807574833,-0.0175070541220034,-0.00106015290848189,-0.0173676403828835
"rs4639533","age_z",0.525252525252525,-0.000361061179544571,-0.0121665965035734,-0.000202359874901834,-0.0127089564489378
"rs4639533","age_z",0.535353535353535,0.000971131847715904,-0.00576335314528218,0.00122447687895567,-0.00575902765770178
"rs4639533","age_z",0.545454545454546,0.002153868965187,-0.000879868872247528,0.0017340398697805,-0.000257336286502501
"rs4639533","age_z",0.555555555555556,0.00319752491388975,3.56627303224105e-06,0.00348396113212155,-0.000125182878048756
"rs4639533","age_z",0.565656565656566,0.00418936264938386,-0.00306076087048967,0.00406043995940387,-0.00297091682801175
"rs4639533","age_z",0.575757575757576,0.00445985720231382,-0.00272385937676367,0.00445138794311098,-0.00337840073913605
"rs4639533","age_z",0.585858585858586,0.00346513387323617,-5.51197583006155e-05,0.00376426065845048,0.000125020336219962
"rs4639533","age_z",0.595959595959596,0.00106326512315321,0.00184556151627393,0.000795478786000999,0.00244609278474319
"rs4639533","age_z",0.606060606060606,-0.00161572501303301,0.00268165877823218,-0.00163575770249294,0.00226505138211201
"rs4639533","age_z",0.616161616161616,-0.00361741767608485,0.00300648420315937,-0.00340988740101612,0.00280786374698223
"rs4639533","age_z",0.626262626262626,-0.00546097762051125,0.00359530589194807,-0.00556122521680261,0.0039817685654429
"rs4639533","age_z",0.636363636363636,-0.00615600801872017,0.00387628848164214,-0.00619904695945593,0.0037813816290861
"rs4639533","age_z",0.646464646464647,-0.00436996989703419,0.00318109738036915,-0.00441950383106042,0.0028819276250764
"rs4639533","age_z",0.656565656565657,8.80092936888862e-05,0.00188985850850609,-9.14245997868155e-05,0.00227439359415434
"rs4639533","age_z",0.666666666666667,0.00522183415532176,0.000413658488470591,0.00527014696687774,0.00056232901448485
"rs4639533","age_z",0.676767676767677,0.00873426175033808,-0.000729182027278407,0.00897947528048207,-0.00132217726507588
"rs4639533","age_z",0.686868686868687,0.00915178041416091,-0.00034484154502694,0.00919219092054247,-0.000150448529252739
"rs4639533","age_z",0.696969696969697,0.00592321388509511,0.0016073652932584,0.0059795799144527,0.00181153980928251
"rs4639533","age_z",0.707070707070707,0.0011662794183015,0.00154562623105113,0.00110354169878611,0.0015730228162705
"rs4639533","age_z",0.717171717171717,-0.00307177043330271,0.00122830874349985,-0.00322050398363266,0.0010405485030915
"rs4639533","age_z",0.727272727272727,-0.00533358953814292,0.0029801550441933,-0.00529899176715712,0.00283703856823472
"rs4639533","age_z",0.737373737373737,-0.00573459016312584,0.00472921522281142,-0.00573169462693472,0.00503713466060144
"rs4639533","age_z",0.747474747474748,-0.00474651748850842,0.00456086597563073,-0.00481712153860709,0.00465999210717011
"rs4639533","age_z",0.757575757575758,-0.00274156842883008,0.00467647467738215,-0.00266066931941925,0.00420420488717524
"rs4639533","age_z",0.767676767676768,-0.000246597129811761,0.0048938768530066,-0.000290588591913904,0.00514093637921214
"rs4639533","age_z",0.777777777777778,0.00211330213429062,0.004562492273726,0.00208328147515285,0.00500046434519073
"rs4639533","age_z",0.787878787878788,0.0036612306083447,0.00459021635780844,0.00383915116078235,0.00386855400770646
"rs4639533","age_z",0.797979797979798,0.00426849635129484,0.0054949653398775,0.0040988735482016,0.0055986650827277
"rs4639533","age_z",0.808080808080808,0.00404040139839054,0.00711130793536898,0.00419755538088287,0.0074828289300523
"rs4639533","age_z",0.818181818181818,0.0034196552268527,0.00737199408473387,0.00342500229477608,0.00710640579914455
"rs4639533","age_z",0.828282828282828,0.00298729013110914,0.0047911236795571,0.00274805602118525,0.00523386279096001
"rs4639533","age_z",0.838383838383838,0.00339344578679555,0.00176446429402896,0.00361370520654631,0.00134313612009849
"rs4639533","age_z",0.848484848484849,0.00475512704366684,0.000362384559559659,0.00474740805202469,0.000212239510975648
"rs4639533","age_z",0.858585858585859,0.00697538553113457,0.00167028153168588,0.00671787614403852,0.00199998705856002
"rs4639533","age_z",0.868686868686869,0.00968856577983148,0.00421586955011009,0.00981711347900338,0.00400912222212191
"rs4639533","age_z",0.878787878787879,0.0122026055966536,0.00578961336351225,0.0122457518743168,0.00577192615059446
"rs4639533","age_z",0.888888888888889,0.0130745508398527,0.00477300069460983,0.013064903868451,0.00529061423966243
"rs4639533","age_z",0.898989898989899,0.0117463288087376,0.00337904484323185,0.0119949939419862,0.0028049352822796
"rs4639533","age_z",0.909090909090909,0.00869389871598039,0.0037100265908224,0.00856033525495752,0.00367999352908616
"rs4639533","age_z",0.919191919191919,0.00666015568044231,0.00401498592434878,0.00661147975055118,0.00435520060774389
"rs4639533","age_z",0.929292929292929,0.00623567745815941,0.00352606676305429,0.00572687223772589,0.00352231186663209
"rs4639533","age_z",0.93939393939394,0.00698067867523086,0.00223359750270539,0.00767694766096685,0.00198292190657061
"rs4639533","age_z",0.94949494949495,0.00723424286667234,0.00108446937220636,0.00681647221447746,0.00104143395645022
"rs4639533","age_z",0.95959595959596,0.00489488534957391,0.000136209746640206,0.0050832026199095,0.000415071802336252
"rs4639533","age_z",0.96969696969697,-0.001341393776194,-0.00369224602971199,-0.000654405611804911,-0.00377789722484666
"rs4639533","age_z",0.97979797979798,-0.00755937360231922,-0.00910876230418957,-0.00848608667582136,-0.00890125525249319
"rs4639533","age_z",0.98989898989899,-0.00975580551715224,-0.0137254314807998,-0.00973546724012624,-0.0141811899630848
"rs4639533","age_z",1,-0.0089298363492918,-0.0162729630607078,-0.0087103123703456,-0.0160569089788899
"rs4639533","handedness",0,0.030504597630904,-0.0293965145548358,0.0298969929383494,-0.0292763451357096
"rs4639533","handedness",0.0101010101010101,0.0203272890899298,-0.0223041761541168,0.0215815230495888,-0.0228957369336729
"rs4639533","handedness",0.0202020202020202,-0.000446122786814444,-0.016721860186245,-0.000617093299072791,-0.015778948991427
"rs4639533","handedness",0.0303030303030303,-0.0222004543825925,-0.0150616863126918,-0.0229405740147206,-0.0156058319082301
"rs4639533","handedness",0.0404040404040404,-0.0322911754181194,-0.0145527873173676,-0.0316117790467187,-0.0139507245768108
"rs4639533","handedness",0.0505050505050505,-0.0279100556879712,-0.00138086473027113,-0.0289730934841063,-0.00278287861422506
"rs4639533","handedness",0.0606060606060606,-0.0182674824031061,0.0159390777680237,-0.0189694704721117,0.0164006060732236
"rs4639533","handedness",0.0707070707070707,-0.013982439986219,0.0241361100209272,-0.0113071137795473,0.0251909854988605
"rs4639533","handedness",0.0808080808080808,-0.0211114564825063,0.017678433262776,-0.0218410427416186,0.0169886854407453
"rs4639533","handedness",0.0909090909090909,-0.0386661257151018,-0.00184464945421811,-0.0399080924141586,-0.0010183375153596
"rs4639533","handedness",0.101010101010101,-0.048122853687522,-0.0160907171650015,-0.0471465324384857,-0.0174209534559186
"rs4639533","handedness",0.111111111111111,-0.0493820970401408,-0.0174996618053044,-0.049513151708121,-0.0173571760496022
"rs4639533","handedness",0.121212121212121,-0.0462610305915977,-0.00825828009437401,-0.0471277225810647,-0.0076555152516944
"rs4639533","handedness",0.131313131313131,-0.036273906288188,-0.00687724546204572,-0.0356342751340876,-0.00685930534333229
"rs4639533","handedness",0.141414141414141,-0.0242039022798935,-0.0108415359437367,-0.0235396878819181,-0.0112410427056187
"rs4639533","handedness",0.151515151515152,-0.0149808767192642,-0.012761932666172,-0.016059769708367,-0.0124311201797256
"rs4639533","handedness",0.161616161616162,-0.00468710705256355,-0.0125328713315107,-0.00446302340799095,-0.0125408759317854
"rs4639533","handedness",0.171717171717172,0.00848252125073225,-0.00985904439513893,0.00848603559979284,-0.0102444736040922
"rs4639533","handedness",0.181818181818182,0.0131956655943986,-0.000116145961372277,0.0137976574897027,-9.59973353640967e-05
"rs4639533","handedness",0.191919191919192,0.0104377028719757,0.00847626991027956,0.0103606583306372,0.00881623605559601
"rs4639533","handedness",0.202020202020202,0.00511609516226795,0.00731546219998637,0.00463833120751902,0.00744654702961642
"rs4639533","handedness",0.212121212121212,0.00118442259558774,0.00112045889246245,0.00130974857518198,0.000866738547358996
"rs4639533","handedness",0.222222222222222,0.00103550928446202,-0.00302490847063917,0.0011374185612478,-0.00313527044203118
"rs4639533","handedness",0.232323232323232,0.00239292641750607,-0.00361548164729994,0.002200890517905,-0.00360461966141426
"rs4639533","handedness",0.242424242424242,0.00413751644762406,-0.00697621518108051,0.00425311798028558,-0.00673135374525027
"rs4639533","handedness",0.252525252525253,0.00538397783319651,-0.0147848997636537,0.00543110238106449,-0.0141469103058906
"rs4639533","handedness",0.262626262626263,0.0046353866897861,-0.0105964527242026,0.00475669909637098,-0.0123987118914164
"rs4639533","handedness",0.272727272727273,0.00373882766060686,-0.00092353356295282,0.00339942194795662,-0.000262055108748581
"rs4639533","handedness",0.282828282828283,0.00421741578633373,0.00273764354534475,0.00426188303381864,0.00389485031313051
"rs4639533","handedness",0.292929292929293,0.00256834597657248,-0.0017223297263871,0.00289882417416451,-0.00247635262583369
"rs4639533","handedness",0.303030303030303,-0.00370184449510817,-0.0114874542279594,-0.00353044542016616,-0.0117408722687318
"rs4639533","handedness",0.313131313131313,-0.00895148276548106,-0.0165162775709939,-0.00926746445250654,-0.0160704057964251
"rs4639533","handedness",0.323232323232323,-0.00898568956363854,-0.016546124644573,-0.0094064695092134,-0.0170194210153373
"rs4639533","handedness",0.333333333333333,-0.00141275336845557,-0.0139912043281658,-0.000761327169172691,-0.0136231982494622
"rs4639533","handedness",0.343434343434343,0.0126589823311123,-0.00961577816998072,0.0119297006313028,-0.00976822158110839
"rs4639533","handedness",0.353535353535354,0.0287143323772275,-0.00427063098585012,0.0286633019495218,-0.00441394688529792
"rs4639533","handedness",0.363636363636364,0.0358965603096239,0.0001106115520883,0.0372856424439266,0.000623250471719406
"rs4639533","handedness",0.373737373737374,0.0359601432037557,0.00474811185306144,0.0350344156734163,0.00393616553498519
"rs4639533","handedness",0.383838383838384,0.0335934985040943,0.0108635859182395,0.033128762585897,0.0118383908255298
"rs4639533","handedness",0.393939393939394,0.0298059096978476,0.0159980318369431,0.0302807930640606,0.0151600577688434
"rs4639533","handedness",0.404040404040404,0.0236674243532143,0.0166442653537077,0.0248138289977854,0.0165317155959483
"rs4639533","handedness",0.414141414141414,0.0144433170250423,0.0102340903987519,0.0123935224065268,0.0114631954198113
"rs4639533","handedness",0.424242424242424,0.00326718613978263,-0.00190819996369592,0.00296834995679008,-0.00233202519662376
"rs4639533","handedness",0.434343434343434,-0.00984395321328941,-0.0125003910517091,-0.0049045011487256,-0.0134490143080455
"rs4639533","handedness",0.444444444444444,-0.0271079971856802,-0.00413971329848857,-0.0326937999741884,-0.0038528042682251
"rs4639533","handedness",0.454545454545455,-0.0359275223158744,0.00628683238931255,-0.0351815132070759,0.00641710341361797
"rs4639533","handedness",0.464646464646465,-0.0257718580045446,-0.000883650472183157,-0.0236460395565955,2.80900456664498e-05
"rs4639533","handedness",0.474747474747475,-0.0107763290192141,-0.0171430708681023,-0.0121243198290105,-0.0176988879625395
"rs4639533","handedness",0.484848484848485,-0.00492926780216348,-0.0300568844677441,-0.00440805387932572,-0.0310584358477524
"rs4639533","handedness",0.494949494949495,-0.00074814866339142,-0.0382311479717667,-0.00131447427315213,-0.0364775067297358
"rs4639533","handedness",0.505050505050505,0.000430619111894264,-0.0376899188233603,0.00107170909707157,-0.0387475331271674
"rs4639533","handedness",0.515151515151515,-0.00630080571360975,-0.0276769171125318,-0.00661719073082797,-0.0290531449006323
"rs4639533","handedness",0.525252525252525,-0.0219581483933936,-0.0214240971873553,-0.0212460066282817,-0.0183823639379619
"rs4639533","handedness",0.535353535353535,-0.0351637889973801,-0.0184528126646908,-0.0352551151063114,-0.0200550468946854
"rs4639533","handedness",0.545454545454546,-0.0355836105238859,-0.0142441414822496,-0.0376103937717617,-0.0148054892983696
"rs4639533","handedness",0.555555555555556,-0.0292391782849258,-0.00647289544326232,-0.0273157373230495,-0.00520116165387197
"rs4639533","handedness",0.565656565656566,-0.0243253866090372,0.00495747791025681,-0.0242786272047571,0.00322296706570386
"rs4639533","handedness",0.575757575757576,-0.0208354628628458,0.0143316732889488,-0.021876321861748,0.0156455990156363
"rs4639533","handedness",0.585858585858586,-0.0146898399938524,0.0178899885001423,-0.0135400955283597,0.0190209754408583
"rs4639533","handedness",0.595959595959596,-0.00366417923350352,0.0140410980983066,-0.00534410051898803,0.0112253414485255
"rs4639533","handedness",0.606060606060606,0.00488774219374953,0.00623137825738275,0.00615068154614679,0.00809345578836514
"rs4639533","handedness",0.616161616161616,0.00348952023605904,-0.000246559563667524,0.00418840132126523,0.000351384557915599
"rs4639533","handedness",0.626262626262626,-0.00566904986632198,0.000141787903008858,-0.00689736071423286,-0.00216964309198552
"rs4639533","handedness",0.636363636363636,-0.0158119082675554,0.00509634295853897,-0.0152682274691384,0.00658020698239632
"rs4639533","handedness",0.646464646464647,-0.0197027494022486,0.00968285831907899,-0.0194032915480561,0.0100570872673251
"rs4639533","handedness",0.656565656565657,-0.0126340608552304,0.00905422985905564,-0.013866074325824,0.00825467275458875
"rs4639533","handedness",0.666666666666667,0.00176167052471514,0.00664425418474455,0.0021213980498735,0.00667349610382739
"rs4639533","handedness",0.676767676767677,0.0178915931463839,0.00683619791420848,0.0185895934700499,0.00734240243088091
"rs4639533","handedness",0.686868686868687,0.0305430508237224,0.00900148510755781,0.0301618539118977,0.00876073065430637
"rs4639533","handedness",0.696969696969697,0.0362005866803932,0.0104161604979289,0.036250313765101,0.00967919584953231
"rs4639533","handedness",0.707070707070707,0.0371273420765734,0.00669243568433259,0.0373023833611742,0.00795009240408273
"rs4639533","handedness",0.717171717171717,0.034668594442062,-0.000576529958432684,0.0343740670534412,-0.000653882104310458
"rs4639533","handedness",0.727272727272727,0.0294885716040962,-0.00802848575363778,0.0297247377143856,-0.00912919719695594
"rs4639533","handedness",0.737373737373737,0.022047317368474,-0.0120481822801024,0.0219598044735465,-0.0113980961399096
"rs4639533","handedness",0.747474747474748,0.0123251642148872,-0.0103164227189723,0.0121602196692222,-0.00999212315687785
"rs4639533","handedness",0.757575757575758,-0.000413258813017097,-0.00566531493078914,0.000150683968782346,-0.00649882464839351
"rs4639533","handedness",0.767676767676768,-0.0133361566045671,-0.00114265116709868,-0.0137523508273661,-0.000643262052397953
"rs4639533","handedness",0.777777777777778,-0.0230643258674655,0.00261323817534895,-0.023199106875244,0.00325105018711285
"rs4639533","handedness",0.787878787878788,-0.028056850635208,0.0106210533126964,-0.0277379631104843,0.00916450559594632
"rs4639533","handedness",0.797979797979798,-0.0273527192647126,0.0186742562061088,-0.0276286210794542,0.0193834445009759
"rs4639533","handedness",0.808080808080808,-0.0207649642227227,0.0215703042170272,-0.0208803041160726,0.0222251430026875
"rs4639533","handedness",0.818181818181818,-0.0110744397571772,0.0214714319434098,-0.0107993178247159,0.0207909693301879
"rs4639533","handedness",0.828282828282828,-0.000605870137494947,0.0219527263735785,-0.000481549606181446,0.0218084711581595
"rs4639533","handedness",0.838383838383838,0.0123028447920792,0.02432297710669,0.0119330709937735,0.0247062008542143
"rs4639533","handedness",0.848484848484849,0.027289821530717,0.0272509129667222,0.0272076503030226,0.0272642881804539
"rs4639533","handedness",0.858585858585859,0.0428312621255983,0.0294873914018426,0.0431919033544773,0.0291989524780889
"rs4639533","handedness",0.868686868686869,0.055977779896335,0.0323235032133893,0.05594651582776,0.0322844741878049
"rs4639533","handedness",0.878787878787879,0.0641536323668574,0.0362345309207206,0.0636550967541983,0.036836602792429
"rs4639533","handedness",0.888888888888889,0.0669885718680804,0.0379751266113654,0.0677636409362099,0.0372944776766486
"rs4639533","handedness",0.898989898989899,0.0619837091657187,0.0411804199496287,0.0616386566597794,0.0412861152164476
"rs4639533","handedness",0.909090909090909,0.0498482684364575,0.0457539020357597,0.0507208264035433,0.0456266852908741
"rs4639533","handedness",0.919191919191919,0.0423915511840459,0.0358822698330577,0.0406165189701878,0.0366438091933681
"rs4639533","handedness",0.929292929292929,0.0369814059881444,0.0201021629567918,0.0371913227568262,0.0203758018874939
"rs4639533","handedness",0.93939393939394,0.0273717651571532,0.0105449566643731,0.0292193042589467,0.00850646134869349
"rs4639533","handedness",0.94949494949495,0.0112251329873413,0.00355655151648916,0.00995031004321907,0.0049774337845288
"rs4639533","handedness",0.95959595959596,-0.00807959520054908,-0.00806860474148942,-0.0070343904079486,-0.00738753461560415
"rs4639533","handedness",0.96969696969697,-0.0138569231660479,-0.0274017588377234,-0.0157837509829498,-0.0287353022338666
"rs4639533","handedness",0.97979797979798,-0.00728367140235079,-0.0469006732774475,-0.00694371263097754,-0.0460425842742378
"rs4639533","handedness",0.98989898989899,0.00423580712862524,-0.0587059799455379,0.00549265632393296,-0.0593004256191755
"rs4639533","handedness",1,0.0109885943512503,-0.0639083566095026,0.0103950937847592,-0.063654776435158
"rs4639533","APOE4",0,0.00972062117600309,-0.00304776932586546,0.00958047142173485,-0.00294639533460991
"rs4639533","APOE4",0.0101010101010101,0.007426792151125,-0.000675051216735139,0.00781926300594335,-0.00108823864085674
"rs4639533","APOE4",0.0202020202020202,0.003257781636959,0.00159115204226265,0.00292519160884732,0.0021503699220017
"rs4639533","APOE4",0.0303030303030303,-0.000711625787268984,0.00190989149592146,-0.000668915018683957,0.00165981006610324
"rs4639533","APOE4",0.0404040404040404,-0.00220273191723278,0.000572619235255853,-0.00200324400931019,0.000689708211916928
"rs4639533","APOE4",0.0505050505050505,-0.00110864836965156,0.0030887606159359,-0.00149984907522888,0.00267131355889633
"rs4639533","APOE4",0.0606060606060606,0.000409673941158345,0.00565920371377612,0.000518678400637811,0.00584718060943701
"rs4639533","APOE4",0.0707070707070707,6.56320335176812e-05,0.00303017426281585,0.000377614839192192,0.00343591083209677
"rs4639533","APOE4",0.0808080808080808,-0.00309010604521299,-0.00455018540091866,-0.00320969520714379,-0.00472001198749052
"rs4639533","APOE4",0.0909090909090909,-0.00836219691360289,-0.0141265613891636,-0.00843476536165202,-0.01421878104025
"rs4639533","APOE4",0.101010101010101,-0.0112825682641701,-0.0188019709710297,-0.0113137266736693,-0.0188296708936448
"rs4639533","APOE4",0.111111111111111,-0.0119475957373823,-0.0158881420712387,-0.0119649711654226,-0.0159426655609429
"rs4639533","APOE4",0.121212121212121,-0.0111411775437329,-0.00658330954156352,-0.0108943361104559,-0.00709637117800359
"rs4639533","APOE4",0.131313131313131,-0.0075163518895079,0.000322570036571026,-0.00797308872561113,0.00134513559490672
"rs4639533","APOE4",0.141414141414141,-0.00292039913162878,0.00319374560382982,-0.00277501205981873,0.00289867663098053
"rs4639533","APOE4",0.151515151515152,0.000193146809408478,0.00303268034236214,0.000514552112194172,0.00256775906126045
"rs4639533","APOE4",0.161616161616162,0.000921158720610002,0.00173908271545186,0.000626471009251062,0.00227279474343932
"rs4639533","APOE4",0.171717171717172,-0.000666602423192978,0.000950689402869482,-0.000418968405905589,0.000538566783294626
"rs4639533","APOE4",0.181818181818182,-0.00250646180195824,0.000428984704094525,-0.00273993327895596,0.00071101952101953
"rs4639533","APOE4",0.191919191919192,-0.00333838687904418,-0.000275310045602188,-0.00328480423474573,-0.000321603981606653
"rs4639533","APOE4",0.202020202020202,-0.00255609409017852,-0.00119598240052055,-0.00251845575628177,-0.00129131801529818
"rs4639533","APOE4",0.212121212121212,-0.000779366966216234,-0.00098037561283166,-0.000810333202277587,-0.000974174116018081
"rs4639533","APOE4",0.222222222222222,0.00144617826882999,0.000624290878800144,0.00147414378560076,0.000548362148573659
"rs4639533","APOE4",0.232323232323232,0.00459323237990868,-8.34145764555891e-05,0.00448266118406171,0.000302359587810861
"rs4639533","APOE4",0.242424242424242,0.00749745287845236,-0.000924463547712659,0.00761783055007987,-0.00132417093283272
"rs4639533","APOE4",0.252525252525253,0.00887553153058865,0.000419688704350235,0.00886292586735631,0.000371603694363169
"rs4639533","APOE4",0.262626262626263,0.00877460379535094,0.000848619250715972,0.0087198902053246,0.00127389200209208
"rs4639533","APOE4",0.272727272727273,0.00678162607994509,0.000969342401519688,0.00683768984722703,0.00064174085985566
"rs4639533","APOE4",0.282828282828283,0.00251866769654835,0.0020774678192424,0.00256423885024249,0.00205691112674425
"rs4639533","APOE4",0.292929292929293,-0.00340610778271897,0.00282332880909602,-0.00341264094011649,0.00300260653168773
"rs4639533","APOE4",0.303030303030303,-0.00938581477670077,0.00239660445563921,-0.00933832945945197,0.0023723056608975
"rs4639533","APOE4",0.313131313131313,-0.0120151606343236,0.00329169484484,-0.0122500847547249,0.0030533381108844
"rs4639533","APOE4",0.323232323232323,-0.0119782010855968,0.0032119110383435,-0.011903591872755,0.0034422153356439
"rs4639533","APOE4",0.333333333333333,-0.0106714632631944,2.55541410815329e-06,-0.0104574464332731,0.000227128518774682
"rs4639533","APOE4",0.343434343434343,-0.00749981308531723,-0.00193135049166739,-0.00773608612195211,-0.00240308047965856
"rs4639533","APOE4",0.353535353535354,-0.00231979878934843,0.000572284134979238,-0.00242035508789725,0.000525377781272379
"rs4639533","APOE4",0.363636363636364,0.00219394166207828,0.00146779381620767,0.00258955282443498,0.00209205840579
"rs4639533","APOE4",0.373737373737374,0.0063383757473449,0.00112139558391184,0.00611364925650039,0.000620945025594527
"rs4639533","APOE4",0.383838383838384,0.0102071217948606,0.00170412600500497,0.00978168747340362,0.00169656146861866
"rs4639533","APOE4",0.393939393939394,0.0103979732050486,0.00306485056580063,0.0112179150035471,0.00335631540362404
"rs4639533","APOE4",0.404040404040404,0.00728017240529283,0.00354674373566358,0.00710109137942587,0.00318669306525296
"rs4639533","APOE4",0.414141414141414,0.00244886492875439,0.00218687542097226,0.00196808193551209,0.00260349001583652
"rs4639533","APOE4",0.424242424242424,-0.00255229021118429,0.00178472207274532,-0.00246859910683899,0.00179427659885423
"rs4639533","APOE4",0.434343434343434,-0.0073369271867775,0.0036359721384408,-0.00654831454902649,0.00229464700919405
"rs4639533","APOE4",0.444444444444444,-0.0141999829593181,0.00176430586068593,-0.0148887760449134,0.00391676877093102
"rs4639533","APOE4",0.454545454545455,-0.0189952823108747,-0.0022287847414051,-0.019401549442136,-0.00312586505405748
"rs4639533","APOE4",0.464646464646465,-0.0176527474688673,-0.00497459761049957,-0.0167688851879783,-0.0057258058109137
"rs4639533","APOE4",0.474747474747475,-0.0139922241770364,-0.0060577919525982,-0.0144759763250204,-0.0052821101562677
"rs4639533","APOE4",0.484848484848485,-0.0121908106921137,-0.00570025815836622,-0.0121443563433682,-0.00560169369971231
"rs4639533","APOE4",0.494949494949495,-0.0103201463799969,-0.00398607957578525,-0.0101080302634571,-0.00459708285600727
"rs4639533","APOE4",0.505050505050505,-0.00625846053458899,-0.00196474834963549,-0.00639541832814011,-0.00161347445689846
"rs4639533","APOE4",0.515151515151515,0.000755815237029218,-3.06809788572566e-05,0.000244080395290927,0.000373144779703576
"rs4639533","APOE4",0.525252525252525,0.00761412032724569,0.00376631138018359,0.00826539213934127,0.00294018031645836
"rs4639533","APOE4",0.535353535353535,0.0107985942211385,0.00692926202394313,0.0110130482350464,0.00704338827754213
"rs4639533","APOE4",0.545454545454546,0.00840578989888579,0.00628262102288035,0.00775570946101841,0.00713598589857118
"rs4639533","APOE4",0.555555555555556,0.00439446648872243,0.00130536621847581,0.00489784675812138,0.000782302540495897
"rs4639533","APOE4",0.565656565656566,0.00315791630054142,-0.00513060889427694,0.00275036950050981,-0.00513127541449819
"rs4639533","APOE4",0.575757575757576,0.00461822790173159,-0.00356386771570018,0.0046373735133787,-0.00399554795910793
"rs4639533","APOE4",0.585858585858586,0.00627795022000354,0.000885943111254862,0.00686749724104109,0.00143952830524296
"rs4639533","APOE4",0.595959595959596,0.00627664124356044,0.00121062133192061,0.00555574829512162,0.001233195515999
"rs4639533","APOE4",0.606060606060606,0.00669041648689783,0.000158109198150266,0.00682085266601597,-0.000184164875150842
"rs4639533","APOE4",0.616161616161616,0.00841963625956423,0.00113982618190146,0.00887950984136457,0.00134115425707066
"rs4639533","APOE4",0.626262626262626,0.00633338494351518,0.00139287006017016,0.00599903965759055,0.00131340247502136
"rs4639533","APOE4",0.636363636363636,0.00357406200813558,9.04354279925966e-05,0.00358546453643796,0.000267181919385036
"rs4639533","APOE4",0.646464646464647,0.00430576791913321,-0.00272115983397878,0.00430739395993315,-0.00304001646841012
"rs4639533","APOE4",0.656565656565657,0.00673836187185992,-0.00688292151713698,0.00670233649231143,-0.0066021820116131
"rs4639533","APOE4",0.666666666666667,0.00906375931271204,-0.0109632904181768,0.00909397778977654,-0.0106711934067705
"rs4639533","APOE4",0.676767676767677,0.0100412948547031,-0.0133216117457808,0.0100868263419364,-0.0141523169598359
"rs4639533","APOE4",0.686868686868687,0.00913132210410644,-0.0128082039968062,0.00915404362031303,-0.0122679674349117
"rs4639533","APOE4",0.696969696969697,0.00623654908370604,-0.00977816765132071,0.00617002490665887,-0.00991765159356325
"rs4639533","APOE4",0.707070707070707,0.00225822320866824,-0.00835203924493797,0.00233538154969678,-0.00815309945264732
"rs4639533","APOE4",0.717171717171717,-0.0019147455592409,-0.00698151961795766,-0.00191647159137479,-0.00724157765049699
"rs4639533","APOE4",0.727272727272727,-0.005465308910417,-0.00351606441156111,-0.00555163102876899,-0.00349541916529221
"rs4639533","APOE4",0.737373737373737,-0.0075844280223058,-0.000447022826937066,-0.00752704947970515,-0.00029880706226847
"rs4639533","APOE4",0.747474747474748,-0.00786891501830763,-0.000154559815584033,-0.00798897295918086,-0.000114030802296635
"rs4639533","APOE4",0.757575757575758,-0.00735523274468267,-0.000428396362793419,-0.00719261660977907,-0.000557239712219427
"rs4639533","APOE4",0.767676767676768,-0.00678071832624834,0.000228657815587674,-0.00685089381032037,7.05636251153169e-05
"rs4639533","APOE4",0.777777777777778,-0.00644748397906624,0.00205721348048033,-0.00645115043610276,0.00255361672149915
"rs4639533","APOE4",0.787878787878788,-0.00582554722922048,0.0032108862320657,-0.00580025555690002,0.00280677775550863
"rs4639533","APOE4",0.797979797979798,-0.00494876686559123,0.00490120498761234,-0.00495324894748113,0.00470126409537601
"rs4639533","APOE4",0.808080808080808,-0.00377515920023965,0.0082243859515672,-0.00374639860109723,0.00873539079995746
"rs4639533","APOE4",0.818181818181818,-0.00113604804030791,0.00999708822933318,-0.001218920590268,0.00976298788099998
"rs4639533","APOE4",0.828282828282828,0.00326854396305498,0.00824461870958367,0.00311247140496432,0.00840556665311366
"rs4639533","APOE4",0.838383838383838,0.00611863265810065,0.00817888332781953,0.00643971440765256,0.00794466505677474
"rs4639533","APOE4",0.848484848484849,0.00686996744423393,0.00958012833638017,0.00694906192347254,0.00938000670602821
"rs4639533","APOE4",0.858585858585859,0.00613739918185024,0.0103946379816873,0.00574495415297495,0.0109428451052087
"rs4639533","APOE4",0.868686868686869,0.0052460790539179,0.00894304522768419,0.00537520984948906,0.00883924549397685
"rs4639533","APOE4",0.878787878787879,0.00487016127490646,0.00515194941164247,0.0051606459671604,0.00467251086622029
"rs4639533","APOE4",0.888888888888889,0.00327006725321587,0.00320164230574708,0.00292134389145617,0.00368373159090024
"rs4639533","APOE4",0.898989898989899,0.00147986791009678,0.00160149751261771,0.0015064490876595,0.00172172682924908
"rs4639533","APOE4",0.909090909090909,0.000866877219668254,-0.000920637143503775,0.00123867450610283,-0.00167040070614781
"rs4639533","APOE4",0.919191919191919,0.0007329757063199,0.000286380184199089,0.000272105844895159,0.000945594105176801
"rs4639533","APOE4",0.929292929292929,0.000627995159971264,0.00335238899533591,0.000686413248536061,0.00325708110868974
"rs4639533","APOE4",0.93939393939394,0.00065383065117747,0.00482930982158242,0.00108630649101248,0.00446325409591259
"rs4639533","APOE4",0.94949494949495,0.00230536676987627,0.00349298823258673,0.00180031959466241,0.00393520291455739
"rs4639533","APOE4",0.95959595959596,0.00555695440255948,-0.000588802287043613,0.00549181110817282,-0.000624851400863009
"rs4639533","APOE4",0.96969696969697,0.00524844465120765,-0.00481113346302644,0.00602779966581045,-0.0050147405036715
"rs4639533","APOE4",0.97979797979798,0.00371340572912896,-0.00745965769437653,0.00301688629596994,-0.00745593361202721
"rs4639533","APOE4",0.98989898989899,0.00463403226556502,-0.00785082204077336,0.0047613942091216,-0.00775858139401478
"rs4639533","APOE4",1,0.00772452635887132,-0.00779772487579223,0.00777714644045651,-0.00782246625984478
"rs4639533","PC1",0,0.0100620759108393,0.00106689418384764,0.00999041566651064,0.00116691836406469
"rs4639533","PC1",0.0101010101010101,0.00892112201212297,0.00243182598044323,0.00898422212726006,0.00216963232855707
"rs4639533","PC1",0.0202020202020202,0.00502314831175379,0.00485881082611719,0.00514059602590459,0.00499044660072576
"rs4639533","PC1",0.0303030303030303,-0.000359960505217482,0.00666801062691302,-0.000212709444953527,0.0068399705075915
"rs4639533","PC1",0.0404040404040404,-0.00412496702063677,0.00704001283160999,-0.00470818994274619,0.00709526859120355
"rs4639533","PC1",0.0505050505050505,-0.00228911647331774,0.00961613675637314,-0.00206570725525452,0.00906628600594725
"rs4639533","PC1",0.0606060606060606,0.00250475859962632,0.0133763150163635,0.00305296938022208,0.0135189004237317
"rs4639533","PC1",0.0707070707070707,0.00667315854837346,0.0157207150461083,0.00573205156417441,0.0160278122464412
"rs4639533","PC1",0.0808080808080808,0.0101717463485952,0.0138921178699743,0.0106938130188944,0.0138884272643429
"rs4639533","PC1",0.0909090909090909,0.0124761528356202,0.0067771224670326,0.012609705020429,0.00714993609899937
"rs4639533","PC1",0.101010101010101,0.00960025576982278,-0.00080527966154767,0.00946049884318663,-0.00147188280388095
"rs4639533","PC1",0.111111111111111,0.00418326256250677,-0.00555399528487492,0.00427473477863801,-0.00535195104747455
"rs4639533","PC1",0.121212121212121,0.000146835865539044,-0.00587693419180614,-8.11311913973498e-05,-0.00598495834279263
"rs4639533","PC1",0.131313131313131,-0.00150732391849777,-0.00364995515082943,-0.00131732223663255,-0.00365056269936549
"rs4639533","PC1",0.141414141414141,-0.000731122313933759,-0.000989653155937125,-0.000846912279449465,-0.00081835421975847
"rs4639533","PC1",0.151515151515152,0.00197740620080322,0.00068800057442082,0.00188783898108086,0.000665621119327892
"rs4639533","PC1",0.161616161616162,0.00417423438645868,0.00210152883660003,0.00433194473048933,0.00199914432727985
"rs4639533","PC1",0.171717171717172,0.00395013198793729,0.00367998078870338,0.00412451145811591,0.00356240340508828
"rs4639533","PC1",0.181818181818182,0.00301657589546297,0.0033870121869439,0.00268124895614037,0.00380327473761359
"rs4639533","PC1",0.191919191919192,0.00224844396504849,0.00167116230928761,0.00232145466585616,0.00153626563049336
"rs4639533","PC1",0.202020202020202,0.00181103503926487,-0.000220051844379064,0.00196265349664295,-0.00040334104986682
"rs4639533","PC1",0.212121212121212,0.000889226115493328,-0.00115118305019532,0.000783087443962631,-0.00114524540216841
"rs4639533","PC1",0.222222222222222,-0.00101917133818777,-0.000542847428800823,-0.000951286800709472,-0.000397089476084009
"rs4639533","PC1",0.232323232323232,-0.0025399244313759,0.000351564779131887,-0.0026136509794201,0.000173796946810385
"rs4639533","PC1",0.242424242424242,-0.00316371356429156,0.000868255360210049,-0.00315416416446762,0.000977881025599053
"rs4639533","PC1",0.252525252525253,-0.00272370645938565,0.000812945170290761,-0.00269679061619608,0.000982207083268318
"rs4639533","PC1",0.262626262626263,-0.00134525423474577,0.000677534055061392,-0.00141797592834128,0.000414476056530851
"rs4639533","PC1",0.272727272727273,-0.000521206342366918,0.000846994009934503,-0.000533209014375579,0.000813074720529941
"rs4639533","PC1",0.282828282828283,-0.00157459420854304,0.00141158930540239,-0.00134870889425329,0.00161370525567195
"rs4639533","PC1",0.292929292929293,-0.00376842783943253,0.0015797907498575,-0.00389779919515838,0.00162277115882468
"rs4639533","PC1",0.303030303030303,-0.00586256046816976,0.0008636402521079,-0.00600647522637424,0.000556958720513443
"rs4639533","PC1",0.313131313131313,-0.00696066487975543,0.000444668774368865,-0.0068019083682369,0.000715726776555546
"rs4639533","PC1",0.323232323232323,-0.00736396333650768,0.000322071503375713,-0.00729801524943794,0.000331755690820364
"rs4639533","PC1",0.333333333333333,-0.00751916290680016,9.95184266353219e-05,-0.00774646407168671,-0.000183266914625608
"rs4639533","PC1",0.343434343434343,-0.00726920898792099,-0.000495066023838688,-0.007212278797884,-0.000309114139880688
"rs4639533","PC1",0.353535353535354,-0.00664826239618022,-0.00190221927341543,-0.00636301026776584,-0.00165078597880202
"rs4639533","PC1",0.363636363636364,-0.00650921193527148,-0.00438515619888762,-0.00687711489308874,-0.00447684379136529
"rs4639533","PC1",0.373737373737374,-0.00584752080652337,-0.00450491945510111,-0.00572346266472235,-0.00480320564335614
"rs4639533","PC1",0.383838383838384,-0.00387432044988723,0.000828138708086101,-0.00373903152053703,0.000797914637842528
"rs4639533","PC1",0.393939393939394,-0.00206862281804752,0.00942012581091487,-0.00225871925448025,0.00939814435516339
"rs4639533","PC1",0.404040404040404,0.000502492061563695,0.0178139987184153,0.000615779812907761,0.0179953656984642
"rs4639533","PC1",0.414141414141414,0.00469002633668164,0.0229121258979237,0.00452576271323579,0.0228833711898847
"rs4639533","PC1",0.424242424242424,0.00783981533204598,0.0229929388635856,0.0077370625497003,0.0227520434466537
"rs4639533","PC1",0.434343434343434,0.007219205777636,0.0172607713508206,0.00815691446519145,0.0186444595116338
"rs4639533","PC1",0.444444444444444,0.00360602230485296,0.00782319977771351,0.00245103431157934,0.00629186072246106
"rs4639533","PC1",0.454545454545455,-0.000147045514039638,-0.00032752560056314,0.00031226686591021,-2.74209805024444e-05
"rs4639533","PC1",0.464646464646465,-0.00163156569628977,-0.00312371081761361,-0.00149075111682427,-0.00285955178850243
"rs4639533","PC1",0.474747474747475,-0.00149319844706511,-0.00249867443966564,-0.00170924691843151,-0.00279012257287404
"rs4639533","PC1",0.484848484848485,-0.000819220022218067,-0.00103662297160069,-0.000828965365162375,-0.000752430413787699
"rs4639533","PC1",0.494949494949495,0.000330415788717229,0.00159272244904807,0.000442450797662656,0.00125406742615128
"rs4639533","PC1",0.505050505050505,0.00117644011705201,0.00463710423660858,0.00118239412361279,0.00473405550894477
"rs4639533","PC1",0.515151515151515,0.00117830827622427,0.00648866282479792,0.00105810097296286,0.00674685174477165
"rs4639533","PC1",0.525252525252525,0.00127130281573717,0.00507256410736682,0.00134225969601196,0.00506494066809964
"rs4639533","PC1",0.535353535353535,0.000808569714516789,0.00203547436745987,0.000927883183077265,0.00179498311844842
"rs4639533","PC1",0.545454545454546,-0.000769147855116897,-0.000469772838232141,-0.000890674802050383,-0.000291183477589495
"rs4639533","PC1",0.555555555555556,-0.00158955167570198,-0.00235980181817785,-0.00158012890137227,-0.00237893048421912
"rs4639533","PC1",0.565656565656566,0.000171200484921591,-0.00369787547117072,8.28436542099435e-05,-0.00384517323590693
"rs4639533","PC1",0.575757575757576,0.00350544491242954,-0.00359787638255275,0.00354534616248841,-0.00357200800502977
"rs4639533","PC1",0.585858585858586,0.00592466530537032,-0.00293705402333756,0.00597736700409403,-0.00274605663255534
"rs4639533","PC1",0.595959595959596,0.0054743917482379,-0.00268690287826761,0.00554954473403213,-0.00285162479632746
"rs4639533","PC1",0.606060606060606,0.00316084770984855,-0.00206180472536417,0.00304998792389565,-0.00207538000255412
"rs4639533","PC1",0.616161616161616,0.000254509958770239,-0.000626177393783278,0.000294029812743241,-0.00069160722055735
"rs4639533","PC1",0.626262626262626,-0.00342611983545292,-0.000369928832580946,-0.00335600437371286,-9.07366824274371e-05
"rs4639533","PC1",0.636363636363636,-0.0067316397044406,-0.00114521405318716,-0.0068076738611822,-0.00115065053391565
"rs4639533","PC1",0.646464646464647,-0.00814128637909087,-0.00201088025798729,-0.00813394584852053,-0.00253960174421021
"rs4639533","PC1",0.656565656565657,-0.0067336685104568,-0.00222276359133227,-0.00680618544438306,-0.00178028453277532
"rs4639533","PC1",0.666666666666667,-0.00277972564666342,-0.00274777123070013,-0.00270078339244071,-0.0024320783457586
"rs4639533","PC1",0.676767676767677,0.00289480508237951,-0.00450196291130537,0.00275768817561358,-0.00520953213797912
"rs4639533","PC1",0.686868686868687,0.00835698333112615,-0.00642539654849698,0.0084302308343772,-0.00616118429463053
"rs4639533","PC1",0.696969696969697,0.0115230879357811,-0.00732665501049246,0.0116986327799457,-0.00681805360808399
"rs4639533","PC1",0.707070707070707,0.0113891192462789,-0.00737858238713821,0.0112543044063885,-0.00814521897725006
"rs4639533","PC1",0.717171717171717,0.00937966388257732,-0.0067731865372723,0.00934993972654573,-0.00674156624506727
"rs4639533","PC1",0.727272727272727,0.00709642996663802,-0.00574908645387386,0.00718373188381136,-0.00508524742869953
"rs4639533","PC1",0.737373737373737,0.00454704534407453,-0.00507470730532978,0.00447509472604185,-0.00550883642729952
"rs4639533","PC1",0.747474747474748,0.00155921891206762,-0.00534811554678481,0.00161656352907879,-0.0054767411018869
"rs4639533","PC1",0.757575757575758,-0.00128650416847479,-0.00597248344810311,-0.00133204432808358,-0.00550905700281822
"rs4639533","PC1",0.767676767676768,-0.00367725049154791,-0.00611356039443747,-0.00365860598763511,-0.00645954643300001
"rs4639533","PC1",0.777777777777778,-0.00507500710327569,-0.00537145678395552,-0.00501156620724934,-0.00556914680977173
"rs4639533","PC1",0.787878787878788,-0.00424217089343354,-0.00469947003796107,-0.00446986851697465,-0.00417005048842578
"rs4639533","PC1",0.797979797979798,-0.00234339462781256,-0.00419343312151629,-0.00217096008910221,-0.00449170475106698
"rs4639533","PC1",0.808080808080808,-0.000865741148441205,-0.00369810214024755,-0.000824813406778656,-0.00377880156071975
"rs4639533","PC1",0.818181818181818,0.000163050040478738,-0.00332940438819885,4.47557711396218e-06,-0.00302943696859119
"rs4639533","PC1",0.828282828282828,0.000930136865207944,-0.00298920545534835,0.00114443210652879,-0.00335276883067548
"rs4639533","PC1",0.838383838383838,0.00104289358108565,-0.00188163849820561,0.000849525214396702,-0.00171058929124113
"rs4639533","PC1",0.848484848484849,3.85608196795018e-05,-0.000647724456958872,4.6042717861957e-05,-0.000565356819880293
"rs4639533","PC1",0.858585858585859,-0.00235960172234421,-0.000333901409065108,-0.00213703178898663,-0.000600592581873228
"rs4639533","PC1",0.868686868686869,-0.00576405786814685,-0.00188953369620717,-0.00598042803067418,-0.00145064521156046
"rs4639533","PC1",0.878787878787879,-0.00964789487062176,-0.00510961591489713,-0.00951909103896292,-0.00524680369197545
"rs4639533","PC1",0.888888888888889,-0.0133951070855007,-0.00665254678027796,-0.0134060473439714,-0.00710909874286754
"rs4639533","PC1",0.898989898989899,-0.0156329290332457,-0.00758186115042562,-0.0157919888269945,-0.00695774473190961
"rs4639533","PC1",0.909090909090909,-0.0150763326868096,-0.00906439126623,-0.014841688404724,-0.00922526901897345
"rs4639533","PC1",0.919191919191919,-0.0119449560368264,-0.0081912066339096,-0.0121446469869949,-0.00854192719636927
"rs4639533","PC1",0.929292929292929,-0.00822309291337669,-0.00495800553188718,-0.00848825346003912,-0.00477656534152594
"rs4639533","PC1",0.93939393939394,-0.00565476671173845,-0.0006340461454262,-0.00487496438030973,-0.000660233080129695
"rs4639533","PC1",0.94949494949495,-0.0035418637972848,0.00260231446577796,-0.00387880840385548,0.00278378805155789
"rs4639533","PC1",0.95959595959596,-0.000295926426997416,0.00366100925076048,-0.00100877826690981,0.00379762772665424
"rs4639533","PC1",0.96969696969697,0.00546314485389686,0.00556959819828167,0.00636933954807204,0.0050298929796396
"rs4639533","PC1",0.97979797979798,0.0100848685834606,0.00809267854592188,0.0099398525865364,0.00829464106043788
"rs4639533","PC1",0.98989898989899,0.0104421076788596,0.00991885759869364,0.0101729614949538,0.0102002444049457
"rs4639533","PC1",1,0.010811493341299,0.0100113104098574,0.0109254774591604,0.00982716466436585
"rs4639533","PC2",0,-0.00354935153705871,0.00101509679320578,-0.00354360672682188,0.000947505234087056
"rs4639533","PC2",0.0101010101010101,-0.00442062845470314,-0.00205998929351393,-0.00422231461247383,-0.00183273886663594
"rs4639533","PC2",0.0202020202020202,-0.00313717689778497,-0.00620853540792223,-0.00365659462207989,-0.00644779002641153
"rs4639533","PC2",0.0303030303030303,-0.000460959721184208,-0.008716493457166,-9.24292160008019e-05,-0.00863482810720205
"rs4639533","PC2",0.0404040404040404,0.00201211173453671,-0.00845262103014819,0.00201294194526996,-0.00860012739454902
"rs4639533","PC2",0.0505050505050505,0.00363785218170539,-0.0106832464528909,0.00348003592725289,-0.0103012827928859
"rs4639533","PC2",0.0606060606060606,0.00329913629897262,-0.0139399396900162,0.0034507563400391,-0.0142432904398662
"rs4639533","PC2",0.0707070707070707,0.000627260805978448,-0.0150613028599608,0.000847031449024913,-0.0149913349435269
"rs4639533","PC2",0.0808080808080808,-0.000994526430320823,-0.0130038278118107,-0.00143160740484764,-0.0130012693279007
"rs4639533","PC2",0.0909090909090909,0.000594391279823657,-0.00788917214056869,0.000423103236494183,-0.00805069437581812
"rs4639533","PC2",0.101010101010101,0.00076281013400065,-0.0023337280829988,0.00159395625233627,-0.00208580486552032
"rs4639533","PC2",0.111111111111111,0.000121528821706268,0.000602573255908116,-0.000513377490222873,0.000469705991431531
"rs4639533","PC2",0.121212121212121,0.000120015565616978,-7.93609223053637e-05,-3.71446456558639e-05,0.000184428884756995
"rs4639533","PC2",0.131313131313131,-0.000998142598503052,0.000798801319709986,-0.000330553719511809,0.000337119828568378
"rs4639533","PC2",0.141414141414141,-0.00263309592045467,0.00293309543338212,-0.00298527169133642,0.00317408715692827
"rs4639533","PC2",0.151515151515152,-0.00357736311514101,0.00432220769452208,-0.0037504955683619,0.00439642822349898
"rs4639533","PC2",0.161616161616162,-0.00356118530311496,0.00367052385767107,-0.00337979689500605,0.00358841332619621
"rs4639533","PC2",0.171717171717172,-0.00271515355195787,0.00155325764988731,-0.00267016620710126,0.00169682018943226
"rs4639533","PC2",0.181818181818182,-0.00158456655917672,0.00301846468798615,-0.00163815600376353,0.00260809372126695
"rs4639533","PC2",0.191919191919192,0.000115236642259767,0.005589521605294,-0.00012342346302983,0.00601535394120676
"rs4639533","PC2",0.202020202020202,0.00236316573040153,0.00581915127566536,0.00265373856553214,0.00567607525471725
"rs4639533","PC2",0.212121212121212,0.00291924621721882,0.00559654362139067,0.00290440456249126,0.00552173931513908
"rs4639533","PC2",0.222222222222222,0.000151136708609187,0.00670570020242616,0.000178052781174339,0.00678509389288951
"rs4639533","PC2",0.232323232323232,-0.00349296538040776,0.00632876067504039,-0.00356016162777193,0.00633543930924702
"rs4639533","PC2",0.242424242424242,-0.00667801943003234,0.00482999394739937,-0.00670075002911337,0.00481259150598225
"rs4639533","PC2",0.252525252525253,-0.00849313389048152,0.00326062179218756,-0.00834748716921056,0.00321403177403345
"rs4639533","PC2",0.262626262626263,-0.00786669006152612,0.0011236883947808,-0.00812733292773202,0.0012277174414332
"rs4639533","PC2",0.272727272727273,-0.00525509058090495,-0.00124438646517935,-0.00528109342522166,-0.00130894060533784
"rs4639533","PC2",0.282828282828283,-0.00163638441058987,-0.00304113947285541,-0.00136627222015102,-0.00301004833556689
"rs4639533","PC2",0.292929292929293,0.00159754419113319,-0.00290171449645875,0.00147170959288918,-0.00300221173647064
"rs4639533","PC2",0.303030303030303,0.00354350267510087,-0.000348047860644572,0.00351968843963181,-0.000280173550342212
"rs4639533","PC2",0.313131313131313,0.00514900814302618,0.00173740131520947,0.0051780128890731,0.00179691735150851
"rs4639533","PC2",0.323232323232323,0.00588215830211281,0.00244094264305943,0.00585104024725651,0.00224592797376665
"rs4639533","PC2",0.333333333333333,0.0049728640269332,0.00166503631514693,0.00508358334921164,0.00194944155898637
"rs4639533","PC2",0.343434343434343,0.00276985878924506,-0.000419414547159647,0.00275027999311405,-0.000519009181233462
"rs4639533","PC2",0.353535353535354,0.000175648589347635,-0.00274599180520367,0.00011735206587289,-0.00289348815487997
"rs4639533","PC2",0.363636363636364,-0.00119448325670125,-0.00225063850088178,-0.00115980672777264,-0.00215574751774566
"rs4639533","PC2",0.373737373737374,-0.000985147358487098,-0.000304806673401891,-0.00117792956268101,-0.000142365274438531
"rs4639533","PC2",0.383838383838384,0.000659757934325902,0.000429499621960458,0.00101744234661511,-0.000152335608758776
"rs4639533","PC2",0.393939393939394,0.00300350258505581,-0.00178622824693538,0.00266036021184542,-0.000930260539532083
"rs4639533","PC2",0.404040404040404,0.00467499289179869,-0.00537791178736772,0.00457840851447259,-0.00582846305208359
"rs4639533","PC2",0.414141414141414,0.00458022130583438,-0.00833730478642459,0.00518710640856324,-0.00852808134188052
"rs4639533","PC2",0.424242424242424,0.00325209101754315,-0.0102066509707832,0.00292941966104678,-0.00952333259889597
"rs4639533","PC2",0.434343434343434,0.00133153646799687,-0.00973274730394269,0.000839633790614137,-0.0109174775771748
"rs4639533","PC2",0.444444444444444,-0.0013182565607457,-0.0038340686086368,-0.000296430965069681,-0.00293536286597378
"rs4639533","PC2",0.454545454545455,-0.00346465041142593,0.000138160134328193,-0.00426320090340028,0.000410488138058936
"rs4639533","PC2",0.464646464646465,-0.00394236989381046,-0.00445568308319275,-0.00377087736496467,-0.00526891490266701
"rs4639533","PC2",0.474747474747475,-0.00352373799505022,-0.00979298897255194,-0.00343545289086667,-0.00931411919863351
"rs4639533","PC2",0.484848484848485,-0.0029782438231113,-0.00838500605404302,-0.00296730956191673,-0.00858978000906836
"rs4639533","PC2",0.494949494949495,-0.00169089065039168,-0.00600982246805421,-0.00190442700912307,-0.00585922117715643
"rs4639533","PC2",0.505050505050505,-0.000817239759981725,-0.00227165033825933,-0.000595357956442189,-0.00224738840330355
"rs4639533","PC2",0.515151515151515,-0.00178300839239714,0.00415680892980902,-0.00171034497717746,0.0036022631357888
"rs4639533","PC2",0.525252525252525,-0.00423173957960675,0.00899037586188354,-0.00423914113772357,0.00973835571009661
"rs4639533","PC2",0.535353535353535,-0.00509265803634898,0.00948364162359443,-0.00532318170896107,0.00938838054329255
"rs4639533","PC2",0.545454545454546,-0.00191327056807461,0.00494178347440428,-0.00192434180508681,0.00455006417620665
"rs4639533","PC2",0.555555555555556,0.00286576124081584,-0.00026675978511338,0.0029559310669669,-2.38939974201486e-06
"rs4639533","PC2",0.565656565656566,0.00642379885595003,-0.00234414605065508,0.00657513748507313,-0.00240429050090205
"rs4639533","PC2",0.575757575757576,0.00886697207643689,-0.00372892116661175,0.00867858248464903,-0.00372753087430127
"rs4639533","PC2",0.585858585858586,0.00935880786383013,-0.00425900154893975,0.0091906539705283,-0.0042817684006619
"rs4639533","PC2",0.595959595959596,0.00700056868407525,-0.00310346949361856,0.00761167884227103,-0.00308564947975682
"rs4639533","PC2",0.606060606060606,0.00243037360300636,-0.00119311232670246,0.00211140784237105,-0.00123395288615827
"rs4639533","PC2",0.616161616161616,-0.00279183694965426,0.000706502952309034,-0.00303796645684414,0.000856365198380631
"rs4639533","PC2",0.626262626262626,-0.00597687915069996,0.00348707138048301,-0.00568074259823259,0.00323241162505585
"rs4639533","PC2",0.636363636363636,-0.00798270381173004,0.00558463738005236,-0.0080693499577217,0.00571196751675133
"rs4639533","PC2",0.646464646464647,-0.0097673361289813,0.00578646001304829,-0.0097331119869278,0.00605525918511764
"rs4639533","PC2",0.656565656565657,-0.00933575477750416,0.00630727993532778,-0.0094345117951976,0.00586995487732288
"rs4639533","PC2",0.666666666666667,-0.00669741851074617,0.0063236800851706,-0.00675716732175347,0.00634089162325472
"rs4639533","PC2",0.676767676767677,-0.00265217054856662,0.00456949491399311,-0.00249558049502763,0.00505329124615145
"rs4639533","PC2",0.686868686868687,0.00176419917946892,0.00216226158286041,0.00170821172766141,0.00183955168536728
"rs4639533","PC2",0.696969696969697,0.00564671933824869,0.000719569751252031,0.00555823842097415,0.00044992231407377
"rs4639533","PC2",0.707070707070707,0.008705406369037,0.000916345133353675,0.00882506958123227,0.00140368233203079
"rs4639533","PC2",0.717171717171717,0.0102631487403931,0.00109495534714434,0.0102840058837366,0.000891853138105368
"rs4639533","PC2",0.727272727272727,0.00973517303679664,-7.45312550036064e-05,0.00966163927654714,-0.000115434645276375
"rs4639533","PC2",0.737373737373737,0.00748299155099402,-0.000374558465935574,0.0075602509763959,-0.000370198772046043
"rs4639533","PC2",0.747474747474748,0.00421150548758686,0.00132234532671978,0.00424035168883526,0.00128088516354862
"rs4639533","PC2",0.757575757575758,0.00100577762222881,0.000243832717747224,0.000920636351143148,0.000445694602276009
"rs4639533","PC2",0.767676767676768,-0.00113074525704452,-0.00232737139123183,-0.00119040100218315,-0.00238100538274785
"rs4639533","PC2",0.777777777777778,-0.00165489373143135,-0.00381461994081509,-0.00153907917495899,-0.00415767760182284
"rs4639533","PC2",0.787878787878788,-0.00153803087841373,-0.00430665843369353,-0.00167546094741404,-0.00387951237019312
"rs4639533","PC2",0.797979797979798,-0.00161211474362776,-0.00384252674271266,-0.00149517430679433,-0.00382554258828561
"rs4639533","PC2",0.808080808080808,-0.00233932479284443,-0.00233039936151698,-0.00230478196232203,-0.00281865734066043
"rs4639533","PC2",0.818181818181818,-0.00325530020535218,8.12200446596299e-05,-0.00334077642733789,0.000534427737556666
"rs4639533","PC2",0.828282828282828,-0.00356208527585246,0.00252141158217491,-0.00348202540728973,0.00228185963065872
"rs4639533","PC2",0.838383838383838,-0.002531229412149,0.00258043111645464,-0.00272188345411217,0.00277738834801955
"rs4639533","PC2",0.848484848484849,-0.00124169966895017,0.00162824658186423,-0.00111474553799779,0.00155511491971127
"rs4639533","PC2",0.858585858585859,-0.000906804186469077,0.00140938068444234,-0.00081293898823711,0.00125225533066751
"rs4639533","PC2",0.868686868686869,-0.00136783798706674,0.000724529212470166,-0.00154758701178407,0.00102260619901151
"rs4639533","PC2",0.878787878787879,-0.00242677593329311,-0.00110997941176131,-0.00220940525584761,-0.00139578444957695
"rs4639533","PC2",0.888888888888889,-0.00445289032307319,-0.00107508721585139,-0.0045381154757711,-0.000940709837426562
"rs4639533","PC2",0.898989898989899,-0.00552939640105296,-0.000114658478699007,-0.00555614241237026,2.98678679371681e-05
"rs4639533","PC2",0.909090909090909,-0.0040682924713637,0.000618226231757095,-0.00434589607700942,0.000138603724498236
"rs4639533","PC2",0.919191919191919,-0.00202184383564783,0.00297693058647092,-0.0016922424775303,0.00344609582263265
"rs4639533","PC2",0.929292929292929,-0.000860112244820916,0.0044244209922572,-0.00061940459220399,0.0043711773024038
"rs4639533","PC2",0.93939393939394,-0.00102856612139794,0.00246082630840716,-0.00154224364881765,0.00229402787555868
"rs4639533","PC2",0.94949494949495,-0.000332722227736285,0.000219734082904876,-0.000158712710134645,0.000276383439080564
"rs4639533","PC2",0.95959595959596,0.00253754725510859,0.000547462248319584,0.00252038194934988,0.000574175592260658
"rs4639533","PC2",0.96969696969697,0.00408726288571964,0.000670873431150587,0.00429057712103814,0.000679319908510892
"rs4639533","PC2",0.97979797979798,0.00476616618729556,0.000773523347439499,0.00454575583115479,0.000704833736100224
"rs4639533","PC2",0.98989898989899,0.00599045607149667,0.00173877015509751,0.00606067750188126,0.00180671116909714
"rs4639533","PC2",1,0.00755309670547649,0.00259685440238372,0.00755145523609406,0.00257563360478447
"rs4639533","education_years",0,-0.000623097900369563,0.00137185418419649,-0.000632468791542132,0.00135368962975363
"rs4639533","education_years",0.0101010101010101,-0.00121314679593355,0.00103420003859408,-0.0010998947539052,0.00106709244244474
"rs4639533","education_years",0.0202020202020202,-0.00140980891346849,4.51754106987701e-05,-0.00160565908556843,5.18014207903111e-05
"rs4639533","education_years",0.0303030303030303,-0.00110249834823824,-0.00107782443905865,-0.00107820037610672,-0.00113360597876874
"rs4639533","education_years",0.0404040404040404,-0.000448467641479957,-0.00174667730556661,-0.000263219641578301,-0.00166424290474948
"rs4639533","education_years",0.0505050505050505,2.21791533718017e-05,-0.00218628086210837,-0.000232635338634513,-0.00227898416035231
"rs4639533","education_years",0.0606060606060606,-7.36281878229971e-05,-0.00254081057474196,0.000116398093707875,-0.00248089557321173
"rs4639533","education_years",0.0707070707070707,-0.000846995158115173,-0.00280715459714603,-0.000782858392850593,-0.00280277473575352
"rs4639533","education_years",0.0808080808080808,-0.0015774314806988,-0.00269596082209378,-0.00174436057788787,-0.00273610337425615
"rs4639533","education_years",0.0909090909090909,-0.00158707472199142,-0.00192914396941368,-0.00158999754507169,-0.00190079734104078
"rs4639533","education_years",0.101010101010101,-0.00115157777700023,-0.000687379983070665,-0.00107935124158332,-0.000734944234643665
"rs4639533","education_years",0.111111111111111,-0.000602753069776412,0.000256013680649309,-0.00064249297243971,0.00031682037626509
"rs4639533","education_years",0.121212121212121,-0.000243439599804721,0.000297204579642748,-0.00025788527634904,0.000295955943791023
"rs4639533","education_years",0.131313131313131,-0.000353705500677263,-7.5826151124812e-05,-0.000260886041798032,-0.000112438106099309
"rs4639533","education_years",0.141414141414141,-0.000828259598498883,-0.000461923106296368,-0.000877707106145811,-0.000425211287408263
"rs4639533","education_years",0.151515151515152,-0.00145235309016335,-0.000640186790031555,-0.00145585880784908,-0.000675470533156508
"rs4639533","education_years",0.161616161616162,-0.00197838435280185,-0.000726976945755719,-0.00196783299080086,-0.000729321484892319
"rs4639533","education_years",0.171717171717172,-0.00215393325357901,-0.000816850733371922,-0.00216985212681428,-0.000727794413295772
"rs4639533","education_years",0.181818181818182,-0.00181234478583119,-0.00061444306487005,-0.00183429171560697,-0.000726775654569081
"rs4639533","education_years",0.191919191919192,-0.00107910402297073,0.000143539239332074,-0.00107817250700208,0.000133201716768464
"rs4639533","education_years",0.202020202020202,-0.000169587148200176,0.00143717025553188,-0.000160961318273188,0.00151927385386898
"rs4639533","education_years",0.212121212121212,0.000630010601218882,0.00225183694865446,0.000630539280976351,0.00222634071282251
"rs4639533","education_years",0.222222222222222,0.0010248781604028,0.00183728399013634,0.00104827717270257,0.00183938296293255
"rs4639533","education_years",0.232323232323232,0.000867478084781979,0.00117938690615925,0.000898227452680326,0.0011652459387692
"rs4639533","education_years",0.242424242424242,0.000463033372652981,0.00051310237656829,0.000416833626871238,0.000541541302981072
"rs4639533","education_years",0.252525252525253,0.000168668030104602,-0.000140242309748858,0.000184229490459022,-0.00018334435793432
"rs4639533","education_years",0.262626262626263,0.000118092743865101,-0.000438918880417536,0.000116618261292415,-0.000399107402589856
"rs4639533","education_years",0.272727272727273,0.000436617957487482,-0.00029496050484599,0.000390419500649369,-0.000325329499239038
"rs4639533","education_years",0.282828282828283,0.00115762776089647,0.000212824566391637,0.00117089089464076,0.000210907230977585
"rs4639533","education_years",0.292929292929293,0.0018961842037278,0.000694646891555888,0.00190642322955972,0.000726913656673781
"rs4639533","education_years",0.303030303030303,0.00223276074638828,0.000898288522090803,0.00227052734542108,0.000874672441087337
"rs4639533","education_years",0.313131313131313,0.00207894425345237,0.00125715099666617,0.0020714586597969,0.00126672256182172
"rs4639533","education_years",0.323232323232323,0.0016208963935155,0.00171736193823254,0.00161082220600716,0.00169363444640756
"rs4639533","education_years",0.333333333333333,0.00114246530987044,0.00209796538654286,0.00119040872428129,0.00213124671865715
"rs4639533","education_years",0.343434343434343,0.00111366216142161,0.00241226175525361,0.00102446525602553,0.0023860364542555
"rs4639533","education_years",0.353535353535354,0.00182289267692271,0.00231617119905114,0.00173490247328482,0.00226614567053025
"rs4639533","education_years",0.363636363636364,0.0026450409513649,0.000478112935081888,0.00278272529444953,0.000664412110892871
"rs4639533","education_years",0.373737373737374,0.00272309730549408,-0.00229433228297716,0.00276812911345443,-0.00243266165999695
"rs4639533","education_years",0.383838383838384,0.00157121860086815,-0.00438229818090412,0.00152540652360899,-0.00435247598374269
"rs4639533","education_years",0.393939393939394,2.51083290532367e-05,-0.00411421001953836,2.88381666334198e-05,-0.00415806518250704
"rs4639533","education_years",0.404040404040404,-0.00137489507374926,-0.00223279492447554,-0.00134995122890982,-0.00227813379521876
"rs4639533","education_years",0.414141414141414,-0.00231334127297444,1.88020027308226e-05,-0.00239270210104682,0.00014636945965854
"rs4639533","education_years",0.424242424242424,-0.00270686384687864,0.00198507466975271,-0.00268319942459759,0.00190250021257984
"rs4639533","education_years",0.434343434343434,-0.00246006742432558,0.00266475205281773,-0.00239182268622039,0.00260875459633799
"rs4639533","education_years",0.444444444444444,-0.00146708650199499,0.000288129536427378,-0.00172687605597416,0.00063249754870518
"rs4639533","education_years",0.454545454545455,-0.000630923961799558,-0.00259811160555905,-0.000319278020546452,-0.00303475709054633
"rs4639533","education_years",0.464646464646465,-0.00078743255673376,-0.00321478595791896,-0.000850365156745428,-0.00300682836605918
"rs4639533","education_years",0.474747474747475,-0.00142494621128826,-0.00266175211308507,-0.00144448263332507,-0.00267424540724727
"rs4639533","education_years",0.484848484848485,-0.00179758721296169,-0.00260006548370419,-0.0018407199500401,-0.00268664561258815
"rs4639533","education_years",0.494949494949495,-0.00159832693050504,-0.00296008374631678,-0.00157719999472878,-0.00277960592418512
"rs4639533","education_years",0.505050505050505,-0.00073551200566992,-0.002877836358535,-0.000727946070954853,-0.0030311321206941
"rs4639533","education_years",0.515151515151515,0.000611201189278579,-0.00150794177597771,0.000385976312974797,-0.00150770516047499
"rs4639533","education_years",0.525252525252525,0.0015140352417741,0.00108992689579904,0.00184697023866269,0.00112271150743684
"rs4639533","education_years",0.535353535353535,0.00169972252499727,0.00296132806119816,0.00176292774994428,0.00291341720905673
"rs4639533","education_years",0.545454545454546,0.00125558916984579,0.00241655135030745,0.000896353750572141,0.00259952728953453
"rs4639533","education_years",0.555555555555556,0.000813693622542064,0.000604549778681355,0.00100366489284881,0.000470026400443385
"rs4639533","education_years",0.565656565656566,0.000711555132106466,-0.000718792780994715,0.000704592418765767,-0.000752495801589818
"rs4639533","education_years",0.575757575757576,2.31235092155553e-06,-0.000602350193129851,3.76925785203239e-05,-0.000552508122241066
"rs4639533","education_years",0.585858585858586,-0.000937584314683304,0.000226997568024259,-0.000901888486374049,0.000198885916073412
"rs4639533","education_years",0.595959595959596,-0.0014204406645045,0.00083546345943884,-0.00157615369687561,0.000866991295847386
"rs4639533","education_years",0.606060606060606,-0.00126762135282143,0.00103690328358349,-0.00121391026450486,0.00101988692738057
"rs4639533","education_years",0.616161616161616,-0.00058479064899149,0.000963989560348944,-0.000552875932231146,0.00099808079031368
"rs4639533","education_years",0.626262626262626,2.88735105980717e-05,0.00108908316123906,3.39613870659664e-06,0.00102132041286102
"rs4639533","education_years",0.636363636363636,0.000355662043299461,0.00126470827351212,0.000377438892509364,0.0012932106798419
"rs4639533","education_years",0.646464646464647,0.000397002523568921,0.00110258389299948,0.000444588918834782,0.0011571761236419
"rs4639533","education_years",0.656565656565657,0.000389989956241037,0.000294579918000413,0.000299431150468088,0.000262010979325539
"rs4639533","education_years",0.666666666666667,0.000246728293090459,-0.000353787360505671,0.000218876379030894,-0.000416036318951771
"rs4639533","education_years",0.676767676767677,-0.000202226013341352,-9.39118492305355e-05,-4.82186647132941e-05,-2.68515511582362e-05
"rs4639533","education_years",0.686868686868687,-0.0010430047360809,0.0004286558428152,-0.00108183715514991,0.000451479083322215
"rs4639533","education_years",0.696969696969697,-0.00209913517280905,0.000602612092553426,-0.00217933641461318,0.000481471783134402
"rs4639533","education_years",0.707070707070707,-0.00253303762930645,0.000992504704860403,-0.00251577490470813,0.00109364713480312
"rs4639533","education_years",0.717171717171717,-0.00248935241981727,0.00112449477382121,-0.00248043666800835,0.00118025583381173
"rs4639533","education_years",0.727272727272727,-0.00234842157628485,0.00048272843572748,-0.00234247011557445,0.00034303542046606
"rs4639533","education_years",0.737373737373737,-0.00220939746124798,-0.000195535132004742,-0.00218877032824342,-0.000112413091621748
"rs4639533","education_years",0.747474747474748,-0.00201631847935569,-0.000227353778442461,-0.00201289547013547,-0.000244808397043487
"rs4639533","education_years",0.757575757575758,-0.00145380987818013,-0.000151775194438778,-0.00150350144353922,-0.000147592848027098
"rs4639533","education_years",0.767676767676768,-0.000441092385066493,0.000118122863472141,-0.000430994499251486,8.58691638025782e-05
"rs4639533","education_years",0.777777777777778,0.000913842135813724,0.000722176237247174,0.000871365700273074,0.000770527761932253
"rs4639533","education_years",0.787878787878788,0.00209466175893467,0.00116761919906684,0.00213279279423295,0.00116417270427479
"rs4639533","education_years",0.797979797979798,0.00258544628957864,0.00136344534370224,0.00265942045153672,0.0012554049768882
"rs4639533","education_years",0.808080808080808,0.00204823048914964,0.00133733888069018,0.00198807395151389,0.00151862477497381
"rs4639533","education_years",0.818181818181818,0.000747539080981772,0.000994509449259919,0.000809196906563005,0.000886833430850227
"rs4639533","education_years",0.828282828282828,-0.000797789799484182,0.000256246759443597,-0.000792051187786146,0.000232782989429751
"rs4639533","education_years",0.838383838383838,-0.00181312934198773,-0.000710834160831643,-0.00191454726784981,-0.000614096591796674
"rs4639533","education_years",0.848484848484849,-0.00205606186135194,-0.00145929771275523,-0.00203438299829532,-0.001515740060323
"rs4639533","education_years",0.858585858585859,-0.00149352569498459,-0.00158203092360566,-0.0014627675720363,-0.0016119682828369
"rs4639533","education_years",0.868686868686869,-0.000293983223924883,-0.00106733318252147,-0.000335580169308517,-0.00103313739277212
"rs4639533","education_years",0.878787878787879,0.00127889558347805,-0.000149112399100893,0.00123804189625437,-0.000174296106494118
"rs4639533","education_years",0.888888888888889,0.00275738062880831,0.000532558595337952,0.00282055105495519,0.000576513483591536
"rs4639533","education_years",0.898989898989899,0.00352989993941519,0.000914278732518142,0.00358849380415743,0.000876698823472533
"rs4639533","education_years",0.909090909090909,0.00322206609332151,0.00111913890122128,0.00319192945077553,0.00114177876568098
"rs4639533","education_years",0.919191919191919,0.00242676301972241,0.00123335983587244,0.00239655447121421,0.00124281193366624
"rs4639533","education_years",0.929292929292929,0.0016768844255249,0.00111115427147703,0.00179215143978462,0.00101654797946273
"rs4639533","education_years",0.93939393939394,0.00131631406318735,0.000605242324803695,0.00108026758207709,0.000766841845198543
"rs4639533","education_years",0.94949494949495,0.00125482446479348,-0.000199983202106732,0.0013132788108799,-0.000291056944790233
"rs4639533","education_years",0.95959595959596,0.00111266495923921,-0.00107381935296688,0.00135320284602982,-0.00111139440528645
"rs4639533","education_years",0.96969696969697,0.000195608178327829,-0.00158136165304798,1.400270200155e-05,-0.00149891473531129
"rs4639533","education_years",0.97979797979798,-0.000733549063095948,-0.00179677929778282,-0.0007842294269643,-0.00184413207253142
"rs4639533","education_years",0.98989898989899,-0.000847257363574038,-0.00188179277305201,-0.000771221496453553,-0.00188088540496175
"rs4639533","education_years",1,-0.000696976556330586,-0.00175086207343737,-0.000709636475203241,-0.00174330135616101
"rs2515029","SNP",0,-0.00645979091467388,0.0158906130324127,-0.00633745105494592,0.0158184915331846
"rs2515029","SNP",0.0101010101010101,-0.00423086355065783,0.0158893627495487,-0.00453052039441231,0.0161608747431896
"rs2515029","SNP",0.0202020202020202,0.00123841356290306,0.0158121291046418,0.00133581650406646,0.0154518685017525
"rs2515029","SNP",0.0303030303030303,0.00505290969965736,0.0166186505594796,0.00515607242468374,0.0166534072652509
"rs2515029","SNP",0.0404040404040404,0.00347231584273027,0.0173025518247758,0.00394000653243587,0.0176439802266294
"rs2515029","SNP",0.0505050505050505,0.00347095738880369,0.0130686836751024,0.0025645344670331,0.0129763284103236
"rs2515029","SNP",0.0606060606060606,0.00760342000470185,0.00966025506374622,0.00800414171946546,0.00933595792929498
"rs2515029","SNP",0.0707070707070707,0.0154587063397527,0.0130504977907771,0.0154296006130702,0.0131999663706935
"rs2515029","SNP",0.0808080808080808,0.0223351118620953,0.0178814799364642,0.0223529402944261,0.0178787302453031
"rs2515029","SNP",0.0909090909090909,0.0242670950800858,0.0179604109404059,0.024493951380077,0.0182421336518749
"rs2515029","SNP",0.101010101010101,0.023664315824653,0.0148638234971206,0.0232764629044671,0.0145088336158604
"rs2515029","SNP",0.111111111111111,0.0213046416843071,0.0112765589816145,0.0215514723191361,0.0114691197747727
"rs2515029","SNP",0.121212121212121,0.0171832769476063,0.00909920621582061,0.0172299587536228,0.00900357220138532
"rs2515029","SNP",0.131313131313131,0.0119397299510918,0.00789900290419745,0.011885530545835,0.0078283990915926
"rs2515029","SNP",0.141414141414141,0.00762830443026786,0.00633748204443397,0.00736904470520374,0.00666929438009894
"rs2515029","SNP",0.151515151515152,0.0058005520190149,0.00373936031157029,0.00612401364109917,0.00337913638530688
"rs2515029","SNP",0.161616161616162,0.00465971526528718,0.00242594714594559,0.00460522272952604,0.00252472700435677
"rs2515029","SNP",0.171717171717172,0.00276682521259623,0.00346354841634333,0.00259590257141496,0.00345569223719641
"rs2515029","SNP",0.181818181818182,0.00257197285480606,0.00203795206196926,0.00275924545799893,0.00218245076980213
"rs2515029","SNP",0.191919191919192,0.00415850248160863,-0.000124849253074361,0.00403473295401874,-0.000152874199172246
"rs2515029","SNP",0.202020202020202,0.00666385708358741,-5.16922134945178e-05,0.00666739214547401,-0.000280139112458343
"rs2515029","SNP",0.212121212121212,0.00900348692610296,0.00167491261298775,0.00902765718017099,0.00178913266811653
"rs2515029","SNP",0.222222222222222,0.0101930077671679,0.00373965857992761,0.0102778176015603,0.00393122239334307
"rs2515029","SNP",0.232323232323232,0.0100009400253895,0.00529875362529814,0.00988762910250595,0.00498613601142784
"rs2515029","SNP",0.242424242424242,0.00887246765238515,0.00505262814429899,0.00892640049219212,0.00509270290843214
"rs2515029","SNP",0.252525252525253,0.00707598282928541,0.0027563373760602,0.0070594938441952,0.0034846820934537
"rs2515029","SNP",0.262626262626263,0.00396662243864082,0.00191169018873745,0.00400628231932457,0.000800288182044455
"rs2515029","SNP",0.272727272727273,-0.000147871802560515,0.00289351255212187,-0.000141874502626407,0.00326658064171098
"rs2515029","SNP",0.282828282828283,-0.00443553962387991,0.00472760816476409,-0.00445435792105597,0.00512888606990259
"rs2515029","SNP",0.292929292929293,-0.00722719311076446,0.00537827436624823,-0.00718687886408142,0.00509784073023207
"rs2515029","SNP",0.303030303030303,-0.00734627339889337,0.00349930785625347,-0.0076595868886599,0.00336261003998338
"rs2515029","SNP",0.313131313131313,-0.00639237728075662,0.00115140903658167,-0.00610076607762733,0.0012950528408644
"rs2515029","SNP",0.323232323232323,-0.00654068475717822,-0.000300246130024407,-0.00631115661886211,0.000152871940642422
"rs2515029","SNP",0.333333333333333,-0.00920531660494358,-8.90919916457886e-05,-0.00970941434517218,-0.00107450150082267
"rs2515029","SNP",0.343434343434343,-0.0128825094576103,0.00180739624923714,-0.0125860729463241,0.00233898611457938
"rs2515029","SNP",0.353535353535354,-0.0156776101569149,0.00398982868244664,-0.0155822588742121,0.00428689360337801
"rs2515029","SNP",0.363636363636364,-0.0172261642755673,0.00203874112109887,-0.0175711062951339,0.00155765252038051
"rs2515029","SNP",0.373737373737374,-0.01820579365038,-0.00200706031705232,-0.0180722547698536,-0.00162483475597479
"rs2515029","SNP",0.383838383838384,-0.019336863023031,-0.0033428826841451,-0.0189200828989048,-0.00349471838492341
"rs2515029","SNP",0.393939393939394,-0.020261784676663,0.00354468920530528,-0.0207456072499996,0.00329353517907545
"rs2515029","SNP",0.404040404040404,-0.0183081238127249,0.0143688125309138,-0.0184223795808497,0.0143316811988857
"rs2515029","SNP",0.414141414141414,-0.0115333017779466,0.0230422274268771,-0.0111346188940759,0.0234820927169023
"rs2515029","SNP",0.424242424242424,-0.00309588073170942,0.0269186069820131,-0.00328831750710858,0.0268509821362785
"rs2515029","SNP",0.434343434343434,0.00371000002687817,0.0239604494736823,0.00361815443471635,0.0233677327807842
"rs2515029","SNP",0.444444444444444,0.00915179996017153,0.0137382651453815,0.00904764594243341,0.0152059168728444
"rs2515029","SNP",0.454545454545455,0.0106477526248436,0.00602573285684621,0.0115914461286339,0.00429743386239476
"rs2515029","SNP",0.464646464646465,0.00651129493462904,0.00910000091230507,0.00536164576831412,0.00984459006300338
"rs2515029","SNP",0.474747474747475,0.00262561120062869,0.0147975187276066,0.00316338781324414,0.0148535062748274
"rs2515029","SNP",0.484848484848485,0.00383369093433282,0.0146333206997183,0.00368635691219963,0.014610246850411
"rs2515029","SNP",0.494949494949495,0.00536148078446644,0.0134615378060149,0.00544416383858854,0.0133518849548994
"rs2515029","SNP",0.505050505050505,0.00795623068297116,0.0126612917972941,0.00810333698276932,0.0127176700432414
"rs2515029","SNP",0.515151515151515,0.0128584785932557,0.011454591344073,0.0119714084215781,0.0114252279358056
"rs2515029","SNP",0.525252525252525,0.0158892181763992,0.00833998415348374,0.0169741245487338,0.0083978679018073
"rs2515029","SNP",0.535353535353535,0.0154942014077899,0.00403973679660423,0.0156306366954271,0.00413385773804193
"rs2515029","SNP",0.545454545454546,0.0119099214893788,-6.1457751803703e-05,0.0107951781001357,-0.000274577100067812
"rs2515029","SNP",0.555555555555556,0.00829088251348285,-0.00249409061402171,0.00893025816533885,-0.00247146793092638
"rs2515029","SNP",0.565656565656566,0.0070137926265551,-0.00307064189791704,0.00737211370584998,-0.00295046074027243
"rs2515029","SNP",0.575757575757576,0.00575867978511726,-0.0052977228022015,0.00514937722836691,-0.00527064493779304
"rs2515029","SNP",0.585858585858586,0.00602833121280289,-0.00791057446909699,0.00598638110406695,-0.00812791491917388
"rs2515029","SNP",0.595959595959596,0.00958819120191727,-0.00888674184016423,0.0100773476867826,-0.00865414748303408
"rs2515029","SNP",0.606060606060606,0.0139242743838848,-0.00924754807213376,0.0136251738920144,-0.00944722210363253
"rs2515029","SNP",0.616161616161616,0.0161064041299248,-0.010371157230211,0.0159542730345029,-0.0101058994984578
"rs2515029","SNP",0.626262626262626,0.0156647828968683,-0.0118890800014017,0.0160924789723659,-0.0121278925420445
"rs2515029","SNP",0.636363636363636,0.012166137158764,-0.0125077682396766,0.0119673140072341,-0.0124918282967934
"rs2515029","SNP",0.646464646464647,0.00600041189534873,-0.0112842010830668,0.00599228653616999,-0.0110614063672415
"rs2515029","SNP",0.656565656565657,0.00072590746802011,-0.00907706470557375,0.000746268640185974,-0.00938128738939466
"rs2515029","SNP",0.666666666666667,-0.00208821483723465,-0.00674038221023701,-0.00211507603384063,-0.00664458178832168
"rs2515029","SNP",0.676767676767677,-0.00198295235174593,-0.00488831389311838,-0.00208399761959278,-0.00475773781846267
"rs2515029","SNP",0.686868686868687,2.67062394327929e-05,-0.00366099797432002,0.00014296505134554,-0.0035759958725585
"rs2515029","SNP",0.696969696969697,0.00209963059376897,-0.0027147234528668,0.00194272349561813,-0.00329663035287584
"rs2515029","SNP",0.707070707070707,0.00148748825041297,-0.000989729454746104,0.00172926858608388,-0.000342168002710563
"rs2515029","SNP",0.717171717171717,-0.00132220443902961,-4.22111451079707e-05,-0.00122885818408528,-0.000150056001264137
"rs2515029","SNP",0.727272727272727,-0.00483639996512942,-0.00151989277562028,-0.00520423904795765,-0.0018668339637128
"rs2515029","SNP",0.737373737373737,-0.00723341881866553,-0.0044553152027726,-0.00706801102805497,-0.00405898719890994
"rs2515029","SNP",0.747474747474748,-0.00733659067761281,-0.0071737662139537,-0.00723161627908512,-0.00740419440198062
"rs2515029","SNP",0.757575757575758,-0.00651597023547493,-0.00825570162461391,-0.00671945341288827,-0.00822800175055612
"rs2515029","SNP",0.767676767676768,-0.00542100444071373,-0.00810410766704001,-0.00537092866176309,-0.00799134748523396
"rs2515029","SNP",0.777777777777778,-0.00399080318546959,-0.00772573726920231,-0.00368268715192966,-0.00801581858083514
"rs2515029","SNP",0.787878787878788,-0.00138165259505441,-0.00819157078005251,-0.00186547147389446,-0.00788198979442589
"rs2515029","SNP",0.797979797979798,0.00115555642340826,-0.00880795143650018,0.00123701900236341,-0.00866539211028775
"rs2515029","SNP",0.808080808080808,0.00216987701694892,-0.00874314698753973,0.00261782426256996,-0.00936065333957493
"rs2515029","SNP",0.818181818181818,0.00185313665430047,-0.00851253012894508,0.00140950107008996,-0.0080042415772889
"rs2515029","SNP",0.828282828282828,0.000686180720468835,-0.00885634613812949,0.000846385196154392,-0.0089634107484125
"rs2515029","SNP",0.838383838383838,-0.00125505446609159,-0.0102147451281577,-0.0012010385921003,-0.0103759319027611
"rs2515029","SNP",0.848484848484849,-0.00368913389084345,-0.0135060513805325,-0.00390119705068148,-0.0132174505955945
"rs2515029","SNP",0.858585858585859,-0.00648626608044425,-0.0191147384996701,-0.00626490788744647,-0.0192651451720438
"rs2515029","SNP",0.868686868686869,-0.0104504080865664,-0.0246997995581465,-0.0105634820431274,-0.0247380582815591
"rs2515029","SNP",0.878787878787879,-0.0167032094787327,-0.0272353775906286,-0.0166105327881289,-0.0270465650715349
"rs2515029","SNP",0.888888888888889,-0.0252321457864314,-0.0248927127644317,-0.0250359191263186,-0.0253398678634784
"rs2515029","SNP",0.898989898989899,-0.030224165580065,-0.020683632351697,-0.0306053145234651,-0.0204275126923965
"rs2515029","SNP",0.909090909090909,-0.026757772110234,-0.0180780103375121,-0.0269261286909218,-0.0176910700150379
"rs2515029","SNP",0.919191919191919,-0.0191919426729989,-0.0170085183492892,-0.0188170461805757,-0.0175613500805043
"rs2515029","SNP",0.929292929292929,-0.0135662967469741,-0.0145535691761957,-0.0136663836037419,-0.0144394933923035
"rs2515029","SNP",0.93939393939394,-0.0136478176241877,-0.00873460477727778,-0.0134306250074918,-0.00862073598301862
"rs2515029","SNP",0.94949494949495,-0.0147950519343883,-0.0034464725898416,-0.0149099264279701,-0.00345848166316181
"rs2515029","SNP",0.95959595959596,-0.012546957647786,-0.00155112140365904,-0.0132139128547481,-0.00139576422550529
"rs2515029","SNP",0.96969696969697,-0.0105331868245826,0.0021683516921753,-0.00948348242568644,0.00183271063459811
"rs2515029","SNP",0.97979797979798,-0.0105083602944771,0.00772550615477874,-0.0108834032848905,0.00773395226382504
"rs2515029","SNP",0.98989898989899,-0.0122240120471355,0.0129609129327378,-0.0124812728568456,0.0132825176424468
"rs2515029","SNP",1,-0.0115768804486262,0.0147277824114041,-0.0114107832175951,0.0145606191451984
"rs2515029","intercept",0,0.740629844355125,0.786774311993343,0.72728381626663,0.787315101236618
"rs2515029","intercept",0.0101010101010101,0.57251083086714,0.874282700132694,0.593326761201349,0.872293668102531
"rs2515029","intercept",0.0202020202020202,0.2847080507452,0.981247286069022,0.282677133661288,0.983881372111503
"rs2515029","intercept",0.0303030303030303,-0.084028501644362,0.973002816077956,-0.0826704370746733,0.97187714586209
"rs2515029","intercept",0.0404040404040404,-0.453113576132833,0.80327381792345,-0.456151066653102,0.802071954358639
"rs2515029","intercept",0.0505050505050505,-0.744344880448346,0.509980846633786,-0.749488057059831,0.512148535549653
"rs2515029","intercept",0.0606060606060606,-0.932851815773671,0.211058999788409,-0.935156875155392,0.210479501431737
"rs2515029","intercept",0.0707070707070707,-1.01626986819345,0.019768952129055,-1.01417933538441,0.0182584001042122
"rs2515029","intercept",0.0808080808080808,-1.02600717915404,-0.0322228844041327,-1.02590264995788,-0.0302880923177263
"rs2515029","intercept",0.0909090909090909,-0.996676381298202,0.0547018800653775,-0.995376210476318,0.0528689958500794
"rs2515029","intercept",0.101010101010101,-0.940996770553069,0.233388701389613,-0.940960162892348,0.235105840354508
"rs2515029","intercept",0.111111111111111,-0.862694385643612,0.444333144770769,-0.864722065436627,0.443294655087458
"rs2515029","intercept",0.121212121212121,-0.769188499760092,0.632789403819414,-0.76818566287863,0.632905207583928
"rs2515029","intercept",0.131313131313131,-0.682170132765455,0.768837686782495,-0.680658323886833,0.769238782368565
"rs2515029","intercept",0.141414141414141,-0.610939082140877,0.847856205752091,-0.610766906567099,0.847534683222828
"rs2515029","intercept",0.151515151515152,-0.558138049951145,0.874075338749495,-0.557884691074339,0.874248692172295
"rs2515029","intercept",0.161616161616162,-0.516804459582089,0.866769860647744,-0.516876215869127,0.866410117523934
"rs2515029","intercept",0.171717171717172,-0.477467989194627,0.852181753681309,-0.478240416463857,0.853076562008366
"rs2515029","intercept",0.181818181818182,-0.432727153029417,0.861840035772591,-0.433166310029913,0.860705084956329
"rs2515029","intercept",0.191919191919192,-0.385052192973712,0.900330245368309,-0.384974611908722,0.900856284070383
"rs2515029","intercept",0.202020202020202,-0.338778035090107,0.962979693832895,-0.337930184166508,0.963153648268181
"rs2515029","intercept",0.212121212121212,-0.295720188940775,1.03823237182581,-0.295636440623954,1.03802619798703
"rs2515029","intercept",0.222222222222222,-0.255379605217126,1.10968294956141,-0.255940463217722,1.10946973662789
"rs2515029","intercept",0.232323232323232,-0.212243220660041,1.15340322818367,-0.212251274353921,1.15388396439977
"rs2515029","intercept",0.242424242424242,-0.166012487393225,1.16230088658787,-0.165641684652623,1.16196882861549
"rs2515029","intercept",0.252525252525253,-0.117135736863825,1.13254791591898,-0.117486760459472,1.13259752509124
"rs2515029","intercept",0.262626262626263,-0.0633299593521023,1.06102835165308,-0.0636679623148079,1.06106607115405
"rs2515029","intercept",0.272727272727273,-0.00605566610101424,0.973376102921637,-0.00539336210815501,0.973615458490063
"rs2515029","intercept",0.282828282828283,0.0525950799881673,0.902163467386982,0.0521737853439724,0.901687915097084
"rs2515029","intercept",0.292929292929293,0.112725456052284,0.877239643424085,0.112830255557583,0.877498744878497
"rs2515029","intercept",0.303030303030303,0.174012290438907,0.912384162093391,0.173941189757392,0.912499650853885
"rs2515029","intercept",0.313131313131313,0.233943179969012,0.966680928506522,0.234542322441617,0.966066953768094
"rs2515029","intercept",0.323232323232323,0.295876177339188,1.01126473137018,0.296328518439984,1.01251248491312
"rs2515029","intercept",0.333333333333333,0.364094350388231,1.02422089574081,0.362496677133597,1.02281781075962
"rs2515029","intercept",0.343434343434343,0.439735212849373,0.98399711598616,0.44192567584497,0.984307941601351
"rs2515029","intercept",0.353535353535354,0.529407775254732,0.876188973976007,0.528774134369189,0.87783869478423
"rs2515029","intercept",0.363636363636364,0.651444870913212,0.704956521000167,0.643013224303141,0.702269861813962
"rs2515029","intercept",0.373737373737374,0.777206344361604,0.442858258415321,0.78104002426316,0.444523290371602
"rs2515029","intercept",0.383838383838384,0.862183337098604,0.0852484041920076,0.870507901294612,0.0858761068865397
"rs2515029","intercept",0.393939393939394,0.867261564403606,-0.258691446876825,0.865838868853668,-0.260805204162239
"rs2515029","intercept",0.404040404040404,0.813319804384942,-0.511376611069037,0.808746311132446,-0.509164393275698
"rs2515029","intercept",0.414141414141414,0.73685011218877,-0.622689265806268,0.743101724775733,-0.624774538344075
"rs2515029","intercept",0.424242424242424,0.674243603769872,-0.588321694123776,0.665950439773625,-0.585013361162898
"rs2515029","intercept",0.434343434343434,0.619062859893116,-0.372525656834113,0.596567803380464,-0.378102679291506
"rs2515029","intercept",0.444444444444444,0.4472656360178,0.128564272708072,0.509239801215446,0.130096295012833
"rs2515029","intercept",0.454545454545455,0.206439892261931,0.647886541588185,0.172728192623717,0.660107408468498
"rs2515029","intercept",0.464646464646465,-0.0159275681470436,0.908836551733488,-0.030777270896771,0.886994001655001
"rs2515029","intercept",0.474747474747475,-0.187188074594694,1.01045755262472,-0.175722593848302,1.02550916329527
"rs2515029","intercept",0.484848484848485,-0.30821414240824,1.08708987624782,-0.306287892994065,1.0866490881537
"rs2515029","intercept",0.494949494949495,-0.440595652564892,1.06917413760126,-0.441518982152606,1.06163479647928
"rs2515029","intercept",0.505050505050505,-0.591617156815933,0.950775274481162,-0.589601531748918,0.95715923878741
"rs2515029","intercept",0.515151515151515,-0.743503435677079,0.745262619542141,-0.737935375952042,0.743184338292194
"rs2515029","intercept",0.525252525252525,-0.857117874693321,0.4427697281005,-0.866771933635114,0.441686769675497
"rs2515029","intercept",0.535353535353535,-0.905836165506651,0.109318131420203,-0.908954215576715,0.112735819863504
"rs2515029","intercept",0.545454545454546,-0.877188955329081,-0.179956992064363,-0.869981186164322,-0.184325865973599
"rs2515029","intercept",0.555555555555556,-0.796283881823739,-0.400609256871505,-0.801094009082249,-0.398347119192249
"rs2515029","intercept",0.565656565656566,-0.693446685982126,-0.551897792955958,-0.692843303626271,-0.550706716916362
"rs2515029","intercept",0.575757575757576,-0.584191409090694,-0.667017620824531,-0.581909527509561,-0.669149545410334
"rs2515029","intercept",0.585858585858586,-0.487427457881677,-0.74940756521867,-0.488929026550596,-0.750065242626509
"rs2515029","intercept",0.595959595959596,-0.41876442578837,-0.797172375385871,-0.414607266480007,-0.79391226108367
"rs2515029","intercept",0.606060606060606,-0.373041143318125,-0.827870011561434,-0.374986010085961,-0.829753109180203
"rs2515029","intercept",0.616161616161616,-0.339120155076628,-0.862019772525655,-0.341016615279865,-0.863912218504825
"rs2515029","intercept",0.626262626262626,-0.306103398658063,-0.907850013092481,-0.304673612579984,-0.903928776471402
"rs2515029","intercept",0.636363636363636,-0.275804311163241,-0.95295477523982,-0.276359928087946,-0.955261469838658
"rs2515029","intercept",0.646464646464647,-0.254064011358875,-0.979742209322387,-0.254694739805586,-0.980652536440521
"rs2515029","intercept",0.656565656565657,-0.246150880065955,-0.975984983068511,-0.243449321993294,-0.974035132217728
"rs2515029","intercept",0.666666666666667,-0.245233726372164,-0.958455900670969,-0.245277021456199,-0.958240445892641
"rs2515029","intercept",0.676767676767677,-0.241769213620543,-0.946047433915148,-0.244811478950242,-0.9482516048785
"rs2515029","intercept",0.686868686868687,-0.228118901905575,-0.936627784027748,-0.227453845045082,-0.936060260870112
"rs2515029","intercept",0.696969696969697,-0.200783727077231,-0.928534110348067,-0.199108617466601,-0.925143214801515
"rs2515029","intercept",0.707070707070707,-0.167506897341374,-0.936768074316737,-0.168759610416606,-0.941210234480967
"rs2515029","intercept",0.717171717171717,-0.126053436812979,-0.957113959495719,-0.126301957610691,-0.95687690276096
"rs2515029","intercept",0.727272727272727,-0.0726039831811363,-0.982216656590988,-0.0722681768849707,-0.978128148372834
"rs2515029","intercept",0.737373737373737,-0.0106429640898939,-1.01710588851551,-0.0109871614585751,-1.0206479335527
"rs2515029","intercept",0.747474747474748,0.0548141431649889,-1.06137448729779,0.054913521856206,-1.06094269542215
"rs2515029","intercept",0.757575757575758,0.119866274840572,-1.08825146181607,0.120018406984782,-1.08708536649332
"rs2515029","intercept",0.767676767676768,0.180646553849673,-1.09350701239088,0.180920173568926,-1.09382425263743
"rs2515029","intercept",0.777777777777778,0.234686134218946,-1.07754910054242,0.235637308025665,-1.0791869310589
"rs2515029","intercept",0.787878787878788,0.285549655804406,-1.03396634131277,0.284729833328708,-1.03209865348209
"rs2515029","intercept",0.797979797979798,0.338987568142214,-0.976032134756229,0.337533122567566,-0.975188040822697
"rs2515029","intercept",0.808080808080808,0.398266391315511,-0.920864373652885,0.39926284210824,-0.924231452411532
"rs2515029","intercept",0.818181818181818,0.455994326824351,-0.878143325278971,0.455413977449938,-0.875446568629987
"rs2515029","intercept",0.828282828282828,0.501831643645997,-0.857950302148069,0.501480481733369,-0.85832426525864
"rs2515029","intercept",0.838383838383838,0.525626459289134,-0.872025595690578,0.527261334783028,-0.872937161159759
"rs2515029","intercept",0.848484848484849,0.522228578543465,-0.904838638804306,0.522940904786863,-0.903966919020286
"rs2515029","intercept",0.858585858585859,0.490886125450796,-0.936666637799358,0.49061102492582,-0.93700801409128
"rs2515029","intercept",0.868686868686869,0.443155460903318,-0.960549202780939,0.443301124915999,-0.960878553459013
"rs2515029","intercept",0.878787878787879,0.39351030208315,-0.967306649448437,0.393932145381212,-0.96613575832512
"rs2515029","intercept",0.888888888888889,0.355382156392641,-0.935554922834781,0.354122226842224,-0.93711085860131
"rs2515029","intercept",0.898989898989899,0.340429235955054,-0.876240915626028,0.340066561207788,-0.87568913043462
"rs2515029","intercept",0.909090909090909,0.355867655444686,-0.809279850360219,0.355547462287212,-0.808039122434561
"rs2515029","intercept",0.919191919191919,0.396522293553033,-0.750009211307072,0.398634562432292,-0.751811415370302
"rs2515029","intercept",0.929292929292929,0.468233575438269,-0.70245874316224,0.465921425850528,-0.702137376425268
"rs2515029","intercept",0.93939393939394,0.576907603977268,-0.662961771037716,0.575706435855838,-0.661719860070743
"rs2515029","intercept",0.94949494949495,0.713658947095176,-0.607906800384984,0.715081729603702,-0.608641588245606
"rs2515029","intercept",0.95959595959596,0.865634687383372,-0.511268369645811,0.861642083612391,-0.51240009176228
"rs2515029","intercept",0.96969696969697,1.0134581772803,-0.356997612440711,1.01461021821678,-0.354700529517374
"rs2515029","intercept",0.97979797979798,1.11570187255016,-0.130368474524032,1.12278032062798,-0.132555481340722
"rs2515029","intercept",0.98989898989899,1.14117245114955,0.145932621923531,1.14097073065404,0.14722403464977
"rs2515029","intercept",1,1.12139477488327,0.298319923244366,1.1178196912823,0.297967821014913
"rs2515029","male",0,0.0381855794633823,-0.0482294007706695,0.0377888221464071,-0.0481753206597762
"rs2515029","male",0.0101010101010101,0.0280627714341547,-0.032285156169251,0.0286844948145139,-0.0324695286191782
"rs2515029","male",0.0202020202020202,0.000458528671417944,-0.00977315916476159,0.00107754798425117,-0.00959611086256277
"rs2515029","male",0.0303030303030303,-0.0234971305901762,-0.000603484881972757,-0.0240975171314152,-0.00029016223578701
"rs2515029","male",0.0404040404040404,-0.0235934900353462,0.0116067839796594,-0.026290196141075,0.0104007728363697
"rs2515029","male",0.0505050505050505,-0.0202215759625844,0.0278763609705293,-0.0160916281489528,0.0294142470295009
"rs2515029","male",0.0606060606060606,-0.0198236933675336,0.037585771578327,-0.0205662565861474,0.0368906953334671
"rs2515029","male",0.0707070707070707,-0.02207435049041,0.0319102208149975,-0.0247737533082542,0.0316491500048921
"rs2515029","male",0.0808080808080808,-0.0252826359697705,0.017520578056351,-0.0230225385569105,0.0176715546976584
"rs2515029","male",0.0909090909090909,-0.0281366984886028,0.00435399509825103,-0.027830885085153,0.00504507236314997
"rs2515029","male",0.101010101010101,-0.0312314873322799,-0.00205611719564844,-0.0328777017526262,-0.00321874472771631
"rs2515029","male",0.111111111111111,-0.0319829300230254,-0.00467680662683477,-0.0309034021520948,-0.00395152177288388
"rs2515029","male",0.121212121212121,-0.0289443384124444,-0.00805413804197093,-0.0291224322028146,-0.00795184618274152
"rs2515029","male",0.131313131313131,-0.0270421103815982,-0.0143635017054644,-0.0271659357931743,-0.0147670552122237
"rs2515029","male",0.141414141414141,-0.0250113353336654,-0.0222104276034238,-0.0247655822459372,-0.0222554673969586
"rs2515029","male",0.151515151515152,-0.0201909456731417,-0.0287940663277876,-0.0205228154026282,-0.0283058289630254
"rs2515029","male",0.161616161616162,-0.0126387977940542,-0.0288637219687305,-0.0125539655589337,-0.0290452088827927
"rs2515029","male",0.171717171717172,-0.00305199570563269,-0.0203789466265232,-0.00278457379481566,-0.0209996266178654
"rs2515029","male",0.181818181818182,0.00765855005144886,-0.013585398323777,0.0072073186421613,-0.0126422357872913
"rs2515029","male",0.191919191919192,0.0171194520780405,-0.0105325142394192,0.0173100323148136,-0.0108843330987882
"rs2515029","male",0.202020202020202,0.0230597082931731,-0.00992382540206602,0.0232968959696619,-0.0102963688556034
"rs2515029","male",0.212121212121212,0.025120818129258,-0.00909816871830943,0.0249845618950375,-0.00858909493480356
"rs2515029","male",0.222222222222222,0.0243918128087021,-0.00792568485710464,0.0243145400067951,-0.00826599960114899
"rs2515029","male",0.232323232323232,0.0244746938539167,-0.0130246393456505,0.0244664099575986,-0.0128567194795191
"rs2515029","male",0.242424242424242,0.0244822478125611,-0.0149186377510831,0.0245783864841983,-0.0146648140384422
"rs2515029","male",0.252525252525253,0.022590168372731,-0.00664213518304057,0.0224183934501157,-0.00761720992277373
"rs2515029","male",0.262626262626263,0.0184309803316088,-0.00394192370924726,0.0186008285939814,-0.00266714044550947
"rs2515029","male",0.272727272727273,0.0110510956171721,-0.00462463539375352,0.0111474954510681,-0.00526831820713637
"rs2515029","male",0.282828282828283,0.000428531462512449,-0.00248607979272543,0.000351895005903898,-0.00266661478276983
"rs2515029","male",0.292929292929293,-0.00871859832258263,-0.000471570290200875,-0.0087917966723939,-6.73632536214019e-06
"rs2515029","male",0.303030303030303,-0.0116732134063465,-0.00146305968476705,-0.0117055820870598,-0.00195057065188101
"rs2515029","male",0.313131313131313,-0.00865288540672176,-0.000866018597565022,-0.00863017973777536,-0.000315471121395257
"rs2515029","male",0.323232323232323,-0.00182292940756479,0.000558962923769773,-0.00196874091635792,6.42383829991731e-06
"rs2515029","male",0.333333333333333,0.00652110571242537,0.000637175475333494,0.00675410494563454,0.00102335842612208
"rs2515029","male",0.343434343434343,0.0143244217388975,-0.000756711802938205,0.0141813729968313,-0.000679987750088432
"rs2515029","male",0.353535353535354,0.0191052470764548,-0.00325196095586194,0.0190375141624681,-0.00402578527768633
"rs2515029","male",0.363636363636364,0.0176106904918639,-0.00578605183469346,0.0179741397094728,-0.00468766701737764
"rs2515029","male",0.373737373737374,0.0108107979075325,-0.00428519820576282,0.0107722558801434,-0.004798371877512
"rs2515029","male",0.383838383838384,0.00200166670077367,0.00226685704994527,0.00158241899096488,0.0017312222436757
"rs2515029","male",0.393939393939394,-0.00304698934723873,0.00280906791042554,-0.00280639042645534,0.00361290912080557
"rs2515029","male",0.404040404040404,-0.00589889440306556,-0.00481260534444719,-0.00570907479782998,-0.00463095692151631
"rs2515029","male",0.414141414141414,-0.00924230604063564,-0.0184309040445216,-0.00959455217197443,-0.0194922981790514
"rs2515029","male",0.424242424242424,-0.0117816506114029,-0.0313147968514842,-0.0115300824348764,-0.0309176981562904
"rs2515029","male",0.434343434343434,-0.0109093237678568,-0.0330975874696843,-0.0109045416774606,-0.0317992301189615
"rs2515029","male",0.444444444444444,-0.00393148540652692,-0.0121097464271793,-0.00405761004892909,-0.0143652842811453
"rs2515029","male",0.454545454545455,0.00744955419971281,0.0111087615986761,0.00687647627220745,0.0127739759311898
"rs2515029","male",0.464646464646465,0.0198268672250405,0.0148425627292562,0.0208274820877927,0.0143118621715324
"rs2515029","male",0.474747474747475,0.0276872789015324,0.0073788622204432,0.0272599855428823,0.00716912210094525
"rs2515029","male",0.484848484848485,0.0265148607818665,0.0025137099933985,0.0263330704749141,0.00321538203716518
"rs2515029","male",0.494949494949495,0.0184296477118327,0.00392978884665849,0.019183319762138,0.00308937733644887
"rs2515029","male",0.505050505050505,0.00923840686776673,0.00473331486347602,0.00839861899440504,0.00483188372739216
"rs2515029","male",0.515151515151515,0.00411752301887612,0.000164451397970116,0.00451076293287323,0.00140228563246632
"rs2515029","male",0.525252525252525,0.00295385053429412,-0.00052960026361068,0.00277800969242485,-0.00229160362684727
"rs2515029","male",0.535353535353535,0.00204282431884879,0.00372480409199651,0.00186083552571908,0.00445516256697261
"rs2515029","male",0.545454545454546,-0.00144375461784358,0.00998706245476971,-0.000702796221891338,0.0105129127776561
"rs2515029","male",0.555555555555556,-0.00440831485844149,0.0117132589146324,-0.00508758853570535,0.0110031256698711
"rs2515029","male",0.565656565656566,-0.00444048746218374,0.00545370600331604,-0.00457704325917031,0.00575984945838374
"rs2515029","male",0.575757575757576,-0.00633360759807896,0.000714586244647105,-0.00569575575107535,0.000647898378055395
"rs2515029","male",0.585858585858586,-0.011166150696544,-0.00110029162148643,-0.0113922884954898,-0.00107182112851927
"rs2515029","male",0.595959595959596,-0.018233512273946,-0.00111710367295954,-0.0184346718012731,-0.00117849742810207
"rs2515029","male",0.606060606060606,-0.0255822730075551,0.00151546544206042,-0.0253819585922128,0.00168902639155956
"rs2515029","male",0.616161616161616,-0.0309401586951264,0.00618701634521826,-0.0308468571932374,0.00580336281976686
"rs2515029","male",0.626262626262626,-0.0320367062095917,0.00673890510072258,-0.0323154278425739,0.00722718230121896
"rs2515029","male",0.636363636363636,-0.0267084642707121,0.00416082335725888,-0.0266341751767709,0.0038984702272673
"rs2515029","male",0.646464646464647,-0.0141841955554516,0.000966089080112002,-0.0143362560585513,0.00081108955578305
"rs2515029","male",0.656565656565657,0.000925908398882182,-0.00281249804627579,0.00108145670983996,-0.00233789732435131
"rs2515029","male",0.666666666666667,0.0129429136595066,-0.00577701931447871,0.0128958316504473,-0.00637349983671525
"rs2515029","male",0.676767676767677,0.0174768279141609,-0.00620579934701935,0.0176582603749464,-0.00574839595661393
"rs2515029","male",0.686868686868687,0.0149983695250899,-0.00319973458562149,0.0150267483611055,-0.0030382208128393
"rs2515029","male",0.696969696969697,0.00724579917287388,0.00236533657591848,0.00692247432808385,0.00122882012499933
"rs2515029","male",0.707070707070707,-0.00361499011090285,0.00501699390219208,-0.00319587947924428,0.00642180114461683
"rs2515029","male",0.717171717171717,-0.0144930456362765,0.00443597475042623,-0.0145423905296464,0.00411999488867252
"rs2515029","male",0.727272727272727,-0.0224073461949739,0.002418413568426,-0.0228266675862155,0.00157705574663429
"rs2515029","male",0.737373737373737,-0.0256892915141518,0.00249957657640087,-0.0253636561770147,0.00324318631277015
"rs2515029","male",0.747474747474748,-0.0237867220188186,0.00628780874510944,-0.0239998719865954,0.00634927709853495
"rs2515029","male",0.757575757575758,-0.0191696465512183,0.0081023159724988,-0.0190723793501994,0.00764704845256176
"rs2515029","male",0.767676767676768,-0.014571715662628,0.0085313107535507,-0.0144636566164358,0.00856576255461592
"rs2515029","male",0.777777777777778,-0.0121774202545708,0.00876073493350563,-0.0124109579959623,0.00957813052915019
"rs2515029","male",0.787878787878788,-0.0122187652978635,0.0058441754067409,-0.0119384591141055,0.00484546089193462
"rs2515029","male",0.797979797979798,-0.0133876052057146,0.00370502447125133,-0.0133172334276533,0.0036660246665906
"rs2515029","male",0.808080808080808,-0.0141478888622459,0.00623695612605437,-0.0145757423898628,0.00731746616831084
"rs2515029","male",0.818181818181818,-0.013174107381827,0.0087850174235027,-0.0128859195338869,0.00783481051505244
"rs2515029","male",0.828282828282828,-0.010273460473681,0.00765509379314462,-0.0102956847820933,0.0078740153647474
"rs2515029","male",0.838383838383838,-0.00767743971776579,0.00948773412894098,-0.00757497968294071,0.00965642915763676
"rs2515029","male",0.848484848484849,-0.00111360861759663,0.0157922144745772,-0.0012428361480008,0.0156838439289136
"rs2515029","male",0.858585858585859,0.0135520686121418,0.0258162659633144,0.0132410784139163,0.0257500936856168
"rs2515029","male",0.868686868686869,0.0323160237983519,0.0379907080508512,0.0326499891967469,0.0381524632357882
"rs2515029","male",0.878787878787879,0.0492294132297535,0.0490994296387886,0.0489443708561327,0.0488680777278244
"rs2515029","male",0.888888888888889,0.0588728187233708,0.0524986000616401,0.0592358954867145,0.0527354837715933
"rs2515029","male",0.898989898989899,0.0566076424381489,0.0494740499061965,0.05666370030467,0.0494736981692381
"rs2515029","male",0.909090909090909,0.0427427985721737,0.0432849522032052,0.043048579829098,0.0428733237726815
"rs2515029","male",0.919191919191919,0.0321078875068043,0.0354569741080811,0.0313520685758026,0.036015637539712
"rs2515029","male",0.929292929292929,0.0259964296087566,0.0261279871917478,0.0257867906123678,0.0259299369694448
"rs2515029","male",0.93939393939394,0.0218766690695255,0.0153010902502755,0.0230122486479246,0.0150639071449033
"rs2515029","male",0.94949494949495,0.0202264137108819,0.00345833803702092,0.0195776101577024,0.00380396730598099
"rs2515029","male",0.95959595959596,0.0197432557046332,-0.00955449696642502,0.0186544844376035,-0.00986148130977713
"rs2515029","male",0.96969696969697,0.0127668601271243,-0.0263448957928733,0.0152559376088648,-0.0260689621054965
"rs2515029","male",0.97979797979798,0.00419428203583679,-0.04799303461642,0.00257556760049374,-0.0481631725946133
"rs2515029","male",0.98989898989899,0.00156686525492189,-0.0718554904453215,0.00148119980466993,-0.0718098505797497
"rs2515029","male",1,0.00791311213653862,-0.0826777697442807,0.00822615525670116,-0.0826788563464811
"rs2515029","age_z",0,-0.00353609079949274,-0.00168564916224752,-0.00349473330591032,-0.00189847471218805
"rs2515029","age_z",0.0101010101010101,-0.00605597185696836,-0.00488292959322153,-0.00549782458380737,-0.00441822680517663
"rs2515029","age_z",0.0202020202020202,-0.0051504159130501,-0.0114985470207968,-0.0063339792504831,-0.0115052535971637
"rs2515029","age_z",0.0303030303030303,0.000201244773392127,-0.0170141745655036,0.000286598423665575,-0.0174284285149537
"rs2515029","age_z",0.0404040404040404,0.0079756884651598,-0.0173201778809118,0.00853187664184005,-0.0175506515219073
"rs2515029","age_z",0.0505050505050505,0.0104648229840528,-0.0169602635170083,0.0105645524645632,-0.0163850322448421
"rs2515029","age_z",0.0606060606060606,0.00661219072334935,-0.018794130772047,0.00643778578131583,-0.0186459406806958
"rs2515029","age_z",0.0707070707070707,-0.00187882981819147,-0.0231938112049942,-0.001230084646246,-0.0234183816451255
"rs2515029","age_z",0.0808080808080808,-0.0108765313803972,-0.024684497391893,-0.0113529604684467,-0.0247770408439175
"rs2515029","age_z",0.0909090909090909,-0.0158174108310754,-0.0180979001096798,-0.0164406049549803,-0.0185566872907262
"rs2515029","age_z",0.101010101010101,-0.0142738901883896,-0.00592117707435563,-0.0139427656892485,-0.00558723961784114
"rs2515029","age_z",0.111111111111111,-0.00973279729693128,0.00526014544118325,-0.00970010060704547,0.0054112526772003
"rs2515029","age_z",0.121212121212121,-0.0065790031872231,0.010510395027777,-0.00655555843233142,0.0107863809499861
"rs2515029","age_z",0.131313131313131,-0.00650509827897001,0.012739146459045,-0.00616845954794486,0.0122006351049675
"rs2515029","age_z",0.141414141414141,-0.00848560091499038,0.0127511279951566,-0.00866551280760301,0.0129146760109553
"rs2515029","age_z",0.151515151515152,-0.0110399365015892,0.0103925264725911,-0.0111362970039431,0.010704256003425
"rs2515029","age_z",0.161616161616162,-0.0130484940848124,0.00601259856282069,-0.012858037030821,0.00580897345661302
"rs2515029","age_z",0.171717171717172,-0.0132808166477343,0.00102453341468276,-0.0135984551756864,0.0011444304891096
"rs2515029","age_z",0.181818181818182,-0.010529608601355,-0.000661486263465077,-0.0105477908772205,-0.00103484987688645
"rs2515029","age_z",0.191919191919192,-0.00669652466197689,0.000780221195562685,-0.00659207837230637,0.000894804566590672
"rs2515029","age_z",0.202020202020202,-0.00398940934952158,0.00385901366882625,-0.00380212223501284,0.00398921992981694
"rs2515029","age_z",0.212121212121212,-0.00253082912017869,0.00684161993267352,-0.00262096566697039,0.00672961846507946
"rs2515029","age_z",0.222222222222222,-0.00180043168301289,0.00826751665297328,-0.00189672337506362,0.00847727078539084
"rs2515029","age_z",0.232323232323232,-0.00107569619963947,0.00817956056434091,-0.00100722263216272,0.00802396873472173
"rs2515029","age_z",0.242424242424242,-0.000649416109754184,0.00763305120589478,-0.000607372054889116,0.0076158677845481
"rs2515029","age_z",0.252525252525253,-0.000698381241714495,0.00727074509065181,-0.000686425610675255,0.00731598451871167
"rs2515029","age_z",0.262626262626263,-0.000190469934198571,0.0059127328443873,-0.000330270019487214,0.00586321947953232
"rs2515029","age_z",0.272727272727273,0.000738605602987098,0.00382297808469657,0.000654046273695281,0.00419799543560435
"rs2515029","age_z",0.282828282828283,0.00143197202042813,0.00198785476467665,0.00164340056920947,0.00148020587384128
"rs2515029","age_z",0.292929292929293,0.000716177270063262,0.00225720275155886,0.000829957826316874,0.00230207409859596
"rs2515029","age_z",0.303030303030303,-0.00175083611292464,0.00532330906712318,-0.00175470507306351,0.00545847682889719
"rs2515029","age_z",0.313131313131313,-0.0031277535086206,0.00744226557271252,-0.00332454617291666,0.0074309335932043
"rs2515029","age_z",0.323232323232323,-0.00224786082676882,0.00772667334769533,-0.00233698387608811,0.00778162979164125
"rs2515029","age_z",0.333333333333333,0.00111702129988807,0.00650625362931215,0.00121746088962174,0.00653165603043175
"rs2515029","age_z",0.343434343434343,0.00607607313417884,0.00474927974428151,0.00590269672561658,0.00463292253622645
"rs2515029","age_z",0.353535353535354,0.0105820633237115,0.00352206921632784,0.0104955012979536,0.00382646723795962
"rs2515029","age_z",0.363636363636364,0.0107514205726555,0.00396287406402544,0.0117023337164811,0.00366679652785098
"rs2515029","age_z",0.373737373737374,0.00850514139813087,0.00842159166580171,0.00803558349867342,0.00774473932355422
"rs2515029","age_z",0.383838383838384,0.00691399667449055,0.0159768803024229,0.00578070173624096,0.016850945304807
"rs2515029","age_z",0.393939393939394,0.00642892390306793,0.0151308995599446,0.00767729519597421,0.0152208286360117
"rs2515029","age_z",0.404040404040404,0.0048295229298583,0.0059230476550599,0.0050031888376507,0.00581393199111724
"rs2515029","age_z",0.414141414141414,-5.8532024924647e-05,-0.00686675712499821,-0.00112068292009381,-0.00654995440330998
"rs2515029","age_z",0.424242424242424,-0.00807446464463824,-0.0146233037354417,-0.0071012530082589,-0.0149073922912496
"rs2515029","age_z",0.434343434343434,-0.0166465654491962,-0.0122001783671919,-0.0157918224184812,-0.0143916448845582
"rs2515029","age_z",0.444444444444444,-0.0182489367513136,-0.0094824879864841,-0.0207174637370246,-0.00596357273722173
"rs2515029","age_z",0.454545454545455,-0.0129462926249584,-0.0100671162843369,-0.0124900934935128,-0.0111762117855793
"rs2515029","age_z",0.464646464646465,-0.00383669092673349,-0.0140860370229074,-0.0025434526187566,-0.0153162153585148
"rs2515029","age_z",0.474747474747475,0.00326620475680663,-0.018527427949221,0.0027133419130113,-0.0173753611757441
"rs2515029","age_z",0.484848484848485,0.00411300988552879,-0.0205833550010129,0.00422630573577232,-0.0206970370913093
"rs2515029","age_z",0.494949494949495,0.00244238897584202,-0.0210378034382525,0.00248278244206885,-0.0215078960385228
"rs2515029","age_z",0.505050505050505,0.000297495586689738,-0.0201948778924548,0.00030342548709083,-0.0198509902126239
"rs2515029","age_z",0.515151515151515,-0.00112993002652903,-0.0176058500568538,-0.00146993416128541,-0.0174699973638523
"rs2515029","age_z",0.525252525252525,-0.000664008154263408,-0.0121290199687348,-0.000520035561387215,-0.012656604631406
"rs2515029","age_z",0.535353535353535,0.000808805396406617,-0.00563185327974775,0.00106121853968572,-0.00561920997729746
"rs2515029","age_z",0.545454545454546,0.00214116093059364,-0.000777086224128636,0.00173208727681556,-0.000175010875959346
"rs2515029","age_z",0.555555555555556,0.0033377282743604,-1.39682695490944e-05,0.00361311774251644,-0.000159684919911104
"rs2515029","age_z",0.565656565656566,0.00445868325284843,-0.00319475342043145,0.00432924660247148,-0.00309677915471491
"rs2515029","age_z",0.575757575757576,0.00475063943303783,-0.00280742680447557,0.00475680078792511,-0.00343668968871608
"rs2515029","age_z",0.585858585858586,0.00369344456664547,-3.72546166117498e-05,0.0039956450229121,0.000140998593949864
"rs2515029","age_z",0.595959595959596,0.0012014374945253,0.00187457110780951,0.000906921847367928,0.00245195559773714
"rs2515029","age_z",0.606060606060606,-0.00153881165181574,0.00270405981059486,-0.00154512086562132,0.00229213547678952
"rs2515029","age_z",0.616161616161616,-0.00354851757460084,0.00308104983635338,-0.00333371874429202,0.00289672476562578
"rs2515029","age_z",0.626262626262626,-0.00541900157448459,0.00369602478718779,-0.00553218763488584,0.0040749060212321
"rs2515029","age_z",0.636363636363636,-0.00613437149994961,0.00398912129247934,-0.00617116405105325,0.00388918694505874
"rs2515029","age_z",0.646464646464647,-0.00432347008397144,0.00331415195202832,-0.00437114790298186,0.00301847802203921
"rs2515029","age_z",0.656565656565657,0.000172124759530489,0.00199391266852045,-3.73050525540938e-06,0.00238327951708084
"rs2515029","age_z",0.666666666666667,0.00532987806737605,0.000459959851517133,0.00537509670969403,0.000595310361709476
"rs2515029","age_z",0.676767676767677,0.00883473963617932,-0.000724213388952447,0.00907941198710505,-0.00130601202100721
"rs2515029","age_z",0.686868686868687,0.0092045564393587,-0.000324982800886273,0.00924235744468267,-0.000116049765890466
"rs2515029","age_z",0.696969696969697,0.00588998677540208,0.00169443326688684,0.00594281798725766,0.00186440678648726
"rs2515029","age_z",0.707070707070707,0.00104323129651516,0.00162943444890951,0.000986883706234731,0.00167184653456497
"rs2515029","age_z",0.717171717171717,-0.00324614539325297,0.00127552310807078,-0.00339732842532436,0.0011070252247372
"rs2515029","age_z",0.727272727272727,-0.00549315705965805,0.00302515658005559,-0.00546204417030819,0.00286383650691214
"rs2515029","age_z",0.737373737373737,-0.00584390786864906,0.00479413397706211,-0.00583706040889216,0.00509666955866325
"rs2515029","age_z",0.747474747474748,-0.00481308260660547,0.00464028072638021,-0.00488234685632926,0.00474465389236718
"rs2515029","age_z",0.757575757575758,-0.00280202168646165,0.00476039516156446,-0.00272080347106131,0.00429827399411218
"rs2515029","age_z",0.767676767676768,-0.00034656772163935,0.00498930417677556,-0.000386934181315127,0.00522786594238875
"rs2515029","age_z",0.777777777777778,0.00194347039273046,0.00468933986301232,0.00191612976193774,0.00511001436679245
"rs2515029","age_z",0.787878787878788,0.00346437795704282,0.00475681633265104,0.00362690963679021,0.00406639813510232
"rs2515029","age_z",0.797979797979798,0.00409495810404198,0.00572453916716658,0.00393040041845427,0.00582167010358878
"rs2515029","age_z",0.808080808080808,0.00392535309620895,0.00743195565459703,0.00408665508007949,0.00779230816690585
"rs2515029","age_z",0.818181818181818,0.00337800114593943,0.00774188421456218,0.00337762073079253,0.00748432776852679
"rs2515029","age_z",0.828282828282828,0.00301703986722447,0.00513770062070926,0.00278693159255457,0.00556169963245463
"rs2515029","age_z",0.838383838383838,0.00349947418702271,0.00215830417769414,0.00371592977460914,0.00174628859256626
"rs2515029","age_z",0.848484848484849,0.00497439707241311,0.000843969747227444,0.00496196653416362,0.000706985268911291
"rs2515029","age_z",0.858585858585859,0.00736608303256603,0.00221644212394859,0.007111476165231,0.00254832114259661
"rs2515029","age_z",0.868686868686869,0.0102660701190138,0.00483668484828884,0.0103979283435449,0.00462315353465279
"rs2515029","age_z",0.878787878787879,0.01293754574382,0.00651196120510673,0.0129789014885965,0.0064806408245492
"rs2515029","age_z",0.888888888888889,0.0139335449320353,0.00552420963720887,0.0139165136515853,0.00604858729190064
"rs2515029","age_z",0.898989898989899,0.0126439910365512,0.0041316433495063,0.012896835990124,0.00356154930844578
"rs2515029","age_z",0.909090909090909,0.00951630340529355,0.00448461234704261,0.00939736205863379,0.00446294304089165
"rs2515029","age_z",0.919191919191919,0.00739130920004174,0.00473965604169543,0.00732287516680285,0.00506866579448218
"rs2515029","age_z",0.929292929292929,0.00687873261084982,0.0041264433611601,0.00637374848529792,0.00412162963655631
"rs2515029","age_z",0.93939393939394,0.00753221252318484,0.00266783759916849,0.00824991956319811,0.00242245808038207
"rs2515029","age_z",0.94949494949495,0.00769913185770029,0.00134979187188177,0.00726084881706189,0.0013157361456283
"rs2515029","age_z",0.95959595959596,0.00527399297850472,0.000247475835156386,0.00545338044036115,0.000513855585278474
"rs2515029","age_z",0.96969696969697,-0.00108687930527989,-0.0037744783168703,-0.000385223600883964,-0.00387224118514066
"rs2515029","age_z",0.97979797979798,-0.00741012192435468,-0.00942024949825455,-0.00834036384256227,-0.00919560702263201
"rs2515029","age_z",0.98989898989899,-0.00962632134381279,-0.0142606983425359,-0.00960379996842688,-0.014716787826836
"rs2515029","age_z",1,-0.00875021699183508,-0.0169161571689066,-0.0085322328660655,-0.0167029773758169
"rs2515029","handedness",0,0.0275422790738327,-0.024595249389667,0.0268912744596626,-0.0244648472717338
"rs2515029","handedness",0.0101010101010101,0.0187309342787938,-0.0180972546302316,0.0200135605583192,-0.0186900575454645
"rs2515029","handedness",0.0202020202020202,0.00151470960011444,-0.0121410530503317,0.00144784575107648,-0.0112730160403921
"rs2515029","handedness",0.0303030303030303,-0.0169705056170163,-0.0092896680768386,-0.0176072127514814,-0.00966320401242324
"rs2515029","handedness",0.0404040404040404,-0.0263565532438925,-0.00767629772742823,-0.0259232359448606,-0.00711502379711275
"rs2515029","handedness",0.0505050505050505,-0.0216279505525987,0.00570086151419529,-0.022866182930664,0.00413922837976354
"rs2515029","handedness",0.0606060606060606,-0.0108101281941044,0.0238875778839811,-0.0113888037283532,0.024153995977283
"rs2515029","handedness",0.0707070707070707,-0.00428594480635143,0.0348295815945739,-0.00165498668601395,0.0362596300378748
"rs2515029","handedness",0.0808080808080808,-0.00938504347790275,0.0303282221401627,-0.00968204431730449,0.0297091927369872
"rs2515029","handedness",0.0909090909090909,-0.0266582275673254,0.00946866896930331,-0.0279083534635273,0.010330647183624
"rs2515029","handedness",0.101010101010101,-0.0381304471114505,-0.00771097284095962,-0.0376277703893938,-0.00928979786577436
"rs2515029","handedness",0.111111111111111,-0.0419562764999357,-0.0121595827093362,-0.0418635440740903,-0.0120608877202013
"rs2515029","handedness",0.121212121212121,-0.0403400938818738,-0.00493480165625413,-0.0411028885537259,-0.00433413371632677
"rs2515029","handedness",0.131313131313131,-0.0314527305629322,-0.00392424242767666,-0.0311431874918192,-0.00368577743998338
"rs2515029","handedness",0.141414141414141,-0.0196281248165873,-0.00760485425745651,-0.0188704282954723,-0.00805236082385921
"rs2515029","handedness",0.151515151515152,-0.00945628391169746,-0.00953280217189383,-0.0103080895844819,-0.00935488005932804
"rs2515029","handedness",0.161616161616162,0.00109810215859142,-0.00877381457347282,0.00104764712597457,-0.00866730591090951
"rs2515029","handedness",0.171717171717172,0.0123682346537382,-0.00492587023699629,0.0125235855374619,-0.00549620706511192
"rs2515029","handedness",0.181818181818182,0.0148596497589596,0.00353849525983533,0.0155992552293939,0.00381768205037487
"rs2515029","handedness",0.191919191919192,0.0101437943573578,0.00997141205182054,0.0100666000149507,0.0102434583990745
"rs2515029","handedness",0.202020202020202,0.00323556038794743,0.00806193845361373,0.00260590706012332,0.00810996327491411
"rs2515029","handedness",0.212121212121212,-0.00150072875081584,0.0018673202585218,-0.00143367559218418,0.00175686125895873
"rs2515029","handedness",0.222222222222222,-0.00148138291484972,-0.00244051556226636,-0.00132373163534169,-0.0027286409547833
"rs2515029","handedness",0.232323232323232,0.000237532395653924,-0.0026656570793994,7.0279413326416e-05,-0.00266109354077398
"rs2515029","handedness",0.242424242424242,0.00231079589190886,-0.0053557671541602,0.00239518687602755,-0.00482961310238839
"rs2515029","handedness",0.252525252525253,0.00404983290258443,-0.0129444037657774,0.00418797066776892,-0.0125588362319705
"rs2515029","handedness",0.262626262626263,0.00455747782999371,-0.00989328881102092,0.00454066306330309,-0.0117156186792414
"rs2515029","handedness",0.272727272727273,0.00473563459908771,-0.00148665720834053,0.00436115068665479,-0.00071410265264596
"rs2515029","handedness",0.282828282828283,0.00508339595316948,0.00210733914883252,0.00532586654065049,0.00315173620756738
"rs2515029","handedness",0.292929292929293,0.00251397817110809,-0.00181194935441167,0.00285553047512138,-0.00243084620352616
"rs2515029","handedness",0.303030303030303,-0.00469637138861537,-0.0114398292327588,-0.0045686146920218,-0.0115812520241081
"rs2515029","handedness",0.313131313131313,-0.0103505835377308,-0.0171704950734501,-0.0107266643497527,-0.0169751700061768
"rs2515029","handedness",0.323232323232323,-0.0104608047046193,-0.0177707067128565,-0.010904991638951,-0.0182795696176704
"rs2515029","handedness",0.333333333333333,-0.00310869461615329,-0.0148109460862092,-0.00253370926733532,-0.0142248718720771
"rs2515029","handedness",0.343434343434343,0.00981474961920286,-0.0100655507444555,0.00906211842688337,-0.0103364928658696
"rs2515029","handedness",0.353535353535354,0.0235843063333053,-0.00495438587947361,0.0238327175635613,-0.0050310517108342
"rs2515029","handedness",0.363636363636364,0.0292052906611493,0.000637497629907895,0.0303888297641553,0.00102006079296081
"rs2515029","handedness",0.373737373737374,0.0288335181645069,0.00688276221209203,0.0279662810115188,0.00601905645557491
"rs2515029","handedness",0.383838383838384,0.026861562875851,0.0135169451269674,0.0263349103744496,0.0149417862793607
"rs2515029","handedness",0.393939393939394,0.0236201898567661,0.0186436386209891,0.024086773035286,0.0173421158469248
"rs2515029","handedness",0.404040404040404,0.0185130161287364,0.0190915713304669,0.0198818107666584,0.0188294902492807
"rs2515029","handedness",0.414141414141414,0.0110989891769455,0.0127826069474668,0.00866778142846763,0.0147840324592891
"rs2515029","handedness",0.424242424242424,0.00146418719191137,0.00293581856765411,0.00116787390343011,0.00240203831301819
"rs2515029","handedness",0.434343434343434,-0.0107165315197865,-0.00317988315731875,-0.00457068207229448,-0.00598946197528898
"rs2515029","handedness",0.444444444444444,-0.0250742779981947,0.0053607885993816,-0.0322706422299261,0.0083243902996724
"rs2515029","handedness",0.454545454545455,-0.0303190022657877,0.0132255972889918,-0.0292852245076744,0.0120909315367071
"rs2515029","handedness",0.464646464646465,-0.0179353878299396,0.00420171833250974,-0.0153564511885184,0.00498093150539271
"rs2515029","handedness",0.474747474747475,-0.00197121571546765,-0.0124629663893374,-0.00338069040844618,-0.0127491248358934
"rs2515029","handedness",0.484848484848485,0.00410069838148158,-0.0248193090775763,0.00443887152282883,-0.0257695348753928
"rs2515029","handedness",0.494949494949495,0.00788729302797796,-0.0334822975962757,0.00742171961087681,-0.0318506196395625
"rs2515029","handedness",0.505050505050505,0.00807842822348786,-0.0343648020113823,0.00874819611187877,-0.0355448367607293
"rs2515029","handedness",0.515151515151515,-8.65597743857979e-05,-0.0261534162298568,-0.000387396654029887,-0.0273278837776214
"rs2515029","handedness",0.525252525252525,-0.0172039842346619,-0.022048258320095,-0.0162621824031311,-0.0189791717902259
"rs2515029","handedness",0.535353535353535,-0.0322029689385262,-0.0203250785254949,-0.0325553312033426,-0.0220158425643943
"rs2515029","handedness",0.545454545454546,-0.0350628682121156,-0.0153885462488134,-0.037365365351982,-0.0160143352994117
"rs2515029","handedness",0.555555555555556,-0.0312984672221594,-0.00594860631995592,-0.0290245140325072,-0.00474641296122767
"rs2515029","handedness",0.565656565656566,-0.0282442193836327,0.00650299204032921,-0.028059897104973,0.00500351114872855
"rs2515029","handedness",0.575757575757576,-0.0248792092073107,0.0151673929270891,-0.0262372347452343,0.0163919027947944
"rs2515029","handedness",0.585858585858586,-0.0177238875157033,0.0175995967093977,-0.0168021585733754,0.0186244253141028
"rs2515029","handedness",0.595959595959596,-0.00549996481030605,0.0135729899647146,-0.00677095677958613,0.0109660943126728
"rs2515029","handedness",0.606060606060606,0.00387136546507964,0.00567516229596131,0.0050990955852245,0.00750811559256243
"rs2515029","handedness",0.616161616161616,0.00274963821574382,-0.00158834399268886,0.00339500282707796,-0.0011501499243083
"rs2515029","handedness",0.626262626262626,-0.00595826160693962,-0.00150439699208332,-0.00699907894486769,-0.003774234947957
"rs2515029","handedness",0.636363636363636,-0.0158650351372737,0.003254464453551,-0.0154357944786484,0.00475391855462634
"rs2515029","handedness",0.646464646464647,-0.0202141436313518,0.00739945333147418,-0.0199899337939271,0.00783932163508208
"rs2515029","handedness",0.656565656565657,-0.0138080218411038,0.00736310981678013,-0.0151329215214805,0.00647496835010722
"rs2515029","handedness",0.666666666666667,0.000150708936263676,0.0059567327450938,0.00054494562815146,0.00605816099114848
"rs2515029","handedness",0.676767676767677,0.0163726565575685,0.00656038211433929,0.0170870391830122,0.00701070503268056
"rs2515029","handedness",0.686868686868687,0.0297658182118022,0.00848417391715945,0.0294314435205221,0.00818621509998581
"rs2515029","handedness",0.696969696969697,0.0367408685356152,0.00933700443032619,0.03682661755705,0.00884033528904598
"rs2515029","handedness",0.707070707070707,0.0389435167319463,0.0054684123565253,0.0390422366930696,0.00649873735257557
"rs2515029","handedness",0.717171717171717,0.0371596585496462,-0.00155348817964309,0.0369340428069742,-0.00162857276338502
"rs2515029","handedness",0.727272727272727,0.0317278144913255,-0.00867430551949455,0.0320036867053548,-0.00955833679414064
"rs2515029","handedness",0.737373737373737,0.0235101476433399,-0.0127968470044717,0.0233581794985367,-0.0123497091985845
"rs2515029","handedness",0.747474747474748,0.0130940149780231,-0.0117335384266645,0.0129685858974241,-0.0113780977251827
"rs2515029","handedness",0.757575757575758,0.000309352152997611,-0.00718618419438221,0.000894904265403668,-0.00803882550892349
"rs2515029","handedness",0.767676767676768,-0.0119578390335773,-0.00260932267157428,-0.0124517892934366,-0.00207415925971599
"rs2515029","handedness",0.777777777777778,-0.020637703948305,0.000695438420951785,-0.0208297254525454,0.0014890219943002
"rs2515029","handedness",0.787878787878788,-0.0251617691322416,0.00794108279566231,-0.0246730672732993,0.0061145779897552
"rs2515029","handedness",0.797979797979798,-0.0247431924759626,0.0149834430446476,-0.0251412643863214,0.0159500330215252
"rs2515029","handedness",0.808080808080808,-0.019051939368639,0.0167399578080813,-0.0192067910123429,0.0175138065399892
"rs2515029","handedness",0.818181818181818,-0.0104851667341887,0.0160926754957422,-0.0100784815089427,0.0151064161498207
"rs2515029","handedness",0.828282828282828,-0.00103783601636739,0.0167828059931672,-0.00103281517800942,0.0168367703684027
"rs2515029","handedness",0.838383838383838,0.0107680463675094,0.0182589842463176,0.0104147822920354,0.0186052946326135
"rs2515029","handedness",0.848484848484849,0.0240423936481612,0.0197794099425111,0.023993242424,0.0197675909452538
"rs2515029","handedness",0.858585858585859,0.0369442579500822,0.0210784477592306,0.0373130669501214,0.0207976806924343
"rs2515029","handedness",0.868686868686869,0.0472813206886774,0.0228535666266209,0.0472449808428014,0.0228131603594644
"rs2515029","handedness",0.878787878787879,0.0531495417813132,0.0252453184596944,0.0526056367572971,0.0259350197965104
"rs2515029","handedness",0.888888888888889,0.0538863958225843,0.026554784063967,0.0548137007917442,0.0257071177846078
"rs2515029","handedness",0.898989898989899,0.0481535984275096,0.0296905559814368,0.047842788926274,0.0298171329111105
"rs2515029","handedness",0.909090909090909,0.0374125592783595,0.0338685290733071,0.0379461372752507,0.0338276375928934
"rs2515029","handedness",0.919191919191919,0.0314255984537554,0.0249763611115039,0.0298407875498916,0.0258630060730357
"rs2515029","handedness",0.929292929292929,0.0272187160134186,0.0112487447781886,0.0274619513894149,0.0113260824536343
"rs2515029","handedness",0.93939393939394,0.0188193800813709,0.00399147368817921,0.02057491082947,0.00190893827384725
"rs2515029","handedness",0.94949494949495,0.00405991516468696,-0.000596288607806389,0.00315591098210797,0.00089863832687262
"rs2515029","handedness",0.95959595959596,-0.0135672657008228,-0.0096407862038198,-0.0127102236820011,-0.00885943486590269
"rs2515029","handedness",0.96969696969697,-0.0175337253104888,-0.0259972062195182,-0.0199085314680093,-0.0273195357132949
"rs2515029","handedness",0.97979797979798,-0.00980004627877029,-0.0422052559458117,-0.00929198085522768,-0.0415849860184657
"rs2515029","handedness",0.98989898989899,0.00170154348874424,-0.0507963150064206,0.00331779253511195,-0.0512052937120452
"rs2515029","handedness",1,0.00835012917405124,-0.0541326823138011,0.00756329626099998,-0.0539192802206385
"rs2515029","APOE4",0,0.00976744911674348,-0.00303213262019567,0.00962758910550102,-0.00293325555786418
"rs2515029","APOE4",0.0101010101010101,0.00743334526705496,-0.000636383638566796,0.00782472760671687,-0.00104031814610587
"rs2515029","APOE4",0.0202020202020202,0.00317692199039563,0.00162043782699252,0.00284571024000673,0.00217263383665539
"rs2515029","APOE4",0.0303030303030303,-0.000885357658647954,0.00189294161955001,-0.000847571873649917,0.00163102231758905
"rs2515029","APOE4",0.0404040404040404,-0.00243089091498834,0.000499579391746305,-0.0022181415303148,0.000632989705982471
"rs2515029","APOE4",0.0505050505050505,-0.00135325568669575,0.0029467833967603,-0.00175654571201088,0.00253753486268871
"rs2515029","APOE4",0.0606060606060606,0.000166869397301543,0.00543336317761231,0.000275285353568358,0.0056161846908796
"rs2515029","APOE4",0.0707070707070707,-0.000173813587658165,0.00271789971368752,0.000149482552423497,0.00310414685980252
"rs2515029","APOE4",0.0808080808080808,-0.00332048715976384,-0.00489034788585675,-0.00345156098657513,-0.005059003120596
"rs2515029","APOE4",0.0909090909090909,-0.00855963098327696,-0.0143969487424899,-0.00863547180832801,-0.0144854585078029
"rs2515029","APOE4",0.101010101010101,-0.0113939143819344,-0.018980849397197,-0.0114128897800921,-0.0189982737684032
"rs2515029","APOE4",0.111111111111111,-0.0119783753520136,-0.0159770396229786,-0.0120002408758908,-0.0160209747455718
"rs2515029","APOE4",0.121212121212121,-0.0111578464576073,-0.00660009601510982,-0.0109181182374985,-0.00711720861583819
"rs2515029","APOE4",0.131313131313131,-0.0075646896373088,0.000307925452521909,-0.00800577383696003,0.00131313783264546
"rs2515029","APOE4",0.141414141414141,-0.00302775084117508,0.00313805811714993,-0.00288685647677237,0.00284784898884824
"rs2515029","APOE4",0.151515151515152,1.88409752025589e-05,0.00293286871745636,0.000330679058734234,0.00247103566491276
"rs2515029","APOE4",0.161616161616162,0.000719399946456274,0.00159176783175957,0.000430600133794716,0.00212399257279858
"rs2515029","APOE4",0.171717171717172,-0.000818147854337008,0.000765683845497283,-0.000574627155453672,0.000361796271628924
"rs2515029","APOE4",0.181818181818182,-0.00255440055542694,0.000286490780782944,-0.00278439949795138,0.00055492556133652
"rs2515029","APOE4",0.191919191919192,-0.00325907057870344,-0.000349757501721883,-0.0032075342591811,-0.000393337694313145
"rs2515029","APOE4",0.202020202020202,-0.00235569055043129,-0.00124171715015606,-0.00231562459513892,-0.0013279257262288
"rs2515029","APOE4",0.212121212121212,-0.000504958454845767,-0.000993757339198027,-0.000536111625908869,-0.000989496053001736
"rs2515029","APOE4",0.222222222222222,0.0017247655212057,0.000672148884921241,0.00175416487995285,0.000589970586505327
"rs2515029","APOE4",0.232323232323232,0.00485299869408745,-5.10838744041438e-05,0.00474053088166501,0.000334347882396556
"rs2515029","APOE4",0.242424242424242,0.00772633133980458,-0.0009433561915146,0.00784744626262422,-0.00133707785242943
"rs2515029","APOE4",0.252525252525253,0.00904916514550634,0.000388262849743675,0.0090335267583777,0.0003488364111445
"rs2515029","APOE4",0.262626262626263,0.00884089705427932,0.000853435916172014,0.00879292504067652,0.0012531936187749
"rs2515029","APOE4",0.272727272727273,0.00673414820114787,0.00103013195918512,0.006788745723669,0.000714696562751662
"rs2515029","APOE4",0.282828282828283,0.0024065671339549,0.00217919957192795,0.00244300863023473,0.00217307996099921
"rs2515029","APOE4",0.292929292929293,-0.00352086168466615,0.00291794101105153,-0.00352272413672621,0.0030799724404032
"rs2515029","APOE4",0.303030303030303,-0.00945361099163462,0.00244028425362609,-0.00940745156032086,0.00241704003075743
"rs2515029","APOE4",0.313131313131313,-0.0120449703032218,0.00334423787805464,-0.0122744162746378,0.0031175154353556
"rs2515029","APOE4",0.323232323232323,-0.0120051285793525,0.00328144829993093,-0.0119292969485096,0.00350583106144848
"rs2515029","APOE4",0.333333333333333,-0.0107299449691607,3.55326532802299e-05,-0.0105228915395737,0.000239590347631957
"rs2515029","APOE4",0.343434343434343,-0.00756335111321514,-0.00189813458679437,-0.00779322100060853,-0.00233895727857217
"rs2515029","APOE4",0.353535353535354,-0.0023203285916698,0.000677341514186751,-0.0024288798897793,0.000622280488889352
"rs2515029","APOE4",0.363636363636364,0.00224747664860222,0.00148261577552996,0.00265037825672756,0.00209709264843438
"rs2515029","APOE4",0.373737373737374,0.00640223844475511,0.000979665694242707,0.00617497615741274,0.000494375784511145
"rs2515029","APOE4",0.383838383838384,0.0102346748817596,0.00151776001605181,0.00981645270321562,0.00149121811464818
"rs2515029","APOE4",0.393939393939394,0.0103837577034762,0.00299776659532514,0.0111950386294716,0.00330170321844577
"rs2515029","APOE4",0.404040404040404,0.00724525307490102,0.00365911181618163,0.00705316101737356,0.0032987631939254
"rs2515029","APOE4",0.414141414141414,0.00243024203082443,0.0024105522102238,0.00197530128278347,0.00280868796727909
"rs2515029","APOE4",0.424242424242424,-0.0025166479882959,0.00195746222955806,-0.00243244617595654,0.00198339542573337
"rs2515029","APOE4",0.434343434343434,-0.00724110952382296,0.0035805410967514,-0.00650805529771699,0.00229696363107397
"rs2515029","APOE4",0.444444444444444,-0.0141502115986029,0.00152599361689976,-0.0147681036004043,0.00356245420418242
"rs2515029","APOE4",0.454545454545455,-0.0190909304128521,-0.00249050742980398,-0.0195071025571351,-0.00333446816691155
"rs2515029","APOE4",0.464646464646465,-0.0179353383440106,-0.0050851045917273,-0.0170879732725844,-0.00581278606612521
"rs2515029","APOE4",0.474747474747475,-0.0143896918842795,-0.00604449941624168,-0.0148514405150401,-0.00529075192343253
"rs2515029","APOE4",0.484848484848485,-0.0125635186736922,-0.00573234127383825,-0.0125166760655918,-0.00563061111374406
"rs2515029","APOE4",0.494949494949495,-0.010650968133034,-0.00400408046767172,-0.0104475303758761,-0.00461347661722458
"rs2515029","APOE4",0.505050505050505,-0.00651380001897699,-0.00191774993102041,-0.00664191875682576,-0.00157056822790811
"rs2515029","APOE4",0.515151515151515,0.000643323132603857,6.45578370524389e-05,0.000128253767373787,0.000467663207259309
"rs2515029","APOE4",0.525252525252525,0.00763519505919971,0.00391535541901113,0.0082881981144216,0.00310026890321413
"rs2515029","APOE4",0.535353535353535,0.0109121567170221,0.00708793962237332,0.0111258617487162,0.00720319074324163
"rs2515029","APOE4",0.545454545454546,0.00856985822459632,0.00635651140796495,0.00791231592102836,0.00719043642383081
"rs2515029","APOE4",0.555555555555556,0.00461245765596619,0.00124861319819592,0.00512027542081467,0.000721627258384652
"rs2515029","APOE4",0.565656565656566,0.00345114111942682,-0.00528123989148792,0.00304917605291484,-0.00526384686577395
"rs2515029","APOE4",0.575757575757576,0.00491178349802744,-0.00369531952470157,0.00492964756044031,-0.00411408462488505
"rs2515029","APOE4",0.585858585858586,0.00653049909325807,0.000797395604094124,0.00711944482205793,0.00133191997450989
"rs2515029","APOE4",0.595959595959596,0.00651069767698348,0.00109691630321495,0.0057823847218379,0.00111070130336235
"rs2515029","APOE4",0.606060606060606,0.00694463252949846,2.45557505684505e-05,0.0070846364492465,-0.000303194393605624
"rs2515029","APOE4",0.616161616161616,0.00871160892159165,0.00104966542069493,0.00916710565840606,0.0012563598147296
"rs2515029","APOE4",0.626262626262626,0.00659367816781383,0.0012949746162801,0.00625518478627905,0.00120205228736407
"rs2515029","APOE4",0.636363636363636,0.0037612590569694,-1.89666109302902e-05,0.00378041558865729,0.000160922736222887
"rs2515029","APOE4",0.646464646464647,0.00442924255620329,-0.0027883314916178,0.0044294376129285,-0.00310492534247183
"rs2515029","APOE4",0.656565656565657,0.00681243415683968,-0.00693977745978848,0.00677554058711196,-0.00666214928985281
"rs2515029","APOE4",0.666666666666667,0.00910893862506635,-0.0110331443582411,0.00913755986566006,-0.0107450164354093
"rs2515029","APOE4",0.676767676767677,0.0100813629971896,-0.0133900166470668,0.0101273029112479,-0.0142104681372585
"rs2515029","APOE4",0.686868686868687,0.00916811470325023,-0.012845025140367,0.00919176523229344,-0.0122958733840279
"rs2515029","APOE4",0.696969696969697,0.00624352703745718,-0.00975919467289357,0.00617234867237505,-0.00992835239339684
"rs2515029","APOE4",0.707070707070707,0.00219314474752034,-0.0083070021888312,0.00227783754779923,-0.00808792073733447
"rs2515029","APOE4",0.717171717171717,-0.00205727809086298,-0.00694474658787834,-0.00206004075034733,-0.00719656073934239
"rs2515029","APOE4",0.727272727272727,-0.00564950792152299,-0.00350843364333816,-0.00574360085207024,-0.00350370886549097
"rs2515029","APOE4",0.737373737373737,-0.00776862682865229,-0.000469207099566671,-0.00770532644602322,-0.00031592967685355
"rs2515029","APOE4",0.747474747474748,-0.00802342444008181,-0.000195427118800373,-0.00814113583739914,-0.000162266716788196
"rs2515029","APOE4",0.757575757575758,-0.00749108943592624,-0.000491722925700221,-0.00733366786414797,-0.000610851226757004
"rs2515029","APOE4",0.767676767676768,-0.00692922720221762,0.000168678882132046,-0.0069979267484299,1.53450299447357e-05
"rs2515029","APOE4",0.777777777777778,-0.00662950230229794,0.00204119528670171,-0.00662376293996638,0.00251410546846133
"rs2515029","APOE4",0.787878787878788,-0.00598713511525099,0.00321289571009103,-0.00597829579434494,0.00283193335074793
"rs2515029","APOE4",0.797979797979798,-0.0050539493948648,0.00492968521124577,-0.00505479740516293,0.00473282393312297
"rs2515029","APOE4",0.808080808080808,-0.00382648012670124,0.00832571678636915,-0.00378684888870805,0.00881819078715019
"rs2515029","APOE4",0.818181818181818,-0.00114067850793109,0.0101404844853932,-0.00123194309384184,0.00991424904337059
"rs2515029","APOE4",0.828282828282828,0.00330300400426658,0.00835218429839455,0.00315246889419185,0.00850721842703416
"rs2515029","APOE4",0.838383838383838,0.00617764459616921,0.00830320345011605,0.00649473844028048,0.00807913445167785
"rs2515029","APOE4",0.848484848484849,0.00697012813447271,0.00973219395328587,0.00704434941857548,0.00953794028241093
"rs2515029","APOE4",0.858585858585859,0.00631942024070165,0.0105156196943752,0.00593280625556997,0.011050326895287
"rs2515029","APOE4",0.868686868686869,0.00550435566817091,0.00902229394355434,0.00563311363545896,0.00891328771134656
"rs2515029","APOE4",0.878787878787879,0.00514681154358777,0.00524542830921559,0.00543823902128492,0.00478001281262157
"rs2515029","APOE4",0.888888888888889,0.00350979789316152,0.00337317106050233,0.00315975960840527,0.00385119622640854
"rs2515029","APOE4",0.898989898989899,0.00167472998443725,0.00185375222510222,0.00169902964378607,0.0019601212143247
"rs2515029","APOE4",0.909090909090909,0.0010592817947561,-0.000644274239269166,0.00143906887506088,-0.00137325303837855
"rs2515029","APOE4",0.919191919191919,0.000973978485438828,0.000538927929470242,0.000501955135644861,0.0011952911740551
"rs2515029","APOE4",0.929292929292929,0.000889357372625988,0.0035688556338781,0.000945822483374501,0.00347139851024081
"rs2515029","APOE4",0.93939393939394,0.00084371699951416,0.00502116160359828,0.00129667787531662,0.00464925213851714
"rs2515029","APOE4",0.94949494949495,0.00241381483477762,0.00363709247461075,0.00189770972392127,0.00407940093046819
"rs2515029","APOE4",0.95959595959596,0.00564236535416051,-0.000539912620671587,0.00556132588804166,-0.000575120995016085
"rs2515029","APOE4",0.96969696969697,0.00527728100815646,-0.00484858257436917,0.00608018210933003,-0.00505492271569803
"rs2515029","APOE4",0.97979797979798,0.00366713201075004,-0.00756822867447003,0.00296109703537427,-0.00755179742192085
"rs2515029","APOE4",0.98989898989899,0.00454737312502799,-0.00802679467051688,0.00467223673579652,-0.00794457663973887
"rs2515029","APOE4",1,0.00768168182269493,-0.00804537774255512,0.00773661902870191,-0.00806821412599572
"rs2515029","PC1",0,0.0102958967651574,0.000784335301695739,0.0102311187470439,0.000887143515209397
"rs2515029","PC1",0.0101010101010101,0.00902569421029646,0.00225152203118855,0.00908700913989995,0.00196850195980955
"rs2515029","PC1",0.0202020202020202,0.00482017839907192,0.00458306889267522,0.00491909203467916,0.00474030663109296
"rs2515029","PC1",0.0303030303030303,-0.000882993436819283,0.00625048584247731,-0.00075308145943235,0.0064407798234743
"rs2515029","PC1",0.0404040404040404,-0.00478466752654674,0.006584751715225,-0.00531355673390854,0.00660795833604886
"rs2515029","PC1",0.0505050505050505,-0.00296214625451437,0.00905979546891896,-0.00274657222353371,0.00848184169013586
"rs2515029","PC1",0.0606060606060606,0.00178199878471664,0.0125972841924521,0.00229746687095522,0.0127675654752557
"rs2515029","PC1",0.0707070707070707,0.00576718116316596,0.0146398462904088,0.00486754388358083,0.0149528359177201
"rs2515029","PC1",0.0808080808080808,0.00914065396861521,0.0126744881234204,0.00965901437771262,0.0127034119764022
"rs2515029","PC1",0.0909090909090909,0.0115531273847232,0.00576905768623162,0.011633732560922,0.00613530666593004
"rs2515029","PC1",0.101010101010101,0.00887528481962754,-0.00148477222350246,0.00875786578924424,-0.00217206257944353
"rs2515029","PC1",0.111111111111111,0.00366024432532956,-0.00594623677300825,0.00376300888851497,-0.0057704676638481
"rs2515029","PC1",0.121212121212121,-0.000228935993142381,-0.00611861663248865,-0.000479404512128581,-0.00621372679163646
"rs2515029","PC1",0.131313131313131,-0.00185959923248849,-0.00387854382063236,-0.00163203056167529,-0.00388355189881639
"rs2515029","PC1",0.141414141414141,-0.00116002874075114,-0.00126282986786082,-0.00126689061776503,-0.00107471247748975
"rs2515029","PC1",0.151515151515152,0.00143502834338411,0.000377531838317404,0.00131556572100982,0.000361475377799397
"rs2515029","PC1",0.161616161616162,0.00360186566629654,0.00170611826829739,0.00376017262650289,0.00158398184255775
"rs2515029","PC1",0.171717171717172,0.00352308325106328,0.00316229270522405,0.00369110974631528,0.00306020489798966
"rs2515029","PC1",0.181818181818182,0.00284107125389819,0.00297775537339492,0.00251764021863532,0.00337696023727886
"rs2515029","PC1",0.191919191919192,0.00235918765708729,0.0014713984126087,0.00243158885193694,0.00136315083119521
"rs2515029","PC1",0.202020202020202,0.00217631992242406,-0.00030511955969211,0.00232915051846746,-0.000487699247049811
"rs2515029","PC1",0.212121212121212,0.00139105178409139,-0.00118412220771695,0.00127831310298685,-0.00121815855698295
"rs2515029","PC1",0.222222222222222,-0.000536932644039493,-0.000536451469036981,-0.000466482184130195,-0.000372474508797341
"rs2515029","PC1",0.232323232323232,-0.00210168563694507,0.000314639843487291,-0.0021755385948709,0.000153981873488743
"rs2515029","PC1",0.242424242424242,-0.00277984969885721,0.000749095960069089,-0.00276646351628674,0.000845730936418395
"rs2515029","PC1",0.252525252525253,-0.00244320458303643,0.000667624968675083,-0.00241716440200683,0.000857566489621496
"rs2515029","PC1",0.262626262626263,-0.00125909962606294,0.000651902076736568,-0.00131767921667019,0.000347867978617021
"rs2515029","PC1",0.272727272727273,-0.000626728290539787,0.000961212150825891,-0.000650584681544369,0.000927768577663492
"rs2515029","PC1",0.282828282828283,-0.0017621747780966,0.00154999471080376,-0.00155850270813631,0.00179776584203515
"rs2515029","PC1",0.292929292929293,-0.00391393773426336,0.00167878215179113,-0.00402632128450402,0.00171216990406988
"rs2515029","PC1",0.303030303030303,-0.0058825729936755,0.000945682696877554,-0.00602509934210845,0.00060046541717558
"rs2515029","PC1",0.313131313131313,-0.00690468368614567,0.000552600379491721,-0.00674130601168706,0.000847757348682259
"rs2515029","PC1",0.323232323232323,-0.00730175845024033,0.000450833337115271,-0.00723663524632628,0.000484938143918213
"rs2515029","PC1",0.333333333333333,-0.00748330753170697,0.000205431702180164,-0.00771562479043354,-0.000131473186560619
"rs2515029","PC1",0.343434343434343,-0.00716999567439384,-0.000401887907979767,-0.00710428980427681,-0.000197809209408757
"rs2515029","PC1",0.353535353535354,-0.00633495890601555,-0.00179790883498494,-0.00607656405520962,-0.00149742097683077
"rs2515029","PC1",0.363636363636364,-0.00604057060489776,-0.00441132355287249,-0.00638115827087885,-0.00449520946770246
"rs2515029","PC1",0.373737373737374,-0.00533591366169206,-0.00473846236265056,-0.00521638905448475,-0.00508192405806084
"rs2515029","PC1",0.383838383838384,-0.0034162777797961,0.000467603774756565,-0.003280451397414,0.000362664801191565
"rs2515029","PC1",0.393939393939394,-0.00170986751293912,0.00917047652249741,-0.00190565816581778,0.00919908439318577
"rs2515029","PC1",0.404040404040404,0.000758954676321837,0.0177829157632871,0.000861496664489241,0.0179878271638312
"rs2515029","PC1",0.414141414141414,0.00487619218773237,0.0229973948549343,0.00476313144291104,0.0229239907177786
"rs2515029","PC1",0.424242424242424,0.00800976967957671,0.0228705849878361,0.00789069590369326,0.0226867282018635
"rs2515029","PC1",0.434343434343434,0.00738024107224849,0.0166067669463896,0.00818439234048845,0.0181891929533405
"rs2515029","PC1",0.444444444444444,0.00354307346070846,0.00698441251366917,0.00256885085915477,0.00512194547722829
"rs2515029","PC1",0.454545454545455,-0.000588847573933747,-0.00101964457033308,-0.000175555795187409,-0.000624383534198541
"rs2515029","PC1",0.464646464646465,-0.00245502402633343,-0.0035720710239894,-0.00237998423995968,-0.00326731313811772
"rs2515029","PC1",0.474747474747475,-0.00252977773287987,-0.00280533722019431,-0.0026935392643403,-0.00310434303206062
"rs2515029","PC1",0.484848484848485,-0.00181576561251172,-0.00138119120123378,-0.00181585313399929,-0.00111163584778161
"rs2515029","PC1",0.494949494949495,-0.000579139303674915,0.0013040955349425,-0.00049852848658636,0.000950434370618654
"rs2515029","PC1",0.505050505050505,0.000404422508894116,0.00448355900414277,0.000417305208953955,0.00458853449054575
"rs2515029","PC1",0.515151515151515,0.000642495963425058,0.00648284516708134,0.000537558198216909,0.00675355091401415
"rs2515029","PC1",0.525252525252525,0.00100467625714156,0.00528309139627737,0.00106342246541098,0.00529235471231282
"rs2515029","PC1",0.535353535353535,0.000785199013097049,0.00235000504857329,0.000896546559989725,0.00210580700508755
"rs2515029","PC1",0.545454545454546,-0.00060251868201092,-0.000326730592366249,-0.000719100174146926,-0.00015207276723272
"rs2515029","PC1",0.555555555555556,-0.00122474525872813,-0.00247027214238411,-0.00121015097699749,-0.00247915626098211
"rs2515029","PC1",0.565656565656566,0.000751769336704875,-0.00391927116926291,0.000671091151162204,-0.00411247964320638
"rs2515029","PC1",0.575757575757576,0.00411491833025555,-0.00379958185181939,0.00416140012081574,-0.00375908606280753
"rs2515029","PC1",0.585858585858586,0.00642956968248202,-0.00307659415706575,0.00647789507555996,-0.00284993910512448
"rs2515029","PC1",0.595959595959596,0.00586650861318361,-0.00279228628880405,0.00590722651282126,-0.00298167659483711
"rs2515029","PC1",0.606060606060606,0.00351265450815018,-0.00214273858686307,0.0034288941315712,-0.00218128052723155
"rs2515029","PC1",0.616161616161616,0.000644251780979533,-0.000671981943432435,0.000685458496117407,-0.000700455960443386
"rs2515029","PC1",0.626262626262626,-0.0030958613516209,-0.000404732704373761,-0.00304452398465023,-0.000124902644446341
"rs2515029","PC1",0.636363636363636,-0.00650284375516154,-0.00114707375492431,-0.00656507204151013,-0.00116513732652348
"rs2515029","PC1",0.646464646464647,-0.0079602141109284,-0.00194407806804028,-0.00795249214353543,-0.00248077627866529
"rs2515029","PC1",0.656565656565657,-0.00657377569952238,-0.00219809022567044,-0.00664116573056996,-0.00174246801044756
"rs2515029","PC1",0.666666666666667,-0.00263165509414756,-0.00280047063378018,-0.00255205248573574,-0.00248226693170098
"rs2515029","PC1",0.676767676767677,0.00302979086249397,-0.00455471616070848,0.00289818096176655,-0.00525846115932723
"rs2515029","PC1",0.686868686868687,0.00844981986866836,-0.00641985840773553,0.00852002994529132,-0.00615916227907945
"rs2515029","PC1",0.696969696969697,0.0115116102549696,-0.00725214042912522,0.011666016014931,-0.0067792979560542
"rs2515029","PC1",0.707070707070707,0.0112018193064787,-0.00725618583311936,0.0110789027541463,-0.00797843364259049
"rs2515029","PC1",0.717171717171717,0.00904576516993243,-0.00665522389764501,0.00902166971000555,-0.00662807455098686
"rs2515029","PC1",0.727272727272727,0.00673911052839149,-0.0056974848909242,0.00681504077276987,-0.00506877604709127
"rs2515029","PC1",0.737373737373737,0.00424525234564285,-0.00507092514242205,0.00417678917383159,-0.00547081015157918
"rs2515029","PC1",0.747474747474748,0.00132179792935545,-0.00531909555412945,0.0013856041508393,-0.00544912050099061
"rs2515029","PC1",0.757575757575758,-0.00149104066488693,-0.00594201338543974,-0.00154582391399259,-0.00547838478908341
"rs2515029","PC1",0.767676767676768,-0.00393178399534618,-0.00608061546713096,-0.00391367377867932,-0.00643748841310864
"rs2515029","PC1",0.777777777777778,-0.00545290033090425,-0.00528674240957557,-0.00536274289409907,-0.00550803925738439
"rs2515029","PC1",0.787878787878788,-0.0046173842435862,-0.00453280133444721,-0.00487021872717467,-0.00395280397591124
"rs2515029","PC1",0.797979797979798,-0.00261865506198799,-0.00391712064284531,-0.00244469732114405,-0.00424328018100737
"rs2515029","PC1",0.808080808080808,-0.00102787110199,-0.00329401215660307,-0.000975771989646364,-0.00339085036908834
"rs2515029","PC1",0.818181818181818,0.000115832764226578,-0.00285288975211493,-5.5303037031062e-05,-0.00250014728249617
"rs2515029","PC1",0.828282828282828,0.000997458582860041,-0.00251942842786277,0.00122594351375476,-0.00292636621027452
"rs2515029","PC1",0.838383838383838,0.00120957109514356,-0.00133507593805921,0.00100831956675665,-0.00117574480492665
"rs2515029","PC1",0.848484848484849,0.000358019960631869,-1.70869331326634e-05,0.00035696106851969,8.31522630433103e-05
"rs2515029","PC1",0.858585858585859,-0.00178072193745177,0.000292176831861981,-0.001552209327276,4.33379155919405e-05
"rs2515029","PC1",0.868686868686869,-0.00491984268207664,-0.00122675352886736,-0.00513881092418615,-0.000780860794854216
"rs2515029","PC1",0.878787878787879,-0.00863925017648546,-0.00428101144851014,-0.00850984531666277,-0.00444932649991377
"rs2515029","PC1",0.888888888888889,-0.0123110663888785,-0.00574220804101137,-0.0123267950116832,-0.00619805947254427
"rs2515029","PC1",0.898989898989899,-0.0145617008664084,-0.00661404867264274,-0.0147154146962867,-0.00596945074381848
"rs2515029","PC1",0.909090909090909,-0.0140814867128617,-0.00799813033328175,-0.0138185047854154,-0.00814669533273659
"rs2515029","PC1",0.919191919191919,-0.0109798746136267,-0.00718820385954044,-0.0112091023339706,-0.007582419575258
"rs2515029","PC1",0.929292929292929,-0.00730886848184353,-0.00414216044943085,-0.00758173176868352,-0.0039655088263727
"rs2515029","PC1",0.93939393939394,-0.00489646563186252,-2.90812880221512e-05,-0.00409349772232106,-3.34916178002839e-05
"rs2515029","PC1",0.94949494949495,-0.00298101156169942,0.00299436785108604,-0.00334556788816588,0.00320606514064702
"rs2515029","PC1",0.95959595959596,0.000108844927533867,0.00382965110692216,-0.000577436881360267,0.00394726562392186
"rs2515029","PC1",0.96969696969697,0.00575348178834755,0.00546712324754273,0.00668502837096695,0.00489507985633455
"rs2515029","PC1",0.97979797979798,0.0102351278454355,0.00767731066070358,0.010017558463506,0.00790670228288418
"rs2515029","PC1",0.98989898989899,0.0104287687531767,0.0091940870688297,0.0102002569394067,0.00948155095665756
"rs2515029","PC1",1,0.0109408503553288,0.00912956997308464,0.0110510594714835,0.00893654643676135
"rs2515029","PC2",0,-0.00373633993806409,0.00121295350429455,-0.00373817424241974,0.0011449392776591
"rs2515029","PC2",0.0101010101010101,-0.0045027890662132,-0.00194054161622318,-0.00429920263670564,-0.00170707358710741
"rs2515029","PC2",0.0202020202020202,-0.00294973267113761,-0.00602552765643537,-0.00346227087931772,-0.0062757160357994
"rs2515029","PC2",0.0303030303030303,-3.45518182032082e-07,-0.00841694778879294,0.00037518910364192,-0.00833302135982072
"rs2515029","PC2",0.0404040404040404,0.00255032691481164,-0.00808115458619187,0.00254304287623243,-0.0082225739780778
"rs2515029","PC2",0.0505050505050505,0.00423769687645626,-0.0102054838280398,0.00408259079939059,-0.00982066612697679
"rs2515029","PC2",0.0606060606060606,0.00397372531139895,-0.0132787809756788,0.00410183859260498,-0.0136004745252022
"rs2515029","PC2",0.0707070707070707,0.00136279305317954,-0.0141599459227764,0.00157074886003562,-0.0140710876689706
"rs2515029","PC2",0.0808080808080808,-0.000201236057806703,-0.0119920814866427,-0.000578527682003256,-0.0119981270179358
"rs2515029","PC2",0.0909090909090909,0.00140050358259416,-0.00704056333801104,0.0012160959405596,-0.00720175592435124
"rs2515029","PC2",0.101010101010101,0.00135703780102709,-0.00175684897446208,0.00214568634069578,-0.00150648969369024
"rs2515029","PC2",0.111111111111111,0.000473568133428694,0.000931608636722475,-0.000127179689060687,0.000806476559567349
"rs2515029","PC2",0.121212121212121,0.000408714171746816,0.000112177740920832,0.000261879704732428,0.000359223696804388
"rs2515029","PC2",0.131313131313131,-0.000710645345804431,0.00097046464727472,-8.83950164734248e-05,0.00051969654408175
"rs2515029","PC2",0.141414141414141,-0.00229132332143902,0.00314480967812499,-0.00263325901273902,0.0033815821745029
"rs2515029","PC2",0.151515151515152,-0.00311645640818716,0.00458436537305567,-0.00325752544374373,0.00465800409496497
"rs2515029","PC2",0.161616161616162,-0.00304700274021634,0.00402481367688135,-0.0028821166812332,0.00395256075395478
"rs2515029","PC2",0.171717171717172,-0.00233223246520369,0.00201396259421223,-0.0022898857600976,0.00213594401102421
"rs2515029","PC2",0.181818181818182,-0.00145108919881539,0.00336915624349565,-0.00150064556007788,0.00298341608544704
"rs2515029","PC2",0.191919191919192,-1.83607802939801e-05,0.00575347757120763,-0.000236007669563747,0.00617129253198348
"rs2515029","PC2",0.202020202020202,0.0020272377839004,0.00590646354022165,0.00230205230019747,0.00575276221512939
"rs2515029","PC2",0.212121212121212,0.00246827039878811,0.00564322205946048,0.00242912926507581,0.00558112088253323
"rs2515029","PC2",0.222222222222222,-0.000325733868731764,0.00667700772198963,-0.000292114059229445,0.00674963890327144
"rs2515029","PC2",0.232323232323232,-0.0039301295984771,0.00632998615564073,-0.00398708341487706,0.00633628875646375
"rs2515029","PC2",0.242424242424242,-0.00704948746726238,0.00492115791285419,-0.00707914738115988,0.00491393116008962
"rs2515029","PC2",0.252525252525253,-0.00877971101596156,0.00338748323454827,-0.00862251460496061,0.00331409271628127
"rs2515029","PC2",0.262626262626263,-0.007966221381948,0.00114613934152662,-0.00823098857528032,0.00128479798012686
"rs2515029","PC2",0.272727272727273,-0.00515449786897106,-0.00135579528936557,-0.00517523374899408,-0.00142300863889591
"rs2515029","PC2",0.282828282828283,-0.00144065669780467,-0.00319104571454058,-0.00116278982047034,-0.00319271960428266
"rs2515029","PC2",0.292929292929293,0.00175682892774652,-0.00301538793524904,0.00161151137402502,-0.00309979191108019
"rs2515029","PC2",0.303030303030303,0.00357367418475089,-0.000419460801283314,0.00356243189106181,-0.000330657346394088
"rs2515029","PC2",0.313131313131313,0.00511722249181252,0.00163835601817734,0.00514433228773284,0.00167398291060442
"rs2515029","PC2",0.323232323232323,0.00585966583421883,0.00231522126138813,0.00581737628101925,0.00210788427588542
"rs2515029","PC2",0.333333333333333,0.00497579387261203,0.00158041387820653,0.00508888368217945,0.00190659269103498
"rs2515029","PC2",0.343434343434343,0.00272071602900089,-0.000502944854867586,0.00269609007311064,-0.000626883243301433
"rs2515029","PC2",0.353535353535354,-4.81310104232121e-05,-0.00289867745401039,-8.68739913270009e-05,-0.00304574087760642
"rs2515029","PC2",0.363636363636364,-0.00156251500812341,-0.00223439300853645,-0.00154537027543974,-0.00214455120730095
"rs2515029","PC2",0.373737373737374,-0.00139473137879533,-3.67812852645503e-05,-0.00157177110556761,0.000113383168238226
"rs2515029","PC2",0.383838383838384,0.000319581051234961,0.000777050894176956,0.000670017798140306,0.000250296636015862
"rs2515029","PC2",0.393939393939394,0.00275459494649952,-0.00157336351901898,0.00241387079574505,-0.00076273787696216
"rs2515029","PC2",0.404040404040404,0.00450097394914463,-0.00539821279710991,0.00442039768173215,-0.00587038628176495
"rs2515029","PC2",0.414141414141414,0.00444835215607501,-0.00852303664483379,0.00501183055292383,-0.00864432804807082
"rs2515029","PC2",0.424242424242424,0.00312060483800279,-0.0102333072524172,0.00280266242525231,-0.00955591869685707
"rs2515029","PC2",0.434343434343434,0.00119645250353522,-0.00922797082471206,0.000802672169113568,-0.010588138557231
"rs2515029","PC2",0.444444444444444,-0.001296525052275,-0.00309205296305181,-0.000432943377233005,-0.00193669633773454
"rs2515029","PC2",0.454545454545455,-0.00312958505524252,0.000772466544100186,-0.00386462427068426,0.000931829560993345
"rs2515029","PC2",0.464646464646465,-0.0032280820842065,-0.00409171344996472,-0.00299075653411878,-0.00493628095053167
"rs2515029","PC2",0.474747474747475,-0.00258863816479358,-0.00959471623105976,-0.00256252120554482,-0.0090824820443927
"rs2515029","PC2",0.484848484848485,-0.00210938954230261,-0.00811320208361891,-0.00209382451661688,-0.00831692972925384
"rs2515029","PC2",0.494949494949495,-0.000896471267718932,-0.00577714664416331,-0.00107812979997209,-0.00563198750981585
"rs2515029","PC2",0.505050505050505,-0.000132553245144158,-0.00217981499989359,6.39937793914103e-05,-0.00215995003261085
"rs2515029","PC2",0.515151515151515,-0.00133245984593508,0.00410303598590625,-0.00128368374559606,0.00355743209602628
"rs2515029","PC2",0.525252525252525,-0.00405391748535233,0.00876195635683515,-0.00404647507667962,0.00950565631749599
"rs2515029","PC2",0.535353535353535,-0.00514208435222255,0.00919025797464557,-0.00534815260040192,0.00909528412969009
"rs2515029","PC2",0.545454545454546,-0.00210629681019668,0.00481393814111115,-0.0021150543646749,0.00442610606123583
"rs2515029","PC2",0.555555555555556,0.00251588275787299,-0.000155528179436742,0.00259343173649396,9.59881071501864e-05
"rs2515029","PC2",0.565656565656566,0.00586845632062957,-0.00211388911670755,0.00602197356034465,-0.00215428379437534
"rs2515029","PC2",0.575757575757576,0.00830078210366851,-0.00353229279433488,0.00810800608051219,-0.00354166895774583
"rs2515029","PC2",0.585858585858586,0.00890433051596055,-0.00412959966644982,0.00872095085338368,-0.004160890479807
"rs2515029","PC2",0.595959595959596,0.00662978728541929,-0.00297133917209374,0.00725632157944238,-0.0029394893813374
"rs2515029","PC2",0.606060606060606,0.00206120808865038,-0.00106559686913221,0.00172494212122865,-0.00110678091463548
"rs2515029","PC2",0.616161616161616,-0.00321288254950575,0.000764312273087643,-0.00344358762108965,0.000898643728526853
"rs2515029","PC2",0.626262626262626,-0.00632261799135437,0.00354428952978218,-0.00601505723665082,0.00330428910289852
"rs2515029","PC2",0.636363636363636,-0.00821465856371272,0.00564095688105572,-0.00832781166737099,0.00576741386061044
"rs2515029","PC2",0.646464646464647,-0.00996258433027802,0.0057751292919082,-0.00991637620736382,0.00604002737523152
"rs2515029","PC2",0.656565656565657,-0.00949772516222325,0.00631020464067315,-0.00958519879912211,0.00586787637934599
"rs2515029","PC2",0.666666666666667,-0.00682606407832323,0.00638068426057098,-0.00688350926303424,0.0064085246318215
"rs2515029","PC2",0.676767676767677,-0.00276336044082927,0.00463364341765561,-0.00261463199413582,0.00511338298146169
"rs2515029","PC2",0.686868686868687,0.00168641775621704,0.00218196486765784,0.00162710605946562,0.00184988562850818
"rs2515029","PC2",0.696969696969697,0.00565889323286121,0.000665697297058158,0.00558092083081984,0.000426328359184864
"rs2515029","PC2",0.707070707070707,0.0088707696875745,0.000805791620563356,0.00897666677770611,0.00125510809707216
"rs2515029","PC2",0.717171717171717,0.0105634316520075,0.000986096790830841,0.0105828955108179,0.000790472239379531
"rs2515029","PC2",0.727272727272727,0.010073993654146,-0.000111115201339925,0.0100103243629716,-0.000123879864776631
"rs2515029","PC2",0.737373737373737,0.00778445224617175,-0.000362064192201549,0.00785207730692487,-0.000390547836608637
"rs2515029","PC2",0.747474747474748,0.00444845993477496,0.00130427008951876,0.00447227173288378,0.00128124329542436
"rs2515029","PC2",0.757575757575758,0.00120929906390269,0.000248816187283703,0.00113539265279558,0.000446111898661953
"rs2515029","PC2",0.767676767676768,-0.000887760400364854,-0.00231081023101011,-0.000943158473871675,-0.00237365844654171
"rs2515029","PC2",0.777777777777778,-0.00131313216515947,-0.00387429130180605,-0.00121128760685385,-0.00418530546149455
"rs2515029","PC2",0.787878787878788,-0.00119723126981537,-0.00443324503786981,-0.00130969621682945,-0.00404777352592259
"rs2515029","PC2",0.797979797979798,-0.00135690233302266,-0.00405072566661183,-0.00125362088397265,-0.00401913324624137
"rs2515029","PC2",0.808080808080808,-0.0021937187270396,-0.00266842567034014,-0.00217814811777173,-0.00313515025714452
"rs2515029","PC2",0.818181818181818,-0.00322531097567116,-0.00033090815568468,-0.00329189702357822,8.6435438774972e-05
"rs2515029","PC2",0.828282828282828,-0.00363693027652643,0.00214275925474845,-0.00355808036657029,0.00192949613299026
"rs2515029","PC2",0.838383838383838,-0.0026754143870973,0.00213955602735021,-0.00286036556486427,0.00233246675575552
"rs2515029","PC2",0.848484848484849,-0.00150485151564608,0.0011024528829365,-0.00138062805494201,0.00101780131261484
"rs2515029","PC2",0.858585858585859,-0.00140546752169674,0.000888201000317328,-0.00131669686857349,0.000739599037208053
"rs2515029","PC2",0.868686868686869,-0.00209339480496677,0.000203895275958777,-0.00226728609549358,0.000505332697464963
"rs2515029","PC2",0.878787878787879,-0.00325577228797212,-0.00172828816034475,-0.00305905359706132,-0.0020198550825804
"rs2515029","PC2",0.888888888888889,-0.00534166292492884,-0.00180605331201334,-0.00542198959668469,-0.00167253278673839
"rs2515029","PC2",0.898989898989899,-0.00641737748060286,-0.000944054274040501,-0.00641869034653072,-0.000788002398615937
"rs2515029","PC2",0.909090909090909,-0.00488338747277643,-0.000268092226187667,-0.00517301086850385,-0.000769614885493716
"rs2515029","PC2",0.919191919191919,-0.00280588192868739,0.00215918489946785,-0.00246822686499884,0.00264433176755105
"rs2515029","PC2",0.929292929292929,-0.00160857582864992,0.00374702820002483,-0.00138683183456195,0.00369208350084968
"rs2515029","PC2",0.93939393939394,-0.00166558898771029,0.00192598848519681,-0.00219819981446559,0.00176063971597502
"rs2515029","PC2",0.94949494949495,-0.000815490879082917,-0.000141369349915433,-0.000586790263671547,-9.09789608866419e-05
"rs2515029","PC2",0.95959595959596,0.00220380711275381,0.000418258113457372,0.00217802539379534,0.000444575545325352
"rs2515029","PC2",0.96969696969697,0.0038915382988738,0.000774164644491058,0.0040393773047718,0.000794126048435923
"rs2515029","PC2",0.97979797979798,0.00469395722338892,0.00111358037916342,0.00451296878654332,0.00102684214460442
"rs2515029","PC2",0.98989898989899,0.0060001327241941,0.00232378002080766,0.00607857667820687,0.00240681391619961
"rs2515029","PC2",1,0.00749014008455679,0.00335201517769847,0.00747747764582282,0.00332574489533946
"rs2515029","education_years",0,-0.000633779577630537,0.0013486460086858,-0.000641411667830913,0.00132975402688062
"rs2515029","education_years",0.0101010101010101,-0.00120822449485848,0.000996269943974622,-0.0010963042064772,0.00103043423396699
"rs2515029","education_years",0.0202020202020202,-0.00138094687095447,1.81284628236664e-05,-0.00157916789362995,2.50847765557961e-05
"rs2515029","education_years",0.0303030303030303,-0.00104727994990488,-0.00108738097686503,-0.00102127954150066,-0.00114372592364353
"rs2515029","education_years",0.0404040404040404,-0.000372683296730191,-0.00174704813095597,-0.000191994436782983,-0.00166568892743864
"rs2515029","education_years",0.0505050505050505,0.000102313517144593,-0.00215555124593471,-0.000144944869187457,-0.00224747579805101
"rs2515029","education_years",0.0606060606060606,1.07592466829106e-06,-0.00246934648531801,0.000192749560697736,-0.00241055394523951
"rs2515029","education_years",0.0707070707070707,-0.000779092717998613,-0.0027088700028079,-0.000720959629315076,-0.00270149337258456
"rs2515029","education_years",0.0808080808080808,-0.00151997736822229,-0.00259601839884668,-0.0016860443595122,-0.00263796972559262
"rs2515029","education_years",0.0909090909090909,-0.00154864395604446,-0.0018548853518746,-0.00154885363195603,-0.00182869079631247
"rs2515029","education_years",0.101010101010101,-0.0011416927876947,-0.000647115347989736,-0.00107264814945071,-0.000692983866770952
"rs2515029","education_years",0.111111111111111,-0.000616228259746099,0.000267923390772313,-0.000656291662574059,0.000330541729271727
"rs2515029","education_years",0.121212121212121,-0.000259798194289914,0.000295546850442544,-0.000270479137788017,0.000292350376150469
"rs2515029","education_years",0.131313131313131,-0.00035230727007904,-7.59368833473888e-05,-0.000263813849234591,-0.000110662395162516
"rs2515029","education_years",0.141414141414141,-0.000798918194925678,-0.000449858583654784,-0.000847122188266416,-0.000415360459496875
"rs2515029","education_years",0.151515151515152,-0.00139730121663866,-0.000610417033450947,-0.00139827269398133,-0.000645370581754662
"rs2515029","education_years",0.161616161616162,-0.00191284334045991,-0.000678737046201485,-0.00190415033876663,-0.000679754715197845
"rs2515029","education_years",0.171717171717172,-0.00210323466226346,-0.000757224311525524,-0.00211794633354677,-0.000669467747318169
"rs2515029","education_years",0.181818181818182,-0.00179852960303297,-0.000564256635219564,-0.00182192414506048,-0.000674211782136757
"rs2515029","education_years",0.191919191919192,-0.00111263136508242,0.000173640240159623,-0.00111042941990709,0.00015876694803509
"rs2515029","education_years",0.202020202020202,-0.000247953603910311,0.00144997426429312,-0.000240850712009222,0.00153256694384701
"rs2515029","education_years",0.212121212121212,0.000522523092303422,0.0022494867240438,0.000522514729122505,0.00222958007921743
"rs2515029","education_years",0.222222222222222,0.00091202446234462,0.00182142150131618,0.000936676525501219,0.00181986903505331
"rs2515029","education_years",0.232323232323232,0.000762392133163607,0.00116244424117982,0.000794939541060416,0.00114784933014413
"rs2515029","education_years",0.242424242424242,0.000372210382326364,0.000508493730171572,0.000324713746058211,0.000539898344397348
"rs2515029","education_years",0.252525252525253,9.943848264107e-05,-0.000129733287698224,0.000115264845499249,-0.000179538200313811
"rs2515029","education_years",0.262626262626263,9.06180305384806e-05,-0.000440822322808602,8.58943972581352e-05,-0.000392760232365835
"rs2515029","education_years",0.272727272727273,0.000454349702604709,-0.000322186462494569,0.00040790853841032,-0.000355123478310286
"rs2515029","education_years",0.282828282828283,0.00120252971158913,0.00017108392894494,0.00121921223703499,0.00016355414303658
"rs2515029","education_years",0.292929292929293,0.00194432868236116,0.000656130193604462,0.00195413249337866,0.00069332659879951
"rs2515029","education_years",0.303030303030303,0.00226426677929689,0.000875679440875447,0.00230432124131006,0.000854745868618105
"rs2515029","education_years",0.313131313131313,0.00209726923445346,0.00123760970683501,0.00208750538382402,0.00124243811033104
"rs2515029","education_years",0.323232323232323,0.00163941750346183,0.00169748512382502,0.00162761140429185,0.00167094129945768
"rs2515029","education_years",0.333333333333333,0.00117450322293688,0.00208598304860244,0.00122540099984495,0.00212814791556098
"rs2515029","education_years",0.343434343434343,0.00115203346633174,0.00239407548001835,0.00106002483086459,0.00236049832534762
"rs2515029","education_years",0.353535353535354,0.00184435223252319,0.00227455301730152,0.00175691730443266,0.00222663539812058
"rs2515029","education_years",0.363636363636364,0.00264600642507318,0.000470074019151585,0.00278262946580849,0.000660731851346866
"rs2515029","education_years",0.373737373737374,0.00271923357307405,-0.00224340621566006,0.00276846689923836,-0.00238590133665397
"rs2515029","education_years",0.383838383838384,0.00158572470306951,-0.00430969827175163,0.00153617534784233,-0.00427556610895217
"rs2515029","education_years",0.393939393939394,5.69037215467876e-05,-0.00409177239608321,6.22259370724509e-05,-0.00414275948483631
"rs2515029","education_years",0.404040404040404,-0.00134011680956738,-0.00228942923332163,-0.00131053216756013,-0.00233525739051591
"rs2515029","education_years",0.414141414141414,-0.00229485311544206,-8.93298802072502e-05,-0.00238168025778534,4.51412254920719e-05
"rs2515029","education_years",0.424242424242424,-0.0027161423674467,0.00188859927248813,-0.00269198074123793,0.00180285309809941
"rs2515029","education_years",0.434343434343434,-0.00249334892781764,0.00265124960992083,-0.00241047757103966,0.00257944365648527
"rs2515029","education_years",0.444444444444444,-0.00149419760498778,0.000356924094538271,-0.00178060047302357,0.000739311364627973
"rs2515029","education_years",0.454545454545455,-0.000614400677424921,-0.00250743949358605,-0.000296067121332123,-0.00296619459589278
"rs2515029","education_years",0.464646464646465,-0.000698827543043361,-0.00318571341146913,-0.000744011476442027,-0.00298805853097886
"rs2515029","education_years",0.474747474747475,-0.00128668556182549,-0.0026885107826799,-0.00131550327138653,-0.00268929829906748
"rs2515029","education_years",0.484848484848485,-0.00166768170325552,-0.00260865054757166,-0.00171349071190344,-0.00269422853947396
"rs2515029","education_years",0.494949494949495,-0.0014867443070099,-0.00296929655155737,-0.00146372530635465,-0.00279008535342479
"rs2515029","education_years",0.505050505050505,-0.000655960408761632,-0.00290718325809292,-0.000650616180954312,-0.00306181815935435
"rs2515029","education_years",0.515151515151515,0.000634236727950444,-0.00155320900619061,0.000412358629597053,-0.00155507537683223
"rs2515029","education_years",0.525252525252525,0.00148696508520312,0.00102430084978683,0.00181820579202588,0.00105583420951481
"rs2515029","education_years",0.535353535353535,0.00164132763172874,0.00289583346030924,0.00170395738653512,0.00285184007467586
"rs2515029","education_years",0.545454545454546,0.00118416750443674,0.00239370475998385,0.000827785458500666,0.00258059789173422
"rs2515029","education_years",0.555555555555556,0.000726518192676663,0.000632831944052795,0.000914083031697199,0.000494506211787821
"rs2515029","education_years",0.565656565656566,0.000597159907283406,-0.000668062369451325,0.00058988842834595,-0.000701995659823249
"rs2515029","education_years",0.575757575757576,-0.000108957732210416,-0.000551329399080717,-7.19901683700182e-05,-0.000504144472764374
"rs2515029","education_years",0.585858585858586,-0.00103269447211164,0.000274057675796227,-0.000998324563738199,0.000246866958724073
"rs2515029","education_years",0.595959595959596,-0.00151507705908465,0.000886657900520953,-0.00166862283281711,0.000920880463655309
"rs2515029","education_years",0.606060606060606,-0.00137529174200915,0.00108993628772205,-0.00132384757235,0.00107351727692399
"rs2515029","education_years",0.616161616161616,-0.000705213161300869,0.00101032020475574,-0.000674077532094768,0.00104040213110766
"rs2515029","education_years",0.626262626262626,-8.21596640818873e-05,0.00114118287696962,-0.000106846957546955,0.00107550230766541
"rs2515029","education_years",0.636363636363636,0.000272003315432952,0.00131764301808975,0.000293875439354806,0.00134603514849425
"rs2515029","education_years",0.646464646464647,0.000346190084380333,0.00113765901816669,0.000394104655574005,0.00119362711384645
"rs2515029","education_years",0.656565656565657,0.000363944552485213,0.000327276276359416,0.0002726222073064,0.000294665169293577
"rs2515029","education_years",0.666666666666667,0.000232888277887659,-0.000317670821083758,0.000206036201670727,-0.000381816825736041
"rs2515029","education_years",0.676767676767677,-0.000215739114670421,-6.67333013978486e-05,-5.99980303045388e-05,-4.7719178673792e-07
"rs2515029","education_years",0.686868686868687,-0.00105667399832572,0.000442044437115764,-0.00109535708396829,0.000465712062242025
"rs2515029","education_years",0.696969696969697,-0.00210125759727854,0.000605259157246504,-0.00218252722974438,0.000489277092927921
"rs2515029","education_years",0.707070707070707,-0.00251002184709114,0.000978894674172873,-0.00249752470540137,0.00107100459643467
"rs2515029","education_years",0.717171717171717,-0.00243859875486403,0.00110501545476847,-0.00242814470228519,0.00116451215282976
"rs2515029","education_years",0.727272727272727,-0.00227931814318608,0.000481961233194341,-0.00226820734367008,0.000348244408449418
"rs2515029","education_years",0.737373737373737,-0.00213631187665531,-0.000176143335076469,-0.00211707956200096,-0.000101406281933531
"rs2515029","education_years",0.747474747474748,-0.00195225010438595,-0.000205400195738215,-0.00195024419086355,-0.000218715263644634
"rs2515029","education_years",0.757575757575758,-0.00139572395443465,-0.000122002549316609,-0.00144540583122832,-0.000118593433353445
"rs2515029","education_years",0.767676767676768,-0.000380191860418211,0.000150083856766867,-0.00037242681506162,0.000115148608262081
"rs2515029","education_years",0.777777777777778,0.00098188833727146,0.000739217657641577,0.000936924833850348,0.000794279905723704
"rs2515029","education_years",0.787878787878788,0.00215225509569871,0.00117564262607212,0.00219805656036991,0.00116488304059161
"rs2515029","education_years",0.797979797979798,0.00262087492008178,0.00136127841434962,0.00269383927024094,0.00125480471221472
"rs2515029","education_years",0.808080808080808,0.00206229016162212,0.00131378060683998,0.00199919314548427,0.00150074384210362
"rs2515029","education_years",0.818181818181818,0.000745688983411553,0.000957796948082592,0.000812085620576149,0.000843077640468554
"rs2515029","education_years",0.828282828282828,-0.000808688147325786,0.000226491544470328,-0.000807233956428252,0.000207748096949919
"rs2515029","education_years",0.838383838383838,-0.00183084097375827,-0.000745723147981088,-0.00193254997092536,-0.000649019876883546
"rs2515029","education_years",0.848484848484849,-0.00208759284802112,-0.00149596610191609,-0.00206333841126576,-0.00155550024356284
"rs2515029","education_years",0.858585858585859,-0.00155056224943432,-0.00159730329964633,-0.00152158965631088,-0.00162650529989108
"rs2515029","education_years",0.868686868686869,-0.000371333705930418,-0.00106328901168221,-0.000413944923808525,-0.00102917084238284
"rs2515029","education_years",0.878787878787879,0.00120376595066524,-0.000154145124995097,0.00116008415532286,-0.000179352682368566
"rs2515029","education_years",0.888888888888889,0.00270229884350232,0.000502144002885749,0.00276672669043643,0.000548161660502356
"rs2515029","education_years",0.898989898989899,0.00349364479172665,0.000854727298368988,0.00355767610814998,0.00081726316138168
"rs2515029","education_years",0.909090909090909,0.00318461849760605,0.00104023533694491,0.00315386140434366,0.00105822020786085
"rs2515029","education_years",0.919191919191919,0.00236705673270403,0.00116198387660339,0.0023381784209716,0.00117588287184949
"rs2515029","education_years",0.929292929292929,0.00160474312794526,0.00105410027541715,0.00171703731209134,0.00095832961854751
"rs2515029","education_years",0.93939393939394,0.00126617573964043,0.000549349324685497,0.00102221521918088,0.000711548079592605
"rs2515029","education_years",0.94949494949495,0.00123130622747106,-0.000246704109474757,0.00129700200303986,-0.000337856310318194
"rs2515029","education_years",0.95959595959596,0.00109591117691271,-0.00108761634698482,0.00134472024207213,-0.00112728684263565
"rs2515029","education_years",0.96969696969697,0.000200907034502343,-0.00157220483820507,7.03302357682621e-06,-0.00148693312695763
"rs2515029","education_years",0.97979797979798,-0.000701653183246815,-0.00177051348411544,-0.000751221918125126,-0.00181964588809061
"rs2515029","education_years",0.98989898989899,-0.000806175339645408,-0.00183226972579404,-0.000724460351524638,-0.001831276551762
"rs2515029","education_years",1,-0.000666075862324715,-0.00168202991883444,-0.00068138547839986,-0.0016741108214622
