"SNP_model","predictor","grid","coordinate_1","coordinate_2","coordinate_1_raw","coordinate_2_raw"
"rs11719939","SNP",0,-0.00565436563606334,-0.00774476630707387,-0.00573151638002995,-0.00774347829539286
"rs11719939","SNP",0.0101010101010101,-0.00940128758543187,-0.00579972394427665,-0.00850994619420635,-0.00595440229045998
"rs11719939","SNP",0.0202020202020202,-0.0106702792827835,-0.00642491904870139,-0.0122141681432569,-0.00592526455749206
"rs11719939","SNP",0.0303030303030303,-0.00881573233406463,-0.00670746004143005,-0.0087471334650987,-0.00720981038150633
"rs11719939","SNP",0.0404040404040404,-0.00516679620345579,-0.00406714121144002,-0.0035209147859989,-0.00427429595393446
"rs11719939","SNP",0.0505050505050505,-0.00397589008852247,-0.00369192643124681,-0.00558491304289715,-0.00310162705175282
"rs11719939","SNP",0.0606060606060606,-0.00689877733603415,-0.0077042450313831,-0.00677245646186629,-0.00757925544740922
"rs11719939","SNP",0.0707070707070707,-0.0137453881529892,-0.015355573651901,-0.0115893826842727,-0.0158317040146155
"rs11719939","SNP",0.0808080808080808,-0.0204916250237202,-0.0197549935713224,-0.0224368674918192,-0.0195537635095113
"rs11719939","SNP",0.0909090909090909,-0.0230420367533088,-0.0155935315912281,-0.0236958812966149,-0.0161488269147846
"rs11719939","SNP",0.101010101010101,-0.0212093732171267,-0.0088453793261328,-0.0196013219856861,-0.00808707890318719
"rs11719939","SNP",0.111111111111111,-0.0171318898004717,-0.00385422219066088,-0.0179000131666389,-0.00425129556341678
"rs11719939","SNP",0.121212121212121,-0.012479007810329,-0.00324532225080689,-0.0127971163188717,-0.00306552505411925
"rs11719939","SNP",0.131313131313131,-0.0064967289131418,-0.00659013648448565,-0.00610592146610134,-0.00644538656783854
"rs11719939","SNP",0.141414141414141,-0.00116370835729685,-0.00921606213424291,-0.000793147226837114,-0.00953860613413346
"rs11719939","SNP",0.151515151515152,0.00164481801377108,-0.00747159373663962,0.00129129529285133,-0.00751083735056735
"rs11719939","SNP",0.161616161616162,0.00402836770131975,-0.0055022640318699,0.00383556623470259,-0.00537777428004768
"rs11719939","SNP",0.171717171717172,0.00761829583986911,-0.00630193342563701,0.00763303503252737,-0.00564921494224729
"rs11719939","SNP",0.181818181818182,0.00929546107172284,-0.00341273489061887,0.0097507132820627,-0.00470513219438688
"rs11719939","SNP",0.191919191919192,0.00886649661398207,0.000916130051620155,0.00861679886287079,0.00143875054602995
"rs11719939","SNP",0.202020202020202,0.00714584575666303,0.00267598553644212,0.0070835195219882,0.00335508105891883
"rs11719939","SNP",0.212121212121212,0.00459156680373425,0.00262825876120073,0.00479499301256192,0.00195496933487318
"rs11719939","SNP",0.222222222222222,0.00177103987776937,0.00279474633993322,0.0016233663931599,0.0028213906517217
"rs11719939","SNP",0.232323232323232,-0.000209520430163898,0.0047685748390907,-0.000251581191568026,0.00491271105148868
"rs11719939","SNP",0.242424242424242,-0.00106483263177763,0.00741053586699466,-0.00115334184729513,0.00740393076800651
"rs11719939","SNP",0.252525252525253,-0.00124873241740386,0.00820568192315549,-0.00125201079741999,0.00787965546228802
"rs11719939","SNP",0.262626262626263,-0.00254291654195511,0.00390034429575216,-0.00223783082254452,0.00467048811878844
"rs11719939","SNP",0.272727272727273,-0.00477633521898005,-0.00157861372512683,-0.004824317655423,-0.00194745405653121
"rs11719939","SNP",0.282828282828283,-0.00716546960631966,-0.00357538560159371,-0.00737577028482397,-0.00404494534301161
"rs11719939","SNP",0.292929292929293,-0.00891395056699384,-0.00237461826295547,-0.008852372324222,-0.00185815652465165
"rs11719939","SNP",0.303030303030303,-0.00949031398668158,0.000157336061182823,-0.00937865068165307,-0.000168417949414788
"rs11719939","SNP",0.313131313131313,-0.00918393039290764,0.00129327985362486,-0.00926400793301898,0.00156899663812575
"rs11719939","SNP",0.323232323232323,-0.00754574493511487,6.1513449300648e-05,-0.00763517987332217,5.32490829783111e-05
"rs11719939","SNP",0.333333333333333,-0.00411567773595287,-0.00340316132672444,-0.00408160953355285,-0.00347675306379349
"rs11719939","SNP",0.343434343434343,0.000603908214655379,-0.00664202647446916,0.000632819371231917,-0.0065755780548138
"rs11719939","SNP",0.353535353535354,0.00577124317757996,-0.00675683849523857,0.00551834762364463,-0.00699248012582167
"rs11719939","SNP",0.363636363636364,0.0103027303131425,-0.00292340308370891,0.0107569130639697,-0.00297874291272668
"rs11719939","SNP",0.373737373737374,0.0136294048653001,-0.000491919532812491,0.0135435803385616,-6.85887547662291e-05
"rs11719939","SNP",0.383838383838384,0.0157317041455736,-0.00455344683395633,0.0154201191941096,-0.00486320468173285
"rs11719939","SNP",0.393939393939394,0.0176440084837664,-0.0129716272228052,0.0178668239372741,-0.0126683771729508
"rs11719939","SNP",0.404040404040404,0.0186757947044486,-0.0212110656345892,0.018763528046018,-0.02124631884741
"rs11719939","SNP",0.414141414141414,0.0179926629166868,-0.0255032445810378,0.0177865163730107,-0.0258610582251172
"rs11719939","SNP",0.424242424242424,0.0163056549113244,-0.0257788188654768,0.0163805870196006,-0.0258946149923116
"rs11719939","SNP",0.434343434343434,0.0131787662361473,-0.0218923484390878,0.0124700849613176,-0.0206536813812244
"rs11719939","SNP",0.444444444444444,0.00421092191760804,-0.0119546961935331,0.00607036264659289,-0.0141115847120466
"rs11719939","SNP",0.454545454545455,-0.00785813515065256,-0.00211525565804722,-0.00838129392496342,-0.000715839000939374
"rs11719939","SNP",0.464646464646465,-0.0185080985123924,0.000738549886300511,-0.0197587326711774,0.00087771653150961
"rs11719939","SNP",0.474747474747475,-0.024770631991655,-0.00419340328628073,-0.0241869194160825,-0.00432596829223688
"rs11719939","SNP",0.484848484848485,-0.0256312751719435,-0.0134049029538514,-0.0255234948741282,-0.0135269961986271
"rs11719939","SNP",0.494949494949495,-0.0248631707550542,-0.0159667949131082,-0.0247963002906266,-0.0162621971917193
"rs11719939","SNP",0.505050505050505,-0.0219016260751317,-0.0130258229189545,-0.0222737587936692,-0.0127386646270177
"rs11719939","SNP",0.515151515151515,-0.016409594578947,-0.00758913832436626,-0.0166138285444192,-0.00757149399473012
"rs11719939","SNP",0.525252525252525,-0.0129556001292737,0.00205723628020334,-0.011843683905141,0.00152592907984107
"rs11719939","SNP",0.535353535353535,-0.0101768119745951,0.00869137351129338,-0.0103476190145523,0.00923646404173475
"rs11719939","SNP",0.545454545454546,-0.00541741594513367,0.00552716150029917,-0.00672501929527726,0.00591031242289898
"rs11719939","SNP",0.555555555555556,0.00151540543575584,-0.00168765011274403,0.00194472234717843,-0.00221021129004679
"rs11719939","SNP",0.565656565656566,0.00855115694320047,-0.00550962392086524,0.00915403586486278,-0.00565717154153005
"rs11719939","SNP",0.575757575757576,0.00927524243132146,-0.00465946786070688,0.00932850348359944,-0.00426668329824865
"rs11719939","SNP",0.585858585858586,0.00461011499374824,-0.000947807090004236,0.00438149549039714,-0.00143920450776251
"rs11719939","SNP",0.595959595959596,-0.00256644111836776,0.00358730021009259,-0.00236205141459529,0.00406536605682885
"rs11719939","SNP",0.606060606060606,-0.0105399297915293,0.00765020337564246,-0.0103226699464073,0.00738995949939355
"rs11719939","SNP",0.616161616161616,-0.0169993516644845,0.0100749078181514,-0.0174612402906378,0.0101378050529798
"rs11719939","SNP",0.626262626262626,-0.0173761622654239,0.0101797690498966,-0.017501837497668,0.0103655477931895
"rs11719939","SNP",0.636363636363636,-0.0113815159128371,0.01005973004407,-0.0115918563475113,0.00962737799446641
"rs11719939","SNP",0.646464646464647,-0.000872688216376729,0.0102784809096553,-0.00082719623752875,0.0106256312794204
"rs11719939","SNP",0.656565656565657,0.00966776230540277,0.00543590821029887,0.0100480692738394,0.00568786273152004
"rs11719939","SNP",0.666666666666667,0.0180716245940214,-0.00013252296568565,0.0180066189396342,-0.000719926847642724
"rs11719939","SNP",0.676767676767677,0.023282187959216,-0.000950689484636008,0.0232459271204901,-0.000708906380757997
"rs11719939","SNP",0.686868686868687,0.0255200304504728,0.00104519926343593,0.0255495885506257,0.00125408989362099
"rs11719939","SNP",0.696969696969697,0.0248381074051137,0.0029163290963,0.0246744407419257,0.00224881547390374
"rs11719939","SNP",0.707070707070707,0.0200610512926506,0.00473112595101077,0.0205427692581427,0.0055761568199802
"rs11719939","SNP",0.717171717171717,0.0124043765678754,0.00582980116125842,0.012624902721885,0.00539772257069567
"rs11719939","SNP",0.727272727272727,0.00417761237991736,0.00544130014892901,0.00360358451812703,0.00540010644585194
"rs11719939","SNP",0.737373737373737,-0.000811480227123753,0.0039281976307565,-0.000996190112581853,0.00426274234208185
"rs11719939","SNP",0.747474747474748,-7.24118374918167e-05,0.00249299146404018,-0.000204651315486034,0.00199507256941438
"rs11719939","SNP",0.757575757575758,0.00270685800523117,0.00331033632481649,0.00297073160325967,0.00366388324337444
"rs11719939","SNP",0.767676767676768,0.00450201795140376,0.00409577691127065,0.00466623603502254,0.00395318536346032
"rs11719939","SNP",0.777777777777778,0.00324443522062958,0.00258164883627853,0.00313868624816697,0.00278012511429742
"rs11719939","SNP",0.787878787878788,-0.00108648121190058,0.000861412119721427,-0.000671105130787184,0.000689242969064297
"rs11719939","SNP",0.797979797979798,-0.00582129215222012,-0.000587436040998239,-0.00596050214892355,-0.000753774696454019
"rs11719939","SNP",0.808080808080808,-0.00829545653969715,-0.0016519835959865,-0.00894623261816033,-0.00113371841877253
"rs11719939","SNP",0.818181818181818,-0.00818724694557525,-0.000790998899537318,-0.00778567680128713,-0.00127401813139178
"rs11719939","SNP",0.828282828282828,-0.00607612801880938,0.00282156792738682,-0.00604471475272501,0.0028192149150445
"rs11719939","SNP",0.838383838383838,-0.00345274648016244,0.00660318542477836,-0.0035595827147221,0.00691965615783352
"rs11719939","SNP",0.848484848484849,-0.000720147291492339,0.0104209217607733,-0.000530126355226415,0.0102683882594157
"rs11719939","SNP",0.858585858585859,0.0022150994613914,0.0145091429818498,0.00213610459034688,0.0143542337150462
"rs11719939","SNP",0.868686868686869,0.006029232768225,0.0170495453540905,0.005880477910582,0.0171188019088437
"rs11719939","SNP",0.878787878787879,0.0110185087779004,0.0168863276634556,0.0108586431958834,0.0175136380751558
"rs11719939","SNP",0.888888888888889,0.0154251557446708,0.016779469990676,0.0156659447380589,0.0157350283160968
"rs11719939","SNP",0.898989898989899,0.0171605669902008,0.017517028120917,0.0173203120941695,0.0177725626724058
"rs11719939","SNP",0.909090909090909,0.0149488627832325,0.0178154529178269,0.0151784654060696,0.0187989993547544
"rs11719939","SNP",0.919191919191919,0.0107887953584318,0.013605925383217,0.0106169045942823,0.012601829372619
"rs11719939","SNP",0.929292929292929,0.00831742877227531,0.00894914241727476,0.00799648822163272,0.00881951732527257
"rs11719939","SNP",0.93939393939394,0.0100228577862664,0.00824542920068463,0.00967048359675115,0.00900342013238232
"rs11719939","SNP",0.94949494949495,0.0129230025629944,0.0078394017813591,0.0133119943373917,0.00734655853516855
"rs11719939","SNP",0.95959595959596,0.0133077773455204,0.00364826182612908,0.0139104545876017,0.00378290581246171
"rs11719939","SNP",0.96969696969697,0.0105458421950493,-0.00243280266753029,0.00993458540857761,-0.00235742971563673
"rs11719939","SNP",0.97979797979798,0.00672777449236682,-0.00839435191123636,0.00692381970619933,-0.00838295549256274
"rs11719939","SNP",0.98989898989899,0.00390434137433464,-0.0127328666469273,0.00373407316226586,-0.0129611544589861
"rs11719939","SNP",1,0.00188468941273861,-0.0144962486266218,0.00197008392366119,-0.0143625242849209
"rs11719939","intercept",0,0.738022514524068,0.800960872183613,0.724957904937247,0.801515846112875
"rs11719939","intercept",0.0101010101010101,0.573455541962378,0.888100520263992,0.593344074795553,0.88605679012297
"rs11719939","intercept",0.0202020202020202,0.289625731511894,0.994421575577537,0.288277816745484,0.997129048977483
"rs11719939","intercept",0.0303030303030303,-0.0774939764035923,0.987683768942699,-0.0756722639594297,0.986468617606902
"rs11719939","intercept",0.0404040404040404,-0.448642170312511,0.817296036471137,-0.452007783967914,0.816250395028032
"rs11719939","intercept",0.0505050505050505,-0.740086117028613,0.520516110395211,-0.745537364150709,0.522560160072373
"rs11719939","intercept",0.0606060606060606,-0.924665391465745,0.220648862787716,-0.926884572681415,0.220006373129897
"rs11719939","intercept",0.0707070707070707,-1.00015263072739,0.0349657505793949,-0.998790929264827,0.0336759884605016
"rs11719939","intercept",0.0808080808080808,-1.00251657291158,-0.0117527000648372,-1.00145923351295,-0.0101251223573163
"rs11719939","intercept",0.0909090909090909,-0.970615653932821,0.0734001965647202,-0.968930427171306,0.0719940691420165
"rs11719939","intercept",0.101010101010101,-0.916022730153952,0.247279464430169,-0.916939411352534,0.248505784110967
"rs11719939","intercept",0.111111111111111,-0.841058251213484,0.453800096959552,-0.842576145242771,0.453071855067085
"rs11719939","intercept",0.121212121212121,-0.752292638974047,0.640373242583759,-0.751056737708778,0.640477068680263
"rs11719939","intercept",0.131313131313131,-0.671141654655019,0.777020374648337,-0.669878775764413,0.77726154107242
"rs11719939","intercept",0.141414141414141,-0.60492878619541,0.856053480726108,-0.60522295609157,0.855910633058739
"rs11719939","intercept",0.151515151515152,-0.554672970783634,0.879485566662195,-0.554020028228435,0.879512132590601
"rs11719939","intercept",0.161616161616162,-0.515165457933233,0.870386582859063,-0.51506065570698,0.870253626923022
"rs11719939","intercept",0.171717171717172,-0.478347212550295,0.857243442654441,-0.479300042150897,0.857685661944687
"rs11719939","intercept",0.181818181818182,-0.434349610647743,0.864700008002663,-0.43491603158747,0.864049013039341
"rs11719939","intercept",0.191919191919192,-0.385466112996922,0.899737033385611,-0.385385286949922,0.900199743868117
"rs11719939","intercept",0.202020202020202,-0.336780696277673,0.961861839436757,-0.335884334249596,0.961676950107722
"rs11719939","intercept",0.212121212121212,-0.291083953356665,1.03850384566432,-0.291040278614537,1.03855455692262
"rs11719939","intercept",0.222222222222222,-0.2488355926452,1.11125717275077,-0.249247427811681,1.11119198660378
"rs11719939","intercept",0.232323232323232,-0.205042370644501,1.15539560488399,-0.205121927412288,1.15556037238649
"rs11719939","intercept",0.242424242424242,-0.159262313746547,1.1631489334399,-0.158852768687313,1.16277253011727
"rs11719939","intercept",0.252525252525253,-0.111643318312541,1.13127831220339,-0.111988300030086,1.13207623337553
"rs11719939","intercept",0.262626262626263,-0.0595940573904882,1.06082005622651,-0.0599660587575018,1.0598571031925
"rs11719939","intercept",0.272727272727273,-0.00437629271033062,0.976085054742287,-0.00365746253512791,0.97668061695509
"rs11719939","intercept",0.282828282828283,0.0522132182404472,0.906965468039534,0.051813448297773,0.906876427177071
"rs11719939","intercept",0.292929292929293,0.111078155755113,0.881992371175335,0.111088346187244,0.881832569815225
"rs11719939","intercept",0.303030303030303,0.172450884939852,0.914782728470461,0.172063396248143,0.914955765433379
"rs11719939","intercept",0.313131313131313,0.232830965059162,0.966989752265609,0.233729745882356,0.966390805441675
"rs11719939","intercept",0.323232323232323,0.293983101494869,1.01101923840661,0.29474611690682,1.01260095610144
"rs11719939","intercept",0.333333333333333,0.359092070082265,1.02539540313425,0.357143932268649,1.02337721177291
"rs11719939","intercept",0.343434343434343,0.430411357720896,0.98778972133555,0.432731638900205,0.988475378918086
"rs11719939","intercept",0.353535353535354,0.516093001218678,0.881749697606055,0.515588634885381,0.883550507248071
"rs11719939","intercept",0.363636363636364,0.635268015219741,0.707609450797333,0.626418415754162,0.704512030549278
"rs11719939","intercept",0.373737373737374,0.759012743578529,0.441511331080676,0.76302772185537,0.443393579734767
"rs11719939","intercept",0.383838383838384,0.842335298539712,0.0844179283912169,0.851178019063374,0.0852417688091871
"rs11719939","intercept",0.393939393939394,0.846220900712106,-0.251230991730779,0.844278836862378,-0.253638962411026
"rs11719939","intercept",0.404040404040404,0.793389017312743,-0.492944246759126,0.788497492614166,-0.49088018718122
"rs11719939","intercept",0.414141414141414,0.721745392916233,-0.596623692174505,0.728409040369427,-0.598224165625781
"rs11719939","intercept",0.424242424242424,0.665684914042505,-0.559404266775336,0.657374514203229,-0.5560537543922
"rs11719939","intercept",0.434343434343434,0.616869406423277,-0.346831720457508,0.594393686339433,-0.353616325214343
"rs11719939","intercept",0.444444444444444,0.452114187927332,0.142908177911822,0.513364595020081,0.146285892894807
"rs11719939","intercept",0.454545454545455,0.216678739089822,0.652607687601051,0.184164874563142,0.663436935805752
"rs11719939","intercept",0.464646464646465,-0.00418771597295599,0.91491336184005,-0.0194402814190291,0.893662761359906
"rs11719939","intercept",0.474747474747475,-0.175576487761015,1.02280836130102,-0.164263335799701,1.03772227575364
"rs11719939","intercept",0.484848484848485,-0.295868221520065,1.10268180361589,-0.293947730327435,1.10219237891463
"rs11719939","intercept",0.494949494949495,-0.427354600261454,1.0847483478884,-0.428205278285766,1.07732435900703
"rs11719939","intercept",0.505050505050505,-0.577408441684854,0.964697742622205,-0.575356664893571,0.971056094918556
"rs11719939","intercept",0.515151515151515,-0.728130564925392,0.756426069617278,-0.723093933681785,0.754194455906701
"rs11719939","intercept",0.525252525252525,-0.841070130069236,0.447950387381679,-0.850188008055032,0.447079602441911
"rs11719939","intercept",0.535353535353535,-0.891063140462606,0.108751477938567,-0.893895594540848,0.112159724420196
"rs11719939","intercept",0.545454545454546,-0.866561653700133,-0.182189404024028,-0.859741542886746,-0.186771492329647
"rs11719939","intercept",0.555555555555556,-0.790828869146339,-0.401684824452548,-0.795481913127138,-0.39926367551324
"rs11719939","intercept",0.565656565656566,-0.691831883883907,-0.55188296169704,-0.691084483634454,-0.550651600839979
"rs11719939","intercept",0.575757575757576,-0.583640835367319,-0.669002997744195,-0.581798277052546,-0.671274308768531
"rs11719939","intercept",0.585858585858586,-0.484721338402884,-0.754740770452641,-0.486338838538887,-0.75529906420758
"rs11719939","intercept",0.595959595959596,-0.410921764864888,-0.804861927725091,-0.406539417992299,-0.801616240893307
"rs11719939","intercept",0.606060606060606,-0.359227149823403,-0.837321859013637,-0.361363473039966,-0.83928705560612
"rs11719939","intercept",0.616161616161616,-0.321203951293443,-0.873278954614038,-0.323019319015988,-0.874960935824895
"rs11719939","intercept",0.626262626262626,-0.288411623124052,-0.92015955332635,-0.286562546525891,-0.916502548692441
"rs11719939","intercept",0.636363636363636,-0.262922745310332,-0.965628306123074,-0.263433475746344,-0.967813075066415
"rs11719939","intercept",0.646464646464647,-0.249408207876234,-0.991789821140775,-0.250117181570436,-0.992566689119365
"rs11719939","intercept",0.656565656565657,-0.24922436038018,-0.984549292819498,-0.246744189475986,-0.982874115741765
"rs11719939","intercept",0.666666666666667,-0.253554248835974,-0.963100203537592,-0.253637461545854,-0.96269295874391
"rs11719939","intercept",0.676767676767677,-0.251999262082245,-0.949114493625788,-0.25514463780475,-0.951366108304011
"rs11719939","intercept",0.686868686868687,-0.237801806580355,-0.9396839177711,-0.237079956679708,-0.939081528600157
"rs11719939","intercept",0.696969696969697,-0.20884081779817,-0.931612382301657,-0.207121266145113,-0.928344490158132
"rs11719939","intercept",0.707070707070707,-0.174179744611318,-0.939257251069486,-0.175350997917455,-0.943576714406035
"rs11719939","intercept",0.717171717171717,-0.131725970514259,-0.959331747241468,-0.131982939993195,-0.959038786452256
"rs11719939","intercept",0.727272727272727,-0.0775690416430788,-0.985382585271611,-0.0773422465164576,-0.981512168732672
"rs11719939","intercept",0.737373737373737,-0.0154094946823431,-1.02179178349964,-0.0156356953407513,-1.02515829821557
"rs11719939","intercept",0.747474747474748,0.049612397809892,-1.06738114944341,0.0498472351500585,-1.06696927346366
"rs11719939","intercept",0.757575757575758,0.114147715259415,-1.09540596699834,0.114107444367351,-1.09433334627897
"rs11719939","intercept",0.767676767676768,0.175067768572882,-1.10089097746967,0.175322932966543,-1.10101403810792
"rs11719939","intercept",0.777777777777778,0.230692388965327,-1.08396833100107,0.231822599917428,-1.08594749034291
"rs11719939","intercept",0.787878787878788,0.28499866027091,-1.04010423583109,0.283658349385292,-1.0379679264062
"rs11719939","intercept",0.797979797979798,0.341954446114363,-0.982134353262762,0.340682490775942,-0.981065168637576
"rs11719939","intercept",0.808080808080808,0.402933686070355,-0.926443389442472,0.404531239312581,-0.93045849324998
"rs11719939","intercept",0.818181818181818,0.46045305910181,-0.883840562113104,0.459380961919325,-0.880655308694672
"rs11719939","intercept",0.828282828282828,0.504632081412238,-0.865373740047035,0.504384036108604,-0.865773776833287
"rs11719939","intercept",0.838383838383838,0.526056675999827,-0.881814467727787,0.527762260462322,-0.88295268038502
"rs11719939","intercept",0.848484848484849,0.519921107138671,-0.918341145527939,0.520367632026414,-0.917278754995757
"rs11719939","intercept",0.858585858585859,0.485467417924182,-0.955768694920546,0.48534118083842,-0.956177528458829
"rs11719939","intercept",0.868686868686869,0.433337577854655,-0.984683789021859,0.433547851146891,-0.984993809572934
"rs11719939","intercept",0.878787878787879,0.377181732573276,-0.993176183051381,0.377981907282742,-0.992043500269933
"rs11719939","intercept",0.888888888888889,0.331618831082282,-0.959609786541867,0.330348251802743,-0.96112735044407
"rs11719939","intercept",0.898989898989899,0.31277011765758,-0.897542963392238,0.311700912249487,-0.896986996790304
"rs11719939","intercept",0.909090909090909,0.331309418642962,-0.828960692659911,0.33061449176404,-0.827781229738032
"rs11719939","intercept",0.919191919191919,0.378545819448343,-0.767337133324901,0.381206762405251,-0.769101721565984
"rs11719939","intercept",0.929292929292929,0.455081088465502,-0.716207599831721,0.453155250137357,-0.71576686536077
"rs11719939","intercept",0.93939393939394,0.563409176982904,-0.672283859579314,0.56247060599508,-0.671280198817593
"rs11719939","intercept",0.94949494949495,0.698516641779422,-0.613315373934922,0.699407122254343,-0.613898922984059
"rs11719939","intercept",0.95959595959596,0.8516702614202,-0.513754106874593,0.84694607540598,-0.514833280203153
"rs11719939","intercept",0.96969696969697,1.00172909640272,-0.354642065283923,1.004081631247,-0.352499258580172
"rs11719939","intercept",0.97979797979798,1.1055652787487,-0.121735240935685,1.11240222668482,-0.123862192837179
"rs11719939","intercept",0.98989898989899,1.13131301494327,0.160268831162658,1.13067046461507,0.161607406094955
"rs11719939","intercept",1,1.11229880821468,0.314177348835366,1.1089525428025,0.313793930042002
"rs11719939","male",0,0.0386699862579103,-0.0478047489583787,0.0382454609965008,-0.0477518176882217
"rs11719939","male",0.0101010101010101,0.0286762715963325,-0.0319953202660415,0.029323785504024,-0.0321755856704247
"rs11719939","male",0.0202020202020202,0.00121989906886056,-0.00947071364435397,0.00193292149306542,-0.00929860860128019
"rs11719939","male",0.0303030303030303,-0.0228102666936498,-0.000222315550279922,-0.0235182620607,8.88801482619343e-05
"rs11719939","male",0.0404040404040404,-0.0232796636087851,0.0117547915982227,-0.0260718263961257,0.0105638312810292
"rs11719939","male",0.0505050505050505,-0.0200229304794841,0.0280111397566571,-0.0157160103136734,0.029531196918616
"rs11719939","male",0.0606060606060606,-0.019401289161253,0.0380483874750034,-0.0201496001841647,0.0373539865085849
"rs11719939","male",0.0707070707070707,-0.0212083660672839,0.0329088068663798,-0.0240744943600771,0.0326668746499903
"rs11719939","male",0.0808080808080808,-0.0239975041548681,0.0187947530952717,-0.0216091330655652,0.0189160488481435
"rs11719939","male",0.0909090909090909,-0.026690700209312,0.0053126075492321,-0.0263452032941476,0.00604527690378132
"rs11719939","male",0.101010101010101,-0.0299149814331679,-0.00155050662759862,-0.0316726605420632,-0.0027604902087873
"rs11719939","male",0.111111111111111,-0.0309366263181188,-0.00449458116812256,-0.029805296135493,-0.00374110363274338
"rs11719939","male",0.121212121212121,-0.0281915238593863,-0.00791104575403428,-0.0283518299767042,-0.00780593664677076
"rs11719939","male",0.131313131313131,-0.0266843797348994,-0.0139541109443145,-0.0268273303668988,-0.0143721934065217
"rs11719939","male",0.141414141414141,-0.0250029835396058,-0.0215867428399585,-0.0247678138162032,-0.0216321034182834
"rs11719939","male",0.151515151515152,-0.0203447866181664,-0.0283011245072335,-0.0206629538686747,-0.0278001280473947
"rs11719939","male",0.161616161616162,-0.0129422822513301,-0.0285137091959544,-0.012862440303395,-0.0286839611415765
"rs11719939","male",0.171717171717172,-0.00362251890390013,-0.0199424933923023,-0.00334634344332736,-0.0206265201550944
"rs11719939","male",0.181818181818182,0.0069702846017501,-0.0133488011521871,0.00649411189593557,-0.0123259620950419
"rs11719939","male",0.191919191919192,0.0164601485134532,-0.0106101314532455,0.0166670993852673,-0.0109851261184917
"rs11719939","male",0.202020202020202,0.0224952168522716,-0.0101200598896699,0.0227417838168519,-0.010532017992435
"rs11719939","male",0.212121212121212,0.0247160949619495,-0.00929076929062593,0.0245729778823413,-0.00874189490924613
"rs11719939","male",0.222222222222222,0.0241963911139544,-0.00815134574846379,0.024117902403359,-0.00849722294798529
"rs11719939","male",0.232323232323232,0.0244196589506375,-0.0134006072237083,0.024405799861495,-0.0132445847661515
"rs11719939","male",0.242424242424242,0.0244859196420967,-0.0154825273329739,0.0245893365108536,-0.015230149667831
"rs11719939","male",0.252525252525253,0.0226197116532152,-0.00725980492397648,0.0224511507535223,-0.00820351614119894
"rs11719939","male",0.262626262626263,0.0185712144811462,-0.00423799923202397,0.0187277032136879,-0.00300462250416211
"rs11719939","male",0.272727272727273,0.0113813370704429,-0.00452412333245232,0.0114906601085578,-0.00515616231463642
"rs11719939","male",0.282828282828283,0.000975802627491615,-0.00226325526732131,0.00091016955510261,-0.00242052421110224
"rs11719939","male",0.292929292929293,-0.0080170157292773,-0.000349278286247308,-0.00810715318841449,8.4559528436069e-05
"rs11719939","male",0.303030303030303,-0.0109411343142784,-0.00150412686025661,-0.0109798756279405,-0.00196530843050213
"rs11719939","male",0.313131313131313,-0.00795234897224641,-0.000968625470692143,-0.00792496877497977,-0.000436986083831579
"rs11719939","male",0.323232323232323,-0.00123279500636114,0.000553590152649399,-0.00137734294316865,1.43567172218176e-06
"rs11719939","male",0.333333333333333,0.00688993638331473,0.000876219701697091,0.00712051977724433,0.00127838149167242
"rs11719939","male",0.343434343434343,0.0143847179567752,-0.000295734115784064,0.0142363627480262,-0.000232343341431733
"rs11719939","male",0.353535353535354,0.0188151768487337,-0.00279051458127063,0.0187698963810279,-0.0035640373510225
"rs11719939","male",0.363636363636364,0.0170017859907706,-0.00559639214276092,0.0173508923604101,-0.00448883545533029
"rs11719939","male",0.373737373737374,0.00998282573135736,-0.00425066976633197,0.00995541278811788,-0.00478061781635848
"rs11719939","male",0.383838383838384,0.00106346399434196,0.00261167247965807,0.000639257806871056,0.00210374490129091
"rs11719939","male",0.393939393939394,-0.00413271893861771,0.00370665652921842,-0.00390853697188732,0.00448495333130086
"rs11719939","male",0.404040404040404,-0.00709742311457604,-0.00341663404574784,-0.00689322885450492,-0.00323832063308857
"rs11719939","male",0.414141414141414,-0.0104227484170224,-0.016807551014224,-0.0107672571081185,-0.0178450796894862
"rs11719939","male",0.424242424242424,-0.0128945184291442,-0.0297041860551943,-0.0126653598146852,-0.0292948287809363
"rs11719939","male",0.434343434343434,-0.0118899480421958,-0.0317265061853498,-0.0118173634676602,-0.0305203018555221
"rs11719939","male",0.444444444444444,-0.0043175747795779,-0.0113614759646584,-0.00455977501484858,-0.0134854291898019
"rs11719939","male",0.454545454545455,0.00793317905385897,0.0112063052768954,0.00737873643307329,0.0127906329799516
"rs11719939","male",0.464646464646465,0.0211068768413047,0.0146950241791921,0.0221858169711805,0.0141715275199787
"rs11719939","male",0.474747474747475,0.0294219491164173,0.0075469556713821,0.0289497148508959,0.00735798325383325
"rs11719939","male",0.484848484848485,0.0282718565430488,0.00337810221830815,0.0281134124200113,0.00405851637276781
"rs11719939","male",0.494949494949495,0.020154346927285,0.00495896637586471,0.0208981582047642,0.00413641819612522
"rs11719939","male",0.505050505050505,0.010760866505495,0.00553746911352938,0.00991351442520066,0.00563414159894638
"rs11719939","male",0.515151515151515,0.00517078435260655,0.000634917640932903,0.00559368657536373,0.0018484505798756
"rs11719939","male",0.525252525252525,0.00372199033429784,-0.000737400107641347,0.00348304431283282,-0.00246641779370675
"rs11719939","male",0.535353535353535,0.00263812147976356,0.00304610666168184,0.00247045974642714,0.00376750958721155
"rs11719939","male",0.545454545454546,-0.00112500292753002,0.00958797150918653,-0.000311646721142018,0.0100960562969144
"rs11719939","male",0.555555555555556,-0.00455869268391484,0.0118739042038005,-0.00529631860764694,0.0111794355741139
"rs11719939","male",0.565656565656566,-0.00513591779291902,0.00587351242759408,-0.00528454399576992,0.00618434547419119
"rs11719939","male",0.575757575757576,-0.00705967520042001,0.00108244295375606,-0.00639799120685516,0.000992218226899708
"rs11719939","male",0.585858585858586,-0.0115299005629958,-0.000971058994774325,-0.0117504269493227,-0.000905297408292047
"rs11719939","male",0.595959595959596,-0.0181280214977717,-0.00129727229937321,-0.0183471569769028,-0.0013980669216959
"rs11719939","male",0.606060606060606,-0.0249593726906089,0.00104493315255205,-0.0247581921988516,0.00124003885297942
"rs11719939","male",0.616161616161616,-0.0298505275656977,0.0055430994346544,-0.0297354523884099,0.00516478176777808
"rs11719939","male",0.626262626262626,-0.0309055064945278,0.00612006544591339,-0.0312022412432595,0.00658849671225965
"rs11719939","male",0.636363636363636,-0.0259841880706101,0.00356146169809445,-0.0259072715957651,0.00331500751117545
"rs11719939","male",0.646464646464647,-0.0141730262520123,0.000305031733800966,-0.0143251506009064,0.000145502982948017
"rs11719939","male",0.656565656565657,0.000221594637894706,-0.00313373906666002,0.000363138386979511,-0.00266673110853906
"rs11719939","male",0.666666666666667,0.0116662133420962,-0.00569422380891879,0.011635961999483,-0.00626974068427997
"rs11719939","male",0.676767676767677,0.0158404309784784,-0.00609400473397512,0.0160266827140144,-0.0056603880753334
"rs11719939","male",0.686868686868687,0.0131929987963384,-0.00325758708258616,0.0132141751466615,-0.00309876306242094
"rs11719939","male",0.696969696969697,0.0054628665679357,0.00218179331668791,0.00515766916427593,0.00109553643483724
"rs11719939","male",0.707070707070707,-0.00506224486574963,0.00469449479710871,-0.00466605996250189,0.0060291722004995
"rs11719939","male",0.717171717171717,-0.0153681952404982,0.00402024990717917,-0.0154277332789785,0.00373849255787278
"rs11719939","male",0.727272727272727,-0.0226475363453674,0.00203791119973647,-0.0230408683006741,0.00120900505553169
"rs11719939","male",0.737373737373737,-0.0255480966156492,0.00225643719184975,-0.0252369508268422,0.00297316574887389
"rs11719939","male",0.747474747474748,-0.0237225843668147,0.0061800610097472,-0.0239279878854309,0.00626657229868723
"rs11719939","male",0.757575757575758,-0.0193198878510135,0.00793183249281951,-0.0192296899795527,0.00745256269300221
"rs11719939","male",0.767676767676768,-0.014857704287806,0.00829384656159139,-0.0147518757156786,0.00834888800030346
"rs11719939","male",0.777777777777778,-0.0123880257419856,0.00864431846017763,-0.012604269672294,0.00944461886244516
"rs11719939","male",0.787878787878788,-0.0121349194714383,0.00585035708404995,-0.0118760781007662,0.00485912879270682
"rs11719939","male",0.797979797979798,-0.0129753867608797,0.00381020469163182,-0.0129044544150727,0.00378821639610662
"rs11719939","male",0.808080808080808,-0.0135627132312018,0.00642654296974105,-0.0139622333256988,0.00747211160438063
"rs11719939","male",0.818181818181818,-0.0126047456042101,0.00891697403865338,-0.0123451060047906,0.00798864148957071
"rs11719939","male",0.828282828282828,-0.00986519858488875,0.00751891449851886,-0.00987383595558132,0.00774525032370403
"rs11719939","male",0.838383838383838,-0.00742724684274461,0.00909805559103668,-0.00731308015633148,0.00924815387283107
"rs11719939","male",0.848484848484849,-0.00101848928611431,0.0151669215514562,-0.00117429924598975,0.0150606912357462
"rs11719939","male",0.858585858585859,0.013454799086974,0.0249381464108063,0.0131393356670806,0.0248852403320697
"rs11719939","male",0.868686868686869,0.031973835450604,0.0369690547611934,0.032316878550664,0.0371350261615187
"rs11719939","male",0.878787878787879,0.0485915877919586,0.0481188202318444,0.048306289904354,0.0478409625247154
"rs11719939","male",0.888888888888889,0.0579553530673712,0.0515183135807725,0.0583238276399478,0.0518209294546356
"rs11719939","male",0.898989898989899,0.0555915775587272,0.0484000481283732,0.0556785262844293,0.048375710934729
"rs11719939","male",0.909090909090909,0.041909546941222,0.0421439918509006,0.0421860703879295,0.0416808527392185
"rs11719939","male",0.919191919191919,0.0315204706226586,0.0346263761759146,0.0307486327765644,0.0352615101607928
"rs11719939","male",0.929292929292929,0.0255229303746715,0.0256315396190636,0.0253282750078411,0.0254192032021369
"rs11719939","male",0.93939393939394,0.0212817633487088,0.0147854641681239,0.0224331780595804,0.0144939697301606
"rs11719939","male",0.94949494949495,0.0194274773560803,0.002911061725769,0.0187520968398544,0.00331054309885672
"rs11719939","male",0.95959595959596,0.0188707575916097,-0.00979458230166563,0.0177730850051129,-0.01011861157247
"rs11719939","male",0.96969696969697,0.0120825335073604,-0.026188186529944,0.0146268264539736,-0.0259163632645731
"rs11719939","male",0.97979797979798,0.00381831580613593,-0.0474658010372825,0.00217102332486703,-0.0476301898636621
"rs11719939","male",0.98989898989899,0.00143085639609039,-0.071039994266484,0.00131548245652646,-0.0709962998276686
"rs11719939","male",1,0.00784105047458534,-0.081775135631313,0.00817700978879267,-0.0817760902098598
"rs11719939","age_z",0,-0.00355760431618303,-0.00176452989594098,-0.00351737325916362,-0.00197608544921112
"rs11719939","age_z",0.0101010101010101,-0.00610573575911294,-0.00494619156962717,-0.00554084996934558,-0.00448561548218726
"rs11719939","age_z",0.0202020202020202,-0.00521782825293463,-0.0115683323600447,-0.00641085084732611,-0.0115710975633113
"rs11719939","age_z",0.0303030303030303,0.000138580361498157,-0.0170897258168472,0.00022344757109592,-0.0175044034263373
"rs11719939","age_z",0.0404040404040404,0.00793750427839752,-0.0173780122755076,0.00850286078612914,-0.0176106811032891
"rs11719939","age_z",0.0505050505050505,0.0104336175193136,-0.0170064225684082,0.0105256348172084,-0.0164289262331686
"rs11719939","age_z",0.0606060606060606,0.0065555342507348,-0.0188588790293991,0.00638115317759684,-0.0187100495053442
"rs11719939","age_z",0.0707070707070707,-0.00199205160228065,-0.0233124692131979,-0.00133033882304837,-0.0235401402702302
"rs11719939","age_z",0.0808080808080808,-0.0110441539477072,-0.0248403614222675,-0.011532549879243,-0.0249304636848221
"rs11719939","age_z",0.0909090909090909,-0.0160046078941237,-0.0182294463581614,-0.0166319819864811,-0.0186900998105405
"rs11719939","age_z",0.101010101010101,-0.0144485470834702,-0.00600279416016338,-0.0141068885301285,-0.005664414412343
"rs11719939","age_z",0.111111111111111,-0.00987788565593315,0.00521734046382927,-0.0098505478642887,0.0053632725782458
"rs11719939","age_z",0.121212121212121,-0.00668817161679033,0.0104720534591217,-0.00666663128349229,0.0107503688944492
"rs11719939","age_z",0.131313131313131,-0.00656772805540895,0.0126831051145346,-0.0062285239288461,0.012146330929251
"rs11719939","age_z",0.141414141414141,-0.00850729388077252,0.0126840944581934,-0.00868455011322297,0.0128437922819984
"rs11719939","age_z",0.151515151515152,-0.0110411291103778,0.010340451476041,-0.0111402539442862,0.0106520523876725
"rs11719939","age_z",0.161616161616162,-0.0130330746772744,0.0059738124883023,-0.012843588599146,0.0057713925506858
"rs11719939","age_z",0.171717171717172,-0.0132397242282165,0.00097934632298541,-0.0135570324455858,0.00110340291831889
"rs11719939","age_z",0.181818181818182,-0.0104779904278001,-0.000686534843448326,-0.0104938019779373,-0.00106767914441799
"rs11719939","age_z",0.191919191919192,-0.00665069973973849,0.000785340696088705,-0.0065474467982836,0.000903850913161467
"rs11719939","age_z",0.202020202020202,-0.00395879784987796,0.00387530398762074,-0.003771894809633,0.0040101682078249
"rs11719939","age_z",0.212121212121212,-0.00252015101829419,0.00685504482650468,-0.00260921096379753,0.00673805923041949
"rs11719939","age_z",0.222222222222222,-0.00180928226747736,0.00827793314612083,-0.00190667195033139,0.00848685024429739
"rs11719939","age_z",0.232323232323232,-0.00109641291891479,0.00819844789383876,-0.00102782339589881,0.00804423444534461
"rs11719939","age_z",0.242424242424242,-0.000673158207226042,0.00766789731263205,-0.000631604021600565,0.00765108131186733
"rs11719939","age_z",0.252525252525253,-0.000719460934610074,0.00731476245417734,-0.000707657011005862,0.0073571931611315
"rs11719939","age_z",0.262626262626263,-0.000213341213286816,0.00593319859754166,-0.000351609081510976,0.00589008514862688
"rs11719939","age_z",0.272727272727273,0.000709907764598292,0.00380867396923383,0.000624975009185044,0.00417984932730133
"rs11719939","age_z",0.282828282828283,0.00139675194733901,0.00195645934332725,0.00160712714495398,0.00144570947895319
"rs11719939","age_z",0.292929292929293,0.00067563118090084,0.00223114833418633,0.000789972935806518,0.00228093917257812
"rs11719939","age_z",0.303030303030303,-0.00179441692791941,0.00531802486229317,-0.00179697943802945,0.0054509668584339
"rs11719939","age_z",0.313131313131313,-0.00317114052607672,0.00744874410135465,-0.0033691297289959,0.00743797954224751
"rs11719939","age_z",0.323232323232323,-0.00228099507173347,0.00772755229730292,-0.00237125396724138,0.00778165884290659
"rs11719939","age_z",0.333333333333333,0.0011097607947129,0.00648508561203627,0.00121136040643276,0.00651258038018246
"rs11719939","age_z",0.343434343434343,0.00610446730154556,0.00470580839513735,0.00593082099174502,0.00458841398558763
"rs11719939","age_z",0.353535353535354,0.0106472615480557,0.00347530332864306,0.0105591215950074,0.00377566582660002
"rs11719939","age_z",0.363636363636364,0.0108473641720674,0.00393919518683822,0.0118016545914125,0.00364567343787113
"rs11719939","age_z",0.373737373737374,0.00862337265796738,0.00841835783000134,0.00815282142350444,0.00774745596994909
"rs11719939","age_z",0.383838383838384,0.00704709464254657,0.0159573962563305,0.0059109893164002,0.0168281041995799
"rs11719939","age_z",0.393939393939394,0.00657521045906509,0.0150496222045408,0.00782598628472372,0.015137418328194
"rs11719939","age_z",0.404040404040404,0.004978162788311,0.0057681615583473,0.0051528534568496,0.00565705510054093
"rs11719939","age_z",0.414141414141414,7.29373946592193e-05,-0.00706979381166595,-0.000991017225560425,-0.00675254997495705
"rs11719939","age_z",0.424242424242424,-0.00796935474147288,-0.014836268044635,-0.0069952724867832,-0.0151166896237496
"rs11719939","age_z",0.434343434343434,-0.0165733362553157,-0.0123771081770896,-0.0157229489787723,-0.0145623449511581
"rs11719939","age_z",0.444444444444444,-0.0182402814291639,-0.00957873469094303,-0.0206979898894363,-0.00607873730136041
"rs11719939","age_z",0.454545454545455,-0.013014097338695,-0.0100920784251867,-0.012563431087113,-0.0111888545703167
"rs11719939","age_z",0.464646464646465,-0.00396255416501603,-0.0141008778223808,-0.00267398027341292,-0.0153298639271745
"rs11719939","age_z",0.474747474747475,0.00310949336277238,-0.0185821102772446,0.00256011872950339,-0.0174303230213452
"rs11719939","age_z",0.484848484848485,0.00395042597614553,-0.0206919762724245,0.00406394389710958,-0.0208074968952417
"rs11719939","age_z",0.494949494949495,0.00228090571030261,-0.0211604570776107,0.0023214535958183,-0.0216325662350283
"rs11719939","age_z",0.505050505050505,0.000148120851724153,-0.0202989568623563,0.000152311715554834,-0.019953004577187
"rs11719939","age_z",0.515151515151515,-0.00125412211087051,-0.0176736735891066,-0.00159408067462922,-0.0175380885950555
"rs11719939","age_z",0.525252525252525,-0.000772739154057473,-0.0121335219909384,-0.000624815531928513,-0.0126635199922125
"rs11719939","age_z",0.535353535353535,0.00071701455222541,-0.00558828780248327,0.000968129902517952,-0.00557100034681349
"rs11719939","age_z",0.545454545454546,0.00208453594544734,-0.000741663787581482,0.00167036009124822,-0.000138530607135426
"rs11719939","age_z",0.555555555555556,0.00333053287487927,-1.67662307523906e-05,0.00360772294574162,-0.000168362212969446
"rs11719939","age_z",0.565656565656566,0.0044979712232079,-0.0032244440996119,0.00437070915710994,-0.0031254994467557
"rs11719939","age_z",0.575757575757576,0.00479628627424934,-0.00282727652609642,0.0048036116142605,-0.00345247706504575
"rs11719939","age_z",0.585858585858586,0.00370933633435853,-2.661125552063e-05,0.00401075031315392,0.000147920810977449
"rs11719939","age_z",0.595959595959596,0.00116730132516822,0.00191460330904578,0.000873117801970846,0.00249337544855856
"rs11719939","age_z",0.606060606060606,-0.00162934508765082,0.00276790794396403,-0.00163418976843031,0.00235530746750007
"rs11719939","age_z",0.616161616161616,-0.00368327800054445,0.00316146855155233,-0.00347070164450477,0.00297788149436653
"rs11719939","age_z",0.626262626262626,-0.00555518225313185,0.00378135602560401,-0.00566968403650798,0.0041613479006052
"rs11719939","age_z",0.636363636363636,-0.00622694868583551,0.00407521875932487,-0.00626475549244244,0.00397184068559468
"rs11719939","age_z",0.646464646464647,-0.00434029036864162,0.00339731412663983,-0.00438773693745031,0.00310444495912707
"rs11719939","age_z",0.656565656565657,0.000229562229495409,0.00204452122695423,5.59495917513768e-05,0.00243597098579967
"rs11719939","age_z",0.666666666666667,0.00544382822716439,0.000473476356981969,0.00548870504904246,0.000603746797983318
"rs11719939","age_z",0.676767676767677,0.00898001031867582,-0.000721334096287481,0.00922482955052257,-0.00130114774448874
"rs11719939","age_z",0.686868686868687,0.00935959463479023,-0.000313065268430273,0.0093974923130092,-0.000101524411796922
"rs11719939","age_z",0.696969696969697,0.00603730941084919,0.00171933380201393,0.00608915835931047,0.00188444394484917
"rs11719939","age_z",0.707070707070707,0.00116284346688183,0.00166068361319497,0.00110850403462513,0.00170642459739624
"rs11719939","age_z",0.717171717171717,-0.00316796572036234,0.0013091356448525,-0.00331816474390834,0.00114014739439283
"rs11719939","age_z",0.727272727272727,-0.00545881990011009,0.00306103310825173,-0.00543008710827162,0.00290028436124343
"rs11719939","age_z",0.737373737373737,-0.00583548013674417,0.00482827163684843,-0.00582948772402697,0.00513042721290679
"rs11719939","age_z",0.747474747474748,-0.00479937592365573,0.00466895447836053,-0.00486964392578507,0.00477106994910656
"rs11719939","age_z",0.757575757575758,-0.00277271726064518,0.00479579736340036,-0.00268977344206923,0.00433642982758468
"rs11719939","age_z",0.767676767676768,-0.000308532169859584,0.00503017332343842,-0.000348191826053014,0.0052673250754371
"rs11719939","age_z",0.777777777777778,0.001970963853389,0.00472039377974285,0.0019423243371654,0.00514238531839074
"rs11719939","age_z",0.787878787878788,0.00346041917899894,0.00477718954800856,0.00362642547475114,0.00408579274931666
"rs11719939","age_z",0.797979797979798,0.00405725815220937,0.00573690989521163,0.00389175857923733,0.00583379823099386
"rs11719939","age_z",0.808080808080808,0.00387060098971708,0.00743948384109235,0.00402718873651413,0.00780346617311248
"rs11719939","age_z",0.818181818181818,0.00332455405107515,0.007755144906928,0.00332754422310207,0.00749201623427035
"rs11719939","age_z",0.828282828282828,0.00297882940380641,0.00517168951274752,0.00274853093621564,0.00559613599589331
"rs11719939","age_z",0.838383838383838,0.00348099033091528,0.00221745052969809,0.00369659435067369,0.00180839108814097
"rs11719939","age_z",0.848484848484849,0.00497711739349683,0.000933105032889143,0.00496626624937615,0.000794937608093927
"rs11719939","age_z",0.858585858585859,0.00739191265601362,0.00234100893941624,0.00713655271326931,0.00267279078447361
"rs11719939","age_z",0.868686868686869,0.010322906090563,0.00498787610372425,0.0104540715562227,0.0047749949469239
"rs11719939","age_z",0.878787878787879,0.0130372111804029,0.0066686215879101,0.0130769884804133,0.00663933637229604
"rs11719939","age_z",0.888888888888889,0.0140760182081062,0.00567467775502313,0.0140600922526167,0.00619317234000835
"rs11719939","age_z",0.898989898989899,0.0128061766397257,0.00427687032220248,0.0130612194247885,0.00370905351834935
"rs11719939","age_z",0.909090909090909,0.00965875799841498,0.00462719669072496,0.00954162115202953,0.00461141293009133
"rs11719939","age_z",0.919191919191919,0.00749420786234279,0.00485592933492542,0.0074237474809025,0.0051791899339074
"rs11719939","age_z",0.929292929292929,0.00695569710783088,0.00420992187471372,0.00644874739309369,0.00420312589996237
"rs11719939","age_z",0.93939393939394,0.00761934133813543,0.0027341904408325,0.00833464617853561,0.00249385021557553
"rs11719939","age_z",0.94949494949495,0.00780596116089129,0.00140292133822446,0.00737057882615916,0.00136709353665963
"rs11719939","age_z",0.95959595959596,0.00537925143390714,0.000273680688745457,0.00556347957099467,0.000539557923664594
"rs11719939","age_z",0.96969696969697,-0.00100196110388568,-0.00379246067907517,-0.00030650346562906,-0.00389011552041193
"rs11719939","age_z",0.97979797979798,-0.00734879217525248,-0.00948672221046001,-0.00827725725106535,-0.0092615146968734
"rs11719939","age_z",0.98989898989899,-0.0095797293783804,-0.0143642010886887,-0.00955701382066002,-0.0148212449643463
"rs11719939","age_z",1,-0.00871610735236947,-0.0170321279021552,-0.00849824121926222,-0.0168184237325927
"rs11719939","handedness",0,0.0270376699946808,-0.025084281538119,0.0263810606023932,-0.0249557608541715
"rs11719939","handedness",0.0101010101010101,0.0179512447616615,-0.0184415277214205,0.0192957184791912,-0.0190350213626349
"rs11719939","handedness",0.0202020202020202,0.000665447537964714,-0.012514950348071,0.000481327097891004,-0.011621417939005
"rs11719939","handedness",0.0303030303030303,-0.0176455504658518,-0.00967561700508509,-0.0182652077813443,-0.010104618659013
"rs11719939","handedness",0.0404040404040404,-0.0267429250285282,-0.0078815053844136,-0.026172920088186,-0.00731347480002344
"rs11719939","handedness",0.0505050505050505,-0.0219110273772963,0.00549016584176028,-0.0232922233865303,0.00399663129355481
"rs11719939","handedness",0.0606060606060606,-0.0112912422406933,0.0233538457220862,-0.0118656063992216,0.0236234704725646
"rs11719939","handedness",0.0707070707070707,-0.00525427463744353,0.0337309093247757,-0.00245681783673589,0.035100180168666
"rs11719939","handedness",0.0808080808080808,-0.0108467884652277,0.0289141926326717,-0.0112955610154072,0.0282899747532435
"rs11719939","handedness",0.0909090909090909,-0.0283175909046022,0.00836071563379121,-0.0296051946297551,0.00918685270111591
"rs11719939","handedness",0.101010101010101,-0.0396347949322338,-0.00832493208926625,-0.0390068686891026,-0.00981886434967342
"rs11719939","handedness",0.111111111111111,-0.0431464332621806,-0.0123926642233224,-0.0431205395763863,-0.0123077476339602
"rs11719939","handedness",0.121212121212121,-0.0412091812906189,-0.005099031882324,-0.0419867128311972,-0.00450617115345446
"rs11719939","handedness",0.131313131313131,-0.031874624093282,-0.00437305303993368,-0.0315350676651606,-0.00413783781958557
"rs11719939","handedness",0.141414141414141,-0.0196447183858102,-0.00829963437407079,-0.018873929292541,-0.00876137602813296
"rs11719939","handedness",0.151515151515152,-0.00928126324021478,-0.0101047293405676,-0.0101549232793405,-0.00992840576299839
"rs11719939","handedness",0.161616161616162,0.00144299334735892,-0.00919152171829214,0.00139204884757174,-0.00907709487168785
"rs11719939","handedness",0.171717171717172,0.0130090493604079,-0.00541091759334367,0.0131555129419917,-0.00592014100687446
"rs11719939","handedness",0.181818181818182,0.0156343113136675,0.00328066472274031,0.0164019704747903,0.00345893318396871
"rs11719939","handedness",0.191919191919192,0.0108845716866937,0.0100559789137581,0.0107889579543137,0.0103573445155297
"rs11719939","handedness",0.202020202020202,0.00385802071708327,0.00828358648116807,0.00322699445171233,0.00837616030620359
"rs11719939","handedness",0.212121212121212,-0.00105946307954562,0.00208269347526187,-0.000976511008203746,0.00192785923838218
"rs11719939","handedness",0.222222222222222,-0.00125727183178929,-0.00220273468709938,-0.00111019010291449,-0.00247087935508276
"rs11719939","handedness",0.232323232323232,0.000298902930831674,-0.00222770873052489,0.000130610629051579,-0.00222739790711523
"rs11719939","handedness",0.242424242424242,0.00229606278089192,-0.00469961738592711,0.00237553612800609,-0.00419570051791273
"rs11719939","handedness",0.252525252525253,0.0040119400712531,-0.0122898690820129,0.00414523193250156,-0.0118999413706894
"rs11719939","handedness",0.262626262626263,0.00438838072879346,-0.00958416545499125,0.00439419183671182,-0.0113353693030282
"rs11719939","handedness",0.272727272727273,0.00434979508145767,-0.00157562138790531,0.00397394972763767,-0.000843357159934256
"rs11719939","handedness",0.282828282828283,0.00447358117301735,0.00187707667168897,0.00469940207149905,0.0028697934432788
"rs11719939","handedness",0.292929292929293,0.00174478283581887,-0.00195628137385935,0.00208867037517144,-0.00253805271575927
"rs11719939","handedness",0.303030303030303,-0.00551443811443183,-0.0114078885056675,-0.00538143485557077,-0.0115673649320204
"rs11719939","handedness",0.313131313131313,-0.0111391555876604,-0.0170643005257893,-0.0115176254109016,-0.0168390786180934
"rs11719939","handedness",0.323232323232323,-0.0111214844395584,-0.0177679949558873,-0.0115673244560068,-0.0182740645436665
"rs11719939","handedness",0.333333333333333,-0.00351696502610052,-0.0150821193942491,-0.0029393362008176,-0.0145118289275902
"rs11719939","handedness",0.343434343434343,0.00975740777758528,-0.0105806819969951,0.00901033500679033,-0.0108436427189791
"rs11719939","handedness",0.353535353535354,0.0239237865290989,-0.00545991558835045,0.0241474965044412,-0.00555571088910343
"rs11719939","handedness",0.363636363636364,0.0298944805714107,0.000418318663163285,0.0311066188939747,0.000794374767904638
"rs11719939","handedness",0.373737373737374,0.0297747604512348,0.00682228914153506,0.0289029836515479,0.00600034543245462
"rs11719939","handedness",0.383838383838384,0.0279567278737704,0.0131250923365059,0.0274148760057675,0.0145241889642558
"rs11719939","handedness",0.393939393939394,0.0248689032101582,0.0176350762165982,0.0253476706266732,0.0163551823716809
"rs11719939","handedness",0.404040404040404,0.0198647021476338,0.0175153196335157,0.0212333692896403,0.0172459674294945
"rs11719939","handedness",0.414141414141414,0.0124383192352853,0.010943422820699,0.01000046448065,0.0129056975605774
"rs11719939","handedness",0.424242424242424,0.00273688777669287,0.00109275899081781,0.00245190435031386,0.000548433324580081
"rs11719939","handedness",0.434343434343434,-0.00961254519969191,-0.0047735547178201,-0.00354337057613132,-0.00745202832951602
"rs11719939","handedness",0.444444444444444,-0.0246554079154785,0.00451463110931977,-0.0317112587089648,0.0073189098978475
"rs11719939","handedness",0.454545454545455,-0.0308772151362548,0.0131435847792093,-0.0298615753012245,0.0120686208385746
"rs11719939","handedness",0.464646464646465,-0.0193738947993517,0.00433741077470817,-0.0168939318056662,0.00513127994284991
"rs11719939","handedness",0.474747474747475,-0.0039262619488454,-0.0127037599293787,-0.00529040753663095,-0.0129744188659179
"rs11719939","handedness",0.484848484848485,0.00208688996881175,-0.0257582429654662,0.00242645616145772,-0.0267330833656032
"rs11719939","handedness",0.494949494949495,0.00593539391644858,-0.0346535141852419,0.00548179962165382,-0.0330432817020221
"rs11719939","handedness",0.505050505050505,0.00638493787936751,-0.0353268918643904,0.00703177192376817,-0.0364607035221484
"rs11719939","handedness",0.515151515151515,-0.00127981325313422,-0.026648607302204,-0.00161943054933874,-0.0278407862625212
"rs11719939","handedness",0.525252525252525,-0.01810427837511,-0.0218007168430077,-0.0170717940380097,-0.0187887258293074
"rs11719939","handedness",0.535353535353535,-0.0329040713933259,-0.0196090911338576,-0.033256159281395,-0.021243091784618
"rs11719939","handedness",0.545454545454546,-0.0354135916493965,-0.0149589029683431,-0.0378156593212442,-0.0155436209970043
"rs11719939","handedness",0.555555555555556,-0.0311088612196652,-0.00610228514861544,-0.0287962233869642,-0.0049433883097488
"rs11719939","handedness",0.565656565656566,-0.0274870121799642,0.00604266125692265,-0.0272673902123117,0.00452680888978456
"rs11719939","handedness",0.575757575757576,-0.0240850403913997,0.0147544127477828,-0.0254488548470413,0.016007587647153
"rs11719939","handedness",0.585858585858586,-0.0173138321190782,0.0174611800568034,-0.0164028315699573,0.0184431159425641
"rs11719939","handedness",0.595959595959596,-0.00562553724109504,0.0137930414880312,-0.00687796348839124,0.0112209834923814
"rs11719939","handedness",0.606060606060606,0.00315082600069174,0.00621358313291143,0.00438394401532135,0.00802258801889471
"rs11719939","handedness",0.616161616161616,0.00151522968334043,-0.000879414668209904,0.00212756977571259,-0.000421152468041869
"rs11719939","handedness",0.626262626262626,-0.00723127163446523,-0.000792297141177304,-0.00826863593847446,-0.00304346776264943
"rs11719939","handedness",0.636363636363636,-0.0166814046153886,0.00396482869262488,-0.0162659987707038,0.00542265508529744
"rs11719939","handedness",0.646464646464647,-0.0202342452110815,0.00813492723301714,-0.0200073631280628,0.00859957973450143
"rs11719939","handedness",0.656565656565657,-0.0130254027974436,0.00772471598874954,-0.0143227926576788,0.00685377395733251
"rs11719939","handedness",0.666666666666667,0.00158241152045174,0.00588893197024755,0.00196864021031042,0.00594647987508691
"rs11719939","handedness",0.676767676767677,0.0182204174840555,0.006440393127662,0.0189302410249999,0.0069152604348679
"rs11719939","handedness",0.686868686868687,0.0318080578189029,0.00853668786397194,0.0314771089580178,0.00825746801559258
"rs11719939","handedness",0.696969696969697,0.0387472475884325,0.0095542253463696,0.038816898817159,0.00899346048262547
"rs11719939","handedness",0.707070707070707,0.0405666562953611,0.00584345459766324,0.0407001606871565,0.00694216217306234
"rs11719939","handedness",0.717171717171717,0.0381457223212805,-0.00108843820196746,0.0379342992253988,-0.00119786306080313
"rs11719939","handedness",0.727272727272727,0.0320157239777028,-0.00825447208766415,0.0322496981596022,-0.00914140702843486
"rs11719939","handedness",0.737373737373737,0.0233749470088279,-0.0125225959622186,0.0232209457789847,-0.0120416315528806
"rs11719939","handedness",0.747474747474748,0.0130295724763584,-0.0115957617330629,0.0128933604769782,-0.0112787035747518
"rs11719939","handedness",0.757575757575758,0.000476842637605994,-0.00698207828383128,0.00107794381202946,-0.00781259549608492
"rs11719939","handedness",0.767676767676768,-0.011638907357632,-0.0023412243370475,-0.0121220999458667,-0.00182285318860374
"rs11719939","handedness",0.777777777777778,-0.0204040336572308,0.000827182541811726,-0.0206085335962679,0.00164625954523396
"rs11719939","handedness",0.787878787878788,-0.0252594206761878,0.00793978973931995,-0.0247419504612179,0.00610559025572645
"rs11719939","handedness",0.797979797979798,-0.0252063860585812,0.0148762647151957,-0.0256081628133829,0.0158191985350534
"rs11719939","handedness",0.808080808080808,-0.0197021179188185,0.0165408026452945,-0.0199013737527286,0.0173469107439385
"rs11719939","handedness",0.818181818181818,-0.0111240316795028,0.0159528254792099,-0.0106900285078807,0.0149393315687539
"rs11719939","handedness",0.828282828282828,-0.00151758156686105,0.0169338931996506,-0.00150963125384876,0.0169894246608804
"rs11719939","handedness",0.838383838383838,0.0104827659085748,0.0187076355260829,0.0101201674039618,0.0190745753436127
"rs11719939","handedness",0.848484848484849,0.0239562247476722,0.0205059910297962,0.0239190742795238,0.0204817167908351
"rs11719939","handedness",0.858585858585859,0.0370678529161601,0.0220790456505788,0.037433017835226,0.0217895451407207
"rs11719939","handedness",0.868686868686869,0.0476744217512406,0.0240144972900715,0.0476295793016535,0.0239817109889736
"rs11719939","handedness",0.878787878787879,0.053890966192295,0.0263865997414935,0.0533393833273757,0.0271163795525836
"rs11719939","handedness",0.888888888888889,0.0549211397387894,0.0276855002019104,0.0558635685137885,0.0267600401827996
"rs11719939","handedness",0.898989898989899,0.049293041240879,0.0309076259670489,0.0489797183698605,0.0310730761992933
"rs11719939","handedness",0.909090909090909,0.0383934533754697,0.0351713975934953,0.0389416144057093,0.0351879857721048
"rs11719939","handedness",0.919191919191919,0.0321224179681868,0.0259389974540784,0.0305372339329075,0.0267285065287677
"rs11719939","handedness",0.929292929292929,0.0277619188809517,0.0118269832644994,0.0279906243632367,0.0119143236194969
"rs11719939","handedness",0.93939393939394,0.0195135827808935,0.00456720005325217,0.0212394570250516,0.00255924706354899
"rs11719939","handedness",0.94949494949495,0.00498707182358141,1.29782185979731e-05,0.00409981610664805,0.00145837259431756
"rs11719939","handedness",0.95959595959596,-0.0126029490213581,-0.00934660027115291,-0.0117046274857218,-0.00856808156658645
"rs11719939","handedness",0.96969696969697,-0.0167847096672375,-0.0261751020114234,-0.0191907307683783,-0.027493265321855
"rs11719939","handedness",0.97979797979798,-0.00935292868831561,-0.0428273912666666,-0.00882649664456275,-0.042192861063558
"rs11719939","handedness",0.98989898989899,0.00192420629703661,-0.0517133110145047,0.00351502718647057,-0.0521343677341159
"rs11719939","handedness",1,0.00840411409689505,-0.0551659411886049,0.0076280862089261,-0.0549500923089761
"rs11719939","APOE4",0,0.0102238618990204,-0.00279368712454088,0.0100940658371126,-0.00269324945930304
"rs11719939","APOE4",0.0101010101010101,0.00810002370556808,-0.000516550338716715,0.00843924358213325,-0.000919739298454055
"rs11719939","APOE4",0.0202020202020202,0.00385115836408026,0.00177022328375665,0.00360225747216844,0.00230270477945496
"rs11719939","APOE4",0.0303030303030303,-0.000398073528137397,0.00204921302306155,-0.000372986628237806,0.00182367567762515
"rs11719939","APOE4",0.0404040404040404,-0.00216192402057613,0.00049271260060137,-0.00205695361800997,0.000622823982874299
"rs11719939","APOE4",0.0505050505050505,-0.00116838599907805,0.00297753503509575,-0.00144188564084547,0.00252738858669925
"rs11719939","APOE4",0.0606060606060606,0.00047248423666946,0.0057606145602635,0.000578517925966433,0.00594948657125255
"rs11719939","APOE4",0.0707070707070707,0.000454875024033918,0.00348018884662606,0.000640660865509864,0.00390120715630605
"rs11719939","APOE4",0.0808080808080808,-0.0023595099996561,-0.0039178815047993,-0.00238031056824081,-0.00409976795981992
"rs11719939","APOE4",0.0909090909090909,-0.00746889605753791,-0.0136894156539081,-0.00751830170676712,-0.0137489021306574
"rs11719939","APOE4",0.101010101010101,-0.010427606811908,-0.018647433501724,-0.0105370182019267,-0.018715422012519
"rs11719939","APOE4",0.111111111111111,-0.0112372443998579,-0.0159049755107325,-0.0112051175610609,-0.0159337745637396
"rs11719939","APOE4",0.121212121212121,-0.010624930056984,-0.00654667274256975,-0.0103788340347447,-0.00706606888868967
"rs11719939","APOE4",0.131313131313131,-0.00734283180548962,0.000594771338061998,-0.00780711625777871,0.00159835195657565
"rs11719939","APOE4",0.141414141414141,-0.00309353379644667,0.00362534113673403,-0.002954284622488,0.00334862393750205
"rs11719939","APOE4",0.151515151515152,-0.000175076499436396,0.00335007388685397,0.000150418721396191,0.00289532098079649
"rs11719939","APOE4",0.161616161616162,0.000406439069621284,0.00190279843073191,0.000112602488869448,0.00242609698859541
"rs11719939","APOE4",0.171717171717172,-0.00135643193903297,0.00111468529371062,-0.00110232791232748,0.00066628847449733
"rs11719939","APOE4",0.181818181818182,-0.00319687260399866,0.000470209784975359,-0.00344959076972076,0.000819667264522313
"rs11719939","APOE4",0.191919191919192,-0.00388608846041502,-0.000410090363024444,-0.00382092049062335,-0.000482525744782247
"rs11719939","APOE4",0.202020202020202,-0.00291574931142889,-0.00140771655642114,-0.00287349201330904,-0.00153712905755997
"rs11719939","APOE4",0.212121212121212,-0.000945688272932694,-0.00118324539813127,-0.000985998336828034,-0.00114264488007944
"rs11719939","APOE4",0.222222222222222,0.00145053384317208,0.000425741064118671,0.00148627164863957,0.000347353984419591
"rs11719939","APOE4",0.232323232323232,0.0047121478308685,-0.000439378689816509,0.00459829925238987,-5.83503909726019e-05
"rs11719939","APOE4",0.242424242424242,0.00765485392501835,-0.00148783438554839,0.00777803309388825,-0.0018901489934502
"rs11719939","APOE4",0.252525252525253,0.00901015075296248,-0.000184223703067953,0.00900027836970119,-0.000208796972597022
"rs11719939","APOE4",0.262626262626263,0.00893461477517583,0.000571863655553782,0.00887133182474054,0.000942918630925398
"rs11719939","APOE4",0.272727272727273,0.0070412440551142,0.00108999586616959,0.00709828006133147,0.000786448267855692
"rs11719939","APOE4",0.282828282828283,0.00293690328385032,0.00232975494048913,0.00298406927774758,0.002348615247959
"rs11719939","APOE4",0.292929292929293,-0.00283623862475238,0.00297834529130959,-0.00284388289120274,0.00311672677222576
"rs11719939","APOE4",0.303030303030303,-0.00873395204611811,0.00238218369573282,-0.00868752548314539,0.00237394691125631
"rs11719939","APOE4",0.313131313131313,-0.0113578662094184,0.00324268618847482,-0.0115867413358333,0.00299685735433536
"rs11719939","APOE4",0.323232323232323,-0.0114165655840361,0.00327166437421662,-0.0113419956378549,0.00349999282733151
"rs11719939","APOE4",0.333333333333333,-0.0103184036702474,0.000256999505291551,-0.0101075288725287,0.00047822453886371
"rs11719939","APOE4",0.343434343434343,-0.0073956201966745,-0.0014922373812904,-0.00763208110913744,-0.00195759119817213
"rs11719939","APOE4",0.353535353535354,-0.00243719815153926,0.00103734460158603,-0.00253094711355545,0.000999022359308701
"rs11719939","APOE4",0.363636363636364,0.00186232422351253,0.00163060215104696,0.00224649596761079,0.00226187973383374
"rs11719939","APOE4",0.373737373737374,0.00582276321083755,0.00104791914522117,0.00560163047275732,0.000524750293736799
"rs11719939","APOE4",0.383838383838384,0.00955069923521999,0.00186426441571683,0.0091371589590862,0.00185689263502535
"rs11719939","APOE4",0.393939393939394,0.00958307218190416,0.00376328675176835,0.0103891310020454,0.00405584531095279
"rs11719939","APOE4",0.404040404040404,0.0063397709909944,0.00477522338492296,0.00615295770988394,0.00442256995215446
"rs11719939","APOE4",0.414141414141414,0.00147761843415126,0.00367086768573246,0.00102068124197432,0.00407995459553086
"rs11719939","APOE4",0.424242424242424,-0.00349254385980119,0.0031758578976668,-0.00342310457487168,0.00320287904398381
"rs11719939","APOE4",0.434343434343434,-0.00815964012252811,0.00458483352873166,-0.00736019206739375,0.00323839978233723
"rs11719939","APOE4",0.444444444444444,-0.0145829399793433,0.00206271140050776,-0.0152995392693468,0.00421785316253699
"rs11719939","APOE4",0.454545454545455,-0.0187540360084543,-0.00244883310571647,-0.019158818263332,-0.00335765790654396
"rs11719939","APOE4",0.464646464646465,-0.0168406607748327,-0.00527634034026057,-0.0159153431680333,-0.00602625446665772
"rs11719939","APOE4",0.474747474747475,-0.0128460544123914,-0.00601568209327731,-0.0133615927396532,-0.00525296408841265
"rs11719939","APOE4",0.484848484848485,-0.0110101166335503,-0.00511003225136539,-0.0109500713293108,-0.00500291102828295
"rs11719939","APOE4",0.494949494949495,-0.00915033190075223,-0.00320348049829012,-0.0089553754019559,-0.003791429471241
"rs11719939","APOE4",0.505050505050505,-0.00522778338246158,-0.00129424115916896,-0.00535298691359786,-0.000962786079558793
"rs11719939","APOE4",0.515151515151515,0.00146721751195593,0.000368500874811975,0.000994791530331134,0.000767031254995814
"rs11719939","APOE4",0.525252525252525,0.00819006239992513,0.00365561929279016,0.00877085237081391,0.00286867076692887
"rs11719939","APOE4",0.535353535353535,0.0113205685454928,0.00646719782798621,0.011534733761086,0.00654875115053694
"rs11719939","APOE4",0.545454545454546,0.00874530344037308,0.00599416130934394,0.00816785567396688,0.0068183999046378
"rs11719939","APOE4",0.555555555555556,0.00439063560436472,0.00139165718976442,0.00485348300531159,0.000901953609305152
"rs11719939","APOE4",0.565656565656566,0.0027709938728458,-0.00486265191448587,0.0023481569329383,-0.00485631517113585
"rs11719939","APOE4",0.575757575757576,0.00421657965467942,-0.00330895026705476,0.00425309217577662,-0.00375797856796011
"rs11719939","APOE4",0.585858585858586,0.00614903377429144,0.000969297738109143,0.00674457070104644,0.00155367388013199
"rs11719939","APOE4",0.595959595959596,0.00651943512567353,0.00100812197348013,0.00577153365106678,0.000990288458007281
"rs11719939","APOE4",0.606060606060606,0.00738328552407599,-0.000303730985099314,0.00752401757847164,-0.000622659083144005
"rs11719939","APOE4",0.616161616161616,0.00954746987215507,0.000571457506420982,0.010023868417569,0.000772425613321046
"rs11719939","APOE4",0.626262626262626,0.00746522485058916,0.00083334598819956,0.00711232117043659,0.000735975728659884
"rs11719939","APOE4",0.636363636363636,0.0042960338957772,-0.000457540800656342,0.00432716656554834,-0.000252314440610169
"rs11719939","APOE4",0.646464646464647,0.00438301514740806,-0.00326352252885215,0.00438621356710965,-0.0036046362553834
"rs11719939","APOE4",0.656565656565657,0.00617753358942814,-0.00714322948856145,0.00612362894186104,-0.00687426175845675
"rs11719939","APOE4",0.666666666666667,0.00798805627832671,-0.0109163434489536,0.008024560409356,-0.0105928150090854
"rs11719939","APOE4",0.676767676767677,0.00863217137487288,-0.0132460534353394,0.00868011146065932,-0.0140891682121672
"rs11719939","APOE4",0.686868686868687,0.0075452417380449,-0.0128501387550592,0.00756220892989862,-0.012318512024322
"rs11719939","APOE4",0.696969696969697,0.00462466142549846,-0.00990891946723005,0.00456972527406858,-0.0100188170255661
"rs11719939","APOE4",0.707070707070707,0.000881424092394316,-0.0085939567746019,0.000941779120798063,-0.00843759287642294
"rs11719939","APOE4",0.717171717171717,-0.00283289107796314,-0.00730837873541096,-0.00284445981130023,-0.00753794311786738
"rs11719939","APOE4",0.727272727272727,-0.00582686084246972,-0.00383025644171408,-0.00588981956148499,-0.00381776543935194
"rs11719939","APOE4",0.737373737373737,-0.00758268372283987,-0.000654759446633723,-0.0075287525184122,-0.000522460688558126
"rs11719939","APOE4",0.747474747474748,-0.00790191100363967,-0.000239609455692095,-0.00801235691475828,-0.000170827309195436
"rs11719939","APOE4",0.757575757575758,-0.00756571989783856,-0.000566168401661552,-0.00741532826599463,-0.000712514011448557
"rs11719939","APOE4",0.767676767676768,-0.0071345815073144,3.88039306818075e-05,-0.00720915842269208,-0.000108531309121143
"rs11719939","APOE4",0.777777777777778,-0.0067815332526409,0.00199543758393106,-0.00676472498243995,0.00246533368474656
"rs11719939","APOE4",0.787878787878788,-0.00589744018666127,0.00329031025176412,-0.00590569519277518,0.0029141890853848
"rs11719939","APOE4",0.797979797979798,-0.00469353273808864,0.00511449164089567,-0.00469496849436546,0.00491952492843829
"rs11719939","APOE4",0.808080808080808,-0.00332614940167707,0.00856790018487995,-0.00325895734839525,0.00904021851874078
"rs11719939","APOE4",0.818181818181818,-0.000648425237355239,0.0103187771176789,-0.000758628388207559,0.0101235026976531
"rs11719939","APOE4",0.828282828282828,0.00367669418328931,0.00831835268585276,0.00352391358596075,0.00847112353715955
"rs11719939","APOE4",0.838383838383838,0.00641390490875303,0.00805279248269188,0.00674067337061271,0.00780448798137311
"rs11719939","APOE4",0.848484848484849,0.00707264002334913,0.00928437880096538,0.0071405535040465,0.0090954906305284
"rs11719939","APOE4",0.858585858585859,0.00628509687419943,0.00989111150328962,0.0058970285707097,0.0104444428578552
"rs11719939","APOE4",0.868686868686869,0.00529418145347864,0.00832865234468737,0.00542765483570486,0.00821892262310913
"rs11719939","APOE4",0.878787878787879,0.0047154762445891,0.00461356903541885,0.00501250316433221,0.00409744884325114
"rs11719939","APOE4",0.888888888888889,0.00292674689204726,0.00270208187102807,0.00256269520263407,0.00325459665396272
"rs11719939","APOE4",0.898989898989899,0.00105450173535854,0.00106166425615554,0.00108573775468057,0.00115512592620368
"rs11719939","APOE4",0.909090909090909,0.000526037802658644,-0.00148329790520394,0.000903305779195791,-0.00228742040086197
"rs11719939","APOE4",0.919191919191919,0.000601777699215518,-5.01901335277519e-05,0.000126931773118567,0.000673748944776552
"rs11719939","APOE4",0.929292929292929,0.000595603628214987,0.00322818871360776,0.000655256791759554,0.00314078751226568
"rs11719939","APOE4",0.93939393939394,0.000428410136819148,0.00463206319674392,0.000895721049216405,0.00421379700551197
"rs11719939","APOE4",0.94949494949495,0.00181428439755145,0.00319238672860648,0.00128849970859065,0.00366684857658571
"rs11719939","APOE4",0.95959595959596,0.00498441620430607,-0.000748206977103679,0.00488685429896653,-0.00079371676046951
"rs11719939","APOE4",0.96969696969697,0.00477569297951955,-0.0047261328044615,0.00559922908065993,-0.00493410982961909
"rs11719939","APOE4",0.97979797979798,0.00341572568434076,-0.00715397134758097,0.00269430764420239,-0.00714166675598609
"rs11719939","APOE4",0.98989898989899,0.00449626990159013,-0.00742539277316918,0.00463417861437403,-0.0073316645695693
"rs11719939","APOE4",1,0.00774374062709181,-0.00735826174033804,0.00779377684066947,-0.00738650446379534
"rs11719939","PC1",0,0.0103745964131619,0.000406014347070881,0.0103077609188437,0.000513502515407415
"rs11719939","PC1",0.0101010101010101,0.00903295084044481,0.00190423882855521,0.00910530898546123,0.00160295453389846
"rs11719939","PC1",0.0202020202020202,0.00470861959387481,0.00421104441400888,0.00479194131858523,0.00438887712098399
"rs11719939","PC1",0.0303030303030303,-0.00105615519384708,0.00585460277627648,-0.000926332999916781,0.00605521070042688
"rs11719939","PC1",0.0404040404040404,-0.00489979550190178,0.00623366549748655,-0.00541978850367208,0.00622727667199804
"rs11719939","PC1",0.0505050505050505,-0.00306180108035083,0.008789070515113,-0.00284295101056342,0.00820221465035884
"rs11719939","PC1",0.0606060606060606,0.0015816620008977,0.0123328041514345,0.00208480142672419,0.0125221613218898
"rs11719939","PC1",0.0707070707070707,0.00534981582848089,0.0142400046174587,0.00446971055032749,0.0145635598457988
"rs11719939","PC1",0.0808080808080808,0.00852892511748433,0.0121537490967417,0.00903597088409481,0.0121917814993954
"rs11719939","PC1",0.0909090909090909,0.0108908670906239,0.00529188139204834,0.0109583728559597,0.00564472077298141
"rs11719939","PC1",0.101010101010101,0.00823958496726591,-0.00183840241963922,0.00814019539438539,-0.00252291183834205
"rs11719939","PC1",0.111111111111111,0.00309950819560568,-0.00618922530553712,0.00319316975856579,-0.00603010223117986
"rs11719939","PC1",0.121212121212121,-0.000670437479279449,-0.00632334568681098,-0.000922462594480835,-0.00641529887522784
"rs11719939","PC1",0.131313131313131,-0.00214711096686183,-0.00409185882908553,-0.0019151521966056,-0.00409007291843227
"rs11719939","PC1",0.141414141414141,-0.00131807532937754,-0.0014663040175919,-0.001417679538215,-0.00128412653294052
"rs11719939","PC1",0.151515151515152,0.00133514645439089,0.000242074884404778,0.0012063824414365,0.000233226358081262
"rs11719939","PC1",0.161616161616162,0.00354373359454304,0.00161479949722766,0.00370175569767374,0.00149009512604294
"rs11719939","PC1",0.171717171717172,0.00353313941770491,0.00304325750858079,0.00370342337880844,0.00294585225941487
"rs11719939","PC1",0.181818181818182,0.00286758025377673,0.00290552172931016,0.00254426906531705,0.00329533513278186
"rs11719939","PC1",0.191919191919192,0.00234984590616694,0.00147628501557221,0.00242387638348416,0.00137804075475176
"rs11719939","PC1",0.202020202020202,0.00210559958532677,-0.000278465266475616,0.00225723105067225,-0.000454471268043362
"rs11719939","PC1",0.212121212121212,0.00125452322567622,-0.00118750905949831,0.00114127249795291,-0.00123700949338892
"rs11719939","PC1",0.222222222222222,-0.000722648588907525,-0.000588091794703753,-0.000654219337845957,-0.000426086394382109
"rs11719939","PC1",0.232323232323232,-0.00230044634117311,0.000248569472596184,-0.00237114377639439,9.70170477885032e-05
"rs11719939","PC1",0.242424242424242,-0.00296268030734754,0.000711976110732403,-0.00295071228542404,0.00080728158442139
"rs11719939","PC1",0.252525252525253,-0.00259221440422995,0.000678033832594535,-0.00256568925770698,0.00085452400368852
"rs11719939","PC1",0.262626262626263,-0.00135708738064091,0.000646771719872351,-0.00141459764727787,0.000370827205908571
"rs11719939","PC1",0.272727272727273,-0.000662086812192042,0.000895492479750576,-0.000687702750357114,0.000847729173488089
"rs11719939","PC1",0.282828282828283,-0.00173431560983655,0.00142703993333439,-0.00153231443100853,0.00166393134337117
"rs11719939","PC1",0.292929292929293,-0.00384698589918917,0.00155043005522953,-0.00395886181168895,0.00159702677816625
"rs11719939","PC1",0.303030303030303,-0.00581783210409896,0.000882128580899028,-0.00595273991518444,0.000533258299092627
"rs11719939","PC1",0.313131313131313,-0.00685531969650849,0.00054259387256753,-0.00669850842021607,0.000835384927517664
"rs11719939","PC1",0.323232323232323,-0.00723591342220124,0.000454653962274633,-0.00717625014406064,0.000482386417273671
"rs11719939","PC1",0.333333333333333,-0.00733811118461446,0.000178875648084162,-0.00755934120113769,-0.000139193757171677
"rs11719939","PC1",0.343434343434343,-0.00691353923852859,-0.000494682155175941,-0.00685271691137373,-0.000297965817177947
"rs11719939","PC1",0.353535353535354,-0.00597855202429814,-0.00194376364950994,-0.005725947507839,-0.00163915041552548
"rs11719939","PC1",0.363636363636364,-0.00561790274261655,-0.00446879713489998,-0.005948294654618,-0.00455032931769932
"rs11719939","PC1",0.373737373737374,-0.0048682481694579,-0.00468330511289149,-0.00475067229491942,-0.00505068932527122
"rs11719939","PC1",0.383838383838384,-0.00290702955595749,0.000494868641773282,-0.00278262248321591,0.000390848386149435
"rs11719939","PC1",0.393939393939394,-0.00116701111779805,0.00898957115631432,-0.00135186621627505,0.00902986030617784
"rs11719939","PC1",0.404040404040404,0.00127030265778199,0.0173265390554785,0.00137723278373786,0.0175316243249176
"rs11719939","PC1",0.414141414141414,0.00524899516199411,0.0223279556998656,0.00512814909110992,0.022250530504124
"rs11719939","PC1",0.424242424242424,0.00820607146562939,0.0221175600366479,0.00809051614132004,0.0219470532076748
"rs11719939","PC1",0.434343434343434,0.00742134787454254,0.0159550427418763,0.00821669822611341,0.0175610336575428
"rs11719939","PC1",0.444444444444444,0.0034005996743874,0.0066250883428906,0.00244196574788561,0.00470763271951757
"rs11719939","PC1",0.454545454545455,-0.000865274157515209,-0.00114608571134411,-0.000471737776394262,-0.00071441432749089
"rs11719939","PC1",0.464646464646465,-0.00273874609548489,-0.00374424252517582,-0.00264832022155965,-0.00345273716768004
"rs11719939","PC1",0.474747474747475,-0.00278631729690138,-0.00313403750559386,-0.00295546911587626,-0.0034308357052744
"rs11719939","PC1",0.484848484848485,-0.00210095083105857,-0.00177345817118341,-0.00209907161670398,-0.00150945562929164
"rs11719939","PC1",0.494949494949495,-0.000889672386716043,0.000914435508021569,-0.000810137919610526,0.000554624904886222
"rs11719939","PC1",0.505050505050505,6.60629867406838e-05,0.0041254292952245,7.45096130085681e-05,0.00423427613686642
"rs11719939","PC1",0.515151515151515,0.000255957742498786,0.00618564015816427,0.000165860153724847,0.00646731889730627
"rs11719939","PC1",0.525252525252525,0.00058878151091127,0.00513418254954445,0.000633256123564503,0.00514060694104877
"rs11719939","PC1",0.535353535353535,0.000398555269365649,0.0023476481782939,0.00050504728239784,0.00210127877267716
"rs11719939","PC1",0.545454545454546,-0.000883323356034149,-0.000282101863429379,-0.000986000640230609,-9.78230586452697e-05
"rs11719939","PC1",0.555555555555556,-0.001377800333911,-0.00243863869453366,-0.00136885567996171,-0.0024490611136808
"rs11719939","PC1",0.565656565656566,0.000687216668717008,-0.00389207385501183,0.000602500805409886,-0.00410151423327015
"rs11719939","PC1",0.575757575757576,0.00408171865786696,-0.00373274286178818,0.00413775684960879,-0.00369121035879386
"rs11719939","PC1",0.585858585858586,0.00635042832739886,-0.00294164161474382,0.00639696013476896,-0.00270275779159704
"rs11719939","PC1",0.595959595959596,0.00565774495671642,-0.00258686402863639,0.00569045546068695,-0.00277867536816452
"rs11719939","PC1",0.606060606060606,0.00315316667984194,-0.00188691806309114,0.0030768529094746,-0.00193526405662254
"rs11719939","PC1",0.616161616161616,0.000187847742056492,-0.00039290249059793,0.000228798490065249,-0.000418824163911761
"rs11719939","PC1",0.626262626262626,-0.00354773110659729,-9.50344904295788e-05,-0.0035042247341234,0.000198187754869158
"rs11719939","PC1",0.636363636363636,-0.00683650406109399,-0.000815195344274809,-0.00689516054143646,-0.000841028153494672
"rs11719939","PC1",0.646464646464647,-0.00808464436240834,-0.00163360122102958,-0.00807661615976515,-0.00217640881175567
"rs11719939","PC1",0.656565656565657,-0.00650749715471928,-0.00197753368008219,-0.00657267908069632,-0.00151181760072642
"rs11719939","PC1",0.666666666666667,-0.00244149578984795,-0.00267505053756208,-0.00236174887174554,-0.00235816992444355
"rs11719939","PC1",0.676767676767677,0.0032605918597847,-0.00446584516744855,0.00313120297225494,-0.00517120309968524
"rs11719939","PC1",0.686868686868687,0.00866070808665648,-0.00633454260539441,0.00872851515522259,-0.00607880067712079
"rs11719939","PC1",0.696969696969697,0.0116782155591448,-0.007176540799328,0.011832038545522,-0.00669617828592404
"rs11719939","PC1",0.707070707070707,0.0113402300288059,-0.00719765150816794,0.0112149360831171,-0.00792562433080827
"rs11719939","PC1",0.717171717171717,0.00917373705978321,-0.00660224178193511,0.00915012358072324,-0.00658050090327559
"rs11719939","PC1",0.727272727272727,0.00686651209954256,-0.00562295021804573,0.00694670025912102,-0.00498758120545039
"rs11719939","PC1",0.737373737373737,0.00437836315092794,-0.00495648630925251,0.00430688914082691,-0.00535611506986302
"rs11719939","PC1",0.747474747474748,0.00146441326323293,-0.00516087387306118,0.00152545192957159,-0.00528770424491503
"rs11719939","PC1",0.757575757575758,-0.00133984322686696,-0.00575027904433822,-0.00138974143581067,-0.0052870443397126
"rs11719939","PC1",0.767676767676768,-0.00378703044724294,-0.00588398821361076,-0.00376996413431998,-0.00624838746194049
"rs11719939","PC1",0.777777777777778,-0.00534839228544967,-0.0051153949734842,-0.00526470833920376,-0.00532816001822566
"rs11719939","PC1",0.787878787878788,-0.00459980981193287,-0.00436686348375204,-0.00483925668824932,-0.00379283472496241
"rs11719939","PC1",0.797979797979798,-0.00268926157902165,-0.00374937084706834,-0.00251819938226133,-0.00407991095388411
"rs11719939","PC1",0.808080808080808,-0.00113936620505983,-0.00313799121814563,-0.00110099035774868,-0.0032170151651942
"rs11719939","PC1",0.818181818181818,1.10314927874577e-05,-0.00269472530546255,-0.000147274345074104,-0.00235402053861475
"rs11719939","PC1",0.828282828282828,0.00093401059985054,-0.00231968558613566,0.00115939069763246,-0.00272761705495853
"rs11719939","PC1",0.838383838383838,0.00120646775281699,-0.00107362744056401,0.0010023906686169,-0.000915440439279184
"rs11719939","PC1",0.848484848484849,0.000424863010792902,0.000335824090669389,0.000428932990786747,0.000426764473381672
"rs11719939","PC1",0.858585858585859,-0.00163583743368986,0.000775153361969205,-0.00141192538264965,0.000539106145615413
"rs11719939","PC1",0.868686868686869,-0.00466622582461388,-0.00061222816232142,-0.00488342927803306,-0.000155112760102691
"rs11719939","PC1",0.878787878787879,-0.00822108345047937,-0.00359519627078615,-0.00809494117637964,-0.00377513031215564
"rs11719939","PC1",0.888888888888889,-0.0116891043317372,-0.00511463887064904,-0.0117072315851932,-0.00557197574755854
"rs11719939","PC1",0.898989898989899,-0.013827641885809,-0.00607670688752521,-0.013973163926072,-0.00542266416847781
"rs11719939","PC1",0.909090909090909,-0.0134337912860134,-0.00749050631317673,-0.0131659766348257,-0.0076449793719303
"rs11719939","PC1",0.919191919191919,-0.0105164291317779,-0.00673107803630558,-0.0107530104785688,-0.00713449029981778
"rs11719939","PC1",0.929292929292929,-0.00697615624443214,-0.00378191649609159,-0.0072481204293429,-0.00360995979282941
"rs11719939","PC1",0.93939393939394,-0.00454464460240973,0.000200367257386328,-0.00375065757257701,0.000209691107964689
"rs11719939","PC1",0.94949494949495,-0.00258315335615708,0.00311813021177912,-0.00294366062220041,0.00333450862812657
"rs11719939","PC1",0.95959595959596,0.000459808788137063,0.00389689732417155,-0.000203775694834357,0.00400586698840067
"rs11719939","PC1",0.96969696969697,0.00604931274741291,0.00541100141334669,0.0069527974327426,0.0048397144316468
"rs11719939","PC1",0.97979797979798,0.01050253937221,0.00745361734485856,0.0102878296972157,0.00768600700875971
"rs11719939","PC1",0.98989898989899,0.0106927175958168,0.00882904472507496,0.0104754245887298,0.00911439728588883
"rs11719939","PC1",1,0.0111853059861795,0.00872566603684968,0.0112906876777537,0.00853278855488942
"rs11719939","PC2",0,-0.00342459150884255,0.00215783840051079,-0.00342210079685844,0.00208320716127874
"rs11719939","PC2",0.0101010101010101,-0.0038712240652654,-0.00116721313035442,-0.00372759764194723,-0.000901769207353842
"rs11719939","PC2",0.0202020202020202,-0.00207958383020228,-0.0051853475123756,-0.0024774921499584,-0.00548756137839867
"rs11719939","PC2",0.0303030303030303,0.000818160331907625,-0.00752603457583814,0.00116849361569007,-0.00741904957202025
"rs11719939","PC2",0.0404040404040404,0.00300878438271925,-0.00740975727421092,0.00290146409132563,-0.00751777719946223
"rs11719939","PC2",0.0505050505050505,0.00461665553863278,-0.00965521146797547,0.00457384785957062,-0.00930560445456582
"rs11719939","PC2",0.0606060606060606,0.00468901311178062,-0.0124712759665828,0.00480018320001928,-0.0128110041341248
"rs11719939","PC2",0.0707070707070707,0.00274409752629609,-0.0126753633832953,0.00280212176551984,-0.0125541562646266
"rs11719939","PC2",0.0808080808080808,0.0018497810868004,-0.0100623498429243,0.00164773391497849,-0.010091527063304
"rs11719939","PC2",0.0909090909090909,0.0037636059481538,-0.00543946850070672,0.00358587465295039,-0.00555425328343822
"rs11719939","PC2",0.101010101010101,0.00351935484860029,-0.000759958512368182,0.00416919776393863,-0.000568769143175979
"rs11719939","PC2",0.111111111111111,0.00222184465816283,0.00145878425248466,0.00172689210691911,0.00137998982729601
"rs11719939","PC2",0.121212121212121,0.00177428003977669,0.000559125944695096,0.00162560959899133,0.000788151920333229
"rs11719939","PC2",0.131313131313131,6.17209766724314e-05,0.00166318789567158,0.000639127746217344,0.00118873573044074
"rs11719939","PC2",0.141414141414141,-0.00207127221669047,0.00400506099730082,-0.00241660680772915,0.00426861585153952
"rs11719939","PC2",0.151515151515152,-0.00312884799442306,0.00523574379127905,-0.00323026036785402,0.00531720538699875
"rs11719939","PC2",0.161616161616162,-0.0032382954861507,0.00449569926884778,-0.00308599882009473,0.00442675736275655
"rs11719939","PC2",0.171717171717172,-0.00287231069392381,0.00259946191196989,-0.00283336738119536,0.00265092486493694
"rs11719939","PC2",0.181818181818182,-0.00214434181323585,0.00368555238157405,-0.00220658528913409,0.00339774562450067
"rs11719939","PC2",0.191919191919192,-0.000636520260154137,0.00566285537942674,-0.000826378975025696,0.00605538579024801
"rs11719939","PC2",0.202020202020202,0.00161845128825445,0.00569356930960933,0.00188699151013261,0.00548407564973157
"rs11719939","PC2",0.212121212121212,0.00231464662795226,0.00548448872295977,0.00224282759132769,0.00546549968639657
"rs11719939","PC2",0.222222222222222,-0.000254915218205702,0.00653181941047489,-0.000203759071259424,0.00661106654846608
"rs11719939","PC2",0.232323232323232,-0.00370273685876665,0.00606555606412781,-0.00376004081584528,0.0060560184902496
"rs11719939","PC2",0.242424242424242,-0.00677217405741728,0.00445191592775065,-0.0068016236979817,0.00444075175920127
"rs11719939","PC2",0.252525252525253,-0.00854657184916138,0.00279745523099029,-0.00837640944750795,0.00276992965970161
"rs11719939","PC2",0.262626262626263,-0.00769963329248266,0.000875313767032449,-0.00797168493337062,0.000935727825842619
"rs11719939","PC2",0.272727272727273,-0.00478454545918403,-0.00116901789754441,-0.00480030732234935,-0.00120196191455712
"rs11719939","PC2",0.282828282828283,-0.000959212895480131,-0.0028047596631258,-0.000678430725722161,-0.00276831986255866
"rs11719939","PC2",0.292929292929293,0.00231361076271335,-0.00271272517262852,0.00215423781423977,-0.00284734005283845
"rs11719939","PC2",0.303030303030303,0.00415199008307048,-0.000363223853995551,0.00413647078652374,-0.00024695351467406
"rs11719939","PC2",0.313131313131313,0.00569668795364275,0.00155829317632731,0.0057420781286469,0.00157823551091695
"rs11719939","PC2",0.323232323232323,0.00632380340376728,0.00230476828878357,0.00628312004021344,0.00210691873690905
"rs11719939","PC2",0.333333333333333,0.00511614171583292,0.00184079185452551,0.00520500826569971,0.00215640442463592
"rs11719939","PC2",0.343434343434343,0.0024050275191646,5.25554112578385e-05,0.00238259990510985,-6.27543681490619e-05
"rs11719939","PC2",0.353535353535354,-0.000835416222383577,-0.00227315377751529,-0.000845887961650204,-0.00240810892801004
"rs11719939","PC2",0.363636363636364,-0.00274137771482943,-0.001956680674259,-0.00275643930053537,-0.0018785557701747
"rs11719939","PC2",0.373737373737374,-0.0028503173106055,-4.98306577353659e-05,-0.00301163574521445,8.4684433948665e-05
"rs11719939","PC2",0.383838383838384,-0.00131325979491288,0.00105336426349957,-0.000934619308495653,0.000557962760336083
"rs11719939","PC2",0.393939393939394,0.0009500412261439,-0.000480493027808165,0.000579297137715916,0.0002986720111344
"rs11719939","PC2",0.404040404040404,0.00265360593858879,-0.00342757007601352,0.00256429905093888,-0.00390558279058541
"rs11719939","PC2",0.414141414141414,0.00280722825421406,-0.00604847740422141,0.0033850822499839,-0.00612616322161307
"rs11719939","PC2",0.424242424242424,0.00178944392404076,-0.00765313969061511,0.00145057484072861,-0.00696448239431193
"rs11719939","PC2",0.434343434343434,0.000227962790592251,-0.00698272425720655,-9.8272429601349e-05,-0.00848027921453099
"rs11719939","PC2",0.444444444444444,-0.00145931095265958,-0.00186867659778553,-0.000718728942038459,-0.00051244321759118
"rs11719939","PC2",0.454545454545455,-0.00229852518387574,0.00103015668263163,-0.0029650323443282,0.00107801681506582
"rs11719939","PC2",0.464646464646465,-0.00161370511569715,-0.0039620437213236,-0.00133057394800941,-0.00479860168974585
"rs11719939","PC2",0.474747474747475,-0.000569344595356217,-0.008930500910261,-0.000601562861139786,-0.00843215161851195
"rs11719939","PC2",0.484848484848485,-5.59713088350699e-05,-0.00676052768072008,-1.72024816061027e-05,-0.00695095967505115
"rs11719939","PC2",0.494949494949495,0.00115888447075124,-0.00425040615022329,0.000978388971022044,-0.0040781488390736
"rs11719939","PC2",0.505050505050505,0.00178843232328408,-0.000884214513435087,0.0019786759874666,-0.000895417857481361
"rs11719939","PC2",0.515151515151515,0.000224142716194453,0.00494559651327395,0.000268751652187079,0.00439010481468331
"rs11719939","PC2",0.525252525252525,-0.00273572668522012,0.00876600295074879,-0.00276279467353257,0.0095622228001603
"rs11719939","PC2",0.535353535353535,-0.00403972073832327,0.00857706060670511,-0.00420983472700055,0.00845845139655729
"rs11719939","PC2",0.545454545454546,-0.0014066681404843,0.0043822804177173,-0.00136189985876955,0.00395737817064328
"rs11719939","PC2",0.555555555555556,0.00260186632784062,-6.04441402757045e-05,0.00262835684043844,0.000217295054571092
"rs11719939","PC2",0.565656565656566,0.00531064856516068,-0.00174970758229844,0.00545950125080773,-0.00177301152658697
"rs11719939","PC2",0.575757575757576,0.00767157898882752,-0.00328167127222853,0.00748525827963724,-0.00331796965727297
"rs11719939","PC2",0.585858585858586,0.00868987559550965,-0.00421650958228961,0.00850326642220158,-0.00421858962929722
"rs11719939","PC2",0.595959595959596,0.00704626377382071,-0.00343901322798306,0.0076526610763906,-0.00343941061198255
"rs11719939","PC2",0.606060606060606,0.00316719560057536,-0.00186350891537974,0.00281925273567294,-0.00188375637874799
"rs11719939","PC2",0.616161616161616,-0.00155347117481191,-0.000239187438684917,-0.00174125479473302,-0.000107389597252713
"rs11719939","PC2",0.626262626262626,-0.00461354134148358,0.00249924610745637,-0.00430664625813167,0.00223801653364177
"rs11719939","PC2",0.636363636363636,-0.00704207985105685,0.00458723078402158,-0.00716884634358965,0.00475133262394716
"rs11719939","PC2",0.646464646464647,-0.00978445026868266,0.00473187380124562,-0.009725926359726,0.00497574513886563
"rs11719939","PC2",0.656565656565657,-0.0102618674896498,0.00569530994030079,-0.0103566416967651,0.005225613204631
"rs11719939","PC2",0.666666666666667,-0.00828785063813218,0.00625085295017588,-0.00833836625592708,0.00632558687810169
"rs11719939","PC2",0.676767676767677,-0.00462091606839103,0.00460374083010149,-0.00447924601133617,0.00506914755792559
"rs11719939","PC2",0.686868686868687,-0.000308004898929621,0.00202299170018809,-0.000371262176626422,0.00167666374541406
"rs11719939","PC2",0.696969696969697,0.00374982573113855,0.000386998019371649,0.0036888446907163,0.000181045088652776
"rs11719939","PC2",0.707070707070707,0.00731835856967507,0.000412707687282082,0.00740375929471976,0.000811138162291428
"rs11719939","PC2",0.717171717171717,0.0095608833556842,0.000519850737243115,0.00956818569708851,0.000364507959362039
"rs11719939","PC2",0.727272727272727,0.00966308112710502,-0.000565775585421038,0.00961891747805282,-0.000586030325504872
"rs11719939","PC2",0.737373737373737,0.00772068129692273,-0.000753458012472588,0.0077819010085951,-0.000809573272820372
"rs11719939","PC2",0.747474747474748,0.00430132046025908,0.00095175738992518,0.00433666146045326,0.000969704073908738
"rs11719939","PC2",0.757575757575758,0.000846881876061411,-0.000189326736035507,0.00076178597206517,-1.34242017124703e-05
"rs11719939","PC2",0.767676767676768,-0.00136969086704409,-0.00279768781279794,-0.0014213009779374,-0.00285089389010475
"rs11719939","PC2",0.777777777777778,-0.00166139457612183,-0.00423577460978445,-0.00153437208151965,-0.00457116516661866
"rs11719939","PC2",0.787878787878788,-0.00113876235060815,-0.00467477189267824,-0.00129624422484336,-0.00426704268236148
"rs11719939","PC2",0.797979797979798,-0.000863371869180778,-0.00419170717441905,-0.000760779872490747,-0.00414179436767913
"rs11719939","PC2",0.808080808080808,-0.00148598589381162,-0.00271684760180341,-0.00142247265961721,-0.00324262845877686
"rs11719939","PC2",0.818181818181818,-0.00254566964642425,-0.000442849525651033,-0.00265246849825021,1.83901383352126e-05
"rs11719939","PC2",0.828282828282828,-0.00316211154203239,0.0017254711682939,-0.0030668340365849,0.00152070418008447
"rs11719939","PC2",0.838383838383838,-0.00243641419510338,0.00140691639350685,-0.0026067189485353,0.00157285708904215
"rs11719939","PC2",0.848484848484849,-0.00151712334638661,1.31927691232011e-05,-0.0014209068182618,-6.37076475051968e-05
"rs11719939","PC2",0.858585858585859,-0.00171276966938168,-0.000652481492176325,-0.00161539358028407,-0.000788780148787051
"rs11719939","PC2",0.868686868686869,-0.00278292802040947,-0.00166030874310815,-0.00294942698684292,-0.00135436490806552
"rs11719939","PC2",0.878787878787879,-0.00444925000548853,-0.00361295910021831,-0.00425794895983334,-0.00395888875825891
"rs11719939","PC2",0.888888888888889,-0.00708515331192652,-0.00363868440248857,-0.00717412700103364,-0.00343645524766535
"rs11719939","PC2",0.898989898989899,-0.00843138439230291,-0.00275637404143976,-0.00841720439055182,-0.00260852213958803
"rs11719939","PC2",0.909090909090909,-0.00663176532284814,-0.00203844086055434,-0.00692659890772724,-0.00261315710648363
"rs11719939","PC2",0.919191919191919,-0.00402549134381676,0.000736883446788134,-0.00369445501228442,0.00128895020244432
"rs11719939","PC2",0.929292929292929,-0.00250466497659176,0.0027339750793245,-0.00229979068457024,0.00269844314141162
"rs11719939","PC2",0.93939393939394,-0.0027482235075944,0.00109913222174593,-0.00323734343353097,0.000874608405960016
"rs11719939","PC2",0.94949494949495,-0.00217810836060117,-0.000820659109002105,-0.00194220269812818,-0.00073897566994051
"rs11719939","PC2",0.95959595959596,0.000908098335096806,9.38102423589734e-05,0.000811298035716456,0.000118982591554414
"rs11719939","PC2",0.96969696969697,0.00285701727197073,0.00100764603842062,0.0030623142879454,0.00101722014397239
"rs11719939","PC2",0.97979797979798,0.003940425497177,0.00193877276698443,0.0037423917136987,0.00184567569906105
"rs11719939","PC2",0.98989898989899,0.00544431406008729,0.00359274538405821,0.00552435476237037,0.00370061869917227
"rs11719939","PC2",1,0.00709648399307362,0.0047948731735343,0.00708388092290555,0.00475612339706892
"rs11719939","education_years",0,-0.000645379053567584,0.00150465649269948,-0.000650650044275112,0.00148505587659956
"rs11719939","education_years",0.0101010101010101,-0.00117841405588993,0.00113998041557156,-0.00107644390202673,0.00117736228660827
"rs11719939","education_years",0.0202020202020202,-0.00130869482544304,0.000165525807759433,-0.00149672030487974,0.000166958814215321
"rs11719939","education_years",0.0303030303030303,-0.000962613997684356,-0.000932336074555627,-0.000933335210917686,-0.000985879009661175
"rs11719939","education_years",0.0404040404040404,-0.000317502245499551,-0.00160381293975333,-0.000143763220181631,-0.00151863086662422
"rs11719939","education_years",0.0505050505050505,0.00015205531927169,-0.00204374795483166,-9.38005460855256e-05,-0.00213957283217098
"rs11719939","education_years",0.0606060606060606,9.58310358331292e-05,-0.00235656943507856,0.000288450655474209,-0.00230084872336614
"rs11719939","education_years",0.0707070707070707,-0.000591151005234443,-0.00252680567099159,-0.000545268169953637,-0.00251570246844562
"rs11719939","education_years",0.0808080808080808,-0.00124477550600954,-0.00235439681802918,-0.00139764963514797,-0.00239765723244273
"rs11719939","education_years",0.0909090909090909,-0.00124305101426882,-0.00163767328671009,-0.0012381738707366,-0.00160629860009491
"rs11719939","education_years",0.101010101010101,-0.000851194424082407,-0.000491843340381613,-0.00079490414173925,-0.000544634109195221
"rs11719939","education_years",0.111111111111111,-0.000367306301694612,0.000368432678597495,-0.000400622382611207,0.000434967501351273
"rs11719939","education_years",0.121212121212121,-6.70347170738844e-05,0.000377525012206598,-7.51545113029648e-05,0.000372696984431334
"rs11719939","education_years",0.131313131313131,-0.000230739462155621,1.8047919439175e-05,-0.000145399251596163,-1.8132339824604e-05
"rs11719939","education_years",0.141414141414141,-0.000738741003284083,-0.000350797500943894,-0.000791652754262349,-0.000312255518111697
"rs11719939","education_years",0.151515151515152,-0.00136745761389937,-0.00053988399081866,-0.00136387283990953,-0.000577069535427212
"rs11719939","education_years",0.161616161616162,-0.00190566386898006,-0.000629207212490345,-0.00189546186398026,-0.000630126659321123
"rs11719939","education_years",0.171717171717172,-0.0021296513354659,-0.000695613615860452,-0.00214586105725365,-0.000611804975461289
"rs11719939","education_years",0.181818181818182,-0.00183614078809973,-0.000529579430886346,-0.00186141558976978,-0.000630973398125887
"rs11719939","education_years",0.191919191919192,-0.00113715108418825,0.000167450854585999,-0.00113434250060945,0.000149085957560132
"rs11719939","education_years",0.202020202020202,-0.000245111389330716,0.00143339088503328,-0.000237450403671054,0.00151051690594111
"rs11719939","education_years",0.212121212121212,0.000556778063690687,0.00224498503462247,0.000555883466570169,0.00223016761811114
"rs11719939","education_years",0.222222222222222,0.000971456573355749,0.00183059132202797,0.000997670551358294,0.00183000169274369
"rs11719939","education_years",0.232323232323232,0.000832671030331193,0.00117043896749864,0.000864493392670285,0.00115269898729543
"rs11719939","education_years",0.242424242424242,0.000439914223165974,0.000498652566309078,0.000393060913405234,0.000530540235136467
"rs11719939","education_years",0.252525252525253,0.000155397591985362,-0.000160100240925094,0.000171356046674249,-0.000202815605061784
"rs11719939","education_years",0.262626262626263,0.000132621778249452,-0.000450943570712617,0.000126886390004305,-0.000415264133718848
"rs11719939","education_years",0.272727272727273,0.000481640454454842,-0.000292603949647076,0.000435866126974946,-0.000320963527837172
"rs11719939","education_years",0.282828282828283,0.00121537390817851,0.0002250165802957,0.00123279443526362,0.000223109911278785
"rs11719939","education_years",0.292929292929293,0.00194889610790263,0.00070721201780159,0.00195776589670256,0.000739553407136568
"rs11719939","education_years",0.303030303030303,0.00227098047163366,0.000898909710806484,0.00230785791342668,0.000878896871315837
"rs11719939","education_years",0.313131313131313,0.00210795579496118,0.00123777663603133,0.00210108202439521,0.00124194035479256
"rs11719939","education_years",0.323232323232323,0.00163895694433744,0.0016949231990687,0.00162997124285011,0.00167167397577609
"rs11719939","education_years",0.333333333333333,0.00113563780340821,0.00210592423884486,0.00118306199293797,0.00214160527664829
"rs11719939","education_years",0.343434343434343,0.00106008328302867,0.00244660323783391,0.000969614262058871,0.0024160319967881
"rs11719939","education_years",0.353535353535354,0.00170207223748858,0.00234231005280311,0.00161658643504331,0.00229807461765119
"rs11719939","education_years",0.363636363636364,0.00246581943155747,0.00050119588627176,0.00259719328093466,0.00068931642426533
"rs11719939","education_years",0.373737373737374,0.00251199047243995,-0.00225434587732693,0.00256286880089366,-0.00239667181167298
"rs11719939","education_years",0.383838383838384,0.00135752288680052,-0.00430483337783413,0.00131348805938884,-0.00427044899816607
"rs11719939","education_years",0.393939393939394,-0.000187956638335635,-0.00398937194816418,-0.000187698462933925,-0.004044115079819
"rs11719939","education_years",0.404040404040404,-0.0015767761071388,-0.00206357544750371,-0.00154984650980044,-0.00210920395230054
"rs11719939","education_years",0.414141414141414,-0.00248206100109929,0.000222363365534137,-0.00256498181804818,0.000361843240213239
"rs11719939","education_years",0.424242424242424,-0.00283599126428306,0.00222858864450107,-0.00281285329440496,0.00214294049641557
"rs11719939","education_years",0.434343434343434,-0.00254639602987971,0.00294650974361662,-0.0024603676375509,0.00286412731524797
"rs11719939","education_years",0.444444444444444,-0.00145751353194842,0.000523147017984504,-0.00175474323204192,0.000928590429182002
"rs11719939","education_years",0.454545454545455,-0.000495934805830022,-0.00245224976315309,-0.000166029769473539,-0.0029323271249659
"rs11719939","education_years",0.464646464646465,-0.000541738621267514,-0.00312751895889408,-0.000588610131098014,-0.00292557385318273
"rs11719939","education_years",0.474747474747475,-0.00111748745781078,-0.00256239988320863,-0.00114867182330626,-0.00256113390127976
"rs11719939","education_years",0.484848484848485,-0.00148922143559594,-0.00242732621731296,-0.00153504414015554,-0.0025125548567818
"rs11719939","education_years",0.494949494949495,-0.00130124077091872,-0.00278069833150582,-0.00127754316971133,-0.00260066707960131
"rs11719939","education_years",0.505050505050505,-0.000468035367695138,-0.00274199642449632,-0.000461263060046095,-0.00289789690448311
"rs11719939","education_years",0.515151515151515,0.000820735250691656,-0.00142827904594625,0.000594385614119501,-0.00143103870223375
"rs11719939","education_years",0.525252525252525,0.00167254924700438,0.00106931901816988,0.00200605158025094,0.0011044751223604
"rs11719939","education_years",0.535353535353535,0.00180848116627444,0.00287068067635869,0.00187358483887813,0.00282489269922408
"rs11719939","education_years",0.545454545454546,0.00129964968183225,0.00235988714858727,0.000942409487374012,0.00254326107773498
"rs11719939","education_years",0.555555555555556,0.000775417222090065,0.000626307030201427,0.000963876042856044,0.000490753776125925
"rs11719939","education_years",0.565656565656566,0.0005929189350095,-0.000655902013313029,0.000585720546498494,-0.000688371227488288
"rs11719939","education_years",0.575757575757576,-0.000125215197510184,-0.000559854795551411,-9.25009192047403e-05,-0.00051482663694537
"rs11719939","education_years",0.585858585858586,-0.00101755256950365,0.000225235559136421,-0.000983405413024155,0.000199563684153057
"rs11719939","education_years",0.595959595959596,-0.00143360864842736,0.000803914850965732,-0.00158510578126979,0.000836941970002984
"rs11719939","education_years",0.606060606060606,-0.00121728203871213,0.000980330115461994,-0.0011681710077846,0.000964181660215202
"rs11719939","education_years",0.616161616161616,-0.000492117880073525,0.000878469945764981,-0.000459558778663248,0.000910053347664272
"rs11719939","education_years",0.626262626262626,0.000129840191220515,0.000998523366137991,0.000108866388320849,0.000929872618892488
"rs11719939","education_years",0.636363636363636,0.00042331581830975,0.00117136239353756,0.00044575486475964,0.00120232810414444
"rs11719939","education_years",0.646464646464647,0.000392938505007802,0.000997882322324858,0.000440303682769474,0.00105377694614838
"rs11719939","education_years",0.656565656565657,0.000311368039431121,0.000232166492266615,0.000217494398490504,0.000195991664663312
"rs11719939","education_years",0.666666666666667,0.00011036505098231,-0.000362767196668222,8.34855374900052e-05,-0.000423225935656543
"rs11719939","education_years",0.676767676767677,-0.000368490398938517,-9.46787874536951e-05,-0.00021375767721166,-2.89674566743071e-05
"rs11719939","education_years",0.686868686868687,-0.00120924000916574,0.000410213186389874,-0.00124760740813269,0.000433581234473158
"rs11719939","education_years",0.696969696969697,-0.00223675395867852,0.000569366591036646,-0.00231714320415862,0.000453102924104301
"rs11719939","education_years",0.707070707070707,-0.00262115078917522,0.000943799142679348,-0.00260882985521434,0.00103520673843066
"rs11719939","education_years",0.717171717171717,-0.00252219689193785,0.00106940262261886,-0.00251231961112422,0.00113110654016823
"rs11719939","education_years",0.727272727272727,-0.00233680967045143,0.000438794006908522,-0.00232563460767031,0.000303009923385067
"rs11719939","education_years",0.737373737373737,-0.0021802857675155,-0.000230091992165631,-0.00215974574556573,-0.000154905429423073
"rs11719939","education_years",0.747474747474748,-0.0020023886335429,-0.000269695799693215,-0.00199878354834229,-0.00028163516399143
"rs11719939","education_years",0.757575757575758,-0.00145742916278227,-0.000198704740777819,-0.00150946499532631,-0.00019719136280497
"rs11719939","education_years",0.767676767676768,-0.00044482805805622,6.97748309287996e-05,-0.000437374483178556,3.64441979230484e-05
"rs11719939","education_years",0.777777777777778,0.000935341848882277,0.000670519768344175,0.000892756869183883,0.000722442542541618
"rs11719939","education_years",0.787878787878788,0.00214944915532183,0.001114052378387,0.00218924366864827,0.00110650677332601
"rs11719939","education_years",0.797979797979798,0.00266351831821324,0.00130419947126243,0.00273810046026364,0.00119969173121905
"rs11719939","education_years",0.808080808080808,0.00212699689231144,0.00126357818246222,0.00207086378355887,0.00144312491145452
"rs11719939","education_years",0.818181818181818,0.000807776287692273,0.000903974266186007,0.000868480325667796,0.00079563475617576
"rs11719939","education_years",0.828282828282828,-0.000767695834019326,0.000148522463867304,-0.000765155975242567,0.000129155123133962
"rs11719939","education_years",0.838383838383838,-0.00181893190411202,-0.00085565477946164,-0.00191946664411752,-0.000761926063065982
"rs11719939","education_years",0.848484848484849,-0.00210846404131224,-0.00165133669272732,-0.00208700634461248,-0.00170804536994352
"rs11719939","education_years",0.858585858585859,-0.00160811730556177,-0.0018158244914946,-0.00157751502235579,-0.00184517457825232
"rs11719939","education_years",0.868686868686869,-0.000479923546507113,-0.00133554883136617,-0.000521909305263242,-0.00130208433636714
"rs11719939","education_years",0.878787878787879,0.00102084643018647,-0.000442838756009533,0.000980648346004495,-0.000470520967017493
"rs11719939","education_years",0.888888888888889,0.00243656150222569,0.000230289866338862,0.00250047690949668,0.000279405825664666
"rs11719939","education_years",0.898989898989899,0.00318545815969368,0.000607314289996788,0.00324317658930191,0.000570093168110137
"rs11719939","education_years",0.909090909090909,0.0029118375108539,0.000808711187489758,0.00287752718880976,0.000823725874238766
"rs11719939","education_years",0.919191919191919,0.00216878773417038,0.00096338180131362,0.00214500759259776,0.000979448903897487
"rs11719939","education_years",0.929292929292929,0.00145940678233763,0.000900593695515005,0.001575028472247,0.000806064234066491
"rs11719939","education_years",0.93939393939394,0.00111232559442391,0.000439695219731536,0.000871789008188512,0.000598223436838126
"rs11719939","education_years",0.94949494949495,0.00105397318119972,-0.000317786325030617,0.00111455545437658,-0.000405718131813368
"rs11719939","education_years",0.95959595959596,0.00093014768658515,-0.00112000647499189,0.0011703560937422,-0.00115958031135025
"rs11719939","education_years",0.96969696969697,6.34079998366542e-05,-0.00154252134487855,-0.00011781357701079,-0.00146018198944209
"rs11719939","education_years",0.97979797979798,-0.000815438236803428,-0.00166707573740832,-0.000867645407345396,-0.00171614519014483
"rs11719939","education_years",0.98989898989899,-0.000911025899976684,-0.00166671779145458,-0.000832749537583443,-0.00166213372404965
"rs11719939","education_years",1,-0.0007580890796225,-0.00149374787759037,-0.000771728174216346,-0.00148776757126142
