"SNP_model","predictor","grid","coordinate_1","coordinate_2","coordinate_1_raw","coordinate_2_raw"
"rs2515029","SNP",0,-0.00645979091467388,0.0158906130324127,-0.00633745105494592,0.0158184915331846
"rs2515029","SNP",0.0101010101010101,-0.00423086355065783,0.0158893627495487,-0.00453052039441231,0.0161608747431896
"rs2515029","SNP",0.0202020202020202,0.00123841356290306,0.0158121291046418,0.00133581650406646,0.0154518685017525
"rs2515029","SNP",0.0303030303030303,0.00505290969965736,0.0166186505594796,0.00515607242468374,0.0166534072652509
"rs2515029","SNP",0.0404040404040404,0.00347231584273027,0.0173025518247758,0.00394000653243587,0.0176439802266294
"rs2515029","SNP",0.0505050505050505,0.00347095738880369,0.0130686836751024,0.0025645344670331,0.0129763284103236
"rs2515029","SNP",0.0606060606060606,0.00760342000470185,0.00966025506374622,0.00800414171946546,0.00933595792929498
"rs2515029","SNP",0.0707070707070707,0.0154587063397527,0.0130504977907771,0.0154296006130702,0.0131999663706935
"rs2515029","SNP",0.0808080808080808,0.0223351118620953,0.0178814799364642,0.0223529402944261,0.0178787302453031
"rs2515029","SNP",0.0909090909090909,0.0242670950800858,0.0179604109404059,0.024493951380077,0.0182421336518749
"rs2515029","SNP",0.101010101010101,0.023664315824653,0.0148638234971206,0.0232764629044671,0.0145088336158604
"rs2515029","SNP",0.111111111111111,0.0213046416843071,0.0112765589816145,0.0215514723191361,0.0114691197747727
"rs2515029","SNP",0.121212121212121,0.0171832769476063,0.00909920621582061,0.0172299587536228,0.00900357220138532
"rs2515029","SNP",0.131313131313131,0.0119397299510918,0.00789900290419745,0.011885530545835,0.0078283990915926
"rs2515029","SNP",0.141414141414141,0.00762830443026786,0.00633748204443397,0.00736904470520374,0.00666929438009894
"rs2515029","SNP",0.151515151515152,0.0058005520190149,0.00373936031157029,0.00612401364109917,0.00337913638530688
"rs2515029","SNP",0.161616161616162,0.00465971526528718,0.00242594714594559,0.00460522272952604,0.00252472700435677
"rs2515029","SNP",0.171717171717172,0.00276682521259623,0.00346354841634333,0.00259590257141496,0.00345569223719641
"rs2515029","SNP",0.181818181818182,0.00257197285480606,0.00203795206196926,0.00275924545799893,0.00218245076980213
"rs2515029","SNP",0.191919191919192,0.00415850248160863,-0.000124849253074361,0.00403473295401874,-0.000152874199172246
"rs2515029","SNP",0.202020202020202,0.00666385708358741,-5.16922134945178e-05,0.00666739214547401,-0.000280139112458343
"rs2515029","SNP",0.212121212121212,0.00900348692610296,0.00167491261298775,0.00902765718017099,0.00178913266811653
"rs2515029","SNP",0.222222222222222,0.0101930077671679,0.00373965857992761,0.0102778176015603,0.00393122239334307
"rs2515029","SNP",0.232323232323232,0.0100009400253895,0.00529875362529814,0.00988762910250595,0.00498613601142784
"rs2515029","SNP",0.242424242424242,0.00887246765238515,0.00505262814429899,0.00892640049219212,0.00509270290843214
"rs2515029","SNP",0.252525252525253,0.00707598282928541,0.0027563373760602,0.0070594938441952,0.0034846820934537
"rs2515029","SNP",0.262626262626263,0.00396662243864082,0.00191169018873745,0.00400628231932457,0.000800288182044455
"rs2515029","SNP",0.272727272727273,-0.000147871802560515,0.00289351255212187,-0.000141874502626407,0.00326658064171098
"rs2515029","SNP",0.282828282828283,-0.00443553962387991,0.00472760816476409,-0.00445435792105597,0.00512888606990259
"rs2515029","SNP",0.292929292929293,-0.00722719311076446,0.00537827436624823,-0.00718687886408142,0.00509784073023207
"rs2515029","SNP",0.303030303030303,-0.00734627339889337,0.00349930785625347,-0.0076595868886599,0.00336261003998338
"rs2515029","SNP",0.313131313131313,-0.00639237728075662,0.00115140903658167,-0.00610076607762733,0.0012950528408644
"rs2515029","SNP",0.323232323232323,-0.00654068475717822,-0.000300246130024407,-0.00631115661886211,0.000152871940642422
"rs2515029","SNP",0.333333333333333,-0.00920531660494358,-8.90919916457886e-05,-0.00970941434517218,-0.00107450150082267
"rs2515029","SNP",0.343434343434343,-0.0128825094576103,0.00180739624923714,-0.0125860729463241,0.00233898611457938
"rs2515029","SNP",0.353535353535354,-0.0156776101569149,0.00398982868244664,-0.0155822588742121,0.00428689360337801
"rs2515029","SNP",0.363636363636364,-0.0172261642755673,0.00203874112109887,-0.0175711062951339,0.00155765252038051
"rs2515029","SNP",0.373737373737374,-0.01820579365038,-0.00200706031705232,-0.0180722547698536,-0.00162483475597479
"rs2515029","SNP",0.383838383838384,-0.019336863023031,-0.0033428826841451,-0.0189200828989048,-0.00349471838492341
"rs2515029","SNP",0.393939393939394,-0.020261784676663,0.00354468920530528,-0.0207456072499996,0.00329353517907545
"rs2515029","SNP",0.404040404040404,-0.0183081238127249,0.0143688125309138,-0.0184223795808497,0.0143316811988857
"rs2515029","SNP",0.414141414141414,-0.0115333017779466,0.0230422274268771,-0.0111346188940759,0.0234820927169023
"rs2515029","SNP",0.424242424242424,-0.00309588073170942,0.0269186069820131,-0.00328831750710858,0.0268509821362785
"rs2515029","SNP",0.434343434343434,0.00371000002687817,0.0239604494736823,0.00361815443471635,0.0233677327807842
"rs2515029","SNP",0.444444444444444,0.00915179996017153,0.0137382651453815,0.00904764594243341,0.0152059168728444
"rs2515029","SNP",0.454545454545455,0.0106477526248436,0.00602573285684621,0.0115914461286339,0.00429743386239476
"rs2515029","SNP",0.464646464646465,0.00651129493462904,0.00910000091230507,0.00536164576831412,0.00984459006300338
"rs2515029","SNP",0.474747474747475,0.00262561120062869,0.0147975187276066,0.00316338781324414,0.0148535062748274
"rs2515029","SNP",0.484848484848485,0.00383369093433282,0.0146333206997183,0.00368635691219963,0.014610246850411
"rs2515029","SNP",0.494949494949495,0.00536148078446644,0.0134615378060149,0.00544416383858854,0.0133518849548994
"rs2515029","SNP",0.505050505050505,0.00795623068297116,0.0126612917972941,0.00810333698276932,0.0127176700432414
"rs2515029","SNP",0.515151515151515,0.0128584785932557,0.011454591344073,0.0119714084215781,0.0114252279358056
"rs2515029","SNP",0.525252525252525,0.0158892181763992,0.00833998415348374,0.0169741245487338,0.0083978679018073
"rs2515029","SNP",0.535353535353535,0.0154942014077899,0.00403973679660423,0.0156306366954271,0.00413385773804193
"rs2515029","SNP",0.545454545454546,0.0119099214893788,-6.1457751803703e-05,0.0107951781001357,-0.000274577100067812
"rs2515029","SNP",0.555555555555556,0.00829088251348285,-0.00249409061402171,0.00893025816533885,-0.00247146793092638
"rs2515029","SNP",0.565656565656566,0.0070137926265551,-0.00307064189791704,0.00737211370584998,-0.00295046074027243
"rs2515029","SNP",0.575757575757576,0.00575867978511726,-0.0052977228022015,0.00514937722836691,-0.00527064493779304
"rs2515029","SNP",0.585858585858586,0.00602833121280289,-0.00791057446909699,0.00598638110406695,-0.00812791491917388
"rs2515029","SNP",0.595959595959596,0.00958819120191727,-0.00888674184016423,0.0100773476867826,-0.00865414748303408
"rs2515029","SNP",0.606060606060606,0.0139242743838848,-0.00924754807213376,0.0136251738920144,-0.00944722210363253
"rs2515029","SNP",0.616161616161616,0.0161064041299248,-0.010371157230211,0.0159542730345029,-0.0101058994984578
"rs2515029","SNP",0.626262626262626,0.0156647828968683,-0.0118890800014017,0.0160924789723659,-0.0121278925420445
"rs2515029","SNP",0.636363636363636,0.012166137158764,-0.0125077682396766,0.0119673140072341,-0.0124918282967934
"rs2515029","SNP",0.646464646464647,0.00600041189534873,-0.0112842010830668,0.00599228653616999,-0.0110614063672415
"rs2515029","SNP",0.656565656565657,0.00072590746802011,-0.00907706470557375,0.000746268640185974,-0.00938128738939466
"rs2515029","SNP",0.666666666666667,-0.00208821483723465,-0.00674038221023701,-0.00211507603384063,-0.00664458178832168
"rs2515029","SNP",0.676767676767677,-0.00198295235174593,-0.00488831389311838,-0.00208399761959278,-0.00475773781846267
"rs2515029","SNP",0.686868686868687,2.67062394327929e-05,-0.00366099797432002,0.00014296505134554,-0.0035759958725585
"rs2515029","SNP",0.696969696969697,0.00209963059376897,-0.0027147234528668,0.00194272349561813,-0.00329663035287584
"rs2515029","SNP",0.707070707070707,0.00148748825041297,-0.000989729454746104,0.00172926858608388,-0.000342168002710563
"rs2515029","SNP",0.717171717171717,-0.00132220443902961,-4.22111451079707e-05,-0.00122885818408528,-0.000150056001264137
"rs2515029","SNP",0.727272727272727,-0.00483639996512942,-0.00151989277562028,-0.00520423904795765,-0.0018668339637128
"rs2515029","SNP",0.737373737373737,-0.00723341881866553,-0.0044553152027726,-0.00706801102805497,-0.00405898719890994
"rs2515029","SNP",0.747474747474748,-0.00733659067761281,-0.0071737662139537,-0.00723161627908512,-0.00740419440198062
"rs2515029","SNP",0.757575757575758,-0.00651597023547493,-0.00825570162461391,-0.00671945341288827,-0.00822800175055612
"rs2515029","SNP",0.767676767676768,-0.00542100444071373,-0.00810410766704001,-0.00537092866176309,-0.00799134748523396
"rs2515029","SNP",0.777777777777778,-0.00399080318546959,-0.00772573726920231,-0.00368268715192966,-0.00801581858083514
"rs2515029","SNP",0.787878787878788,-0.00138165259505441,-0.00819157078005251,-0.00186547147389446,-0.00788198979442589
"rs2515029","SNP",0.797979797979798,0.00115555642340826,-0.00880795143650018,0.00123701900236341,-0.00866539211028775
"rs2515029","SNP",0.808080808080808,0.00216987701694892,-0.00874314698753973,0.00261782426256996,-0.00936065333957493
"rs2515029","SNP",0.818181818181818,0.00185313665430047,-0.00851253012894508,0.00140950107008996,-0.0080042415772889
"rs2515029","SNP",0.828282828282828,0.000686180720468835,-0.00885634613812949,0.000846385196154392,-0.0089634107484125
"rs2515029","SNP",0.838383838383838,-0.00125505446609159,-0.0102147451281577,-0.0012010385921003,-0.0103759319027611
"rs2515029","SNP",0.848484848484849,-0.00368913389084345,-0.0135060513805325,-0.00390119705068148,-0.0132174505955945
"rs2515029","SNP",0.858585858585859,-0.00648626608044425,-0.0191147384996701,-0.00626490788744647,-0.0192651451720438
"rs2515029","SNP",0.868686868686869,-0.0104504080865664,-0.0246997995581465,-0.0105634820431274,-0.0247380582815591
"rs2515029","SNP",0.878787878787879,-0.0167032094787327,-0.0272353775906286,-0.0166105327881289,-0.0270465650715349
"rs2515029","SNP",0.888888888888889,-0.0252321457864314,-0.0248927127644317,-0.0250359191263186,-0.0253398678634784
"rs2515029","SNP",0.898989898989899,-0.030224165580065,-0.020683632351697,-0.0306053145234651,-0.0204275126923965
"rs2515029","SNP",0.909090909090909,-0.026757772110234,-0.0180780103375121,-0.0269261286909218,-0.0176910700150379
"rs2515029","SNP",0.919191919191919,-0.0191919426729989,-0.0170085183492892,-0.0188170461805757,-0.0175613500805043
"rs2515029","SNP",0.929292929292929,-0.0135662967469741,-0.0145535691761957,-0.0136663836037419,-0.0144394933923035
"rs2515029","SNP",0.93939393939394,-0.0136478176241877,-0.00873460477727778,-0.0134306250074918,-0.00862073598301862
"rs2515029","SNP",0.94949494949495,-0.0147950519343883,-0.0034464725898416,-0.0149099264279701,-0.00345848166316181
"rs2515029","SNP",0.95959595959596,-0.012546957647786,-0.00155112140365904,-0.0132139128547481,-0.00139576422550529
"rs2515029","SNP",0.96969696969697,-0.0105331868245826,0.0021683516921753,-0.00948348242568644,0.00183271063459811
"rs2515029","SNP",0.97979797979798,-0.0105083602944771,0.00772550615477874,-0.0108834032848905,0.00773395226382504
"rs2515029","SNP",0.98989898989899,-0.0122240120471355,0.0129609129327378,-0.0124812728568456,0.0132825176424468
"rs2515029","SNP",1,-0.0115768804486262,0.0147277824114041,-0.0114107832175951,0.0145606191451984
"rs2515029","intercept",0,0.740629844355125,0.786774311993343,0.72728381626663,0.787315101236618
"rs2515029","intercept",0.0101010101010101,0.57251083086714,0.874282700132694,0.593326761201349,0.872293668102531
"rs2515029","intercept",0.0202020202020202,0.2847080507452,0.981247286069022,0.282677133661288,0.983881372111503
"rs2515029","intercept",0.0303030303030303,-0.084028501644362,0.973002816077956,-0.0826704370746733,0.97187714586209
"rs2515029","intercept",0.0404040404040404,-0.453113576132833,0.80327381792345,-0.456151066653102,0.802071954358639
"rs2515029","intercept",0.0505050505050505,-0.744344880448346,0.509980846633786,-0.749488057059831,0.512148535549653
"rs2515029","intercept",0.0606060606060606,-0.932851815773671,0.211058999788409,-0.935156875155392,0.210479501431737
"rs2515029","intercept",0.0707070707070707,-1.01626986819345,0.019768952129055,-1.01417933538441,0.0182584001042122
"rs2515029","intercept",0.0808080808080808,-1.02600717915404,-0.0322228844041327,-1.02590264995788,-0.0302880923177263
"rs2515029","intercept",0.0909090909090909,-0.996676381298202,0.0547018800653775,-0.995376210476318,0.0528689958500794
"rs2515029","intercept",0.101010101010101,-0.940996770553069,0.233388701389613,-0.940960162892348,0.235105840354508
"rs2515029","intercept",0.111111111111111,-0.862694385643612,0.444333144770769,-0.864722065436627,0.443294655087458
"rs2515029","intercept",0.121212121212121,-0.769188499760092,0.632789403819414,-0.76818566287863,0.632905207583928
"rs2515029","intercept",0.131313131313131,-0.682170132765455,0.768837686782495,-0.680658323886833,0.769238782368565
"rs2515029","intercept",0.141414141414141,-0.610939082140877,0.847856205752091,-0.610766906567099,0.847534683222828
"rs2515029","intercept",0.151515151515152,-0.558138049951145,0.874075338749495,-0.557884691074339,0.874248692172295
"rs2515029","intercept",0.161616161616162,-0.516804459582089,0.866769860647744,-0.516876215869127,0.866410117523934
"rs2515029","intercept",0.171717171717172,-0.477467989194627,0.852181753681309,-0.478240416463857,0.853076562008366
"rs2515029","intercept",0.181818181818182,-0.432727153029417,0.861840035772591,-0.433166310029913,0.860705084956329
"rs2515029","intercept",0.191919191919192,-0.385052192973712,0.900330245368309,-0.384974611908722,0.900856284070383
"rs2515029","intercept",0.202020202020202,-0.338778035090107,0.962979693832895,-0.337930184166508,0.963153648268181
"rs2515029","intercept",0.212121212121212,-0.295720188940775,1.03823237182581,-0.295636440623954,1.03802619798703
"rs2515029","intercept",0.222222222222222,-0.255379605217126,1.10968294956141,-0.255940463217722,1.10946973662789
"rs2515029","intercept",0.232323232323232,-0.212243220660041,1.15340322818367,-0.212251274353921,1.15388396439977
"rs2515029","intercept",0.242424242424242,-0.166012487393225,1.16230088658787,-0.165641684652623,1.16196882861549
"rs2515029","intercept",0.252525252525253,-0.117135736863825,1.13254791591898,-0.117486760459472,1.13259752509124
"rs2515029","intercept",0.262626262626263,-0.0633299593521023,1.06102835165308,-0.0636679623148079,1.06106607115405
"rs2515029","intercept",0.272727272727273,-0.00605566610101424,0.973376102921637,-0.00539336210815501,0.973615458490063
"rs2515029","intercept",0.282828282828283,0.0525950799881673,0.902163467386982,0.0521737853439724,0.901687915097084
"rs2515029","intercept",0.292929292929293,0.112725456052284,0.877239643424085,0.112830255557583,0.877498744878497
"rs2515029","intercept",0.303030303030303,0.174012290438907,0.912384162093391,0.173941189757392,0.912499650853885
"rs2515029","intercept",0.313131313131313,0.233943179969012,0.966680928506522,0.234542322441617,0.966066953768094
"rs2515029","intercept",0.323232323232323,0.295876177339188,1.01126473137018,0.296328518439984,1.01251248491312
"rs2515029","intercept",0.333333333333333,0.364094350388231,1.02422089574081,0.362496677133597,1.02281781075962
"rs2515029","intercept",0.343434343434343,0.439735212849373,0.98399711598616,0.44192567584497,0.984307941601351
"rs2515029","intercept",0.353535353535354,0.529407775254732,0.876188973976007,0.528774134369189,0.87783869478423
"rs2515029","intercept",0.363636363636364,0.651444870913212,0.704956521000167,0.643013224303141,0.702269861813962
"rs2515029","intercept",0.373737373737374,0.777206344361604,0.442858258415321,0.78104002426316,0.444523290371602
"rs2515029","intercept",0.383838383838384,0.862183337098604,0.0852484041920076,0.870507901294612,0.0858761068865397
"rs2515029","intercept",0.393939393939394,0.867261564403606,-0.258691446876825,0.865838868853668,-0.260805204162239
"rs2515029","intercept",0.404040404040404,0.813319804384942,-0.511376611069037,0.808746311132446,-0.509164393275698
"rs2515029","intercept",0.414141414141414,0.73685011218877,-0.622689265806268,0.743101724775733,-0.624774538344075
"rs2515029","intercept",0.424242424242424,0.674243603769872,-0.588321694123776,0.665950439773625,-0.585013361162898
"rs2515029","intercept",0.434343434343434,0.619062859893116,-0.372525656834113,0.596567803380464,-0.378102679291506
"rs2515029","intercept",0.444444444444444,0.4472656360178,0.128564272708072,0.509239801215446,0.130096295012833
"rs2515029","intercept",0.454545454545455,0.206439892261931,0.647886541588185,0.172728192623717,0.660107408468498
"rs2515029","intercept",0.464646464646465,-0.0159275681470436,0.908836551733488,-0.030777270896771,0.886994001655001
"rs2515029","intercept",0.474747474747475,-0.187188074594694,1.01045755262472,-0.175722593848302,1.02550916329527
"rs2515029","intercept",0.484848484848485,-0.30821414240824,1.08708987624782,-0.306287892994065,1.0866490881537
"rs2515029","intercept",0.494949494949495,-0.440595652564892,1.06917413760126,-0.441518982152606,1.06163479647928
"rs2515029","intercept",0.505050505050505,-0.591617156815933,0.950775274481162,-0.589601531748918,0.95715923878741
"rs2515029","intercept",0.515151515151515,-0.743503435677079,0.745262619542141,-0.737935375952042,0.743184338292194
"rs2515029","intercept",0.525252525252525,-0.857117874693321,0.4427697281005,-0.866771933635114,0.441686769675497
"rs2515029","intercept",0.535353535353535,-0.905836165506651,0.109318131420203,-0.908954215576715,0.112735819863504
"rs2515029","intercept",0.545454545454546,-0.877188955329081,-0.179956992064363,-0.869981186164322,-0.184325865973599
"rs2515029","intercept",0.555555555555556,-0.796283881823739,-0.400609256871505,-0.801094009082249,-0.398347119192249
"rs2515029","intercept",0.565656565656566,-0.693446685982126,-0.551897792955958,-0.692843303626271,-0.550706716916362
"rs2515029","intercept",0.575757575757576,-0.584191409090694,-0.667017620824531,-0.581909527509561,-0.669149545410334
"rs2515029","intercept",0.585858585858586,-0.487427457881677,-0.74940756521867,-0.488929026550596,-0.750065242626509
"rs2515029","intercept",0.595959595959596,-0.41876442578837,-0.797172375385871,-0.414607266480007,-0.79391226108367
"rs2515029","intercept",0.606060606060606,-0.373041143318125,-0.827870011561434,-0.374986010085961,-0.829753109180203
"rs2515029","intercept",0.616161616161616,-0.339120155076628,-0.862019772525655,-0.341016615279865,-0.863912218504825
"rs2515029","intercept",0.626262626262626,-0.306103398658063,-0.907850013092481,-0.304673612579984,-0.903928776471402
"rs2515029","intercept",0.636363636363636,-0.275804311163241,-0.95295477523982,-0.276359928087946,-0.955261469838658
"rs2515029","intercept",0.646464646464647,-0.254064011358875,-0.979742209322387,-0.254694739805586,-0.980652536440521
"rs2515029","intercept",0.656565656565657,-0.246150880065955,-0.975984983068511,-0.243449321993294,-0.974035132217728
"rs2515029","intercept",0.666666666666667,-0.245233726372164,-0.958455900670969,-0.245277021456199,-0.958240445892641
"rs2515029","intercept",0.676767676767677,-0.241769213620543,-0.946047433915148,-0.244811478950242,-0.9482516048785
"rs2515029","intercept",0.686868686868687,-0.228118901905575,-0.936627784027748,-0.227453845045082,-0.936060260870112
"rs2515029","intercept",0.696969696969697,-0.200783727077231,-0.928534110348067,-0.199108617466601,-0.925143214801515
"rs2515029","intercept",0.707070707070707,-0.167506897341374,-0.936768074316737,-0.168759610416606,-0.941210234480967
"rs2515029","intercept",0.717171717171717,-0.126053436812979,-0.957113959495719,-0.126301957610691,-0.95687690276096
"rs2515029","intercept",0.727272727272727,-0.0726039831811363,-0.982216656590988,-0.0722681768849707,-0.978128148372834
"rs2515029","intercept",0.737373737373737,-0.0106429640898939,-1.01710588851551,-0.0109871614585751,-1.0206479335527
"rs2515029","intercept",0.747474747474748,0.0548141431649889,-1.06137448729779,0.054913521856206,-1.06094269542215
"rs2515029","intercept",0.757575757575758,0.119866274840572,-1.08825146181607,0.120018406984782,-1.08708536649332
"rs2515029","intercept",0.767676767676768,0.180646553849673,-1.09350701239088,0.180920173568926,-1.09382425263743
"rs2515029","intercept",0.777777777777778,0.234686134218946,-1.07754910054242,0.235637308025665,-1.0791869310589
"rs2515029","intercept",0.787878787878788,0.285549655804406,-1.03396634131277,0.284729833328708,-1.03209865348209
"rs2515029","intercept",0.797979797979798,0.338987568142214,-0.976032134756229,0.337533122567566,-0.975188040822697
"rs2515029","intercept",0.808080808080808,0.398266391315511,-0.920864373652885,0.39926284210824,-0.924231452411532
"rs2515029","intercept",0.818181818181818,0.455994326824351,-0.878143325278971,0.455413977449938,-0.875446568629987
"rs2515029","intercept",0.828282828282828,0.501831643645997,-0.857950302148069,0.501480481733369,-0.85832426525864
"rs2515029","intercept",0.838383838383838,0.525626459289134,-0.872025595690578,0.527261334783028,-0.872937161159759
"rs2515029","intercept",0.848484848484849,0.522228578543465,-0.904838638804306,0.522940904786863,-0.903966919020286
"rs2515029","intercept",0.858585858585859,0.490886125450796,-0.936666637799358,0.49061102492582,-0.93700801409128
"rs2515029","intercept",0.868686868686869,0.443155460903318,-0.960549202780939,0.443301124915999,-0.960878553459013
"rs2515029","intercept",0.878787878787879,0.39351030208315,-0.967306649448437,0.393932145381212,-0.96613575832512
"rs2515029","intercept",0.888888888888889,0.355382156392641,-0.935554922834781,0.354122226842224,-0.93711085860131
"rs2515029","intercept",0.898989898989899,0.340429235955054,-0.876240915626028,0.340066561207788,-0.87568913043462
"rs2515029","intercept",0.909090909090909,0.355867655444686,-0.809279850360219,0.355547462287212,-0.808039122434561
"rs2515029","intercept",0.919191919191919,0.396522293553033,-0.750009211307072,0.398634562432292,-0.751811415370302
"rs2515029","intercept",0.929292929292929,0.468233575438269,-0.70245874316224,0.465921425850528,-0.702137376425268
"rs2515029","intercept",0.93939393939394,0.576907603977268,-0.662961771037716,0.575706435855838,-0.661719860070743
"rs2515029","intercept",0.94949494949495,0.713658947095176,-0.607906800384984,0.715081729603702,-0.608641588245606
"rs2515029","intercept",0.95959595959596,0.865634687383372,-0.511268369645811,0.861642083612391,-0.51240009176228
"rs2515029","intercept",0.96969696969697,1.0134581772803,-0.356997612440711,1.01461021821678,-0.354700529517374
"rs2515029","intercept",0.97979797979798,1.11570187255016,-0.130368474524032,1.12278032062798,-0.132555481340722
"rs2515029","intercept",0.98989898989899,1.14117245114955,0.145932621923531,1.14097073065404,0.14722403464977
"rs2515029","intercept",1,1.12139477488327,0.298319923244366,1.1178196912823,0.297967821014913
"rs2515029","male",0,0.0381855794633823,-0.0482294007706695,0.0377888221464071,-0.0481753206597762
"rs2515029","male",0.0101010101010101,0.0280627714341547,-0.032285156169251,0.0286844948145139,-0.0324695286191782
"rs2515029","male",0.0202020202020202,0.000458528671417944,-0.00977315916476159,0.00107754798425117,-0.00959611086256277
"rs2515029","male",0.0303030303030303,-0.0234971305901762,-0.000603484881972757,-0.0240975171314152,-0.00029016223578701
"rs2515029","male",0.0404040404040404,-0.0235934900353462,0.0116067839796594,-0.026290196141075,0.0104007728363697
"rs2515029","male",0.0505050505050505,-0.0202215759625844,0.0278763609705293,-0.0160916281489528,0.0294142470295009
"rs2515029","male",0.0606060606060606,-0.0198236933675336,0.037585771578327,-0.0205662565861474,0.0368906953334671
"rs2515029","male",0.0707070707070707,-0.02207435049041,0.0319102208149975,-0.0247737533082542,0.0316491500048921
"rs2515029","male",0.0808080808080808,-0.0252826359697705,0.017520578056351,-0.0230225385569105,0.0176715546976584
"rs2515029","male",0.0909090909090909,-0.0281366984886028,0.00435399509825103,-0.027830885085153,0.00504507236314997
"rs2515029","male",0.101010101010101,-0.0312314873322799,-0.00205611719564844,-0.0328777017526262,-0.00321874472771631
"rs2515029","male",0.111111111111111,-0.0319829300230254,-0.00467680662683477,-0.0309034021520948,-0.00395152177288388
"rs2515029","male",0.121212121212121,-0.0289443384124444,-0.00805413804197093,-0.0291224322028146,-0.00795184618274152
"rs2515029","male",0.131313131313131,-0.0270421103815982,-0.0143635017054644,-0.0271659357931743,-0.0147670552122237
"rs2515029","male",0.141414141414141,-0.0250113353336654,-0.0222104276034238,-0.0247655822459372,-0.0222554673969586
"rs2515029","male",0.151515151515152,-0.0201909456731417,-0.0287940663277876,-0.0205228154026282,-0.0283058289630254
"rs2515029","male",0.161616161616162,-0.0126387977940542,-0.0288637219687305,-0.0125539655589337,-0.0290452088827927
"rs2515029","male",0.171717171717172,-0.00305199570563269,-0.0203789466265232,-0.00278457379481566,-0.0209996266178654
"rs2515029","male",0.181818181818182,0.00765855005144886,-0.013585398323777,0.0072073186421613,-0.0126422357872913
"rs2515029","male",0.191919191919192,0.0171194520780405,-0.0105325142394192,0.0173100323148136,-0.0108843330987882
"rs2515029","male",0.202020202020202,0.0230597082931731,-0.00992382540206602,0.0232968959696619,-0.0102963688556034
"rs2515029","male",0.212121212121212,0.025120818129258,-0.00909816871830943,0.0249845618950375,-0.00858909493480356
"rs2515029","male",0.222222222222222,0.0243918128087021,-0.00792568485710464,0.0243145400067951,-0.00826599960114899
"rs2515029","male",0.232323232323232,0.0244746938539167,-0.0130246393456505,0.0244664099575986,-0.0128567194795191
"rs2515029","male",0.242424242424242,0.0244822478125611,-0.0149186377510831,0.0245783864841983,-0.0146648140384422
"rs2515029","male",0.252525252525253,0.022590168372731,-0.00664213518304057,0.0224183934501157,-0.00761720992277373
"rs2515029","male",0.262626262626263,0.0184309803316088,-0.00394192370924726,0.0186008285939814,-0.00266714044550947
"rs2515029","male",0.272727272727273,0.0110510956171721,-0.00462463539375352,0.0111474954510681,-0.00526831820713637
"rs2515029","male",0.282828282828283,0.000428531462512449,-0.00248607979272543,0.000351895005903898,-0.00266661478276983
"rs2515029","male",0.292929292929293,-0.00871859832258263,-0.000471570290200875,-0.0087917966723939,-6.73632536214019e-06
"rs2515029","male",0.303030303030303,-0.0116732134063465,-0.00146305968476705,-0.0117055820870598,-0.00195057065188101
"rs2515029","male",0.313131313131313,-0.00865288540672176,-0.000866018597565022,-0.00863017973777536,-0.000315471121395257
"rs2515029","male",0.323232323232323,-0.00182292940756479,0.000558962923769773,-0.00196874091635792,6.42383829991731e-06
"rs2515029","male",0.333333333333333,0.00652110571242537,0.000637175475333494,0.00675410494563454,0.00102335842612208
"rs2515029","male",0.343434343434343,0.0143244217388975,-0.000756711802938205,0.0141813729968313,-0.000679987750088432
"rs2515029","male",0.353535353535354,0.0191052470764548,-0.00325196095586194,0.0190375141624681,-0.00402578527768633
"rs2515029","male",0.363636363636364,0.0176106904918639,-0.00578605183469346,0.0179741397094728,-0.00468766701737764
"rs2515029","male",0.373737373737374,0.0108107979075325,-0.00428519820576282,0.0107722558801434,-0.004798371877512
"rs2515029","male",0.383838383838384,0.00200166670077367,0.00226685704994527,0.00158241899096488,0.0017312222436757
"rs2515029","male",0.393939393939394,-0.00304698934723873,0.00280906791042554,-0.00280639042645534,0.00361290912080557
"rs2515029","male",0.404040404040404,-0.00589889440306556,-0.00481260534444719,-0.00570907479782998,-0.00463095692151631
"rs2515029","male",0.414141414141414,-0.00924230604063564,-0.0184309040445216,-0.00959455217197443,-0.0194922981790514
"rs2515029","male",0.424242424242424,-0.0117816506114029,-0.0313147968514842,-0.0115300824348764,-0.0309176981562904
"rs2515029","male",0.434343434343434,-0.0109093237678568,-0.0330975874696843,-0.0109045416774606,-0.0317992301189615
"rs2515029","male",0.444444444444444,-0.00393148540652692,-0.0121097464271793,-0.00405761004892909,-0.0143652842811453
"rs2515029","male",0.454545454545455,0.00744955419971281,0.0111087615986761,0.00687647627220745,0.0127739759311898
"rs2515029","male",0.464646464646465,0.0198268672250405,0.0148425627292562,0.0208274820877927,0.0143118621715324
"rs2515029","male",0.474747474747475,0.0276872789015324,0.0073788622204432,0.0272599855428823,0.00716912210094525
"rs2515029","male",0.484848484848485,0.0265148607818665,0.0025137099933985,0.0263330704749141,0.00321538203716518
"rs2515029","male",0.494949494949495,0.0184296477118327,0.00392978884665849,0.019183319762138,0.00308937733644887
"rs2515029","male",0.505050505050505,0.00923840686776673,0.00473331486347602,0.00839861899440504,0.00483188372739216
"rs2515029","male",0.515151515151515,0.00411752301887612,0.000164451397970116,0.00451076293287323,0.00140228563246632
"rs2515029","male",0.525252525252525,0.00295385053429412,-0.00052960026361068,0.00277800969242485,-0.00229160362684727
"rs2515029","male",0.535353535353535,0.00204282431884879,0.00372480409199651,0.00186083552571908,0.00445516256697261
"rs2515029","male",0.545454545454546,-0.00144375461784358,0.00998706245476971,-0.000702796221891338,0.0105129127776561
"rs2515029","male",0.555555555555556,-0.00440831485844149,0.0117132589146324,-0.00508758853570535,0.0110031256698711
"rs2515029","male",0.565656565656566,-0.00444048746218374,0.00545370600331604,-0.00457704325917031,0.00575984945838374
"rs2515029","male",0.575757575757576,-0.00633360759807896,0.000714586244647105,-0.00569575575107535,0.000647898378055395
"rs2515029","male",0.585858585858586,-0.011166150696544,-0.00110029162148643,-0.0113922884954898,-0.00107182112851927
"rs2515029","male",0.595959595959596,-0.018233512273946,-0.00111710367295954,-0.0184346718012731,-0.00117849742810207
"rs2515029","male",0.606060606060606,-0.0255822730075551,0.00151546544206042,-0.0253819585922128,0.00168902639155956
"rs2515029","male",0.616161616161616,-0.0309401586951264,0.00618701634521826,-0.0308468571932374,0.00580336281976686
"rs2515029","male",0.626262626262626,-0.0320367062095917,0.00673890510072258,-0.0323154278425739,0.00722718230121896
"rs2515029","male",0.636363636363636,-0.0267084642707121,0.00416082335725888,-0.0266341751767709,0.0038984702272673
"rs2515029","male",0.646464646464647,-0.0141841955554516,0.000966089080112002,-0.0143362560585513,0.00081108955578305
"rs2515029","male",0.656565656565657,0.000925908398882182,-0.00281249804627579,0.00108145670983996,-0.00233789732435131
"rs2515029","male",0.666666666666667,0.0129429136595066,-0.00577701931447871,0.0128958316504473,-0.00637349983671525
"rs2515029","male",0.676767676767677,0.0174768279141609,-0.00620579934701935,0.0176582603749464,-0.00574839595661393
"rs2515029","male",0.686868686868687,0.0149983695250899,-0.00319973458562149,0.0150267483611055,-0.0030382208128393
"rs2515029","male",0.696969696969697,0.00724579917287388,0.00236533657591848,0.00692247432808385,0.00122882012499933
"rs2515029","male",0.707070707070707,-0.00361499011090285,0.00501699390219208,-0.00319587947924428,0.00642180114461683
"rs2515029","male",0.717171717171717,-0.0144930456362765,0.00443597475042623,-0.0145423905296464,0.00411999488867252
"rs2515029","male",0.727272727272727,-0.0224073461949739,0.002418413568426,-0.0228266675862155,0.00157705574663429
"rs2515029","male",0.737373737373737,-0.0256892915141518,0.00249957657640087,-0.0253636561770147,0.00324318631277015
"rs2515029","male",0.747474747474748,-0.0237867220188186,0.00628780874510944,-0.0239998719865954,0.00634927709853495
"rs2515029","male",0.757575757575758,-0.0191696465512183,0.0081023159724988,-0.0190723793501994,0.00764704845256176
"rs2515029","male",0.767676767676768,-0.014571715662628,0.0085313107535507,-0.0144636566164358,0.00856576255461592
"rs2515029","male",0.777777777777778,-0.0121774202545708,0.00876073493350563,-0.0124109579959623,0.00957813052915019
"rs2515029","male",0.787878787878788,-0.0122187652978635,0.0058441754067409,-0.0119384591141055,0.00484546089193462
"rs2515029","male",0.797979797979798,-0.0133876052057146,0.00370502447125133,-0.0133172334276533,0.0036660246665906
"rs2515029","male",0.808080808080808,-0.0141478888622459,0.00623695612605437,-0.0145757423898628,0.00731746616831084
"rs2515029","male",0.818181818181818,-0.013174107381827,0.0087850174235027,-0.0128859195338869,0.00783481051505244
"rs2515029","male",0.828282828282828,-0.010273460473681,0.00765509379314462,-0.0102956847820933,0.0078740153647474
"rs2515029","male",0.838383838383838,-0.00767743971776579,0.00948773412894098,-0.00757497968294071,0.00965642915763676
"rs2515029","male",0.848484848484849,-0.00111360861759663,0.0157922144745772,-0.0012428361480008,0.0156838439289136
"rs2515029","male",0.858585858585859,0.0135520686121418,0.0258162659633144,0.0132410784139163,0.0257500936856168
"rs2515029","male",0.868686868686869,0.0323160237983519,0.0379907080508512,0.0326499891967469,0.0381524632357882
"rs2515029","male",0.878787878787879,0.0492294132297535,0.0490994296387886,0.0489443708561327,0.0488680777278244
"rs2515029","male",0.888888888888889,0.0588728187233708,0.0524986000616401,0.0592358954867145,0.0527354837715933
"rs2515029","male",0.898989898989899,0.0566076424381489,0.0494740499061965,0.05666370030467,0.0494736981692381
"rs2515029","male",0.909090909090909,0.0427427985721737,0.0432849522032052,0.043048579829098,0.0428733237726815
"rs2515029","male",0.919191919191919,0.0321078875068043,0.0354569741080811,0.0313520685758026,0.036015637539712
"rs2515029","male",0.929292929292929,0.0259964296087566,0.0261279871917478,0.0257867906123678,0.0259299369694448
"rs2515029","male",0.93939393939394,0.0218766690695255,0.0153010902502755,0.0230122486479246,0.0150639071449033
"rs2515029","male",0.94949494949495,0.0202264137108819,0.00345833803702092,0.0195776101577024,0.00380396730598099
"rs2515029","male",0.95959595959596,0.0197432557046332,-0.00955449696642502,0.0186544844376035,-0.00986148130977713
"rs2515029","male",0.96969696969697,0.0127668601271243,-0.0263448957928733,0.0152559376088648,-0.0260689621054965
"rs2515029","male",0.97979797979798,0.00419428203583679,-0.04799303461642,0.00257556760049374,-0.0481631725946133
"rs2515029","male",0.98989898989899,0.00156686525492189,-0.0718554904453215,0.00148119980466993,-0.0718098505797497
"rs2515029","male",1,0.00791311213653862,-0.0826777697442807,0.00822615525670116,-0.0826788563464811
"rs2515029","age_z",0,-0.00353609079949274,-0.00168564916224752,-0.00349473330591032,-0.00189847471218805
"rs2515029","age_z",0.0101010101010101,-0.00605597185696836,-0.00488292959322153,-0.00549782458380737,-0.00441822680517663
"rs2515029","age_z",0.0202020202020202,-0.0051504159130501,-0.0114985470207968,-0.0063339792504831,-0.0115052535971637
"rs2515029","age_z",0.0303030303030303,0.000201244773392127,-0.0170141745655036,0.000286598423665575,-0.0174284285149537
"rs2515029","age_z",0.0404040404040404,0.0079756884651598,-0.0173201778809118,0.00853187664184005,-0.0175506515219073
"rs2515029","age_z",0.0505050505050505,0.0104648229840528,-0.0169602635170083,0.0105645524645632,-0.0163850322448421
"rs2515029","age_z",0.0606060606060606,0.00661219072334935,-0.018794130772047,0.00643778578131583,-0.0186459406806958
"rs2515029","age_z",0.0707070707070707,-0.00187882981819147,-0.0231938112049942,-0.001230084646246,-0.0234183816451255
"rs2515029","age_z",0.0808080808080808,-0.0108765313803972,-0.024684497391893,-0.0113529604684467,-0.0247770408439175
"rs2515029","age_z",0.0909090909090909,-0.0158174108310754,-0.0180979001096798,-0.0164406049549803,-0.0185566872907262
"rs2515029","age_z",0.101010101010101,-0.0142738901883896,-0.00592117707435563,-0.0139427656892485,-0.00558723961784114
"rs2515029","age_z",0.111111111111111,-0.00973279729693128,0.00526014544118325,-0.00970010060704547,0.0054112526772003
"rs2515029","age_z",0.121212121212121,-0.0065790031872231,0.010510395027777,-0.00655555843233142,0.0107863809499861
"rs2515029","age_z",0.131313131313131,-0.00650509827897001,0.012739146459045,-0.00616845954794486,0.0122006351049675
"rs2515029","age_z",0.141414141414141,-0.00848560091499038,0.0127511279951566,-0.00866551280760301,0.0129146760109553
"rs2515029","age_z",0.151515151515152,-0.0110399365015892,0.0103925264725911,-0.0111362970039431,0.010704256003425
"rs2515029","age_z",0.161616161616162,-0.0130484940848124,0.00601259856282069,-0.012858037030821,0.00580897345661302
"rs2515029","age_z",0.171717171717172,-0.0132808166477343,0.00102453341468276,-0.0135984551756864,0.0011444304891096
"rs2515029","age_z",0.181818181818182,-0.010529608601355,-0.000661486263465077,-0.0105477908772205,-0.00103484987688645
"rs2515029","age_z",0.191919191919192,-0.00669652466197689,0.000780221195562685,-0.00659207837230637,0.000894804566590672
"rs2515029","age_z",0.202020202020202,-0.00398940934952158,0.00385901366882625,-0.00380212223501284,0.00398921992981694
"rs2515029","age_z",0.212121212121212,-0.00253082912017869,0.00684161993267352,-0.00262096566697039,0.00672961846507946
"rs2515029","age_z",0.222222222222222,-0.00180043168301289,0.00826751665297328,-0.00189672337506362,0.00847727078539084
"rs2515029","age_z",0.232323232323232,-0.00107569619963947,0.00817956056434091,-0.00100722263216272,0.00802396873472173
"rs2515029","age_z",0.242424242424242,-0.000649416109754184,0.00763305120589478,-0.000607372054889116,0.0076158677845481
"rs2515029","age_z",0.252525252525253,-0.000698381241714495,0.00727074509065181,-0.000686425610675255,0.00731598451871167
"rs2515029","age_z",0.262626262626263,-0.000190469934198571,0.0059127328443873,-0.000330270019487214,0.00586321947953232
"rs2515029","age_z",0.272727272727273,0.000738605602987098,0.00382297808469657,0.000654046273695281,0.00419799543560435
"rs2515029","age_z",0.282828282828283,0.00143197202042813,0.00198785476467665,0.00164340056920947,0.00148020587384128
"rs2515029","age_z",0.292929292929293,0.000716177270063262,0.00225720275155886,0.000829957826316874,0.00230207409859596
"rs2515029","age_z",0.303030303030303,-0.00175083611292464,0.00532330906712318,-0.00175470507306351,0.00545847682889719
"rs2515029","age_z",0.313131313131313,-0.0031277535086206,0.00744226557271252,-0.00332454617291666,0.0074309335932043
"rs2515029","age_z",0.323232323232323,-0.00224786082676882,0.00772667334769533,-0.00233698387608811,0.00778162979164125
"rs2515029","age_z",0.333333333333333,0.00111702129988807,0.00650625362931215,0.00121746088962174,0.00653165603043175
"rs2515029","age_z",0.343434343434343,0.00607607313417884,0.00474927974428151,0.00590269672561658,0.00463292253622645
"rs2515029","age_z",0.353535353535354,0.0105820633237115,0.00352206921632784,0.0104955012979536,0.00382646723795962
"rs2515029","age_z",0.363636363636364,0.0107514205726555,0.00396287406402544,0.0117023337164811,0.00366679652785098
"rs2515029","age_z",0.373737373737374,0.00850514139813087,0.00842159166580171,0.00803558349867342,0.00774473932355422
"rs2515029","age_z",0.383838383838384,0.00691399667449055,0.0159768803024229,0.00578070173624096,0.016850945304807
"rs2515029","age_z",0.393939393939394,0.00642892390306793,0.0151308995599446,0.00767729519597421,0.0152208286360117
"rs2515029","age_z",0.404040404040404,0.0048295229298583,0.0059230476550599,0.0050031888376507,0.00581393199111724
"rs2515029","age_z",0.414141414141414,-5.8532024924647e-05,-0.00686675712499821,-0.00112068292009381,-0.00654995440330998
"rs2515029","age_z",0.424242424242424,-0.00807446464463824,-0.0146233037354417,-0.0071012530082589,-0.0149073922912496
"rs2515029","age_z",0.434343434343434,-0.0166465654491962,-0.0122001783671919,-0.0157918224184812,-0.0143916448845582
"rs2515029","age_z",0.444444444444444,-0.0182489367513136,-0.0094824879864841,-0.0207174637370246,-0.00596357273722173
"rs2515029","age_z",0.454545454545455,-0.0129462926249584,-0.0100671162843369,-0.0124900934935128,-0.0111762117855793
"rs2515029","age_z",0.464646464646465,-0.00383669092673349,-0.0140860370229074,-0.0025434526187566,-0.0153162153585148
"rs2515029","age_z",0.474747474747475,0.00326620475680663,-0.018527427949221,0.0027133419130113,-0.0173753611757441
"rs2515029","age_z",0.484848484848485,0.00411300988552879,-0.0205833550010129,0.00422630573577232,-0.0206970370913093
"rs2515029","age_z",0.494949494949495,0.00244238897584202,-0.0210378034382525,0.00248278244206885,-0.0215078960385228
"rs2515029","age_z",0.505050505050505,0.000297495586689738,-0.0201948778924548,0.00030342548709083,-0.0198509902126239
"rs2515029","age_z",0.515151515151515,-0.00112993002652903,-0.0176058500568538,-0.00146993416128541,-0.0174699973638523
"rs2515029","age_z",0.525252525252525,-0.000664008154263408,-0.0121290199687348,-0.000520035561387215,-0.012656604631406
"rs2515029","age_z",0.535353535353535,0.000808805396406617,-0.00563185327974775,0.00106121853968572,-0.00561920997729746
"rs2515029","age_z",0.545454545454546,0.00214116093059364,-0.000777086224128636,0.00173208727681556,-0.000175010875959346
"rs2515029","age_z",0.555555555555556,0.0033377282743604,-1.39682695490944e-05,0.00361311774251644,-0.000159684919911104
"rs2515029","age_z",0.565656565656566,0.00445868325284843,-0.00319475342043145,0.00432924660247148,-0.00309677915471491
"rs2515029","age_z",0.575757575757576,0.00475063943303783,-0.00280742680447557,0.00475680078792511,-0.00343668968871608
"rs2515029","age_z",0.585858585858586,0.00369344456664547,-3.72546166117498e-05,0.0039956450229121,0.000140998593949864
"rs2515029","age_z",0.595959595959596,0.0012014374945253,0.00187457110780951,0.000906921847367928,0.00245195559773714
"rs2515029","age_z",0.606060606060606,-0.00153881165181574,0.00270405981059486,-0.00154512086562132,0.00229213547678952
"rs2515029","age_z",0.616161616161616,-0.00354851757460084,0.00308104983635338,-0.00333371874429202,0.00289672476562578
"rs2515029","age_z",0.626262626262626,-0.00541900157448459,0.00369602478718779,-0.00553218763488584,0.0040749060212321
"rs2515029","age_z",0.636363636363636,-0.00613437149994961,0.00398912129247934,-0.00617116405105325,0.00388918694505874
"rs2515029","age_z",0.646464646464647,-0.00432347008397144,0.00331415195202832,-0.00437114790298186,0.00301847802203921
"rs2515029","age_z",0.656565656565657,0.000172124759530489,0.00199391266852045,-3.73050525540938e-06,0.00238327951708084
"rs2515029","age_z",0.666666666666667,0.00532987806737605,0.000459959851517133,0.00537509670969403,0.000595310361709476
"rs2515029","age_z",0.676767676767677,0.00883473963617932,-0.000724213388952447,0.00907941198710505,-0.00130601202100721
"rs2515029","age_z",0.686868686868687,0.0092045564393587,-0.000324982800886273,0.00924235744468267,-0.000116049765890466
"rs2515029","age_z",0.696969696969697,0.00588998677540208,0.00169443326688684,0.00594281798725766,0.00186440678648726
"rs2515029","age_z",0.707070707070707,0.00104323129651516,0.00162943444890951,0.000986883706234731,0.00167184653456497
"rs2515029","age_z",0.717171717171717,-0.00324614539325297,0.00127552310807078,-0.00339732842532436,0.0011070252247372
"rs2515029","age_z",0.727272727272727,-0.00549315705965805,0.00302515658005559,-0.00546204417030819,0.00286383650691214
"rs2515029","age_z",0.737373737373737,-0.00584390786864906,0.00479413397706211,-0.00583706040889216,0.00509666955866325
"rs2515029","age_z",0.747474747474748,-0.00481308260660547,0.00464028072638021,-0.00488234685632926,0.00474465389236718
"rs2515029","age_z",0.757575757575758,-0.00280202168646165,0.00476039516156446,-0.00272080347106131,0.00429827399411218
"rs2515029","age_z",0.767676767676768,-0.00034656772163935,0.00498930417677556,-0.000386934181315127,0.00522786594238875
"rs2515029","age_z",0.777777777777778,0.00194347039273046,0.00468933986301232,0.00191612976193774,0.00511001436679245
"rs2515029","age_z",0.787878787878788,0.00346437795704282,0.00475681633265104,0.00362690963679021,0.00406639813510232
"rs2515029","age_z",0.797979797979798,0.00409495810404198,0.00572453916716658,0.00393040041845427,0.00582167010358878
"rs2515029","age_z",0.808080808080808,0.00392535309620895,0.00743195565459703,0.00408665508007949,0.00779230816690585
"rs2515029","age_z",0.818181818181818,0.00337800114593943,0.00774188421456218,0.00337762073079253,0.00748432776852679
"rs2515029","age_z",0.828282828282828,0.00301703986722447,0.00513770062070926,0.00278693159255457,0.00556169963245463
"rs2515029","age_z",0.838383838383838,0.00349947418702271,0.00215830417769414,0.00371592977460914,0.00174628859256626
"rs2515029","age_z",0.848484848484849,0.00497439707241311,0.000843969747227444,0.00496196653416362,0.000706985268911291
"rs2515029","age_z",0.858585858585859,0.00736608303256603,0.00221644212394859,0.007111476165231,0.00254832114259661
"rs2515029","age_z",0.868686868686869,0.0102660701190138,0.00483668484828884,0.0103979283435449,0.00462315353465279
"rs2515029","age_z",0.878787878787879,0.01293754574382,0.00651196120510673,0.0129789014885965,0.0064806408245492
"rs2515029","age_z",0.888888888888889,0.0139335449320353,0.00552420963720887,0.0139165136515853,0.00604858729190064
"rs2515029","age_z",0.898989898989899,0.0126439910365512,0.0041316433495063,0.012896835990124,0.00356154930844578
"rs2515029","age_z",0.909090909090909,0.00951630340529355,0.00448461234704261,0.00939736205863379,0.00446294304089165
"rs2515029","age_z",0.919191919191919,0.00739130920004174,0.00473965604169543,0.00732287516680285,0.00506866579448218
"rs2515029","age_z",0.929292929292929,0.00687873261084982,0.0041264433611601,0.00637374848529792,0.00412162963655631
"rs2515029","age_z",0.93939393939394,0.00753221252318484,0.00266783759916849,0.00824991956319811,0.00242245808038207
"rs2515029","age_z",0.94949494949495,0.00769913185770029,0.00134979187188177,0.00726084881706189,0.0013157361456283
"rs2515029","age_z",0.95959595959596,0.00527399297850472,0.000247475835156386,0.00545338044036115,0.000513855585278474
"rs2515029","age_z",0.96969696969697,-0.00108687930527989,-0.0037744783168703,-0.000385223600883964,-0.00387224118514066
"rs2515029","age_z",0.97979797979798,-0.00741012192435468,-0.00942024949825455,-0.00834036384256227,-0.00919560702263201
"rs2515029","age_z",0.98989898989899,-0.00962632134381279,-0.0142606983425359,-0.00960379996842688,-0.014716787826836
"rs2515029","age_z",1,-0.00875021699183508,-0.0169161571689066,-0.0085322328660655,-0.0167029773758169
"rs2515029","handedness",0,0.0275422790738327,-0.024595249389667,0.0268912744596626,-0.0244648472717338
"rs2515029","handedness",0.0101010101010101,0.0187309342787938,-0.0180972546302316,0.0200135605583192,-0.0186900575454645
"rs2515029","handedness",0.0202020202020202,0.00151470960011444,-0.0121410530503317,0.00144784575107648,-0.0112730160403921
"rs2515029","handedness",0.0303030303030303,-0.0169705056170163,-0.0092896680768386,-0.0176072127514814,-0.00966320401242324
"rs2515029","handedness",0.0404040404040404,-0.0263565532438925,-0.00767629772742823,-0.0259232359448606,-0.00711502379711275
"rs2515029","handedness",0.0505050505050505,-0.0216279505525987,0.00570086151419529,-0.022866182930664,0.00413922837976354
"rs2515029","handedness",0.0606060606060606,-0.0108101281941044,0.0238875778839811,-0.0113888037283532,0.024153995977283
"rs2515029","handedness",0.0707070707070707,-0.00428594480635143,0.0348295815945739,-0.00165498668601395,0.0362596300378748
"rs2515029","handedness",0.0808080808080808,-0.00938504347790275,0.0303282221401627,-0.00968204431730449,0.0297091927369872
"rs2515029","handedness",0.0909090909090909,-0.0266582275673254,0.00946866896930331,-0.0279083534635273,0.010330647183624
"rs2515029","handedness",0.101010101010101,-0.0381304471114505,-0.00771097284095962,-0.0376277703893938,-0.00928979786577436
"rs2515029","handedness",0.111111111111111,-0.0419562764999357,-0.0121595827093362,-0.0418635440740903,-0.0120608877202013
"rs2515029","handedness",0.121212121212121,-0.0403400938818738,-0.00493480165625413,-0.0411028885537259,-0.00433413371632677
"rs2515029","handedness",0.131313131313131,-0.0314527305629322,-0.00392424242767666,-0.0311431874918192,-0.00368577743998338
"rs2515029","handedness",0.141414141414141,-0.0196281248165873,-0.00760485425745651,-0.0188704282954723,-0.00805236082385921
"rs2515029","handedness",0.151515151515152,-0.00945628391169746,-0.00953280217189383,-0.0103080895844819,-0.00935488005932804
"rs2515029","handedness",0.161616161616162,0.00109810215859142,-0.00877381457347282,0.00104764712597457,-0.00866730591090951
"rs2515029","handedness",0.171717171717172,0.0123682346537382,-0.00492587023699629,0.0125235855374619,-0.00549620706511192
"rs2515029","handedness",0.181818181818182,0.0148596497589596,0.00353849525983533,0.0155992552293939,0.00381768205037487
"rs2515029","handedness",0.191919191919192,0.0101437943573578,0.00997141205182054,0.0100666000149507,0.0102434583990745
"rs2515029","handedness",0.202020202020202,0.00323556038794743,0.00806193845361373,0.00260590706012332,0.00810996327491411
"rs2515029","handedness",0.212121212121212,-0.00150072875081584,0.0018673202585218,-0.00143367559218418,0.00175686125895873
"rs2515029","handedness",0.222222222222222,-0.00148138291484972,-0.00244051556226636,-0.00132373163534169,-0.0027286409547833
"rs2515029","handedness",0.232323232323232,0.000237532395653924,-0.0026656570793994,7.0279413326416e-05,-0.00266109354077398
"rs2515029","handedness",0.242424242424242,0.00231079589190886,-0.0053557671541602,0.00239518687602755,-0.00482961310238839
"rs2515029","handedness",0.252525252525253,0.00404983290258443,-0.0129444037657774,0.00418797066776892,-0.0125588362319705
"rs2515029","handedness",0.262626262626263,0.00455747782999371,-0.00989328881102092,0.00454066306330309,-0.0117156186792414
"rs2515029","handedness",0.272727272727273,0.00473563459908771,-0.00148665720834053,0.00436115068665479,-0.00071410265264596
"rs2515029","handedness",0.282828282828283,0.00508339595316948,0.00210733914883252,0.00532586654065049,0.00315173620756738
"rs2515029","handedness",0.292929292929293,0.00251397817110809,-0.00181194935441167,0.00285553047512138,-0.00243084620352616
"rs2515029","handedness",0.303030303030303,-0.00469637138861537,-0.0114398292327588,-0.0045686146920218,-0.0115812520241081
"rs2515029","handedness",0.313131313131313,-0.0103505835377308,-0.0171704950734501,-0.0107266643497527,-0.0169751700061768
"rs2515029","handedness",0.323232323232323,-0.0104608047046193,-0.0177707067128565,-0.010904991638951,-0.0182795696176704
"rs2515029","handedness",0.333333333333333,-0.00310869461615329,-0.0148109460862092,-0.00253370926733532,-0.0142248718720771
"rs2515029","handedness",0.343434343434343,0.00981474961920286,-0.0100655507444555,0.00906211842688337,-0.0103364928658696
"rs2515029","handedness",0.353535353535354,0.0235843063333053,-0.00495438587947361,0.0238327175635613,-0.0050310517108342
"rs2515029","handedness",0.363636363636364,0.0292052906611493,0.000637497629907895,0.0303888297641553,0.00102006079296081
"rs2515029","handedness",0.373737373737374,0.0288335181645069,0.00688276221209203,0.0279662810115188,0.00601905645557491
"rs2515029","handedness",0.383838383838384,0.026861562875851,0.0135169451269674,0.0263349103744496,0.0149417862793607
"rs2515029","handedness",0.393939393939394,0.0236201898567661,0.0186436386209891,0.024086773035286,0.0173421158469248
"rs2515029","handedness",0.404040404040404,0.0185130161287364,0.0190915713304669,0.0198818107666584,0.0188294902492807
"rs2515029","handedness",0.414141414141414,0.0110989891769455,0.0127826069474668,0.00866778142846763,0.0147840324592891
"rs2515029","handedness",0.424242424242424,0.00146418719191137,0.00293581856765411,0.00116787390343011,0.00240203831301819
"rs2515029","handedness",0.434343434343434,-0.0107165315197865,-0.00317988315731875,-0.00457068207229448,-0.00598946197528898
"rs2515029","handedness",0.444444444444444,-0.0250742779981947,0.0053607885993816,-0.0322706422299261,0.0083243902996724
"rs2515029","handedness",0.454545454545455,-0.0303190022657877,0.0132255972889918,-0.0292852245076744,0.0120909315367071
"rs2515029","handedness",0.464646464646465,-0.0179353878299396,0.00420171833250974,-0.0153564511885184,0.00498093150539271
"rs2515029","handedness",0.474747474747475,-0.00197121571546765,-0.0124629663893374,-0.00338069040844618,-0.0127491248358934
"rs2515029","handedness",0.484848484848485,0.00410069838148158,-0.0248193090775763,0.00443887152282883,-0.0257695348753928
"rs2515029","handedness",0.494949494949495,0.00788729302797796,-0.0334822975962757,0.00742171961087681,-0.0318506196395625
"rs2515029","handedness",0.505050505050505,0.00807842822348786,-0.0343648020113823,0.00874819611187877,-0.0355448367607293
"rs2515029","handedness",0.515151515151515,-8.65597743857979e-05,-0.0261534162298568,-0.000387396654029887,-0.0273278837776214
"rs2515029","handedness",0.525252525252525,-0.0172039842346619,-0.022048258320095,-0.0162621824031311,-0.0189791717902259
"rs2515029","handedness",0.535353535353535,-0.0322029689385262,-0.0203250785254949,-0.0325553312033426,-0.0220158425643943
"rs2515029","handedness",0.545454545454546,-0.0350628682121156,-0.0153885462488134,-0.037365365351982,-0.0160143352994117
"rs2515029","handedness",0.555555555555556,-0.0312984672221594,-0.00594860631995592,-0.0290245140325072,-0.00474641296122767
"rs2515029","handedness",0.565656565656566,-0.0282442193836327,0.00650299204032921,-0.028059897104973,0.00500351114872855
"rs2515029","handedness",0.575757575757576,-0.0248792092073107,0.0151673929270891,-0.0262372347452343,0.0163919027947944
"rs2515029","handedness",0.585858585858586,-0.0177238875157033,0.0175995967093977,-0.0168021585733754,0.0186244253141028
"rs2515029","handedness",0.595959595959596,-0.00549996481030605,0.0135729899647146,-0.00677095677958613,0.0109660943126728
"rs2515029","handedness",0.606060606060606,0.00387136546507964,0.00567516229596131,0.0050990955852245,0.00750811559256243
"rs2515029","handedness",0.616161616161616,0.00274963821574382,-0.00158834399268886,0.00339500282707796,-0.0011501499243083
"rs2515029","handedness",0.626262626262626,-0.00595826160693962,-0.00150439699208332,-0.00699907894486769,-0.003774234947957
"rs2515029","handedness",0.636363636363636,-0.0158650351372737,0.003254464453551,-0.0154357944786484,0.00475391855462634
"rs2515029","handedness",0.646464646464647,-0.0202141436313518,0.00739945333147418,-0.0199899337939271,0.00783932163508208
"rs2515029","handedness",0.656565656565657,-0.0138080218411038,0.00736310981678013,-0.0151329215214805,0.00647496835010722
"rs2515029","handedness",0.666666666666667,0.000150708936263676,0.0059567327450938,0.00054494562815146,0.00605816099114848
"rs2515029","handedness",0.676767676767677,0.0163726565575685,0.00656038211433929,0.0170870391830122,0.00701070503268056
"rs2515029","handedness",0.686868686868687,0.0297658182118022,0.00848417391715945,0.0294314435205221,0.00818621509998581
"rs2515029","handedness",0.696969696969697,0.0367408685356152,0.00933700443032619,0.03682661755705,0.00884033528904598
"rs2515029","handedness",0.707070707070707,0.0389435167319463,0.0054684123565253,0.0390422366930696,0.00649873735257557
"rs2515029","handedness",0.717171717171717,0.0371596585496462,-0.00155348817964309,0.0369340428069742,-0.00162857276338502
"rs2515029","handedness",0.727272727272727,0.0317278144913255,-0.00867430551949455,0.0320036867053548,-0.00955833679414064
"rs2515029","handedness",0.737373737373737,0.0235101476433399,-0.0127968470044717,0.0233581794985367,-0.0123497091985845
"rs2515029","handedness",0.747474747474748,0.0130940149780231,-0.0117335384266645,0.0129685858974241,-0.0113780977251827
"rs2515029","handedness",0.757575757575758,0.000309352152997611,-0.00718618419438221,0.000894904265403668,-0.00803882550892349
"rs2515029","handedness",0.767676767676768,-0.0119578390335773,-0.00260932267157428,-0.0124517892934366,-0.00207415925971599
"rs2515029","handedness",0.777777777777778,-0.020637703948305,0.000695438420951785,-0.0208297254525454,0.0014890219943002
"rs2515029","handedness",0.787878787878788,-0.0251617691322416,0.00794108279566231,-0.0246730672732993,0.0061145779897552
"rs2515029","handedness",0.797979797979798,-0.0247431924759626,0.0149834430446476,-0.0251412643863214,0.0159500330215252
"rs2515029","handedness",0.808080808080808,-0.019051939368639,0.0167399578080813,-0.0192067910123429,0.0175138065399892
"rs2515029","handedness",0.818181818181818,-0.0104851667341887,0.0160926754957422,-0.0100784815089427,0.0151064161498207
"rs2515029","handedness",0.828282828282828,-0.00103783601636739,0.0167828059931672,-0.00103281517800942,0.0168367703684027
"rs2515029","handedness",0.838383838383838,0.0107680463675094,0.0182589842463176,0.0104147822920354,0.0186052946326135
"rs2515029","handedness",0.848484848484849,0.0240423936481612,0.0197794099425111,0.023993242424,0.0197675909452538
"rs2515029","handedness",0.858585858585859,0.0369442579500822,0.0210784477592306,0.0373130669501214,0.0207976806924343
"rs2515029","handedness",0.868686868686869,0.0472813206886774,0.0228535666266209,0.0472449808428014,0.0228131603594644
"rs2515029","handedness",0.878787878787879,0.0531495417813132,0.0252453184596944,0.0526056367572971,0.0259350197965104
"rs2515029","handedness",0.888888888888889,0.0538863958225843,0.026554784063967,0.0548137007917442,0.0257071177846078
"rs2515029","handedness",0.898989898989899,0.0481535984275096,0.0296905559814368,0.047842788926274,0.0298171329111105
"rs2515029","handedness",0.909090909090909,0.0374125592783595,0.0338685290733071,0.0379461372752507,0.0338276375928934
"rs2515029","handedness",0.919191919191919,0.0314255984537554,0.0249763611115039,0.0298407875498916,0.0258630060730357
"rs2515029","handedness",0.929292929292929,0.0272187160134186,0.0112487447781886,0.0274619513894149,0.0113260824536343
"rs2515029","handedness",0.93939393939394,0.0188193800813709,0.00399147368817921,0.02057491082947,0.00190893827384725
"rs2515029","handedness",0.94949494949495,0.00405991516468696,-0.000596288607806389,0.00315591098210797,0.00089863832687262
"rs2515029","handedness",0.95959595959596,-0.0135672657008228,-0.0096407862038198,-0.0127102236820011,-0.00885943486590269
"rs2515029","handedness",0.96969696969697,-0.0175337253104888,-0.0259972062195182,-0.0199085314680093,-0.0273195357132949
"rs2515029","handedness",0.97979797979798,-0.00980004627877029,-0.0422052559458117,-0.00929198085522768,-0.0415849860184657
"rs2515029","handedness",0.98989898989899,0.00170154348874424,-0.0507963150064206,0.00331779253511195,-0.0512052937120452
"rs2515029","handedness",1,0.00835012917405124,-0.0541326823138011,0.00756329626099998,-0.0539192802206385
"rs2515029","APOE4",0,0.00976744911674348,-0.00303213262019567,0.00962758910550102,-0.00293325555786418
"rs2515029","APOE4",0.0101010101010101,0.00743334526705496,-0.000636383638566796,0.00782472760671687,-0.00104031814610587
"rs2515029","APOE4",0.0202020202020202,0.00317692199039563,0.00162043782699252,0.00284571024000673,0.00217263383665539
"rs2515029","APOE4",0.0303030303030303,-0.000885357658647954,0.00189294161955001,-0.000847571873649917,0.00163102231758905
"rs2515029","APOE4",0.0404040404040404,-0.00243089091498834,0.000499579391746305,-0.0022181415303148,0.000632989705982471
"rs2515029","APOE4",0.0505050505050505,-0.00135325568669575,0.0029467833967603,-0.00175654571201088,0.00253753486268871
"rs2515029","APOE4",0.0606060606060606,0.000166869397301543,0.00543336317761231,0.000275285353568358,0.0056161846908796
"rs2515029","APOE4",0.0707070707070707,-0.000173813587658165,0.00271789971368752,0.000149482552423497,0.00310414685980252
"rs2515029","APOE4",0.0808080808080808,-0.00332048715976384,-0.00489034788585675,-0.00345156098657513,-0.005059003120596
"rs2515029","APOE4",0.0909090909090909,-0.00855963098327696,-0.0143969487424899,-0.00863547180832801,-0.0144854585078029
"rs2515029","APOE4",0.101010101010101,-0.0113939143819344,-0.018980849397197,-0.0114128897800921,-0.0189982737684032
"rs2515029","APOE4",0.111111111111111,-0.0119783753520136,-0.0159770396229786,-0.0120002408758908,-0.0160209747455718
"rs2515029","APOE4",0.121212121212121,-0.0111578464576073,-0.00660009601510982,-0.0109181182374985,-0.00711720861583819
"rs2515029","APOE4",0.131313131313131,-0.0075646896373088,0.000307925452521909,-0.00800577383696003,0.00131313783264546
"rs2515029","APOE4",0.141414141414141,-0.00302775084117508,0.00313805811714993,-0.00288685647677237,0.00284784898884824
"rs2515029","APOE4",0.151515151515152,1.88409752025589e-05,0.00293286871745636,0.000330679058734234,0.00247103566491276
"rs2515029","APOE4",0.161616161616162,0.000719399946456274,0.00159176783175957,0.000430600133794716,0.00212399257279858
"rs2515029","APOE4",0.171717171717172,-0.000818147854337008,0.000765683845497283,-0.000574627155453672,0.000361796271628924
"rs2515029","APOE4",0.181818181818182,-0.00255440055542694,0.000286490780782944,-0.00278439949795138,0.00055492556133652
"rs2515029","APOE4",0.191919191919192,-0.00325907057870344,-0.000349757501721883,-0.0032075342591811,-0.000393337694313145
"rs2515029","APOE4",0.202020202020202,-0.00235569055043129,-0.00124171715015606,-0.00231562459513892,-0.0013279257262288
"rs2515029","APOE4",0.212121212121212,-0.000504958454845767,-0.000993757339198027,-0.000536111625908869,-0.000989496053001736
"rs2515029","APOE4",0.222222222222222,0.0017247655212057,0.000672148884921241,0.00175416487995285,0.000589970586505327
"rs2515029","APOE4",0.232323232323232,0.00485299869408745,-5.10838744041438e-05,0.00474053088166501,0.000334347882396556
"rs2515029","APOE4",0.242424242424242,0.00772633133980458,-0.0009433561915146,0.00784744626262422,-0.00133707785242943
"rs2515029","APOE4",0.252525252525253,0.00904916514550634,0.000388262849743675,0.0090335267583777,0.0003488364111445
"rs2515029","APOE4",0.262626262626263,0.00884089705427932,0.000853435916172014,0.00879292504067652,0.0012531936187749
"rs2515029","APOE4",0.272727272727273,0.00673414820114787,0.00103013195918512,0.006788745723669,0.000714696562751662
"rs2515029","APOE4",0.282828282828283,0.0024065671339549,0.00217919957192795,0.00244300863023473,0.00217307996099921
"rs2515029","APOE4",0.292929292929293,-0.00352086168466615,0.00291794101105153,-0.00352272413672621,0.0030799724404032
"rs2515029","APOE4",0.303030303030303,-0.00945361099163462,0.00244028425362609,-0.00940745156032086,0.00241704003075743
"rs2515029","APOE4",0.313131313131313,-0.0120449703032218,0.00334423787805464,-0.0122744162746378,0.0031175154353556
"rs2515029","APOE4",0.323232323232323,-0.0120051285793525,0.00328144829993093,-0.0119292969485096,0.00350583106144848
"rs2515029","APOE4",0.333333333333333,-0.0107299449691607,3.55326532802299e-05,-0.0105228915395737,0.000239590347631957
"rs2515029","APOE4",0.343434343434343,-0.00756335111321514,-0.00189813458679437,-0.00779322100060853,-0.00233895727857217
"rs2515029","APOE4",0.353535353535354,-0.0023203285916698,0.000677341514186751,-0.0024288798897793,0.000622280488889352
"rs2515029","APOE4",0.363636363636364,0.00224747664860222,0.00148261577552996,0.00265037825672756,0.00209709264843438
"rs2515029","APOE4",0.373737373737374,0.00640223844475511,0.000979665694242707,0.00617497615741274,0.000494375784511145
"rs2515029","APOE4",0.383838383838384,0.0102346748817596,0.00151776001605181,0.00981645270321562,0.00149121811464818
"rs2515029","APOE4",0.393939393939394,0.0103837577034762,0.00299776659532514,0.0111950386294716,0.00330170321844577
"rs2515029","APOE4",0.404040404040404,0.00724525307490102,0.00365911181618163,0.00705316101737356,0.0032987631939254
"rs2515029","APOE4",0.414141414141414,0.00243024203082443,0.0024105522102238,0.00197530128278347,0.00280868796727909
"rs2515029","APOE4",0.424242424242424,-0.0025166479882959,0.00195746222955806,-0.00243244617595654,0.00198339542573337
"rs2515029","APOE4",0.434343434343434,-0.00724110952382296,0.0035805410967514,-0.00650805529771699,0.00229696363107397
"rs2515029","APOE4",0.444444444444444,-0.0141502115986029,0.00152599361689976,-0.0147681036004043,0.00356245420418242
"rs2515029","APOE4",0.454545454545455,-0.0190909304128521,-0.00249050742980398,-0.0195071025571351,-0.00333446816691155
"rs2515029","APOE4",0.464646464646465,-0.0179353383440106,-0.0050851045917273,-0.0170879732725844,-0.00581278606612521
"rs2515029","APOE4",0.474747474747475,-0.0143896918842795,-0.00604449941624168,-0.0148514405150401,-0.00529075192343253
"rs2515029","APOE4",0.484848484848485,-0.0125635186736922,-0.00573234127383825,-0.0125166760655918,-0.00563061111374406
"rs2515029","APOE4",0.494949494949495,-0.010650968133034,-0.00400408046767172,-0.0104475303758761,-0.00461347661722458
"rs2515029","APOE4",0.505050505050505,-0.00651380001897699,-0.00191774993102041,-0.00664191875682576,-0.00157056822790811
"rs2515029","APOE4",0.515151515151515,0.000643323132603857,6.45578370524389e-05,0.000128253767373787,0.000467663207259309
"rs2515029","APOE4",0.525252525252525,0.00763519505919971,0.00391535541901113,0.0082881981144216,0.00310026890321413
"rs2515029","APOE4",0.535353535353535,0.0109121567170221,0.00708793962237332,0.0111258617487162,0.00720319074324163
"rs2515029","APOE4",0.545454545454546,0.00856985822459632,0.00635651140796495,0.00791231592102836,0.00719043642383081
"rs2515029","APOE4",0.555555555555556,0.00461245765596619,0.00124861319819592,0.00512027542081467,0.000721627258384652
"rs2515029","APOE4",0.565656565656566,0.00345114111942682,-0.00528123989148792,0.00304917605291484,-0.00526384686577395
"rs2515029","APOE4",0.575757575757576,0.00491178349802744,-0.00369531952470157,0.00492964756044031,-0.00411408462488505
"rs2515029","APOE4",0.585858585858586,0.00653049909325807,0.000797395604094124,0.00711944482205793,0.00133191997450989
"rs2515029","APOE4",0.595959595959596,0.00651069767698348,0.00109691630321495,0.0057823847218379,0.00111070130336235
"rs2515029","APOE4",0.606060606060606,0.00694463252949846,2.45557505684505e-05,0.0070846364492465,-0.000303194393605624
"rs2515029","APOE4",0.616161616161616,0.00871160892159165,0.00104966542069493,0.00916710565840606,0.0012563598147296
"rs2515029","APOE4",0.626262626262626,0.00659367816781383,0.0012949746162801,0.00625518478627905,0.00120205228736407
"rs2515029","APOE4",0.636363636363636,0.0037612590569694,-1.89666109302902e-05,0.00378041558865729,0.000160922736222887
"rs2515029","APOE4",0.646464646464647,0.00442924255620329,-0.0027883314916178,0.0044294376129285,-0.00310492534247183
"rs2515029","APOE4",0.656565656565657,0.00681243415683968,-0.00693977745978848,0.00677554058711196,-0.00666214928985281
"rs2515029","APOE4",0.666666666666667,0.00910893862506635,-0.0110331443582411,0.00913755986566006,-0.0107450164354093
"rs2515029","APOE4",0.676767676767677,0.0100813629971896,-0.0133900166470668,0.0101273029112479,-0.0142104681372585
"rs2515029","APOE4",0.686868686868687,0.00916811470325023,-0.012845025140367,0.00919176523229344,-0.0122958733840279
"rs2515029","APOE4",0.696969696969697,0.00624352703745718,-0.00975919467289357,0.00617234867237505,-0.00992835239339684
"rs2515029","APOE4",0.707070707070707,0.00219314474752034,-0.0083070021888312,0.00227783754779923,-0.00808792073733447
"rs2515029","APOE4",0.717171717171717,-0.00205727809086298,-0.00694474658787834,-0.00206004075034733,-0.00719656073934239
"rs2515029","APOE4",0.727272727272727,-0.00564950792152299,-0.00350843364333816,-0.00574360085207024,-0.00350370886549097
"rs2515029","APOE4",0.737373737373737,-0.00776862682865229,-0.000469207099566671,-0.00770532644602322,-0.00031592967685355
"rs2515029","APOE4",0.747474747474748,-0.00802342444008181,-0.000195427118800373,-0.00814113583739914,-0.000162266716788196
"rs2515029","APOE4",0.757575757575758,-0.00749108943592624,-0.000491722925700221,-0.00733366786414797,-0.000610851226757004
"rs2515029","APOE4",0.767676767676768,-0.00692922720221762,0.000168678882132046,-0.0069979267484299,1.53450299447357e-05
"rs2515029","APOE4",0.777777777777778,-0.00662950230229794,0.00204119528670171,-0.00662376293996638,0.00251410546846133
"rs2515029","APOE4",0.787878787878788,-0.00598713511525099,0.00321289571009103,-0.00597829579434494,0.00283193335074793
"rs2515029","APOE4",0.797979797979798,-0.0050539493948648,0.00492968521124577,-0.00505479740516293,0.00473282393312297
"rs2515029","APOE4",0.808080808080808,-0.00382648012670124,0.00832571678636915,-0.00378684888870805,0.00881819078715019
"rs2515029","APOE4",0.818181818181818,-0.00114067850793109,0.0101404844853932,-0.00123194309384184,0.00991424904337059
"rs2515029","APOE4",0.828282828282828,0.00330300400426658,0.00835218429839455,0.00315246889419185,0.00850721842703416
"rs2515029","APOE4",0.838383838383838,0.00617764459616921,0.00830320345011605,0.00649473844028048,0.00807913445167785
"rs2515029","APOE4",0.848484848484849,0.00697012813447271,0.00973219395328587,0.00704434941857548,0.00953794028241093
"rs2515029","APOE4",0.858585858585859,0.00631942024070165,0.0105156196943752,0.00593280625556997,0.011050326895287
"rs2515029","APOE4",0.868686868686869,0.00550435566817091,0.00902229394355434,0.00563311363545896,0.00891328771134656
"rs2515029","APOE4",0.878787878787879,0.00514681154358777,0.00524542830921559,0.00543823902128492,0.00478001281262157
"rs2515029","APOE4",0.888888888888889,0.00350979789316152,0.00337317106050233,0.00315975960840527,0.00385119622640854
"rs2515029","APOE4",0.898989898989899,0.00167472998443725,0.00185375222510222,0.00169902964378607,0.0019601212143247
"rs2515029","APOE4",0.909090909090909,0.0010592817947561,-0.000644274239269166,0.00143906887506088,-0.00137325303837855
"rs2515029","APOE4",0.919191919191919,0.000973978485438828,0.000538927929470242,0.000501955135644861,0.0011952911740551
"rs2515029","APOE4",0.929292929292929,0.000889357372625988,0.0035688556338781,0.000945822483374501,0.00347139851024081
"rs2515029","APOE4",0.93939393939394,0.00084371699951416,0.00502116160359828,0.00129667787531662,0.00464925213851714
"rs2515029","APOE4",0.94949494949495,0.00241381483477762,0.00363709247461075,0.00189770972392127,0.00407940093046819
"rs2515029","APOE4",0.95959595959596,0.00564236535416051,-0.000539912620671587,0.00556132588804166,-0.000575120995016085
"rs2515029","APOE4",0.96969696969697,0.00527728100815646,-0.00484858257436917,0.00608018210933003,-0.00505492271569803
"rs2515029","APOE4",0.97979797979798,0.00366713201075004,-0.00756822867447003,0.00296109703537427,-0.00755179742192085
"rs2515029","APOE4",0.98989898989899,0.00454737312502799,-0.00802679467051688,0.00467223673579652,-0.00794457663973887
"rs2515029","APOE4",1,0.00768168182269493,-0.00804537774255512,0.00773661902870191,-0.00806821412599572
"rs2515029","PC1",0,0.0102958967651574,0.000784335301695739,0.0102311187470439,0.000887143515209397
"rs2515029","PC1",0.0101010101010101,0.00902569421029646,0.00225152203118855,0.00908700913989995,0.00196850195980955
"rs2515029","PC1",0.0202020202020202,0.00482017839907192,0.00458306889267522,0.00491909203467916,0.00474030663109296
"rs2515029","PC1",0.0303030303030303,-0.000882993436819283,0.00625048584247731,-0.00075308145943235,0.0064407798234743
"rs2515029","PC1",0.0404040404040404,-0.00478466752654674,0.006584751715225,-0.00531355673390854,0.00660795833604886
"rs2515029","PC1",0.0505050505050505,-0.00296214625451437,0.00905979546891896,-0.00274657222353371,0.00848184169013586
"rs2515029","PC1",0.0606060606060606,0.00178199878471664,0.0125972841924521,0.00229746687095522,0.0127675654752557
"rs2515029","PC1",0.0707070707070707,0.00576718116316596,0.0146398462904088,0.00486754388358083,0.0149528359177201
"rs2515029","PC1",0.0808080808080808,0.00914065396861521,0.0126744881234204,0.00965901437771262,0.0127034119764022
"rs2515029","PC1",0.0909090909090909,0.0115531273847232,0.00576905768623162,0.011633732560922,0.00613530666593004
"rs2515029","PC1",0.101010101010101,0.00887528481962754,-0.00148477222350246,0.00875786578924424,-0.00217206257944353
"rs2515029","PC1",0.111111111111111,0.00366024432532956,-0.00594623677300825,0.00376300888851497,-0.0057704676638481
"rs2515029","PC1",0.121212121212121,-0.000228935993142381,-0.00611861663248865,-0.000479404512128581,-0.00621372679163646
"rs2515029","PC1",0.131313131313131,-0.00185959923248849,-0.00387854382063236,-0.00163203056167529,-0.00388355189881639
"rs2515029","PC1",0.141414141414141,-0.00116002874075114,-0.00126282986786082,-0.00126689061776503,-0.00107471247748975
"rs2515029","PC1",0.151515151515152,0.00143502834338411,0.000377531838317404,0.00131556572100982,0.000361475377799397
"rs2515029","PC1",0.161616161616162,0.00360186566629654,0.00170611826829739,0.00376017262650289,0.00158398184255775
"rs2515029","PC1",0.171717171717172,0.00352308325106328,0.00316229270522405,0.00369110974631528,0.00306020489798966
"rs2515029","PC1",0.181818181818182,0.00284107125389819,0.00297775537339492,0.00251764021863532,0.00337696023727886
"rs2515029","PC1",0.191919191919192,0.00235918765708729,0.0014713984126087,0.00243158885193694,0.00136315083119521
"rs2515029","PC1",0.202020202020202,0.00217631992242406,-0.00030511955969211,0.00232915051846746,-0.000487699247049811
"rs2515029","PC1",0.212121212121212,0.00139105178409139,-0.00118412220771695,0.00127831310298685,-0.00121815855698295
"rs2515029","PC1",0.222222222222222,-0.000536932644039493,-0.000536451469036981,-0.000466482184130195,-0.000372474508797341
"rs2515029","PC1",0.232323232323232,-0.00210168563694507,0.000314639843487291,-0.0021755385948709,0.000153981873488743
"rs2515029","PC1",0.242424242424242,-0.00277984969885721,0.000749095960069089,-0.00276646351628674,0.000845730936418395
"rs2515029","PC1",0.252525252525253,-0.00244320458303643,0.000667624968675083,-0.00241716440200683,0.000857566489621496
"rs2515029","PC1",0.262626262626263,-0.00125909962606294,0.000651902076736568,-0.00131767921667019,0.000347867978617021
"rs2515029","PC1",0.272727272727273,-0.000626728290539787,0.000961212150825891,-0.000650584681544369,0.000927768577663492
"rs2515029","PC1",0.282828282828283,-0.0017621747780966,0.00154999471080376,-0.00155850270813631,0.00179776584203515
"rs2515029","PC1",0.292929292929293,-0.00391393773426336,0.00167878215179113,-0.00402632128450402,0.00171216990406988
"rs2515029","PC1",0.303030303030303,-0.0058825729936755,0.000945682696877554,-0.00602509934210845,0.00060046541717558
"rs2515029","PC1",0.313131313131313,-0.00690468368614567,0.000552600379491721,-0.00674130601168706,0.000847757348682259
"rs2515029","PC1",0.323232323232323,-0.00730175845024033,0.000450833337115271,-0.00723663524632628,0.000484938143918213
"rs2515029","PC1",0.333333333333333,-0.00748330753170697,0.000205431702180164,-0.00771562479043354,-0.000131473186560619
"rs2515029","PC1",0.343434343434343,-0.00716999567439384,-0.000401887907979767,-0.00710428980427681,-0.000197809209408757
"rs2515029","PC1",0.353535353535354,-0.00633495890601555,-0.00179790883498494,-0.00607656405520962,-0.00149742097683077
"rs2515029","PC1",0.363636363636364,-0.00604057060489776,-0.00441132355287249,-0.00638115827087885,-0.00449520946770246
"rs2515029","PC1",0.373737373737374,-0.00533591366169206,-0.00473846236265056,-0.00521638905448475,-0.00508192405806084
"rs2515029","PC1",0.383838383838384,-0.0034162777797961,0.000467603774756565,-0.003280451397414,0.000362664801191565
"rs2515029","PC1",0.393939393939394,-0.00170986751293912,0.00917047652249741,-0.00190565816581778,0.00919908439318577
"rs2515029","PC1",0.404040404040404,0.000758954676321837,0.0177829157632871,0.000861496664489241,0.0179878271638312
"rs2515029","PC1",0.414141414141414,0.00487619218773237,0.0229973948549343,0.00476313144291104,0.0229239907177786
"rs2515029","PC1",0.424242424242424,0.00800976967957671,0.0228705849878361,0.00789069590369326,0.0226867282018635
"rs2515029","PC1",0.434343434343434,0.00738024107224849,0.0166067669463896,0.00818439234048845,0.0181891929533405
"rs2515029","PC1",0.444444444444444,0.00354307346070846,0.00698441251366917,0.00256885085915477,0.00512194547722829
"rs2515029","PC1",0.454545454545455,-0.000588847573933747,-0.00101964457033308,-0.000175555795187409,-0.000624383534198541
"rs2515029","PC1",0.464646464646465,-0.00245502402633343,-0.0035720710239894,-0.00237998423995968,-0.00326731313811772
"rs2515029","PC1",0.474747474747475,-0.00252977773287987,-0.00280533722019431,-0.0026935392643403,-0.00310434303206062
"rs2515029","PC1",0.484848484848485,-0.00181576561251172,-0.00138119120123378,-0.00181585313399929,-0.00111163584778161
"rs2515029","PC1",0.494949494949495,-0.000579139303674915,0.0013040955349425,-0.00049852848658636,0.000950434370618654
"rs2515029","PC1",0.505050505050505,0.000404422508894116,0.00448355900414277,0.000417305208953955,0.00458853449054575
"rs2515029","PC1",0.515151515151515,0.000642495963425058,0.00648284516708134,0.000537558198216909,0.00675355091401415
"rs2515029","PC1",0.525252525252525,0.00100467625714156,0.00528309139627737,0.00106342246541098,0.00529235471231282
"rs2515029","PC1",0.535353535353535,0.000785199013097049,0.00235000504857329,0.000896546559989725,0.00210580700508755
"rs2515029","PC1",0.545454545454546,-0.00060251868201092,-0.000326730592366249,-0.000719100174146926,-0.00015207276723272
"rs2515029","PC1",0.555555555555556,-0.00122474525872813,-0.00247027214238411,-0.00121015097699749,-0.00247915626098211
"rs2515029","PC1",0.565656565656566,0.000751769336704875,-0.00391927116926291,0.000671091151162204,-0.00411247964320638
"rs2515029","PC1",0.575757575757576,0.00411491833025555,-0.00379958185181939,0.00416140012081574,-0.00375908606280753
"rs2515029","PC1",0.585858585858586,0.00642956968248202,-0.00307659415706575,0.00647789507555996,-0.00284993910512448
"rs2515029","PC1",0.595959595959596,0.00586650861318361,-0.00279228628880405,0.00590722651282126,-0.00298167659483711
"rs2515029","PC1",0.606060606060606,0.00351265450815018,-0.00214273858686307,0.0034288941315712,-0.00218128052723155
"rs2515029","PC1",0.616161616161616,0.000644251780979533,-0.000671981943432435,0.000685458496117407,-0.000700455960443386
"rs2515029","PC1",0.626262626262626,-0.0030958613516209,-0.000404732704373761,-0.00304452398465023,-0.000124902644446341
"rs2515029","PC1",0.636363636363636,-0.00650284375516154,-0.00114707375492431,-0.00656507204151013,-0.00116513732652348
"rs2515029","PC1",0.646464646464647,-0.0079602141109284,-0.00194407806804028,-0.00795249214353543,-0.00248077627866529
"rs2515029","PC1",0.656565656565657,-0.00657377569952238,-0.00219809022567044,-0.00664116573056996,-0.00174246801044756
"rs2515029","PC1",0.666666666666667,-0.00263165509414756,-0.00280047063378018,-0.00255205248573574,-0.00248226693170098
"rs2515029","PC1",0.676767676767677,0.00302979086249397,-0.00455471616070848,0.00289818096176655,-0.00525846115932723
"rs2515029","PC1",0.686868686868687,0.00844981986866836,-0.00641985840773553,0.00852002994529132,-0.00615916227907945
"rs2515029","PC1",0.696969696969697,0.0115116102549696,-0.00725214042912522,0.011666016014931,-0.0067792979560542
"rs2515029","PC1",0.707070707070707,0.0112018193064787,-0.00725618583311936,0.0110789027541463,-0.00797843364259049
"rs2515029","PC1",0.717171717171717,0.00904576516993243,-0.00665522389764501,0.00902166971000555,-0.00662807455098686
"rs2515029","PC1",0.727272727272727,0.00673911052839149,-0.0056974848909242,0.00681504077276987,-0.00506877604709127
"rs2515029","PC1",0.737373737373737,0.00424525234564285,-0.00507092514242205,0.00417678917383159,-0.00547081015157918
"rs2515029","PC1",0.747474747474748,0.00132179792935545,-0.00531909555412945,0.0013856041508393,-0.00544912050099061
"rs2515029","PC1",0.757575757575758,-0.00149104066488693,-0.00594201338543974,-0.00154582391399259,-0.00547838478908341
"rs2515029","PC1",0.767676767676768,-0.00393178399534618,-0.00608061546713096,-0.00391367377867932,-0.00643748841310864
"rs2515029","PC1",0.777777777777778,-0.00545290033090425,-0.00528674240957557,-0.00536274289409907,-0.00550803925738439
"rs2515029","PC1",0.787878787878788,-0.0046173842435862,-0.00453280133444721,-0.00487021872717467,-0.00395280397591124
"rs2515029","PC1",0.797979797979798,-0.00261865506198799,-0.00391712064284531,-0.00244469732114405,-0.00424328018100737
"rs2515029","PC1",0.808080808080808,-0.00102787110199,-0.00329401215660307,-0.000975771989646364,-0.00339085036908834
"rs2515029","PC1",0.818181818181818,0.000115832764226578,-0.00285288975211493,-5.5303037031062e-05,-0.00250014728249617
"rs2515029","PC1",0.828282828282828,0.000997458582860041,-0.00251942842786277,0.00122594351375476,-0.00292636621027452
"rs2515029","PC1",0.838383838383838,0.00120957109514356,-0.00133507593805921,0.00100831956675665,-0.00117574480492665
"rs2515029","PC1",0.848484848484849,0.000358019960631869,-1.70869331326634e-05,0.00035696106851969,8.31522630433103e-05
"rs2515029","PC1",0.858585858585859,-0.00178072193745177,0.000292176831861981,-0.001552209327276,4.33379155919405e-05
"rs2515029","PC1",0.868686868686869,-0.00491984268207664,-0.00122675352886736,-0.00513881092418615,-0.000780860794854216
"rs2515029","PC1",0.878787878787879,-0.00863925017648546,-0.00428101144851014,-0.00850984531666277,-0.00444932649991377
"rs2515029","PC1",0.888888888888889,-0.0123110663888785,-0.00574220804101137,-0.0123267950116832,-0.00619805947254427
"rs2515029","PC1",0.898989898989899,-0.0145617008664084,-0.00661404867264274,-0.0147154146962867,-0.00596945074381848
"rs2515029","PC1",0.909090909090909,-0.0140814867128617,-0.00799813033328175,-0.0138185047854154,-0.00814669533273659
"rs2515029","PC1",0.919191919191919,-0.0109798746136267,-0.00718820385954044,-0.0112091023339706,-0.007582419575258
"rs2515029","PC1",0.929292929292929,-0.00730886848184353,-0.00414216044943085,-0.00758173176868352,-0.0039655088263727
"rs2515029","PC1",0.93939393939394,-0.00489646563186252,-2.90812880221512e-05,-0.00409349772232106,-3.34916178002839e-05
"rs2515029","PC1",0.94949494949495,-0.00298101156169942,0.00299436785108604,-0.00334556788816588,0.00320606514064702
"rs2515029","PC1",0.95959595959596,0.000108844927533867,0.00382965110692216,-0.000577436881360267,0.00394726562392186
"rs2515029","PC1",0.96969696969697,0.00575348178834755,0.00546712324754273,0.00668502837096695,0.00489507985633455
"rs2515029","PC1",0.97979797979798,0.0102351278454355,0.00767731066070358,0.010017558463506,0.00790670228288418
"rs2515029","PC1",0.98989898989899,0.0104287687531767,0.0091940870688297,0.0102002569394067,0.00948155095665756
"rs2515029","PC1",1,0.0109408503553288,0.00912956997308464,0.0110510594714835,0.00893654643676135
"rs2515029","PC2",0,-0.00373633993806409,0.00121295350429455,-0.00373817424241974,0.0011449392776591
"rs2515029","PC2",0.0101010101010101,-0.0045027890662132,-0.00194054161622318,-0.00429920263670564,-0.00170707358710741
"rs2515029","PC2",0.0202020202020202,-0.00294973267113761,-0.00602552765643537,-0.00346227087931772,-0.0062757160357994
"rs2515029","PC2",0.0303030303030303,-3.45518182032082e-07,-0.00841694778879294,0.00037518910364192,-0.00833302135982072
"rs2515029","PC2",0.0404040404040404,0.00255032691481164,-0.00808115458619187,0.00254304287623243,-0.0082225739780778
"rs2515029","PC2",0.0505050505050505,0.00423769687645626,-0.0102054838280398,0.00408259079939059,-0.00982066612697679
"rs2515029","PC2",0.0606060606060606,0.00397372531139895,-0.0132787809756788,0.00410183859260498,-0.0136004745252022
"rs2515029","PC2",0.0707070707070707,0.00136279305317954,-0.0141599459227764,0.00157074886003562,-0.0140710876689706
"rs2515029","PC2",0.0808080808080808,-0.000201236057806703,-0.0119920814866427,-0.000578527682003256,-0.0119981270179358
"rs2515029","PC2",0.0909090909090909,0.00140050358259416,-0.00704056333801104,0.0012160959405596,-0.00720175592435124
"rs2515029","PC2",0.101010101010101,0.00135703780102709,-0.00175684897446208,0.00214568634069578,-0.00150648969369024
"rs2515029","PC2",0.111111111111111,0.000473568133428694,0.000931608636722475,-0.000127179689060687,0.000806476559567349
"rs2515029","PC2",0.121212121212121,0.000408714171746816,0.000112177740920832,0.000261879704732428,0.000359223696804388
"rs2515029","PC2",0.131313131313131,-0.000710645345804431,0.00097046464727472,-8.83950164734248e-05,0.00051969654408175
"rs2515029","PC2",0.141414141414141,-0.00229132332143902,0.00314480967812499,-0.00263325901273902,0.0033815821745029
"rs2515029","PC2",0.151515151515152,-0.00311645640818716,0.00458436537305567,-0.00325752544374373,0.00465800409496497
"rs2515029","PC2",0.161616161616162,-0.00304700274021634,0.00402481367688135,-0.0028821166812332,0.00395256075395478
"rs2515029","PC2",0.171717171717172,-0.00233223246520369,0.00201396259421223,-0.0022898857600976,0.00213594401102421
"rs2515029","PC2",0.181818181818182,-0.00145108919881539,0.00336915624349565,-0.00150064556007788,0.00298341608544704
"rs2515029","PC2",0.191919191919192,-1.83607802939801e-05,0.00575347757120763,-0.000236007669563747,0.00617129253198348
"rs2515029","PC2",0.202020202020202,0.0020272377839004,0.00590646354022165,0.00230205230019747,0.00575276221512939
"rs2515029","PC2",0.212121212121212,0.00246827039878811,0.00564322205946048,0.00242912926507581,0.00558112088253323
"rs2515029","PC2",0.222222222222222,-0.000325733868731764,0.00667700772198963,-0.000292114059229445,0.00674963890327144
"rs2515029","PC2",0.232323232323232,-0.0039301295984771,0.00632998615564073,-0.00398708341487706,0.00633628875646375
"rs2515029","PC2",0.242424242424242,-0.00704948746726238,0.00492115791285419,-0.00707914738115988,0.00491393116008962
"rs2515029","PC2",0.252525252525253,-0.00877971101596156,0.00338748323454827,-0.00862251460496061,0.00331409271628127
"rs2515029","PC2",0.262626262626263,-0.007966221381948,0.00114613934152662,-0.00823098857528032,0.00128479798012686
"rs2515029","PC2",0.272727272727273,-0.00515449786897106,-0.00135579528936557,-0.00517523374899408,-0.00142300863889591
"rs2515029","PC2",0.282828282828283,-0.00144065669780467,-0.00319104571454058,-0.00116278982047034,-0.00319271960428266
"rs2515029","PC2",0.292929292929293,0.00175682892774652,-0.00301538793524904,0.00161151137402502,-0.00309979191108019
"rs2515029","PC2",0.303030303030303,0.00357367418475089,-0.000419460801283314,0.00356243189106181,-0.000330657346394088
"rs2515029","PC2",0.313131313131313,0.00511722249181252,0.00163835601817734,0.00514433228773284,0.00167398291060442
"rs2515029","PC2",0.323232323232323,0.00585966583421883,0.00231522126138813,0.00581737628101925,0.00210788427588542
"rs2515029","PC2",0.333333333333333,0.00497579387261203,0.00158041387820653,0.00508888368217945,0.00190659269103498
"rs2515029","PC2",0.343434343434343,0.00272071602900089,-0.000502944854867586,0.00269609007311064,-0.000626883243301433
"rs2515029","PC2",0.353535353535354,-4.81310104232121e-05,-0.00289867745401039,-8.68739913270009e-05,-0.00304574087760642
"rs2515029","PC2",0.363636363636364,-0.00156251500812341,-0.00223439300853645,-0.00154537027543974,-0.00214455120730095
"rs2515029","PC2",0.373737373737374,-0.00139473137879533,-3.67812852645503e-05,-0.00157177110556761,0.000113383168238226
"rs2515029","PC2",0.383838383838384,0.000319581051234961,0.000777050894176956,0.000670017798140306,0.000250296636015862
"rs2515029","PC2",0.393939393939394,0.00275459494649952,-0.00157336351901898,0.00241387079574505,-0.00076273787696216
"rs2515029","PC2",0.404040404040404,0.00450097394914463,-0.00539821279710991,0.00442039768173215,-0.00587038628176495
"rs2515029","PC2",0.414141414141414,0.00444835215607501,-0.00852303664483379,0.00501183055292383,-0.00864432804807082
"rs2515029","PC2",0.424242424242424,0.00312060483800279,-0.0102333072524172,0.00280266242525231,-0.00955591869685707
"rs2515029","PC2",0.434343434343434,0.00119645250353522,-0.00922797082471206,0.000802672169113568,-0.010588138557231
"rs2515029","PC2",0.444444444444444,-0.001296525052275,-0.00309205296305181,-0.000432943377233005,-0.00193669633773454
"rs2515029","PC2",0.454545454545455,-0.00312958505524252,0.000772466544100186,-0.00386462427068426,0.000931829560993345
"rs2515029","PC2",0.464646464646465,-0.0032280820842065,-0.00409171344996472,-0.00299075653411878,-0.00493628095053167
"rs2515029","PC2",0.474747474747475,-0.00258863816479358,-0.00959471623105976,-0.00256252120554482,-0.0090824820443927
"rs2515029","PC2",0.484848484848485,-0.00210938954230261,-0.00811320208361891,-0.00209382451661688,-0.00831692972925384
"rs2515029","PC2",0.494949494949495,-0.000896471267718932,-0.00577714664416331,-0.00107812979997209,-0.00563198750981585
"rs2515029","PC2",0.505050505050505,-0.000132553245144158,-0.00217981499989359,6.39937793914103e-05,-0.00215995003261085
"rs2515029","PC2",0.515151515151515,-0.00133245984593508,0.00410303598590625,-0.00128368374559606,0.00355743209602628
"rs2515029","PC2",0.525252525252525,-0.00405391748535233,0.00876195635683515,-0.00404647507667962,0.00950565631749599
"rs2515029","PC2",0.535353535353535,-0.00514208435222255,0.00919025797464557,-0.00534815260040192,0.00909528412969009
"rs2515029","PC2",0.545454545454546,-0.00210629681019668,0.00481393814111115,-0.0021150543646749,0.00442610606123583
"rs2515029","PC2",0.555555555555556,0.00251588275787299,-0.000155528179436742,0.00259343173649396,9.59881071501864e-05
"rs2515029","PC2",0.565656565656566,0.00586845632062957,-0.00211388911670755,0.00602197356034465,-0.00215428379437534
"rs2515029","PC2",0.575757575757576,0.00830078210366851,-0.00353229279433488,0.00810800608051219,-0.00354166895774583
"rs2515029","PC2",0.585858585858586,0.00890433051596055,-0.00412959966644982,0.00872095085338368,-0.004160890479807
"rs2515029","PC2",0.595959595959596,0.00662978728541929,-0.00297133917209374,0.00725632157944238,-0.0029394893813374
"rs2515029","PC2",0.606060606060606,0.00206120808865038,-0.00106559686913221,0.00172494212122865,-0.00110678091463548
"rs2515029","PC2",0.616161616161616,-0.00321288254950575,0.000764312273087643,-0.00344358762108965,0.000898643728526853
"rs2515029","PC2",0.626262626262626,-0.00632261799135437,0.00354428952978218,-0.00601505723665082,0.00330428910289852
"rs2515029","PC2",0.636363636363636,-0.00821465856371272,0.00564095688105572,-0.00832781166737099,0.00576741386061044
"rs2515029","PC2",0.646464646464647,-0.00996258433027802,0.0057751292919082,-0.00991637620736382,0.00604002737523152
"rs2515029","PC2",0.656565656565657,-0.00949772516222325,0.00631020464067315,-0.00958519879912211,0.00586787637934599
"rs2515029","PC2",0.666666666666667,-0.00682606407832323,0.00638068426057098,-0.00688350926303424,0.0064085246318215
"rs2515029","PC2",0.676767676767677,-0.00276336044082927,0.00463364341765561,-0.00261463199413582,0.00511338298146169
"rs2515029","PC2",0.686868686868687,0.00168641775621704,0.00218196486765784,0.00162710605946562,0.00184988562850818
"rs2515029","PC2",0.696969696969697,0.00565889323286121,0.000665697297058158,0.00558092083081984,0.000426328359184864
"rs2515029","PC2",0.707070707070707,0.0088707696875745,0.000805791620563356,0.00897666677770611,0.00125510809707216
"rs2515029","PC2",0.717171717171717,0.0105634316520075,0.000986096790830841,0.0105828955108179,0.000790472239379531
"rs2515029","PC2",0.727272727272727,0.010073993654146,-0.000111115201339925,0.0100103243629716,-0.000123879864776631
"rs2515029","PC2",0.737373737373737,0.00778445224617175,-0.000362064192201549,0.00785207730692487,-0.000390547836608637
"rs2515029","PC2",0.747474747474748,0.00444845993477496,0.00130427008951876,0.00447227173288378,0.00128124329542436
"rs2515029","PC2",0.757575757575758,0.00120929906390269,0.000248816187283703,0.00113539265279558,0.000446111898661953
"rs2515029","PC2",0.767676767676768,-0.000887760400364854,-0.00231081023101011,-0.000943158473871675,-0.00237365844654171
"rs2515029","PC2",0.777777777777778,-0.00131313216515947,-0.00387429130180605,-0.00121128760685385,-0.00418530546149455
"rs2515029","PC2",0.787878787878788,-0.00119723126981537,-0.00443324503786981,-0.00130969621682945,-0.00404777352592259
"rs2515029","PC2",0.797979797979798,-0.00135690233302266,-0.00405072566661183,-0.00125362088397265,-0.00401913324624137
"rs2515029","PC2",0.808080808080808,-0.0021937187270396,-0.00266842567034014,-0.00217814811777173,-0.00313515025714452
"rs2515029","PC2",0.818181818181818,-0.00322531097567116,-0.00033090815568468,-0.00329189702357822,8.6435438774972e-05
"rs2515029","PC2",0.828282828282828,-0.00363693027652643,0.00214275925474845,-0.00355808036657029,0.00192949613299026
"rs2515029","PC2",0.838383838383838,-0.0026754143870973,0.00213955602735021,-0.00286036556486427,0.00233246675575552
"rs2515029","PC2",0.848484848484849,-0.00150485151564608,0.0011024528829365,-0.00138062805494201,0.00101780131261484
"rs2515029","PC2",0.858585858585859,-0.00140546752169674,0.000888201000317328,-0.00131669686857349,0.000739599037208053
"rs2515029","PC2",0.868686868686869,-0.00209339480496677,0.000203895275958777,-0.00226728609549358,0.000505332697464963
"rs2515029","PC2",0.878787878787879,-0.00325577228797212,-0.00172828816034475,-0.00305905359706132,-0.0020198550825804
"rs2515029","PC2",0.888888888888889,-0.00534166292492884,-0.00180605331201334,-0.00542198959668469,-0.00167253278673839
"rs2515029","PC2",0.898989898989899,-0.00641737748060286,-0.000944054274040501,-0.00641869034653072,-0.000788002398615937
"rs2515029","PC2",0.909090909090909,-0.00488338747277643,-0.000268092226187667,-0.00517301086850385,-0.000769614885493716
"rs2515029","PC2",0.919191919191919,-0.00280588192868739,0.00215918489946785,-0.00246822686499884,0.00264433176755105
"rs2515029","PC2",0.929292929292929,-0.00160857582864992,0.00374702820002483,-0.00138683183456195,0.00369208350084968
"rs2515029","PC2",0.93939393939394,-0.00166558898771029,0.00192598848519681,-0.00219819981446559,0.00176063971597502
"rs2515029","PC2",0.94949494949495,-0.000815490879082917,-0.000141369349915433,-0.000586790263671547,-9.09789608866419e-05
"rs2515029","PC2",0.95959595959596,0.00220380711275381,0.000418258113457372,0.00217802539379534,0.000444575545325352
"rs2515029","PC2",0.96969696969697,0.0038915382988738,0.000774164644491058,0.0040393773047718,0.000794126048435923
"rs2515029","PC2",0.97979797979798,0.00469395722338892,0.00111358037916342,0.00451296878654332,0.00102684214460442
"rs2515029","PC2",0.98989898989899,0.0060001327241941,0.00232378002080766,0.00607857667820687,0.00240681391619961
"rs2515029","PC2",1,0.00749014008455679,0.00335201517769847,0.00747747764582282,0.00332574489533946
"rs2515029","education_years",0,-0.000633779577630537,0.0013486460086858,-0.000641411667830913,0.00132975402688062
"rs2515029","education_years",0.0101010101010101,-0.00120822449485848,0.000996269943974622,-0.0010963042064772,0.00103043423396699
"rs2515029","education_years",0.0202020202020202,-0.00138094687095447,1.81284628236664e-05,-0.00157916789362995,2.50847765557961e-05
"rs2515029","education_years",0.0303030303030303,-0.00104727994990488,-0.00108738097686503,-0.00102127954150066,-0.00114372592364353
"rs2515029","education_years",0.0404040404040404,-0.000372683296730191,-0.00174704813095597,-0.000191994436782983,-0.00166568892743864
"rs2515029","education_years",0.0505050505050505,0.000102313517144593,-0.00215555124593471,-0.000144944869187457,-0.00224747579805101
"rs2515029","education_years",0.0606060606060606,1.07592466829106e-06,-0.00246934648531801,0.000192749560697736,-0.00241055394523951
"rs2515029","education_years",0.0707070707070707,-0.000779092717998613,-0.0027088700028079,-0.000720959629315076,-0.00270149337258456
"rs2515029","education_years",0.0808080808080808,-0.00151997736822229,-0.00259601839884668,-0.0016860443595122,-0.00263796972559262
"rs2515029","education_years",0.0909090909090909,-0.00154864395604446,-0.0018548853518746,-0.00154885363195603,-0.00182869079631247
"rs2515029","education_years",0.101010101010101,-0.0011416927876947,-0.000647115347989736,-0.00107264814945071,-0.000692983866770952
"rs2515029","education_years",0.111111111111111,-0.000616228259746099,0.000267923390772313,-0.000656291662574059,0.000330541729271727
"rs2515029","education_years",0.121212121212121,-0.000259798194289914,0.000295546850442544,-0.000270479137788017,0.000292350376150469
"rs2515029","education_years",0.131313131313131,-0.00035230727007904,-7.59368833473888e-05,-0.000263813849234591,-0.000110662395162516
"rs2515029","education_years",0.141414141414141,-0.000798918194925678,-0.000449858583654784,-0.000847122188266416,-0.000415360459496875
"rs2515029","education_years",0.151515151515152,-0.00139730121663866,-0.000610417033450947,-0.00139827269398133,-0.000645370581754662
"rs2515029","education_years",0.161616161616162,-0.00191284334045991,-0.000678737046201485,-0.00190415033876663,-0.000679754715197845
"rs2515029","education_years",0.171717171717172,-0.00210323466226346,-0.000757224311525524,-0.00211794633354677,-0.000669467747318169
"rs2515029","education_years",0.181818181818182,-0.00179852960303297,-0.000564256635219564,-0.00182192414506048,-0.000674211782136757
"rs2515029","education_years",0.191919191919192,-0.00111263136508242,0.000173640240159623,-0.00111042941990709,0.00015876694803509
"rs2515029","education_years",0.202020202020202,-0.000247953603910311,0.00144997426429312,-0.000240850712009222,0.00153256694384701
"rs2515029","education_years",0.212121212121212,0.000522523092303422,0.0022494867240438,0.000522514729122505,0.00222958007921743
"rs2515029","education_years",0.222222222222222,0.00091202446234462,0.00182142150131618,0.000936676525501219,0.00181986903505331
"rs2515029","education_years",0.232323232323232,0.000762392133163607,0.00116244424117982,0.000794939541060416,0.00114784933014413
"rs2515029","education_years",0.242424242424242,0.000372210382326364,0.000508493730171572,0.000324713746058211,0.000539898344397348
"rs2515029","education_years",0.252525252525253,9.943848264107e-05,-0.000129733287698224,0.000115264845499249,-0.000179538200313811
"rs2515029","education_years",0.262626262626263,9.06180305384806e-05,-0.000440822322808602,8.58943972581352e-05,-0.000392760232365835
"rs2515029","education_years",0.272727272727273,0.000454349702604709,-0.000322186462494569,0.00040790853841032,-0.000355123478310286
"rs2515029","education_years",0.282828282828283,0.00120252971158913,0.00017108392894494,0.00121921223703499,0.00016355414303658
"rs2515029","education_years",0.292929292929293,0.00194432868236116,0.000656130193604462,0.00195413249337866,0.00069332659879951
"rs2515029","education_years",0.303030303030303,0.00226426677929689,0.000875679440875447,0.00230432124131006,0.000854745868618105
"rs2515029","education_years",0.313131313131313,0.00209726923445346,0.00123760970683501,0.00208750538382402,0.00124243811033104
"rs2515029","education_years",0.323232323232323,0.00163941750346183,0.00169748512382502,0.00162761140429185,0.00167094129945768
"rs2515029","education_years",0.333333333333333,0.00117450322293688,0.00208598304860244,0.00122540099984495,0.00212814791556098
"rs2515029","education_years",0.343434343434343,0.00115203346633174,0.00239407548001835,0.00106002483086459,0.00236049832534762
"rs2515029","education_years",0.353535353535354,0.00184435223252319,0.00227455301730152,0.00175691730443266,0.00222663539812058
"rs2515029","education_years",0.363636363636364,0.00264600642507318,0.000470074019151585,0.00278262946580849,0.000660731851346866
"rs2515029","education_years",0.373737373737374,0.00271923357307405,-0.00224340621566006,0.00276846689923836,-0.00238590133665397
"rs2515029","education_years",0.383838383838384,0.00158572470306951,-0.00430969827175163,0.00153617534784233,-0.00427556610895217
"rs2515029","education_years",0.393939393939394,5.69037215467876e-05,-0.00409177239608321,6.22259370724509e-05,-0.00414275948483631
"rs2515029","education_years",0.404040404040404,-0.00134011680956738,-0.00228942923332163,-0.00131053216756013,-0.00233525739051591
"rs2515029","education_years",0.414141414141414,-0.00229485311544206,-8.93298802072502e-05,-0.00238168025778534,4.51412254920719e-05
"rs2515029","education_years",0.424242424242424,-0.0027161423674467,0.00188859927248813,-0.00269198074123793,0.00180285309809941
"rs2515029","education_years",0.434343434343434,-0.00249334892781764,0.00265124960992083,-0.00241047757103966,0.00257944365648527
"rs2515029","education_years",0.444444444444444,-0.00149419760498778,0.000356924094538271,-0.00178060047302357,0.000739311364627973
"rs2515029","education_years",0.454545454545455,-0.000614400677424921,-0.00250743949358605,-0.000296067121332123,-0.00296619459589278
"rs2515029","education_years",0.464646464646465,-0.000698827543043361,-0.00318571341146913,-0.000744011476442027,-0.00298805853097886
"rs2515029","education_years",0.474747474747475,-0.00128668556182549,-0.0026885107826799,-0.00131550327138653,-0.00268929829906748
"rs2515029","education_years",0.484848484848485,-0.00166768170325552,-0.00260865054757166,-0.00171349071190344,-0.00269422853947396
"rs2515029","education_years",0.494949494949495,-0.0014867443070099,-0.00296929655155737,-0.00146372530635465,-0.00279008535342479
"rs2515029","education_years",0.505050505050505,-0.000655960408761632,-0.00290718325809292,-0.000650616180954312,-0.00306181815935435
"rs2515029","education_years",0.515151515151515,0.000634236727950444,-0.00155320900619061,0.000412358629597053,-0.00155507537683223
"rs2515029","education_years",0.525252525252525,0.00148696508520312,0.00102430084978683,0.00181820579202588,0.00105583420951481
"rs2515029","education_years",0.535353535353535,0.00164132763172874,0.00289583346030924,0.00170395738653512,0.00285184007467586
"rs2515029","education_years",0.545454545454546,0.00118416750443674,0.00239370475998385,0.000827785458500666,0.00258059789173422
"rs2515029","education_years",0.555555555555556,0.000726518192676663,0.000632831944052795,0.000914083031697199,0.000494506211787821
"rs2515029","education_years",0.565656565656566,0.000597159907283406,-0.000668062369451325,0.00058988842834595,-0.000701995659823249
"rs2515029","education_years",0.575757575757576,-0.000108957732210416,-0.000551329399080717,-7.19901683700182e-05,-0.000504144472764374
"rs2515029","education_years",0.585858585858586,-0.00103269447211164,0.000274057675796227,-0.000998324563738199,0.000246866958724073
"rs2515029","education_years",0.595959595959596,-0.00151507705908465,0.000886657900520953,-0.00166862283281711,0.000920880463655309
"rs2515029","education_years",0.606060606060606,-0.00137529174200915,0.00108993628772205,-0.00132384757235,0.00107351727692399
"rs2515029","education_years",0.616161616161616,-0.000705213161300869,0.00101032020475574,-0.000674077532094768,0.00104040213110766
"rs2515029","education_years",0.626262626262626,-8.21596640818873e-05,0.00114118287696962,-0.000106846957546955,0.00107550230766541
"rs2515029","education_years",0.636363636363636,0.000272003315432952,0.00131764301808975,0.000293875439354806,0.00134603514849425
"rs2515029","education_years",0.646464646464647,0.000346190084380333,0.00113765901816669,0.000394104655574005,0.00119362711384645
"rs2515029","education_years",0.656565656565657,0.000363944552485213,0.000327276276359416,0.0002726222073064,0.000294665169293577
"rs2515029","education_years",0.666666666666667,0.000232888277887659,-0.000317670821083758,0.000206036201670727,-0.000381816825736041
"rs2515029","education_years",0.676767676767677,-0.000215739114670421,-6.67333013978486e-05,-5.99980303045388e-05,-4.7719178673792e-07
"rs2515029","education_years",0.686868686868687,-0.00105667399832572,0.000442044437115764,-0.00109535708396829,0.000465712062242025
"rs2515029","education_years",0.696969696969697,-0.00210125759727854,0.000605259157246504,-0.00218252722974438,0.000489277092927921
"rs2515029","education_years",0.707070707070707,-0.00251002184709114,0.000978894674172873,-0.00249752470540137,0.00107100459643467
"rs2515029","education_years",0.717171717171717,-0.00243859875486403,0.00110501545476847,-0.00242814470228519,0.00116451215282976
"rs2515029","education_years",0.727272727272727,-0.00227931814318608,0.000481961233194341,-0.00226820734367008,0.000348244408449418
"rs2515029","education_years",0.737373737373737,-0.00213631187665531,-0.000176143335076469,-0.00211707956200096,-0.000101406281933531
"rs2515029","education_years",0.747474747474748,-0.00195225010438595,-0.000205400195738215,-0.00195024419086355,-0.000218715263644634
"rs2515029","education_years",0.757575757575758,-0.00139572395443465,-0.000122002549316609,-0.00144540583122832,-0.000118593433353445
"rs2515029","education_years",0.767676767676768,-0.000380191860418211,0.000150083856766867,-0.00037242681506162,0.000115148608262081
"rs2515029","education_years",0.777777777777778,0.00098188833727146,0.000739217657641577,0.000936924833850348,0.000794279905723704
"rs2515029","education_years",0.787878787878788,0.00215225509569871,0.00117564262607212,0.00219805656036991,0.00116488304059161
"rs2515029","education_years",0.797979797979798,0.00262087492008178,0.00136127841434962,0.00269383927024094,0.00125480471221472
"rs2515029","education_years",0.808080808080808,0.00206229016162212,0.00131378060683998,0.00199919314548427,0.00150074384210362
"rs2515029","education_years",0.818181818181818,0.000745688983411553,0.000957796948082592,0.000812085620576149,0.000843077640468554
"rs2515029","education_years",0.828282828282828,-0.000808688147325786,0.000226491544470328,-0.000807233956428252,0.000207748096949919
"rs2515029","education_years",0.838383838383838,-0.00183084097375827,-0.000745723147981088,-0.00193254997092536,-0.000649019876883546
"rs2515029","education_years",0.848484848484849,-0.00208759284802112,-0.00149596610191609,-0.00206333841126576,-0.00155550024356284
"rs2515029","education_years",0.858585858585859,-0.00155056224943432,-0.00159730329964633,-0.00152158965631088,-0.00162650529989108
"rs2515029","education_years",0.868686868686869,-0.000371333705930418,-0.00106328901168221,-0.000413944923808525,-0.00102917084238284
"rs2515029","education_years",0.878787878787879,0.00120376595066524,-0.000154145124995097,0.00116008415532286,-0.000179352682368566
"rs2515029","education_years",0.888888888888889,0.00270229884350232,0.000502144002885749,0.00276672669043643,0.000548161660502356
"rs2515029","education_years",0.898989898989899,0.00349364479172665,0.000854727298368988,0.00355767610814998,0.00081726316138168
"rs2515029","education_years",0.909090909090909,0.00318461849760605,0.00104023533694491,0.00315386140434366,0.00105822020786085
"rs2515029","education_years",0.919191919191919,0.00236705673270403,0.00116198387660339,0.0023381784209716,0.00117588287184949
"rs2515029","education_years",0.929292929292929,0.00160474312794526,0.00105410027541715,0.00171703731209134,0.00095832961854751
"rs2515029","education_years",0.93939393939394,0.00126617573964043,0.000549349324685497,0.00102221521918088,0.000711548079592605
"rs2515029","education_years",0.94949494949495,0.00123130622747106,-0.000246704109474757,0.00129700200303986,-0.000337856310318194
"rs2515029","education_years",0.95959595959596,0.00109591117691271,-0.00108761634698482,0.00134472024207213,-0.00112728684263565
"rs2515029","education_years",0.96969696969697,0.000200907034502343,-0.00157220483820507,7.03302357682621e-06,-0.00148693312695763
"rs2515029","education_years",0.97979797979798,-0.000701653183246815,-0.00177051348411544,-0.000751221918125126,-0.00181964588809061
"rs2515029","education_years",0.98989898989899,-0.000806175339645408,-0.00183226972579404,-0.000724460351524638,-0.001831276551762
"rs2515029","education_years",1,-0.000666075862324715,-0.00168202991883444,-0.00068138547839986,-0.0016741108214622
