"SNP_model","predictor","grid","coordinate_1","coordinate_2","coordinate_1_raw","coordinate_2_raw"
"rs4639533","SNP",0,0.00886387107107022,-0.0130651406692851,0.00829662236946306,-0.0134063712703263
"rs4639533","SNP",0.0101010101010101,0.00308004214414064,-0.0120183879982889,0.00435505621755159,-0.0117699124534727
"rs4639533","SNP",0.0202020202020202,-0.00563269883250902,-0.0133165319341177,-0.00563315957622804,-0.0125690582663448
"rs4639533","SNP",0.0303030303030303,-0.0131524440491368,-0.0159222345541961,-0.0145870969617273,-0.0164943758592465
"rs4639533","SNP",0.0404040404040404,-0.015715486604415,-0.0180648713151775,-0.0155241048992485,-0.0189397981995016
"rs4639533","SNP",0.0505050505050505,-0.0172939444265891,-0.0195713584076026,-0.016629060452721,-0.0190712019798205
"rs4639533","SNP",0.0606060606060606,-0.0208399011374502,-0.0229391203701183,-0.0207485432838346,-0.0212466762480936
"rs4639533","SNP",0.0707070707070707,-0.0272627676931194,-0.0295463752432049,-0.0265338806166702,-0.0303286697791526
"rs4639533","SNP",0.0808080808080808,-0.0324521876018103,-0.0338719836990659,-0.0334897115303327,-0.0349146813070204
"rs4639533","SNP",0.0909090909090909,-0.0322291303328551,-0.0307123223014877,-0.0331048074831854,-0.0312007824622035
"rs4639533","SNP",0.101010101010101,-0.0274229989954416,-0.0229086067102333,-0.0263452520519016,-0.0223860607324221
"rs4639533","SNP",0.111111111111111,-0.0211029139117433,-0.0148460804641992,-0.0212348022148667,-0.0146259058794606
"rs4639533","SNP",0.121212121212121,-0.0161381795039676,-0.00996194965897891,-0.0167301923207119,-0.00921211991070289
"rs4639533","SNP",0.131313131313131,-0.0134648548548316,-0.00826381543609654,-0.0124500149724355,-0.00878493503854016
"rs4639533","SNP",0.141414141414141,-0.0132336914006674,-0.00839269319089454,-0.012833783244608,-0.00880046152338024
"rs4639533","SNP",0.151515151515152,-0.0148384595369208,-0.00918279827900458,-0.0157436714887724,-0.00842266811323568
"rs4639533","SNP",0.161616161616162,-0.0149671348944384,-0.0107842760387236,-0.0150560994239547,-0.0105675273782759
"rs4639533","SNP",0.171717171717172,-0.0109565376475183,-0.012319521598321,-0.0110140942602764,-0.0129617651148064
"rs4639533","SNP",0.181818181818182,-0.00504848291777949,-0.00953278617260503,-0.00494996014188865,-0.0106688141730263
"rs4639533","SNP",0.191919191919192,0.000774632902891502,-0.00500673590794572,0.000708889882950312,-0.00386970141632115
"rs4639533","SNP",0.202020202020202,0.00508041626591754,-0.00240573629001988,0.00536818424269783,-0.00179413742776826
"rs4639533","SNP",0.212121212121212,0.0070517730316264,-0.00152580252447475,0.00724551404324883,-0.00245505142439771
"rs4639533","SNP",0.222222222222222,0.00664815430035218,-0.00162816309299698,0.00645189443929199,-0.00119029258308909
"rs4639533","SNP",0.232323232323232,0.00577085696265326,-0.0031322513481514,0.00556352165260349,-0.00267057427561886
"rs4639533","SNP",0.242424242424242,0.00474775525328369,-0.00460580743531383,0.00484477264281948,-0.00527325060809812
"rs4639533","SNP",0.252525252525253,0.00311313827626089,-0.0042463987219043,0.00321760902232047,-0.00438653755897468
"rs4639533","SNP",0.262626262626263,0.000137978528382047,-0.0016750083702776,0.000497787785109381,-0.00187139479336673
"rs4639533","SNP",0.272727272727273,-0.00229177737482871,0.00080610330776904,-0.00260672645827997,0.00115459143829946
"rs4639533","SNP",0.282828282828283,-0.00218910544761618,0.00109206506472503,-0.00278898209896042,0.00190333741444284
"rs4639533","SNP",0.292929292929293,-2.21957118682848e-05,0.000348013324315753,0.000276198492717128,-0.000236069862656698
"rs4639533","SNP",0.303030303030303,0.00273743642711865,0.000366834867608067,0.00298644822666853,-0.000507422455158727
"rs4639533","SNP",0.313131313131313,0.00389746452323989,0.00170903839155336,0.00409458189257706,0.00242667460489538
"rs4639533","SNP",0.323232323232323,0.00422514618962177,0.00285189366365292,0.00420593746577291,0.00341631062842336
"rs4639533","SNP",0.333333333333333,0.00527108784463885,0.00243397876670197,0.00502416141875268,0.0016565006736076
"rs4639533","SNP",0.343434343434343,0.00837018518692977,0.00163259241365416,0.0080597512490669,0.00149047433088796
"rs4639533","SNP",0.353535353535354,0.0137424220766402,0.00111981136482102,0.0134529498371042,0.00157997806472016
"rs4639533","SNP",0.363636363636364,0.018081076494473,-0.00167834644096658,0.0191040292829814,-0.00111122934659946
"rs4639533","SNP",0.373737373737374,0.0198873652817431,-0.00522156669807382,0.0195800157711442,-0.00561649424220051
"rs4639533","SNP",0.383838383838384,0.0190006175703983,-0.00708280964810497,0.0188544138824967,-0.00834456102846518
"rs4639533","SNP",0.393939393939394,0.0171260413893888,-0.00697561694849833,0.0172669531611757,-0.00599422080116967
"rs4639533","SNP",0.404040404040404,0.014119137318079,-0.0067734934227446,0.0137909324672553,-0.00655200404891803
"rs4639533","SNP",0.414141414141414,0.00966360612026019,-0.00872286193478063,0.0103564980028325,-0.00953037913349493
"rs4639533","SNP",0.424242424242424,0.00522653828285625,-0.0148286785107608,0.00495859998075794,-0.0134398726813182
"rs4639533","SNP",0.434343434343434,0.00127895549449785,-0.0237238173771112,-0.000985792094098526,-0.0207591553695183
"rs4639533","SNP",0.444444444444444,-0.00579059737379488,-0.0247947397274276,-0.00134813428257926,-0.0333812592126221
"rs4639533","SNP",0.454545454545455,-0.0142947392852988,-0.0201179809782315,-0.0162568384314871,-0.015492065869303
"rs4639533","SNP",0.464646464646465,-0.0211872183683574,-0.0151634784695703,-0.0226140002522626,-0.0136580129497348
"rs4639533","SNP",0.474747474747475,-0.0247270518063605,-0.0129729879223865,-0.0237975938437902,-0.0137602737725766
"rs4639533","SNP",0.484848484848485,-0.0245057988907746,-0.0140309862437675,-0.0240894588998795,-0.014675225855166
"rs4639533","SNP",0.494949494949495,-0.0232517030274372,-0.0128324338219553,-0.0238277834864475,-0.0128509185119707
"rs4639533","SNP",0.505050505050505,-0.0211463714149372,-0.00916772610599915,-0.0210107629558886,-0.00897206234807649
"rs4639533","SNP",0.515151515151515,-0.0176987836975886,-0.00428926866210763,-0.017170268524508,-0.00493417965084985
"rs4639533","SNP",0.525252525252525,-0.0131817207957798,0.00125084239842654,-0.0138995366873679,0.00143411300404571
"rs4639533","SNP",0.535353535353535,-0.00768935310495402,0.0044606437792954,-0.00767162887217396,0.00522975421209394
"rs4639533","SNP",0.545454545454546,-0.00136846307207211,0.00288653011168473,-0.000903333398696928,0.00328652947477099
"rs4639533","SNP",0.555555555555556,0.00502952041627446,-0.000982398077916663,0.00443992464732992,-0.00117948048611444
"rs4639533","SNP",0.565656565656566,0.0100190457076676,-0.00346203421261661,0.0100984938086159,-0.00476673601409848
"rs4639533","SNP",0.575757575757576,0.0108540268558796,-0.00221769071913886,0.0117205666441687,-0.00190886274954113
"rs4639533","SNP",0.585858585858586,0.00849065807823295,0.000297700312663402,0.00872011524847971,0.0012556178339222
"rs4639533","SNP",0.595959595959596,0.00494527370525684,0.00138951224613368,0.00364954057100835,0.000894637456907871
"rs4639533","SNP",0.606060606060606,0.00218952720083888,0.00214328949710914,0.00255281468666004,0.00179707559682654
"rs4639533","SNP",0.616161616161616,0.00126702670821624,0.00377148763355828,0.00180073226145197,0.00429791345284435
"rs4639533","SNP",0.626262626262626,0.000387573165821022,0.00482897913742537,-7.934424593488e-05,0.00462223473383963
"rs4639533","SNP",0.636363636363636,0.000178865252712766,0.00551227831144048,0.000190448900219464,0.00523189345708824
"rs4639533","SNP",0.646464646464647,0.00154374051880391,0.00595884955134214,0.00145965015232491,0.00626266300513818
"rs4639533","SNP",0.656565656565657,0.00330788719015611,0.00449842686340493,0.00342138442110953,0.00503678588407766
"rs4639533","SNP",0.666666666666667,0.00436671130194926,0.00233972167008657,0.00432475394939376,0.00181658112095976
"rs4639533","SNP",0.676767676767677,0.00393398154407078,0.00123026036925049,0.00412352901007913,0.00100520048291712
"rs4639533","SNP",0.686868686868687,0.00186864507581868,0.00151985857926345,0.00197896986271772,0.00163804318823151
"rs4639533","SNP",0.696969696969697,-0.00152281953841633,0.0027298151690276,-0.00160682754071516,0.00234923132684172
"rs4639533","SNP",0.707070707070707,-0.00483957858621512,0.00305975364964813,-0.00475965777358759,0.00394612303327582
"rs4639533","SNP",0.717171717171717,-0.0065969295791434,0.00260893191989973,-0.00691991198450198,0.00264834829669203
"rs4639533","SNP",0.727272727272727,-0.0058783322491715,0.00210514003428327,-0.00606949446536687,0.00120578966707715
"rs4639533","SNP",0.737373737373737,-0.00383752719816253,0.00241157322794441,-0.00363870733407364,0.00267204521830129
"rs4639533","SNP",0.747474747474748,-0.00211593430414816,0.00370249350023746,-0.00203397749957148,0.00392465337611343
"rs4639533","SNP",0.757575757575758,-0.00197840472384176,0.00409239474200116,-0.00187121396347748,0.00436082970465778
"rs4639533","SNP",0.767676767676768,-0.00363187884825536,0.0042984663743001,-0.00341074677663093,0.00405952711382646
"rs4639533","SNP",0.777777777777778,-0.00637895596371028,0.00551885144799374,-0.0063485037209372,0.0049586632791394
"rs4639533","SNP",0.787878787878788,-0.00763431721063164,0.00759673952894817,-0.00827606348919253,0.00845070229301667
"rs4639533","SNP",0.797979797979798,-0.00697101337473235,0.0102117520255521,-0.0067772996826185,0.00950866925528462
"rs4639533","SNP",0.808080808080808,-0.00477119255369933,0.012908750549065,-0.00459925161934387,0.0129919497229417
"rs4639533","SNP",0.818181818181818,-0.00184768629923628,0.014506709294207,-0.00198727246270573,0.0156030300350685
"rs4639533","SNP",0.828282828282828,0.00109647845153192,0.0147815644548211,0.00147728753597287,0.0136897322835686
"rs4639533","SNP",0.838383838383838,0.00437575457268479,0.0168571823036199,0.00414672890597496,0.0167852696191543
"rs4639533","SNP",0.848484848484849,0.00911238201187605,0.0201726416299301,0.0088091452391789,0.0206358020667005
"rs4639533","SNP",0.858585858585859,0.0160358588102986,0.0233523153965051,0.0160918490804241,0.0232241157669142
"rs4639533","SNP",0.868686868686869,0.0237144037878103,0.0265849745964449,0.0238467816587365,0.0262487681967429
"rs4639533","SNP",0.878787878787879,0.0305113741494699,0.0298927020437587,0.0303519257057255,0.0301810938100977
"rs4639533","SNP",0.888888888888889,0.0357468763891373,0.0316827515678655,0.035695353098226,0.0320044082769363
"rs4639533","SNP",0.898989898989899,0.0375361412978687,0.0322698763599951,0.0381139530132118,0.0315746828784401
"rs4639533","SNP",0.909090909090909,0.0348353844150879,0.0320171148354184,0.0352615139489759,0.0324099566064967
"rs4639533","SNP",0.919191919191919,0.0307592048365749,0.0295110532641262,0.0296578314395783,0.0296438643962829
"rs4639533","SNP",0.929292929292929,0.0266647125580047,0.0247530174061992,0.0267045616551523,0.024877251697827
"rs4639533","SNP",0.93939393939394,0.022983926117279,0.0183359186393413,0.0237550322883036,0.018094186254853
"rs4639533","SNP",0.94949494949495,0.0194320555430126,0.011236234783578,0.0187673394701792,0.0111450717161809
"rs4639533","SNP",0.95959595959596,0.0154815053562026,0.00404066456247686,0.015694414605533,0.00402514400974715
"rs4639533","SNP",0.96969696969697,0.0108610112221192,-0.0041381677604268,0.0114029153432207,-0.00388246227654396
"rs4639533","SNP",0.97979797979798,0.00727868408756206,-0.0127988751561448,0.00661287916054154,-0.0122674527575592
"rs4639533","SNP",0.98989898989899,0.00638990072487502,-0.020933400194075,0.00617759520993303,-0.0222612212698081
"rs4639533","SNP",1,0.00759612254675207,-0.0273814373096526,0.0079366872107398,-0.0267409306330568
"rs4639533","intercept",0,0.715712707294606,0.826106600149126,0.705032247421821,0.827238878144334
"rs4639533","intercept",0.0101010101010101,0.564141790261989,0.913167200080578,0.580790113119014,0.908961215021338
"rs4639533","intercept",0.0202020202020202,0.298880960161973,1.01640698065149,0.295674624393265,1.02175364709067
"rs4639533","intercept",0.0303030303030303,-0.0521070577705827,1.02160089768472,-0.0478062275357722,1.0189989467252
"rs4639533","intercept",0.0404040404040404,-0.41749919518157,0.85579501238781,-0.420147989220802,0.855128258546358
"rs4639533","intercept",0.0505050505050505,-0.705768837102176,0.559341449654529,-0.712100326986707,0.562165532676363
"rs4639533","intercept",0.0606060606060606,-0.883672747300806,0.26453623796065,-0.885089623492809,0.262559463168077
"rs4639533","intercept",0.0707070707070707,-0.946990620659449,0.0930202293608344,-0.946457277038886,0.0925100690191957
"rs4639533","intercept",0.0808080808080808,-0.940037326764138,0.0559550233874667,-0.93837971147515,0.0570996061388022
"rs4639533","intercept",0.0909090909090909,-0.909948289767,0.133817709647056,-0.907153433299886,0.132572536160626
"rs4639533","intercept",0.101010101010101,-0.86563906910495,0.292198751040959,-0.868059650710635,0.293302249009763
"rs4639533","intercept",0.111111111111111,-0.80284435200289,0.48311255557949,-0.803977998686277,0.48273264528001
"rs4639533","intercept",0.121212121212121,-0.722437065504038,0.659556094343339,-0.720149407682418,0.659011233028681
"rs4639533","intercept",0.131313131313131,-0.644868461179452,0.792583266332942,-0.645577551245665,0.79359525761864
"rs4639533","intercept",0.141414141414141,-0.577325867303882,0.871319643313102,-0.578078194239757,0.871099835442009
"rs4639533","intercept",0.151515151515152,-0.522081224558039,0.895170834065645,-0.519858449173482,0.894665431091039
"rs4639533","intercept",0.161616161616162,-0.4811139946366,0.890201325270407,-0.481400829016149,0.890806138652644
"rs4639533","intercept",0.171717171717172,-0.452108092438244,0.883768654476607,-0.452838722166983,0.883255219478391
"rs4639533","intercept",0.181818181818182,-0.420209869441581,0.88477223975708,-0.420617376469378,0.885074243316431
"rs4639533","intercept",0.191919191919192,-0.38375182918731,0.908854050355955,-0.383620561895689,0.909023406498813
"rs4639533","intercept",0.202020202020202,-0.345001575879828,0.967557390916696,-0.344667912108272,0.966791372169998
"rs4639533","intercept",0.212121212121212,-0.304558537266741,1.04391668790368,-0.304710113993033,1.04454934937723
"rs4639533","intercept",0.222222222222222,-0.262301237157336,1.11495838222243,-0.262427574966285,1.11481180790045
"rs4639533","intercept",0.232323232323232,-0.21728492329078,1.16324240452012,-0.217116043512125,1.16314222648308
"rs4639533","intercept",0.242424242424242,-0.169829636487636,1.17667413462216,-0.169653083208902,1.17686906531889
"rs4639533","intercept",0.252525252525253,-0.119099879504136,1.14454001207398,-0.119346276916147,1.14445754371494
"rs4639533","intercept",0.262626262626263,-0.0609212450033044,1.06571988557148,-0.061882680827011,1.06563758151351
"rs4639533","intercept",0.272727272727273,-0.000979204635965363,0.972599651583055,8.05455945952722e-05,0.973469891939669
"rs4639533","intercept",0.282828282828283,0.0543923824859972,0.902725255555677,0.0549697882671111,0.901265805937636
"rs4639533","intercept",0.292929292929293,0.107673687684971,0.881101297000143,0.107127186282052,0.881629957672241
"rs4639533","intercept",0.303030303030303,0.162800504114112,0.9151986674597,0.162105631601306,0.915976831770361
"rs4639533","intercept",0.313131313131313,0.220771170207044,0.963395161200257,0.221445739855848,0.961798423573959
"rs4639533","intercept",0.323232323232323,0.282052492186249,1.00367175563096,0.282844126009141,1.0053149971744
"rs4639533","intercept",0.333333333333333,0.346725504496231,1.01959221880125,0.344845055625451,1.01851081847099
"rs4639533","intercept",0.343434343434343,0.413111800902946,0.98304992669495,0.415735733662485,0.982784201125416
"rs4639533","intercept",0.353535353535354,0.48822054014564,0.874978694160587,0.488918786989979,0.877509181593261
"rs4639533","intercept",0.363636363636364,0.599816208541634,0.709456439587697,0.589657529004461,0.705754408297488
"rs4639533","intercept",0.373737373737374,0.721773225576546,0.453766942313573,0.726309877085887,0.455379082489209
"rs4639533","intercept",0.383838383838384,0.808493731116728,0.0976935975256523,0.816726447876852,0.101236090773405
"rs4639533","intercept",0.393939393939394,0.816941382533358,-0.240381028718293,0.814153824896394,-0.245642914077394
"rs4639533","intercept",0.404040404040404,0.770094506600951,-0.485492584381226,0.766147824851449,-0.484957230893945
"rs4639533","intercept",0.414141414141414,0.706856840952372,-0.590708994312218,0.713032376243224,-0.58768858603919
"rs4639533","intercept",0.424242424242424,0.660101190624969,-0.540621417050572,0.65300667367149,-0.537169981136555
"rs4639533","intercept",0.434343434343434,0.62045328249593,-0.299663215846767,0.601249822536859,-0.317083850520789
"rs4639533","intercept",0.444444444444444,0.466992334893531,0.194719808331041,0.518559002863385,0.212303262796172
"rs4639533","intercept",0.454545454545455,0.243701707119623,0.69245304797337,0.215741165039084,0.696296221916238
"rs4639533","intercept",0.464646464646465,0.0332843385972278,0.944781843415351,0.0213997697661327,0.92320641623855
"rs4639533","intercept",0.474747474747475,-0.132321996750816,1.04889873662327,-0.122578010951091,1.06550336589915
"rs4639533","intercept",0.484848484848485,-0.252894139976541,1.12914629274808,-0.252147104217191,1.12842699460888
"rs4639533","intercept",0.494949494949495,-0.386655674136607,1.10654277097003,-0.386687405975595,1.09861604485323
"rs4639533","intercept",0.505050505050505,-0.540267296308727,0.978860864933114,-0.538902926066664,0.985393890700833
"rs4639533","intercept",0.515151515151515,-0.696584663639653,0.763487727066108,-0.692698626247903,0.761864064883737
"rs4639533","intercept",0.525252525252525,-0.818178097960876,0.446025441921978,-0.824971398226775,0.444593547478177
"rs4639533","intercept",0.535353535353535,-0.878853892886972,0.101060984605147,-0.88142857585245,0.104491914632317
"rs4639533","intercept",0.545454545454546,-0.865604415225781,-0.187188476851342,-0.86037014415872,-0.191549865144699
"rs4639533","intercept",0.555555555555556,-0.800771865238871,-0.399378237388388,-0.804236842384473,-0.397582721139864
"rs4639533","intercept",0.565656565656566,-0.710339025441794,-0.544682953993812,-0.709196122290665,-0.542611228693328
"rs4639533","intercept",0.575757575757576,-0.603581229492364,-0.666103299631492,-0.603312506264598,-0.668816459679384
"rs4639533","intercept",0.585858585858586,-0.500897157259149,-0.757425316618251,-0.503319740059244,-0.75853233544618
"rs4639533","intercept",0.595959595959596,-0.422027271306535,-0.806342403446817,-0.415243777192435,-0.801981684754353
"rs4639533","intercept",0.606060606060606,-0.367758942661991,-0.837693260264014,-0.37075328297342,-0.840316669610106
"rs4639533","intercept",0.616161616161616,-0.330785239365452,-0.878455465950385,-0.333518656864159,-0.880292701962702
"rs4639533","intercept",0.626262626262626,-0.295985615408276,-0.926765018274559,-0.293056548636159,-0.922441207577681
"rs4639533","intercept",0.636363636363636,-0.267325520137035,-0.972603290754692,-0.268254286297764,-0.975336622426106
"rs4639533","intercept",0.646464646464647,-0.252893339599485,-1.00140488037645,-0.25355378551457,-1.00191459650835
"rs4639533","intercept",0.656565656565657,-0.252617303275819,-0.992802745468836,-0.250235548305748,-0.991480339895112
"rs4639533","intercept",0.666666666666667,-0.256098559327686,-0.96764802183141,-0.256030639150565,-0.966852064878345
"rs4639533","intercept",0.676767676767677,-0.251777905326546,-0.951392617538679,-0.25511264282748,-0.9537857734383
"rs4639533","intercept",0.686868686868687,-0.232294248138172,-0.942378370154453,-0.231584436298644,-0.942107215977199
"rs4639533","intercept",0.696969696969697,-0.196045970992269,-0.936754517565163,-0.194290248534978,-0.932512413506731
"rs4639533","intercept",0.707070707070707,-0.156003327479612,-0.944586226105215,-0.157350337156588,-0.94989294265537
"rs4639533","intercept",0.717171717171717,-0.112774817030012,-0.962828606646597,-0.112376956175727,-0.962647488879849
"rs4639533","intercept",0.727272727272727,-0.0633798864156711,-0.987042533357669,-0.0629897909511464,-0.982034860679282
"rs4639533","intercept",0.737373737373737,-0.00755347497965135,-1.02490690700501,-0.00823312914003757,-1.02924981466187
"rs4639533","intercept",0.747474747474748,0.0540190002067772,-1.07548918946726,0.0541192462164898,-1.07460305634825
"rs4639533","intercept",0.757575757575758,0.119244343285418,-1.10310138887386,0.119240366712359,-1.10226456320113
"rs4639533","intercept",0.767676767676768,0.184472312032706,-1.1076478814199,0.184393900594735,-1.10819072994053
"rs4639533","intercept",0.777777777777778,0.245782813309973,-1.09511722161331,0.24659474731001,-1.09549373773084
"rs4639533","intercept",0.787878787878788,0.301051357883082,-1.05585302749694,0.301102290011341,-1.05577844941967
"rs4639533","intercept",0.797979797979798,0.354563229188029,-1.00348142257278,0.352907229024832,-1.00168771213278
"rs4639533","intercept",0.808080808080808,0.409866606503092,-0.955568643507032,0.410961139120458,-0.958675154385972
"rs4639533","intercept",0.818181818181818,0.461202989335393,-0.916434724075726,0.460666670805869,-0.9145095292124
"rs4639533","intercept",0.828282828282828,0.499881792520867,-0.894452363565034,0.498923182152545,-0.893977689438096
"rs4639533","intercept",0.838383838383838,0.515580966878807,-0.914698988665773,0.517538647254914,-0.91621559836017
"rs4639533","intercept",0.848484848484849,0.50053382808798,-0.958607692197002,0.50132626575007,-0.957501542947855
"rs4639533","intercept",0.858585858585859,0.452080503332255,-1.00010166250739,0.451739934052763,-1.00038011403909
"rs4639533","intercept",0.868686868686869,0.384827586228044,-1.03407302016849,0.38478729453856,-1.03461242716718
"rs4639533","intercept",0.878787878787879,0.316345821777901,-1.05154487361893,0.317204636105016,-1.04992158657341
"rs4639533","intercept",0.888888888888889,0.260721856353215,-1.02119428652645,0.259973696046584,-1.02358202842756
"rs4639533","intercept",0.898989898989899,0.238392920130554,-0.95898282130547,0.236783747665913,-0.957746874481853
"rs4639533","intercept",0.909090909090909,0.262705411408645,-0.890916600391331,0.260982154519247,-0.889936643122841
"rs4639533","intercept",0.919191919191919,0.317165348014443,-0.825984606411531,0.321821863699859,-0.827701005023308
"rs4639533","intercept",0.929292929292929,0.401166137907406,-0.765922902205903,0.399088606896584,-0.765612202035798
"rs4639533","intercept",0.93939393939394,0.518003567325941,-0.707889731565318,0.515349283152655,-0.706549031373474
"rs4639533","intercept",0.94949494949495,0.661678951357113,-0.633930605909546,0.664339118881247,-0.634936990338756
"rs4639533","intercept",0.95959595959596,0.823033707112479,-0.521438020192676,0.818677788315329,-0.522001271842365
"rs4639533","intercept",0.96969696969697,0.982780782837271,-0.347012814962304,0.983477502487446,-0.345093671656645
"rs4639533","intercept",0.97979797979798,1.09366345412639,-0.0972117137335954,1.1008958992824,-0.100818365042234
"rs4639533","intercept",0.98989898989899,1.11953994549355,0.20062384167305,1.11888057812272,0.204281118397253
"rs4639533","intercept",1,1.09586166959036,0.366844252556822,1.0927289795373,0.36551453379217
"rs4639533","male",0,0.0389544734514347,-0.0495394987457267,0.0385677385027008,-0.0494782126802637
"rs4639533","male",0.0101010101010101,0.0285018608683538,-0.0334205862273991,0.0291029142769073,-0.0336314179933979
"rs4639533","male",0.0202020202020202,-4.36737198906116e-05,-0.0110374918079476,0.000572227677661323,-0.0108225586382243
"rs4639533","male",0.0303030303030303,-0.0248391288143847,-0.00216137855667703,-0.0254195102659453,-0.00187087681800421
"rs4639533","male",0.0404040404040404,-0.0249949845650543,0.00980613650377692,-0.0276848322372707,0.00859743436595128
"rs4639533","male",0.0505050505050505,-0.0216908213592328,0.0260944063069228,-0.0175723922009356,0.0276364006936525
"rs4639533","male",0.0606060606060606,-0.021677447577653,0.0356188682029032,-0.0224519638462864,0.0349506740123855
"rs4639533","male",0.0707070707070707,-0.0246075671095831,0.0291941871683442,-0.0272264599055801,0.0288808624286087
"rs4639533","male",0.0808080808080808,-0.0283505827487823,0.0142683739630365,-0.0261410572550301,0.014463388281717
"rs4639533","male",0.0909090909090909,-0.0311821721343371,0.0014927499570306,-0.0309325867299445,0.00216018926920082
"rs4639533","male",0.101010101010101,-0.0338229199560658,-0.00415121368453644,-0.0353760981903553,-0.00529987125384885
"rs4639533","male",0.111111111111111,-0.0339915373186409,-0.00603605908322098,-0.0329392966814734,-0.0053270099837524
"rs4639533","male",0.121212121212121,-0.0304954131713055,-0.00896082084306893,-0.0307284312144533,-0.00883231706725953
"rs4639533","male",0.131313131313131,-0.0282982761860841,-0.0151702920199784,-0.0283536340247152,-0.0156006857072275
"rs4639533","male",0.141414141414141,-0.0262066448662537,-0.0230411151817728,-0.0259511511297994,-0.0230812653180557
"rs4639533","male",0.151515151515152,-0.0215595341857786,-0.0295818300780377,-0.0219540621195534,-0.0290723442444346
"rs4639533","male",0.161616161616162,-0.0140353264407793,-0.029773461293182,-0.0139127776367644,-0.0299933138311749
"rs4639533","male",0.171717171717172,-0.00403455973243092,-0.0216016378222424,-0.00377246237523178,-0.0221653873397651
"rs4639533","male",0.181818181818182,0.00720477601075739,-0.0144827287546579,0.00675070583354766,-0.0135965204995441
"rs4639533","male",0.191919191919192,0.0171545931686761,-0.0108838155286473,0.017340278343602,-0.011222969808905
"rs4639533","male",0.202020202020202,0.0234696096805791,-0.0101121707501548,0.0237154490584353,-0.0104517131783987
"rs4639533","male",0.212121212121212,0.0256885494402588,-0.00929660254916695,0.025549262126517,-0.00881890013070932
"rs4639533","male",0.222222222222222,0.0248772564798146,-0.00806413229685604,0.0247996234373881,-0.00840172463128542
"rs4639533","male",0.232323232323232,0.0248827587916425,-0.0133150387697303,0.024876569336473,-0.013130817119371
"rs4639533","male",0.242424242424242,0.024835040464242,-0.0154001899630243,0.0249330492604762,-0.0151683325475013
"rs4639533","male",0.252525252525253,0.0228299767571949,-0.0070795790346606,0.0226449652500123,-0.00803009665632754
"rs4639533","male",0.262626262626263,0.0184185055117423,-0.0040978752646525,0.0186127606824036,-0.00283784170296526
"rs4639533","male",0.272727272727273,0.0108340877536436,-0.00453067445063,0.0109196899829114,-0.0051928348351146
"rs4639533","male",0.282828282828283,0.000250861500964523,-0.00240265664475776,0.000142297847050467,-0.0025401493840891
"rs4639533","male",0.292929292929293,-0.00866766863404876,-0.000511097597772488,-0.00871052043647716,-6.79142270350588e-05
"rs4639533","male",0.303030303030303,-0.0113562654392378,-0.00150832689225955,-0.011382532633031,-0.00202181255354508
"rs4639533","male",0.313131313131313,-0.00824047927821834,-0.000706886234729356,-0.00822217787685407,-0.000112627525195173
"rs4639533","male",0.323232323232323,-0.00139987508821493,0.000868407780693215,-0.00154929024542472,0.000305242333069826
"rs4639533","male",0.333333333333333,0.00703149728884133,0.000820628575790846,0.00727237592597748,0.00117736255925598
"rs4639533","male",0.343434343434343,0.0151350539171681,-0.00068522038361484,0.0149890621825152,-0.000567646671886205
"rs4639533","male",0.353535353535354,0.0204481785288361,-0.00310660156049166,0.0203426226282873,-0.00392103809476213
"rs4639533","male",0.363636363636364,0.0193700170020722,-0.00592711267405732,0.0197913233097899,-0.00479761691992377
"rs4639533","male",0.373737373737374,0.0127152459299899,-0.0047906658715416,0.0126352181759981,-0.00527873922646236
"rs4639533","male",0.383838383838384,0.0037897933737578,0.00168004116814104,0.00338838314033519,0.00102610269003459
"rs4639533","male",0.393939393939394,-0.00138326316039458,0.00214202764464878,-0.00112535873832948,0.00306034701859551
"rs4639533","male",0.404040404040404,-0.00448065969343182,-0.00556215920859593,-0.00435175052977135,-0.00532008030096011
"rs4639533","male",0.414141414141414,-0.00831928977107537,-0.0192668076099813,-0.00859667093403217,-0.0205155899780216
"rs4639533","male",0.424242424242424,-0.0113389694237177,-0.0327035196535342,-0.0110685132711333,-0.0323110624722363
"rs4639533","male",0.434343434343434,-0.0107887139359194,-0.035532914994545,-0.0110198229853787,-0.0338077617496
"rs4639533","male",0.444444444444444,-0.00447835984491437,-0.0145349573182971,-0.00424779016577409,-0.0174175749574793
"rs4639533","male",0.454545454545455,0.0060910007963703,0.00935334995525748,0.00535678381472665,0.0113793178315703
"rs4639533","male",0.464646464646465,0.0178803969448081,0.0135574594770511,0.0187989095720996,0.0130342661927366
"rs4639533","male",0.474747474747475,0.025487128479167,0.00615499882386697,0.0251449066841475,0.00584280527308837
"rs4639533","male",0.484848484848485,0.0243605766829642,0.00108322452447525,0.0241882099338881,0.00181064116575005
"rs4639533","male",0.494949494949495,0.016355080157865,0.00267064209270452,0.0170474942237903,0.00185483663840553
"rs4639533","male",0.505050505050505,0.00729960166399722,0.00386197467475442,0.00648909576152717,0.00394302838345798
"rs4639533","male",0.515151515151515,0.00245433427343088,-0.000349389451748563,0.00290783555199531,0.000878304136843398
"rs4639533","male",0.525252525252525,0.00167806015132121,-0.00049228501087538,0.00142263768745558,-0.00223228262312721
"rs4639533","male",0.535353535353535,0.00124900247174002,0.0041592058395342,0.00106307738868371,0.00488165896116528
"rs4639533","male",0.545454545454546,-0.00167619864923334,0.0102895909801966,-0.000867777151415579,0.0108037247905835
"rs4639533","male",0.555555555555556,-0.00404834864551084,0.0116067429082862,-0.00476851141515157,0.0109191481591267
"rs4639533","male",0.565656565656566,-0.00358713738709648,0.00508855691256105,-0.0037486503647493,0.00536462791659957
"rs4639533","male",0.575757575757576,-0.00539415819138349,0.00056528755227685,-0.00470727236589594,0.000522072419913241
"rs4639533","male",0.585858585858586,-0.0104682724364118,-0.000936098093358416,-0.0106739550367916,-0.000897063108301144
"rs4639533","male",0.595959595959596,-0.0179033573143989,-0.00093024635735271,-0.0181941095784251,-0.00103126681373113
"rs4639533","male",0.606060606060606,-0.0255181082622191,0.00171921189593823,-0.0252658622651462,0.00192180415080979
"rs4639533","male",0.616161616161616,-0.0309294548157689,0.00664240042561104,-0.0308152898736801,0.0062609980268671
"rs4639533","male",0.626262626262626,-0.032125109029191,0.00726117439207419,-0.0324500713771225,0.00772934262723156
"rs4639533","male",0.636363636363636,-0.0268204699617543,0.0046993032166449,-0.0267123961835629,0.00445706014851628
"rs4639533","male",0.646464646464647,-0.0140984735124262,0.00162090131870999,-0.014255606785706,0.00144885621604427
"rs4639533","male",0.656565656565657,0.00122183769528671,-0.00231355973643048,0.00137601288264578,-0.00182112093208284
"rs4639533","male",0.666666666666667,0.0133500812329462,-0.0055474291285434,0.0132924261041073,-0.00616124475963814
"rs4639533","male",0.676767676767677,0.0178454744082933,-0.00609003007364111,0.0180369360376084,-0.00562236886135995
"rs4639533","male",0.686868686868687,0.0151721008058405,-0.00303814456573661,0.0151994135792318,-0.00286599120129452
"rs4639533","male",0.696969696969697,0.00710101549882662,0.00264118254466912,0.00676594430821532,0.00146129211671816
"rs4639533","male",0.707070707070707,-0.00406170772912647,0.00531642657748732,-0.00362760764440307,0.00677107703542136
"rs4639533","male",0.717171717171717,-0.0150812440458673,0.0046741159640944,-0.0151403698231002,0.00435377185217719
"rs4639533","male",0.727272727272727,-0.0228934929065375,0.00258251478086339,-0.0233184204212596,0.00169776323814362
"rs4639533","male",0.737373737373737,-0.0259652470444441,0.00272037841070026,-0.0256271426073092,0.00351005727856641
"rs4639533","male",0.747474747474748,-0.0239112181655442,0.00671924749556912,-0.0241211278765169,0.00675269649317623
"rs4639533","male",0.757575757575758,-0.0192740542087681,0.00853718561421878,-0.019183404246203,0.00809531021301534
"rs4639533","male",0.767676767676768,-0.0148302132483146,0.00893591160616377,-0.0147205872114689,0.0089856853763316
"rs4639533","male",0.777777777777778,-0.0127222758856935,0.00932201335389115,-0.0129392860789345,0.0100772125228609
"rs4639533","male",0.787878787878788,-0.0128938439119225,0.00656997309834369,-0.0126504891900934,0.00565016317560259
"rs4639533","male",0.797979797979798,-0.0140080702744876,0.00464091297597858,-0.0139222519439974,0.00456985639659588
"rs4639533","male",0.808080808080808,-0.0145844496000076,0.00747733516998554,-0.0150004328369627,0.00853272685810594
"rs4639533","male",0.818181818181818,-0.0133472609819365,0.0101796179908577,-0.0130716309418819,0.0092686230894428
"rs4639533","male",0.828282828282828,-0.0101596762818175,0.00895930558274593,-0.0101726597429816,0.0091474058951916
"rs4639533","male",0.838383838383838,-0.00729085736716091,0.0110213305886928,-0.00720127179296638,0.0112128864329154
"rs4639533","male",0.848484848484849,-0.000318476358639282,0.0177187276198302,-0.000438237256225161,0.0176010114894875
"rs4639533","male",0.858585858585859,0.0150110515976494,0.0280138114615348,0.0147040210371517,0.0279425567418481
"rs4639533","male",0.868686868686869,0.0344971528556874,0.0404796124299031,0.0348280991036502,0.0406539822261895
"rs4639533","male",0.878787878787879,0.0520147982589259,0.0519840094603751,0.0517417597551204,0.0517332615067337
"rs4639533","male",0.888888888888889,0.0622382442838279,0.0554862639770994,0.0625694070459827,0.0557472562005812
"rs4639533","male",0.898989898989899,0.0602026282221869,0.0524286213091242,0.0602538077980328,0.0524087568603089
"rs4639533","male",0.909090909090909,0.0459853596148855,0.046259074308739,0.0463589868764776,0.0458600283638073
"rs4639533","male",0.919191919191919,0.0349299142317082,0.0382110581460438,0.0341060060299762,0.0387583858624222
"rs4639533","male",0.929292929292929,0.0284541866500066,0.0284141175446459,0.0282404978717234,0.0282292977420463
"rs4639533","male",0.93939393939394,0.0240013033483079,0.0169706594931303,0.0252050483048513,0.0167213922214079
"rs4639533","male",0.94949494949495,0.0220402226761427,0.00446147446766784,0.0213441111844149,0.00481020231735608
"rs4639533","male",0.95959595959596,0.0212312753709045,-0.00920070067935177,0.0201376554336917,-0.00949690647196918
"rs4639533","male",0.96969696969697,0.013822619088756,-0.0266817582645113,0.01633261870972,-0.0264244728418571
"rs4639533","male",0.97979797979798,0.00489000285926693,-0.049147364845116,0.00324267911761381,-0.0493018996393609
"rs4639533","male",0.98989898989899,0.0021778584195088,-0.073908284600456,0.00212276054199583,-0.0738702839003605
"rs4639533","male",1,0.00871267138326525,-0.0851435474527202,0.00901371199474589,-0.0851428523742294
"rs4639533","age_z",0,-0.00374897745653168,-0.00136685713153896,-0.00369167198713528,-0.00159100307099159
"rs4639533","age_z",0.0101010101010101,-0.00613485352533482,-0.00464926656626501,-0.00559887954518267,-0.00415267144130685
"rs4639533","age_z",0.0202020202020202,-0.00499904594504841,-0.0111997442801368,-0.00619454099729312,-0.0112181839073456
"rs4639533","age_z",0.0303030303030303,0.000543227920347632,-0.0166045832607173,0.000644401551616107,-0.0170447171077376
"rs4639533","age_z",0.0404040404040404,0.00835701141991962,-0.0168836503935486,0.00891564764255375,-0.0171072003762711
"rs4639533","age_z",0.0505050505050505,0.0108755268145726,-0.016522179795795,0.0109788328283278,-0.0159292657523786
"rs4639533","age_z",0.0606060606060606,0.00711270654519524,-0.018274542645598,0.00694542881363222,-0.0181283081769074
"rs4639533","age_z",0.0707070707070707,-0.00122013508544925,-0.0224668362211961,-0.000590912102154655,-0.0226792402957629
"rs4639533","age_z",0.0808080808080808,-0.0100900661425909,-0.0238157472646054,-0.01055178125751,-0.0239313079586209
"rs4639533","age_z",0.0909090909090909,-0.0150361640173063,-0.0173307668051965,-0.0156532587719292,-0.0178052844897479
"rs4639533","age_z",0.101010101010101,-0.0136255761447543,-0.00539052891442923,-0.0133234829637324,-0.00505085971137616
"rs4639533","age_z",0.111111111111111,-0.00925152412869839,0.00557711398903838,-0.00920632776223001,0.00575785809498657
"rs4639533","age_z",0.121212121212121,-0.00621103560137298,0.0107412619804308,-0.00616701398488287,0.0110012575641048
"rs4639533","age_z",0.131313131313131,-0.00619263025717652,0.0129460922474903,-0.0058775125290602,0.0124070087625249
"rs4639533","age_z",0.141414141414141,-0.00816993224243151,0.0129540726730889,-0.00835617976821781,0.0131236766873076
"rs4639533","age_z",0.151515151515152,-0.0106748954682757,0.0105990607865941,-0.0107512029621656,0.0109100781197774
"rs4639533","age_z",0.161616161616162,-0.0126730793729661,0.0062676498585553,-0.0124873476897173,0.00607051642595671
"rs4639533","age_z",0.171717171717172,-0.0130042376721778,0.00135781582858531,-0.0133257913176497,0.00146453777495848
"rs4639533","age_z",0.181818181818182,-0.0104070044222523,-0.000407909921718445,-0.0104283218073515,-0.000770093263529385
"rs4639533","age_z",0.191919191919192,-0.00672864160761846,0.000893244750660567,-0.00661773169889447,0.000992656456943523
"rs4639533","age_z",0.202020202020202,-0.00413547934142602,0.00391143693162655,-0.00395031628213211,0.00403499130951715
"rs4639533","age_z",0.212121212121212,-0.00272728521926002,0.0068793214509832,-0.00282104039442713,0.00678806075914934
"rs4639533","age_z",0.222222222222222,-0.001983875202212,0.00829190953232957,-0.00207920177920319,0.00849969640752543
"rs4639533","age_z",0.232323232323232,-0.0012386296733537,0.00824688794540689,-0.00116655216552296,0.00808167833900319
"rs4639533","age_z",0.242424242424242,-0.000788851780211704,0.00775166627721907,-0.000746727638109149,0.00773898657654482
"rs4639533","age_z",0.252525252525253,-0.000793001497017818,0.00737870306394245,-0.000781158873861819,0.00741985026930138
"rs4639533","age_z",0.262626262626263,-0.000199154534614914,0.00594225257114903,-0.000350546487075583,0.00590885471277103
"rs4639533","age_z",0.272727272727273,0.000801376214449632,0.00378423346731531,0.00072003674097109,0.00416258730872514
"rs4639533","age_z",0.282828282828283,0.00149469150033429,0.00195697106193795,0.0017223033627855,0.00142232963381
"rs4639533","age_z",0.292929292929293,0.000725435441409459,0.00225605406000158,0.00083685620727648,0.00229819322548534
"rs4639533","age_z",0.303030303030303,-0.00180654888139074,0.00530837000965557,-0.00181522167337146,0.0054647836599133
"rs4639533","age_z",0.313131313131313,-0.00321359611168086,0.0073842857201662,-0.00341600588644474,0.00736725816167044
"rs4639533","age_z",0.323232323232323,-0.0023401985989319,0.00764584013087652,-0.00243084513283742,0.00769520810604789
"rs4639533","age_z",0.333333333333333,0.00101011761359255,0.00645283489310987,0.00110952610062913,0.00649196726233805
"rs4639533","age_z",0.343434343434343,0.005895412533826,0.00470993337032649,0.00572378152257817,0.00459083570991614
"rs4639533","age_z",0.353535353535354,0.0102539173793045,0.00346451985053581,0.0101863997619356,0.00377836701091421
"rs4639533","age_z",0.363636363636364,0.0103203952481124,0.00401894439703038,0.0112546016726123,0.00369180687973187
"rs4639533","age_z",0.373737373737374,0.00804411630847654,0.00859783772651122,0.00757681818106815,0.00788946770340896
"rs4639533","age_z",0.383838383838384,0.0064803923734644,0.0161387993536713,0.00534186441536228,0.0170680560461589
"rs4639533","age_z",0.393939393939394,0.00603693048448468,0.0152618335548231,0.00728199945102444,0.0153655935253217
"rs4639533","age_z",0.404040404040404,0.00450189032372774,0.00605618852123076,0.00469104439460412,0.00595146937032635
"rs4639533","age_z",0.414141414141414,-0.000286502359414627,-0.00667759867998871,-0.00136029966505329,-0.00635497933511585
"rs4639533","age_z",0.424242424242424,-0.00820160163602122,-0.0142790543844881,-0.00721991946070486,-0.0146203546503687
"rs4639533","age_z",0.434343434343434,-0.0166818932670433,-0.0116329373487283,-0.0157739485318079,-0.0139133663842547
"rs4639533","age_z",0.444444444444444,-0.0181115662258803,-0.00888716064140745,-0.0207009269987761,-0.00515134305335586
"rs4639533","age_z",0.454545454545455,-0.012599071314404,-0.00958900602844696,-0.0121026074129056,-0.0107939378815575
"rs4639533","age_z",0.464646464646465,-0.00331929404145348,-0.0137346942864625,-0.00198368388146733,-0.0149908777250309
"rs4639533","age_z",0.474747474747475,0.00387416634997991,-0.01822705010774,0.0033071894399456,-0.0170571062952805
"rs4639533","age_z",0.484848484848485,0.00472217667548225,-0.0202452191148817,0.00482650266047328,-0.0203552466482676
"rs4639533","age_z",0.494949494949495,0.00301973300790885,-0.0207386247063008,0.00307299208575224,-0.0212096702353876
"rs4639533","age_z",0.505050505050505,0.000816181067463198,-0.0199927521126754,0.000817487883886727,-0.0196493290208065
"rs4639533","age_z",0.515151515151515,-0.000704784807574833,-0.0175070541220034,-0.00106015290848189,-0.0173676403828835
"rs4639533","age_z",0.525252525252525,-0.000361061179544571,-0.0121665965035734,-0.000202359874901834,-0.0127089564489378
"rs4639533","age_z",0.535353535353535,0.000971131847715904,-0.00576335314528218,0.00122447687895567,-0.00575902765770178
"rs4639533","age_z",0.545454545454546,0.002153868965187,-0.000879868872247528,0.0017340398697805,-0.000257336286502501
"rs4639533","age_z",0.555555555555556,0.00319752491388975,3.56627303224105e-06,0.00348396113212155,-0.000125182878048756
"rs4639533","age_z",0.565656565656566,0.00418936264938386,-0.00306076087048967,0.00406043995940387,-0.00297091682801175
"rs4639533","age_z",0.575757575757576,0.00445985720231382,-0.00272385937676367,0.00445138794311098,-0.00337840073913605
"rs4639533","age_z",0.585858585858586,0.00346513387323617,-5.51197583006155e-05,0.00376426065845048,0.000125020336219962
"rs4639533","age_z",0.595959595959596,0.00106326512315321,0.00184556151627393,0.000795478786000999,0.00244609278474319
"rs4639533","age_z",0.606060606060606,-0.00161572501303301,0.00268165877823218,-0.00163575770249294,0.00226505138211201
"rs4639533","age_z",0.616161616161616,-0.00361741767608485,0.00300648420315937,-0.00340988740101612,0.00280786374698223
"rs4639533","age_z",0.626262626262626,-0.00546097762051125,0.00359530589194807,-0.00556122521680261,0.0039817685654429
"rs4639533","age_z",0.636363636363636,-0.00615600801872017,0.00387628848164214,-0.00619904695945593,0.0037813816290861
"rs4639533","age_z",0.646464646464647,-0.00436996989703419,0.00318109738036915,-0.00441950383106042,0.0028819276250764
"rs4639533","age_z",0.656565656565657,8.80092936888862e-05,0.00188985850850609,-9.14245997868155e-05,0.00227439359415434
"rs4639533","age_z",0.666666666666667,0.00522183415532176,0.000413658488470591,0.00527014696687774,0.00056232901448485
"rs4639533","age_z",0.676767676767677,0.00873426175033808,-0.000729182027278407,0.00897947528048207,-0.00132217726507588
"rs4639533","age_z",0.686868686868687,0.00915178041416091,-0.00034484154502694,0.00919219092054247,-0.000150448529252739
"rs4639533","age_z",0.696969696969697,0.00592321388509511,0.0016073652932584,0.0059795799144527,0.00181153980928251
"rs4639533","age_z",0.707070707070707,0.0011662794183015,0.00154562623105113,0.00110354169878611,0.0015730228162705
"rs4639533","age_z",0.717171717171717,-0.00307177043330271,0.00122830874349985,-0.00322050398363266,0.0010405485030915
"rs4639533","age_z",0.727272727272727,-0.00533358953814292,0.0029801550441933,-0.00529899176715712,0.00283703856823472
"rs4639533","age_z",0.737373737373737,-0.00573459016312584,0.00472921522281142,-0.00573169462693472,0.00503713466060144
"rs4639533","age_z",0.747474747474748,-0.00474651748850842,0.00456086597563073,-0.00481712153860709,0.00465999210717011
"rs4639533","age_z",0.757575757575758,-0.00274156842883008,0.00467647467738215,-0.00266066931941925,0.00420420488717524
"rs4639533","age_z",0.767676767676768,-0.000246597129811761,0.0048938768530066,-0.000290588591913904,0.00514093637921214
"rs4639533","age_z",0.777777777777778,0.00211330213429062,0.004562492273726,0.00208328147515285,0.00500046434519073
"rs4639533","age_z",0.787878787878788,0.0036612306083447,0.00459021635780844,0.00383915116078235,0.00386855400770646
"rs4639533","age_z",0.797979797979798,0.00426849635129484,0.0054949653398775,0.0040988735482016,0.0055986650827277
"rs4639533","age_z",0.808080808080808,0.00404040139839054,0.00711130793536898,0.00419755538088287,0.0074828289300523
"rs4639533","age_z",0.818181818181818,0.0034196552268527,0.00737199408473387,0.00342500229477608,0.00710640579914455
"rs4639533","age_z",0.828282828282828,0.00298729013110914,0.0047911236795571,0.00274805602118525,0.00523386279096001
"rs4639533","age_z",0.838383838383838,0.00339344578679555,0.00176446429402896,0.00361370520654631,0.00134313612009849
"rs4639533","age_z",0.848484848484849,0.00475512704366684,0.000362384559559659,0.00474740805202469,0.000212239510975648
"rs4639533","age_z",0.858585858585859,0.00697538553113457,0.00167028153168588,0.00671787614403852,0.00199998705856002
"rs4639533","age_z",0.868686868686869,0.00968856577983148,0.00421586955011009,0.00981711347900338,0.00400912222212191
"rs4639533","age_z",0.878787878787879,0.0122026055966536,0.00578961336351225,0.0122457518743168,0.00577192615059446
"rs4639533","age_z",0.888888888888889,0.0130745508398527,0.00477300069460983,0.013064903868451,0.00529061423966243
"rs4639533","age_z",0.898989898989899,0.0117463288087376,0.00337904484323185,0.0119949939419862,0.0028049352822796
"rs4639533","age_z",0.909090909090909,0.00869389871598039,0.0037100265908224,0.00856033525495752,0.00367999352908616
"rs4639533","age_z",0.919191919191919,0.00666015568044231,0.00401498592434878,0.00661147975055118,0.00435520060774389
"rs4639533","age_z",0.929292929292929,0.00623567745815941,0.00352606676305429,0.00572687223772589,0.00352231186663209
"rs4639533","age_z",0.93939393939394,0.00698067867523086,0.00223359750270539,0.00767694766096685,0.00198292190657061
"rs4639533","age_z",0.94949494949495,0.00723424286667234,0.00108446937220636,0.00681647221447746,0.00104143395645022
"rs4639533","age_z",0.95959595959596,0.00489488534957391,0.000136209746640206,0.0050832026199095,0.000415071802336252
"rs4639533","age_z",0.96969696969697,-0.001341393776194,-0.00369224602971199,-0.000654405611804911,-0.00377789722484666
"rs4639533","age_z",0.97979797979798,-0.00755937360231922,-0.00910876230418957,-0.00848608667582136,-0.00890125525249319
"rs4639533","age_z",0.98989898989899,-0.00975580551715224,-0.0137254314807998,-0.00973546724012624,-0.0141811899630848
"rs4639533","age_z",1,-0.0089298363492918,-0.0162729630607078,-0.0087103123703456,-0.0160569089788899
"rs4639533","handedness",0,0.030504597630904,-0.0293965145548358,0.0298969929383494,-0.0292763451357096
"rs4639533","handedness",0.0101010101010101,0.0203272890899298,-0.0223041761541168,0.0215815230495888,-0.0228957369336729
"rs4639533","handedness",0.0202020202020202,-0.000446122786814444,-0.016721860186245,-0.000617093299072791,-0.015778948991427
"rs4639533","handedness",0.0303030303030303,-0.0222004543825925,-0.0150616863126918,-0.0229405740147206,-0.0156058319082301
"rs4639533","handedness",0.0404040404040404,-0.0322911754181194,-0.0145527873173676,-0.0316117790467187,-0.0139507245768108
"rs4639533","handedness",0.0505050505050505,-0.0279100556879712,-0.00138086473027113,-0.0289730934841063,-0.00278287861422506
"rs4639533","handedness",0.0606060606060606,-0.0182674824031061,0.0159390777680237,-0.0189694704721117,0.0164006060732236
"rs4639533","handedness",0.0707070707070707,-0.013982439986219,0.0241361100209272,-0.0113071137795473,0.0251909854988605
"rs4639533","handedness",0.0808080808080808,-0.0211114564825063,0.017678433262776,-0.0218410427416186,0.0169886854407453
"rs4639533","handedness",0.0909090909090909,-0.0386661257151018,-0.00184464945421811,-0.0399080924141586,-0.0010183375153596
"rs4639533","handedness",0.101010101010101,-0.048122853687522,-0.0160907171650015,-0.0471465324384857,-0.0174209534559186
"rs4639533","handedness",0.111111111111111,-0.0493820970401408,-0.0174996618053044,-0.049513151708121,-0.0173571760496022
"rs4639533","handedness",0.121212121212121,-0.0462610305915977,-0.00825828009437401,-0.0471277225810647,-0.0076555152516944
"rs4639533","handedness",0.131313131313131,-0.036273906288188,-0.00687724546204572,-0.0356342751340876,-0.00685930534333229
"rs4639533","handedness",0.141414141414141,-0.0242039022798935,-0.0108415359437367,-0.0235396878819181,-0.0112410427056187
"rs4639533","handedness",0.151515151515152,-0.0149808767192642,-0.012761932666172,-0.016059769708367,-0.0124311201797256
"rs4639533","handedness",0.161616161616162,-0.00468710705256355,-0.0125328713315107,-0.00446302340799095,-0.0125408759317854
"rs4639533","handedness",0.171717171717172,0.00848252125073225,-0.00985904439513893,0.00848603559979284,-0.0102444736040922
"rs4639533","handedness",0.181818181818182,0.0131956655943986,-0.000116145961372277,0.0137976574897027,-9.59973353640967e-05
"rs4639533","handedness",0.191919191919192,0.0104377028719757,0.00847626991027956,0.0103606583306372,0.00881623605559601
"rs4639533","handedness",0.202020202020202,0.00511609516226795,0.00731546219998637,0.00463833120751902,0.00744654702961642
"rs4639533","handedness",0.212121212121212,0.00118442259558774,0.00112045889246245,0.00130974857518198,0.000866738547358996
"rs4639533","handedness",0.222222222222222,0.00103550928446202,-0.00302490847063917,0.0011374185612478,-0.00313527044203118
"rs4639533","handedness",0.232323232323232,0.00239292641750607,-0.00361548164729994,0.002200890517905,-0.00360461966141426
"rs4639533","handedness",0.242424242424242,0.00413751644762406,-0.00697621518108051,0.00425311798028558,-0.00673135374525027
"rs4639533","handedness",0.252525252525253,0.00538397783319651,-0.0147848997636537,0.00543110238106449,-0.0141469103058906
"rs4639533","handedness",0.262626262626263,0.0046353866897861,-0.0105964527242026,0.00475669909637098,-0.0123987118914164
"rs4639533","handedness",0.272727272727273,0.00373882766060686,-0.00092353356295282,0.00339942194795662,-0.000262055108748581
"rs4639533","handedness",0.282828282828283,0.00421741578633373,0.00273764354534475,0.00426188303381864,0.00389485031313051
"rs4639533","handedness",0.292929292929293,0.00256834597657248,-0.0017223297263871,0.00289882417416451,-0.00247635262583369
"rs4639533","handedness",0.303030303030303,-0.00370184449510817,-0.0114874542279594,-0.00353044542016616,-0.0117408722687318
"rs4639533","handedness",0.313131313131313,-0.00895148276548106,-0.0165162775709939,-0.00926746445250654,-0.0160704057964251
"rs4639533","handedness",0.323232323232323,-0.00898568956363854,-0.016546124644573,-0.0094064695092134,-0.0170194210153373
"rs4639533","handedness",0.333333333333333,-0.00141275336845557,-0.0139912043281658,-0.000761327169172691,-0.0136231982494622
"rs4639533","handedness",0.343434343434343,0.0126589823311123,-0.00961577816998072,0.0119297006313028,-0.00976822158110839
"rs4639533","handedness",0.353535353535354,0.0287143323772275,-0.00427063098585012,0.0286633019495218,-0.00441394688529792
"rs4639533","handedness",0.363636363636364,0.0358965603096239,0.0001106115520883,0.0372856424439266,0.000623250471719406
"rs4639533","handedness",0.373737373737374,0.0359601432037557,0.00474811185306144,0.0350344156734163,0.00393616553498519
"rs4639533","handedness",0.383838383838384,0.0335934985040943,0.0108635859182395,0.033128762585897,0.0118383908255298
"rs4639533","handedness",0.393939393939394,0.0298059096978476,0.0159980318369431,0.0302807930640606,0.0151600577688434
"rs4639533","handedness",0.404040404040404,0.0236674243532143,0.0166442653537077,0.0248138289977854,0.0165317155959483
"rs4639533","handedness",0.414141414141414,0.0144433170250423,0.0102340903987519,0.0123935224065268,0.0114631954198113
"rs4639533","handedness",0.424242424242424,0.00326718613978263,-0.00190819996369592,0.00296834995679008,-0.00233202519662376
"rs4639533","handedness",0.434343434343434,-0.00984395321328941,-0.0125003910517091,-0.0049045011487256,-0.0134490143080455
"rs4639533","handedness",0.444444444444444,-0.0271079971856802,-0.00413971329848857,-0.0326937999741884,-0.0038528042682251
"rs4639533","handedness",0.454545454545455,-0.0359275223158744,0.00628683238931255,-0.0351815132070759,0.00641710341361797
"rs4639533","handedness",0.464646464646465,-0.0257718580045446,-0.000883650472183157,-0.0236460395565955,2.80900456664498e-05
"rs4639533","handedness",0.474747474747475,-0.0107763290192141,-0.0171430708681023,-0.0121243198290105,-0.0176988879625395
"rs4639533","handedness",0.484848484848485,-0.00492926780216348,-0.0300568844677441,-0.00440805387932572,-0.0310584358477524
"rs4639533","handedness",0.494949494949495,-0.00074814866339142,-0.0382311479717667,-0.00131447427315213,-0.0364775067297358
"rs4639533","handedness",0.505050505050505,0.000430619111894264,-0.0376899188233603,0.00107170909707157,-0.0387475331271674
"rs4639533","handedness",0.515151515151515,-0.00630080571360975,-0.0276769171125318,-0.00661719073082797,-0.0290531449006323
"rs4639533","handedness",0.525252525252525,-0.0219581483933936,-0.0214240971873553,-0.0212460066282817,-0.0183823639379619
"rs4639533","handedness",0.535353535353535,-0.0351637889973801,-0.0184528126646908,-0.0352551151063114,-0.0200550468946854
"rs4639533","handedness",0.545454545454546,-0.0355836105238859,-0.0142441414822496,-0.0376103937717617,-0.0148054892983696
"rs4639533","handedness",0.555555555555556,-0.0292391782849258,-0.00647289544326232,-0.0273157373230495,-0.00520116165387197
"rs4639533","handedness",0.565656565656566,-0.0243253866090372,0.00495747791025681,-0.0242786272047571,0.00322296706570386
"rs4639533","handedness",0.575757575757576,-0.0208354628628458,0.0143316732889488,-0.021876321861748,0.0156455990156363
"rs4639533","handedness",0.585858585858586,-0.0146898399938524,0.0178899885001423,-0.0135400955283597,0.0190209754408583
"rs4639533","handedness",0.595959595959596,-0.00366417923350352,0.0140410980983066,-0.00534410051898803,0.0112253414485255
"rs4639533","handedness",0.606060606060606,0.00488774219374953,0.00623137825738275,0.00615068154614679,0.00809345578836514
"rs4639533","handedness",0.616161616161616,0.00348952023605904,-0.000246559563667524,0.00418840132126523,0.000351384557915599
"rs4639533","handedness",0.626262626262626,-0.00566904986632198,0.000141787903008858,-0.00689736071423286,-0.00216964309198552
"rs4639533","handedness",0.636363636363636,-0.0158119082675554,0.00509634295853897,-0.0152682274691384,0.00658020698239632
"rs4639533","handedness",0.646464646464647,-0.0197027494022486,0.00968285831907899,-0.0194032915480561,0.0100570872673251
"rs4639533","handedness",0.656565656565657,-0.0126340608552304,0.00905422985905564,-0.013866074325824,0.00825467275458875
"rs4639533","handedness",0.666666666666667,0.00176167052471514,0.00664425418474455,0.0021213980498735,0.00667349610382739
"rs4639533","handedness",0.676767676767677,0.0178915931463839,0.00683619791420848,0.0185895934700499,0.00734240243088091
"rs4639533","handedness",0.686868686868687,0.0305430508237224,0.00900148510755781,0.0301618539118977,0.00876073065430637
"rs4639533","handedness",0.696969696969697,0.0362005866803932,0.0104161604979289,0.036250313765101,0.00967919584953231
"rs4639533","handedness",0.707070707070707,0.0371273420765734,0.00669243568433259,0.0373023833611742,0.00795009240408273
"rs4639533","handedness",0.717171717171717,0.034668594442062,-0.000576529958432684,0.0343740670534412,-0.000653882104310458
"rs4639533","handedness",0.727272727272727,0.0294885716040962,-0.00802848575363778,0.0297247377143856,-0.00912919719695594
"rs4639533","handedness",0.737373737373737,0.022047317368474,-0.0120481822801024,0.0219598044735465,-0.0113980961399096
"rs4639533","handedness",0.747474747474748,0.0123251642148872,-0.0103164227189723,0.0121602196692222,-0.00999212315687785
"rs4639533","handedness",0.757575757575758,-0.000413258813017097,-0.00566531493078914,0.000150683968782346,-0.00649882464839351
"rs4639533","handedness",0.767676767676768,-0.0133361566045671,-0.00114265116709868,-0.0137523508273661,-0.000643262052397953
"rs4639533","handedness",0.777777777777778,-0.0230643258674655,0.00261323817534895,-0.023199106875244,0.00325105018711285
"rs4639533","handedness",0.787878787878788,-0.028056850635208,0.0106210533126964,-0.0277379631104843,0.00916450559594632
"rs4639533","handedness",0.797979797979798,-0.0273527192647126,0.0186742562061088,-0.0276286210794542,0.0193834445009759
"rs4639533","handedness",0.808080808080808,-0.0207649642227227,0.0215703042170272,-0.0208803041160726,0.0222251430026875
"rs4639533","handedness",0.818181818181818,-0.0110744397571772,0.0214714319434098,-0.0107993178247159,0.0207909693301879
"rs4639533","handedness",0.828282828282828,-0.000605870137494947,0.0219527263735785,-0.000481549606181446,0.0218084711581595
"rs4639533","handedness",0.838383838383838,0.0123028447920792,0.02432297710669,0.0119330709937735,0.0247062008542143
"rs4639533","handedness",0.848484848484849,0.027289821530717,0.0272509129667222,0.0272076503030226,0.0272642881804539
"rs4639533","handedness",0.858585858585859,0.0428312621255983,0.0294873914018426,0.0431919033544773,0.0291989524780889
"rs4639533","handedness",0.868686868686869,0.055977779896335,0.0323235032133893,0.05594651582776,0.0322844741878049
"rs4639533","handedness",0.878787878787879,0.0641536323668574,0.0362345309207206,0.0636550967541983,0.036836602792429
"rs4639533","handedness",0.888888888888889,0.0669885718680804,0.0379751266113654,0.0677636409362099,0.0372944776766486
"rs4639533","handedness",0.898989898989899,0.0619837091657187,0.0411804199496287,0.0616386566597794,0.0412861152164476
"rs4639533","handedness",0.909090909090909,0.0498482684364575,0.0457539020357597,0.0507208264035433,0.0456266852908741
"rs4639533","handedness",0.919191919191919,0.0423915511840459,0.0358822698330577,0.0406165189701878,0.0366438091933681
"rs4639533","handedness",0.929292929292929,0.0369814059881444,0.0201021629567918,0.0371913227568262,0.0203758018874939
"rs4639533","handedness",0.93939393939394,0.0273717651571532,0.0105449566643731,0.0292193042589467,0.00850646134869349
"rs4639533","handedness",0.94949494949495,0.0112251329873413,0.00355655151648916,0.00995031004321907,0.0049774337845288
"rs4639533","handedness",0.95959595959596,-0.00807959520054908,-0.00806860474148942,-0.0070343904079486,-0.00738753461560415
"rs4639533","handedness",0.96969696969697,-0.0138569231660479,-0.0274017588377234,-0.0157837509829498,-0.0287353022338666
"rs4639533","handedness",0.97979797979798,-0.00728367140235079,-0.0469006732774475,-0.00694371263097754,-0.0460425842742378
"rs4639533","handedness",0.98989898989899,0.00423580712862524,-0.0587059799455379,0.00549265632393296,-0.0593004256191755
"rs4639533","handedness",1,0.0109885943512503,-0.0639083566095026,0.0103950937847592,-0.063654776435158
"rs4639533","APOE4",0,0.00972062117600309,-0.00304776932586546,0.00958047142173485,-0.00294639533460991
"rs4639533","APOE4",0.0101010101010101,0.007426792151125,-0.000675051216735139,0.00781926300594335,-0.00108823864085674
"rs4639533","APOE4",0.0202020202020202,0.003257781636959,0.00159115204226265,0.00292519160884732,0.0021503699220017
"rs4639533","APOE4",0.0303030303030303,-0.000711625787268984,0.00190989149592146,-0.000668915018683957,0.00165981006610324
"rs4639533","APOE4",0.0404040404040404,-0.00220273191723278,0.000572619235255853,-0.00200324400931019,0.000689708211916928
"rs4639533","APOE4",0.0505050505050505,-0.00110864836965156,0.0030887606159359,-0.00149984907522888,0.00267131355889633
"rs4639533","APOE4",0.0606060606060606,0.000409673941158345,0.00565920371377612,0.000518678400637811,0.00584718060943701
"rs4639533","APOE4",0.0707070707070707,6.56320335176812e-05,0.00303017426281585,0.000377614839192192,0.00343591083209677
"rs4639533","APOE4",0.0808080808080808,-0.00309010604521299,-0.00455018540091866,-0.00320969520714379,-0.00472001198749052
"rs4639533","APOE4",0.0909090909090909,-0.00836219691360289,-0.0141265613891636,-0.00843476536165202,-0.01421878104025
"rs4639533","APOE4",0.101010101010101,-0.0112825682641701,-0.0188019709710297,-0.0113137266736693,-0.0188296708936448
"rs4639533","APOE4",0.111111111111111,-0.0119475957373823,-0.0158881420712387,-0.0119649711654226,-0.0159426655609429
"rs4639533","APOE4",0.121212121212121,-0.0111411775437329,-0.00658330954156352,-0.0108943361104559,-0.00709637117800359
"rs4639533","APOE4",0.131313131313131,-0.0075163518895079,0.000322570036571026,-0.00797308872561113,0.00134513559490672
"rs4639533","APOE4",0.141414141414141,-0.00292039913162878,0.00319374560382982,-0.00277501205981873,0.00289867663098053
"rs4639533","APOE4",0.151515151515152,0.000193146809408478,0.00303268034236214,0.000514552112194172,0.00256775906126045
"rs4639533","APOE4",0.161616161616162,0.000921158720610002,0.00173908271545186,0.000626471009251062,0.00227279474343932
"rs4639533","APOE4",0.171717171717172,-0.000666602423192978,0.000950689402869482,-0.000418968405905589,0.000538566783294626
"rs4639533","APOE4",0.181818181818182,-0.00250646180195824,0.000428984704094525,-0.00273993327895596,0.00071101952101953
"rs4639533","APOE4",0.191919191919192,-0.00333838687904418,-0.000275310045602188,-0.00328480423474573,-0.000321603981606653
"rs4639533","APOE4",0.202020202020202,-0.00255609409017852,-0.00119598240052055,-0.00251845575628177,-0.00129131801529818
"rs4639533","APOE4",0.212121212121212,-0.000779366966216234,-0.00098037561283166,-0.000810333202277587,-0.000974174116018081
"rs4639533","APOE4",0.222222222222222,0.00144617826882999,0.000624290878800144,0.00147414378560076,0.000548362148573659
"rs4639533","APOE4",0.232323232323232,0.00459323237990868,-8.34145764555891e-05,0.00448266118406171,0.000302359587810861
"rs4639533","APOE4",0.242424242424242,0.00749745287845236,-0.000924463547712659,0.00761783055007987,-0.00132417093283272
"rs4639533","APOE4",0.252525252525253,0.00887553153058865,0.000419688704350235,0.00886292586735631,0.000371603694363169
"rs4639533","APOE4",0.262626262626263,0.00877460379535094,0.000848619250715972,0.0087198902053246,0.00127389200209208
"rs4639533","APOE4",0.272727272727273,0.00678162607994509,0.000969342401519688,0.00683768984722703,0.00064174085985566
"rs4639533","APOE4",0.282828282828283,0.00251866769654835,0.0020774678192424,0.00256423885024249,0.00205691112674425
"rs4639533","APOE4",0.292929292929293,-0.00340610778271897,0.00282332880909602,-0.00341264094011649,0.00300260653168773
"rs4639533","APOE4",0.303030303030303,-0.00938581477670077,0.00239660445563921,-0.00933832945945197,0.0023723056608975
"rs4639533","APOE4",0.313131313131313,-0.0120151606343236,0.00329169484484,-0.0122500847547249,0.0030533381108844
"rs4639533","APOE4",0.323232323232323,-0.0119782010855968,0.0032119110383435,-0.011903591872755,0.0034422153356439
"rs4639533","APOE4",0.333333333333333,-0.0106714632631944,2.55541410815329e-06,-0.0104574464332731,0.000227128518774682
"rs4639533","APOE4",0.343434343434343,-0.00749981308531723,-0.00193135049166739,-0.00773608612195211,-0.00240308047965856
"rs4639533","APOE4",0.353535353535354,-0.00231979878934843,0.000572284134979238,-0.00242035508789725,0.000525377781272379
"rs4639533","APOE4",0.363636363636364,0.00219394166207828,0.00146779381620767,0.00258955282443498,0.00209205840579
"rs4639533","APOE4",0.373737373737374,0.0063383757473449,0.00112139558391184,0.00611364925650039,0.000620945025594527
"rs4639533","APOE4",0.383838383838384,0.0102071217948606,0.00170412600500497,0.00978168747340362,0.00169656146861866
"rs4639533","APOE4",0.393939393939394,0.0103979732050486,0.00306485056580063,0.0112179150035471,0.00335631540362404
"rs4639533","APOE4",0.404040404040404,0.00728017240529283,0.00354674373566358,0.00710109137942587,0.00318669306525296
"rs4639533","APOE4",0.414141414141414,0.00244886492875439,0.00218687542097226,0.00196808193551209,0.00260349001583652
"rs4639533","APOE4",0.424242424242424,-0.00255229021118429,0.00178472207274532,-0.00246859910683899,0.00179427659885423
"rs4639533","APOE4",0.434343434343434,-0.0073369271867775,0.0036359721384408,-0.00654831454902649,0.00229464700919405
"rs4639533","APOE4",0.444444444444444,-0.0141999829593181,0.00176430586068593,-0.0148887760449134,0.00391676877093102
"rs4639533","APOE4",0.454545454545455,-0.0189952823108747,-0.0022287847414051,-0.019401549442136,-0.00312586505405748
"rs4639533","APOE4",0.464646464646465,-0.0176527474688673,-0.00497459761049957,-0.0167688851879783,-0.0057258058109137
"rs4639533","APOE4",0.474747474747475,-0.0139922241770364,-0.0060577919525982,-0.0144759763250204,-0.0052821101562677
"rs4639533","APOE4",0.484848484848485,-0.0121908106921137,-0.00570025815836622,-0.0121443563433682,-0.00560169369971231
"rs4639533","APOE4",0.494949494949495,-0.0103201463799969,-0.00398607957578525,-0.0101080302634571,-0.00459708285600727
"rs4639533","APOE4",0.505050505050505,-0.00625846053458899,-0.00196474834963549,-0.00639541832814011,-0.00161347445689846
"rs4639533","APOE4",0.515151515151515,0.000755815237029218,-3.06809788572566e-05,0.000244080395290927,0.000373144779703576
"rs4639533","APOE4",0.525252525252525,0.00761412032724569,0.00376631138018359,0.00826539213934127,0.00294018031645836
"rs4639533","APOE4",0.535353535353535,0.0107985942211385,0.00692926202394313,0.0110130482350464,0.00704338827754213
"rs4639533","APOE4",0.545454545454546,0.00840578989888579,0.00628262102288035,0.00775570946101841,0.00713598589857118
"rs4639533","APOE4",0.555555555555556,0.00439446648872243,0.00130536621847581,0.00489784675812138,0.000782302540495897
"rs4639533","APOE4",0.565656565656566,0.00315791630054142,-0.00513060889427694,0.00275036950050981,-0.00513127541449819
"rs4639533","APOE4",0.575757575757576,0.00461822790173159,-0.00356386771570018,0.0046373735133787,-0.00399554795910793
"rs4639533","APOE4",0.585858585858586,0.00627795022000354,0.000885943111254862,0.00686749724104109,0.00143952830524296
"rs4639533","APOE4",0.595959595959596,0.00627664124356044,0.00121062133192061,0.00555574829512162,0.001233195515999
"rs4639533","APOE4",0.606060606060606,0.00669041648689783,0.000158109198150266,0.00682085266601597,-0.000184164875150842
"rs4639533","APOE4",0.616161616161616,0.00841963625956423,0.00113982618190146,0.00887950984136457,0.00134115425707066
"rs4639533","APOE4",0.626262626262626,0.00633338494351518,0.00139287006017016,0.00599903965759055,0.00131340247502136
"rs4639533","APOE4",0.636363636363636,0.00357406200813558,9.04354279925966e-05,0.00358546453643796,0.000267181919385036
"rs4639533","APOE4",0.646464646464647,0.00430576791913321,-0.00272115983397878,0.00430739395993315,-0.00304001646841012
"rs4639533","APOE4",0.656565656565657,0.00673836187185992,-0.00688292151713698,0.00670233649231143,-0.0066021820116131
"rs4639533","APOE4",0.666666666666667,0.00906375931271204,-0.0109632904181768,0.00909397778977654,-0.0106711934067705
"rs4639533","APOE4",0.676767676767677,0.0100412948547031,-0.0133216117457808,0.0100868263419364,-0.0141523169598359
"rs4639533","APOE4",0.686868686868687,0.00913132210410644,-0.0128082039968062,0.00915404362031303,-0.0122679674349117
"rs4639533","APOE4",0.696969696969697,0.00623654908370604,-0.00977816765132071,0.00617002490665887,-0.00991765159356325
"rs4639533","APOE4",0.707070707070707,0.00225822320866824,-0.00835203924493797,0.00233538154969678,-0.00815309945264732
"rs4639533","APOE4",0.717171717171717,-0.0019147455592409,-0.00698151961795766,-0.00191647159137479,-0.00724157765049699
"rs4639533","APOE4",0.727272727272727,-0.005465308910417,-0.00351606441156111,-0.00555163102876899,-0.00349541916529221
"rs4639533","APOE4",0.737373737373737,-0.0075844280223058,-0.000447022826937066,-0.00752704947970515,-0.00029880706226847
"rs4639533","APOE4",0.747474747474748,-0.00786891501830763,-0.000154559815584033,-0.00798897295918086,-0.000114030802296635
"rs4639533","APOE4",0.757575757575758,-0.00735523274468267,-0.000428396362793419,-0.00719261660977907,-0.000557239712219427
"rs4639533","APOE4",0.767676767676768,-0.00678071832624834,0.000228657815587674,-0.00685089381032037,7.05636251153169e-05
"rs4639533","APOE4",0.777777777777778,-0.00644748397906624,0.00205721348048033,-0.00645115043610276,0.00255361672149915
"rs4639533","APOE4",0.787878787878788,-0.00582554722922048,0.0032108862320657,-0.00580025555690002,0.00280677775550863
"rs4639533","APOE4",0.797979797979798,-0.00494876686559123,0.00490120498761234,-0.00495324894748113,0.00470126409537601
"rs4639533","APOE4",0.808080808080808,-0.00377515920023965,0.0082243859515672,-0.00374639860109723,0.00873539079995746
"rs4639533","APOE4",0.818181818181818,-0.00113604804030791,0.00999708822933318,-0.001218920590268,0.00976298788099998
"rs4639533","APOE4",0.828282828282828,0.00326854396305498,0.00824461870958367,0.00311247140496432,0.00840556665311366
"rs4639533","APOE4",0.838383838383838,0.00611863265810065,0.00817888332781953,0.00643971440765256,0.00794466505677474
"rs4639533","APOE4",0.848484848484849,0.00686996744423393,0.00958012833638017,0.00694906192347254,0.00938000670602821
"rs4639533","APOE4",0.858585858585859,0.00613739918185024,0.0103946379816873,0.00574495415297495,0.0109428451052087
"rs4639533","APOE4",0.868686868686869,0.0052460790539179,0.00894304522768419,0.00537520984948906,0.00883924549397685
"rs4639533","APOE4",0.878787878787879,0.00487016127490646,0.00515194941164247,0.0051606459671604,0.00467251086622029
"rs4639533","APOE4",0.888888888888889,0.00327006725321587,0.00320164230574708,0.00292134389145617,0.00368373159090024
"rs4639533","APOE4",0.898989898989899,0.00147986791009678,0.00160149751261771,0.0015064490876595,0.00172172682924908
"rs4639533","APOE4",0.909090909090909,0.000866877219668254,-0.000920637143503775,0.00123867450610283,-0.00167040070614781
"rs4639533","APOE4",0.919191919191919,0.0007329757063199,0.000286380184199089,0.000272105844895159,0.000945594105176801
"rs4639533","APOE4",0.929292929292929,0.000627995159971264,0.00335238899533591,0.000686413248536061,0.00325708110868974
"rs4639533","APOE4",0.93939393939394,0.00065383065117747,0.00482930982158242,0.00108630649101248,0.00446325409591259
"rs4639533","APOE4",0.94949494949495,0.00230536676987627,0.00349298823258673,0.00180031959466241,0.00393520291455739
"rs4639533","APOE4",0.95959595959596,0.00555695440255948,-0.000588802287043613,0.00549181110817282,-0.000624851400863009
"rs4639533","APOE4",0.96969696969697,0.00524844465120765,-0.00481113346302644,0.00602779966581045,-0.0050147405036715
"rs4639533","APOE4",0.97979797979798,0.00371340572912896,-0.00745965769437653,0.00301688629596994,-0.00745593361202721
"rs4639533","APOE4",0.98989898989899,0.00463403226556502,-0.00785082204077336,0.0047613942091216,-0.00775858139401478
"rs4639533","APOE4",1,0.00772452635887132,-0.00779772487579223,0.00777714644045651,-0.00782246625984478
"rs4639533","PC1",0,0.0100620759108393,0.00106689418384764,0.00999041566651064,0.00116691836406469
"rs4639533","PC1",0.0101010101010101,0.00892112201212297,0.00243182598044323,0.00898422212726006,0.00216963232855707
"rs4639533","PC1",0.0202020202020202,0.00502314831175379,0.00485881082611719,0.00514059602590459,0.00499044660072576
"rs4639533","PC1",0.0303030303030303,-0.000359960505217482,0.00666801062691302,-0.000212709444953527,0.0068399705075915
"rs4639533","PC1",0.0404040404040404,-0.00412496702063677,0.00704001283160999,-0.00470818994274619,0.00709526859120355
"rs4639533","PC1",0.0505050505050505,-0.00228911647331774,0.00961613675637314,-0.00206570725525452,0.00906628600594725
"rs4639533","PC1",0.0606060606060606,0.00250475859962632,0.0133763150163635,0.00305296938022208,0.0135189004237317
"rs4639533","PC1",0.0707070707070707,0.00667315854837346,0.0157207150461083,0.00573205156417441,0.0160278122464412
"rs4639533","PC1",0.0808080808080808,0.0101717463485952,0.0138921178699743,0.0106938130188944,0.0138884272643429
"rs4639533","PC1",0.0909090909090909,0.0124761528356202,0.0067771224670326,0.012609705020429,0.00714993609899937
"rs4639533","PC1",0.101010101010101,0.00960025576982278,-0.00080527966154767,0.00946049884318663,-0.00147188280388095
"rs4639533","PC1",0.111111111111111,0.00418326256250677,-0.00555399528487492,0.00427473477863801,-0.00535195104747455
"rs4639533","PC1",0.121212121212121,0.000146835865539044,-0.00587693419180614,-8.11311913973498e-05,-0.00598495834279263
"rs4639533","PC1",0.131313131313131,-0.00150732391849777,-0.00364995515082943,-0.00131732223663255,-0.00365056269936549
"rs4639533","PC1",0.141414141414141,-0.000731122313933759,-0.000989653155937125,-0.000846912279449465,-0.00081835421975847
"rs4639533","PC1",0.151515151515152,0.00197740620080322,0.00068800057442082,0.00188783898108086,0.000665621119327892
"rs4639533","PC1",0.161616161616162,0.00417423438645868,0.00210152883660003,0.00433194473048933,0.00199914432727985
"rs4639533","PC1",0.171717171717172,0.00395013198793729,0.00367998078870338,0.00412451145811591,0.00356240340508828
"rs4639533","PC1",0.181818181818182,0.00301657589546297,0.0033870121869439,0.00268124895614037,0.00380327473761359
"rs4639533","PC1",0.191919191919192,0.00224844396504849,0.00167116230928761,0.00232145466585616,0.00153626563049336
"rs4639533","PC1",0.202020202020202,0.00181103503926487,-0.000220051844379064,0.00196265349664295,-0.00040334104986682
"rs4639533","PC1",0.212121212121212,0.000889226115493328,-0.00115118305019532,0.000783087443962631,-0.00114524540216841
"rs4639533","PC1",0.222222222222222,-0.00101917133818777,-0.000542847428800823,-0.000951286800709472,-0.000397089476084009
"rs4639533","PC1",0.232323232323232,-0.0025399244313759,0.000351564779131887,-0.0026136509794201,0.000173796946810385
"rs4639533","PC1",0.242424242424242,-0.00316371356429156,0.000868255360210049,-0.00315416416446762,0.000977881025599053
"rs4639533","PC1",0.252525252525253,-0.00272370645938565,0.000812945170290761,-0.00269679061619608,0.000982207083268318
"rs4639533","PC1",0.262626262626263,-0.00134525423474577,0.000677534055061392,-0.00141797592834128,0.000414476056530851
"rs4639533","PC1",0.272727272727273,-0.000521206342366918,0.000846994009934503,-0.000533209014375579,0.000813074720529941
"rs4639533","PC1",0.282828282828283,-0.00157459420854304,0.00141158930540239,-0.00134870889425329,0.00161370525567195
"rs4639533","PC1",0.292929292929293,-0.00376842783943253,0.0015797907498575,-0.00389779919515838,0.00162277115882468
"rs4639533","PC1",0.303030303030303,-0.00586256046816976,0.0008636402521079,-0.00600647522637424,0.000556958720513443
"rs4639533","PC1",0.313131313131313,-0.00696066487975543,0.000444668774368865,-0.0068019083682369,0.000715726776555546
"rs4639533","PC1",0.323232323232323,-0.00736396333650768,0.000322071503375713,-0.00729801524943794,0.000331755690820364
"rs4639533","PC1",0.333333333333333,-0.00751916290680016,9.95184266353219e-05,-0.00774646407168671,-0.000183266914625608
"rs4639533","PC1",0.343434343434343,-0.00726920898792099,-0.000495066023838688,-0.007212278797884,-0.000309114139880688
"rs4639533","PC1",0.353535353535354,-0.00664826239618022,-0.00190221927341543,-0.00636301026776584,-0.00165078597880202
"rs4639533","PC1",0.363636363636364,-0.00650921193527148,-0.00438515619888762,-0.00687711489308874,-0.00447684379136529
"rs4639533","PC1",0.373737373737374,-0.00584752080652337,-0.00450491945510111,-0.00572346266472235,-0.00480320564335614
"rs4639533","PC1",0.383838383838384,-0.00387432044988723,0.000828138708086101,-0.00373903152053703,0.000797914637842528
"rs4639533","PC1",0.393939393939394,-0.00206862281804752,0.00942012581091487,-0.00225871925448025,0.00939814435516339
"rs4639533","PC1",0.404040404040404,0.000502492061563695,0.0178139987184153,0.000615779812907761,0.0179953656984642
"rs4639533","PC1",0.414141414141414,0.00469002633668164,0.0229121258979237,0.00452576271323579,0.0228833711898847
"rs4639533","PC1",0.424242424242424,0.00783981533204598,0.0229929388635856,0.0077370625497003,0.0227520434466537
"rs4639533","PC1",0.434343434343434,0.007219205777636,0.0172607713508206,0.00815691446519145,0.0186444595116338
"rs4639533","PC1",0.444444444444444,0.00360602230485296,0.00782319977771351,0.00245103431157934,0.00629186072246106
"rs4639533","PC1",0.454545454545455,-0.000147045514039638,-0.00032752560056314,0.00031226686591021,-2.74209805024444e-05
"rs4639533","PC1",0.464646464646465,-0.00163156569628977,-0.00312371081761361,-0.00149075111682427,-0.00285955178850243
"rs4639533","PC1",0.474747474747475,-0.00149319844706511,-0.00249867443966564,-0.00170924691843151,-0.00279012257287404
"rs4639533","PC1",0.484848484848485,-0.000819220022218067,-0.00103662297160069,-0.000828965365162375,-0.000752430413787699
"rs4639533","PC1",0.494949494949495,0.000330415788717229,0.00159272244904807,0.000442450797662656,0.00125406742615128
"rs4639533","PC1",0.505050505050505,0.00117644011705201,0.00463710423660858,0.00118239412361279,0.00473405550894477
"rs4639533","PC1",0.515151515151515,0.00117830827622427,0.00648866282479792,0.00105810097296286,0.00674685174477165
"rs4639533","PC1",0.525252525252525,0.00127130281573717,0.00507256410736682,0.00134225969601196,0.00506494066809964
"rs4639533","PC1",0.535353535353535,0.000808569714516789,0.00203547436745987,0.000927883183077265,0.00179498311844842
"rs4639533","PC1",0.545454545454546,-0.000769147855116897,-0.000469772838232141,-0.000890674802050383,-0.000291183477589495
"rs4639533","PC1",0.555555555555556,-0.00158955167570198,-0.00235980181817785,-0.00158012890137227,-0.00237893048421912
"rs4639533","PC1",0.565656565656566,0.000171200484921591,-0.00369787547117072,8.28436542099435e-05,-0.00384517323590693
"rs4639533","PC1",0.575757575757576,0.00350544491242954,-0.00359787638255275,0.00354534616248841,-0.00357200800502977
"rs4639533","PC1",0.585858585858586,0.00592466530537032,-0.00293705402333756,0.00597736700409403,-0.00274605663255534
"rs4639533","PC1",0.595959595959596,0.0054743917482379,-0.00268690287826761,0.00554954473403213,-0.00285162479632746
"rs4639533","PC1",0.606060606060606,0.00316084770984855,-0.00206180472536417,0.00304998792389565,-0.00207538000255412
"rs4639533","PC1",0.616161616161616,0.000254509958770239,-0.000626177393783278,0.000294029812743241,-0.00069160722055735
"rs4639533","PC1",0.626262626262626,-0.00342611983545292,-0.000369928832580946,-0.00335600437371286,-9.07366824274371e-05
"rs4639533","PC1",0.636363636363636,-0.0067316397044406,-0.00114521405318716,-0.0068076738611822,-0.00115065053391565
"rs4639533","PC1",0.646464646464647,-0.00814128637909087,-0.00201088025798729,-0.00813394584852053,-0.00253960174421021
"rs4639533","PC1",0.656565656565657,-0.0067336685104568,-0.00222276359133227,-0.00680618544438306,-0.00178028453277532
"rs4639533","PC1",0.666666666666667,-0.00277972564666342,-0.00274777123070013,-0.00270078339244071,-0.0024320783457586
"rs4639533","PC1",0.676767676767677,0.00289480508237951,-0.00450196291130537,0.00275768817561358,-0.00520953213797912
"rs4639533","PC1",0.686868686868687,0.00835698333112615,-0.00642539654849698,0.0084302308343772,-0.00616118429463053
"rs4639533","PC1",0.696969696969697,0.0115230879357811,-0.00732665501049246,0.0116986327799457,-0.00681805360808399
"rs4639533","PC1",0.707070707070707,0.0113891192462789,-0.00737858238713821,0.0112543044063885,-0.00814521897725006
"rs4639533","PC1",0.717171717171717,0.00937966388257732,-0.0067731865372723,0.00934993972654573,-0.00674156624506727
"rs4639533","PC1",0.727272727272727,0.00709642996663802,-0.00574908645387386,0.00718373188381136,-0.00508524742869953
"rs4639533","PC1",0.737373737373737,0.00454704534407453,-0.00507470730532978,0.00447509472604185,-0.00550883642729952
"rs4639533","PC1",0.747474747474748,0.00155921891206762,-0.00534811554678481,0.00161656352907879,-0.0054767411018869
"rs4639533","PC1",0.757575757575758,-0.00128650416847479,-0.00597248344810311,-0.00133204432808358,-0.00550905700281822
"rs4639533","PC1",0.767676767676768,-0.00367725049154791,-0.00611356039443747,-0.00365860598763511,-0.00645954643300001
"rs4639533","PC1",0.777777777777778,-0.00507500710327569,-0.00537145678395552,-0.00501156620724934,-0.00556914680977173
"rs4639533","PC1",0.787878787878788,-0.00424217089343354,-0.00469947003796107,-0.00446986851697465,-0.00417005048842578
"rs4639533","PC1",0.797979797979798,-0.00234339462781256,-0.00419343312151629,-0.00217096008910221,-0.00449170475106698
"rs4639533","PC1",0.808080808080808,-0.000865741148441205,-0.00369810214024755,-0.000824813406778656,-0.00377880156071975
"rs4639533","PC1",0.818181818181818,0.000163050040478738,-0.00332940438819885,4.47557711396218e-06,-0.00302943696859119
"rs4639533","PC1",0.828282828282828,0.000930136865207944,-0.00298920545534835,0.00114443210652879,-0.00335276883067548
"rs4639533","PC1",0.838383838383838,0.00104289358108565,-0.00188163849820561,0.000849525214396702,-0.00171058929124113
"rs4639533","PC1",0.848484848484849,3.85608196795018e-05,-0.000647724456958872,4.6042717861957e-05,-0.000565356819880293
"rs4639533","PC1",0.858585858585859,-0.00235960172234421,-0.000333901409065108,-0.00213703178898663,-0.000600592581873228
"rs4639533","PC1",0.868686868686869,-0.00576405786814685,-0.00188953369620717,-0.00598042803067418,-0.00145064521156046
"rs4639533","PC1",0.878787878787879,-0.00964789487062176,-0.00510961591489713,-0.00951909103896292,-0.00524680369197545
"rs4639533","PC1",0.888888888888889,-0.0133951070855007,-0.00665254678027796,-0.0134060473439714,-0.00710909874286754
"rs4639533","PC1",0.898989898989899,-0.0156329290332457,-0.00758186115042562,-0.0157919888269945,-0.00695774473190961
"rs4639533","PC1",0.909090909090909,-0.0150763326868096,-0.00906439126623,-0.014841688404724,-0.00922526901897345
"rs4639533","PC1",0.919191919191919,-0.0119449560368264,-0.0081912066339096,-0.0121446469869949,-0.00854192719636927
"rs4639533","PC1",0.929292929292929,-0.00822309291337669,-0.00495800553188718,-0.00848825346003912,-0.00477656534152594
"rs4639533","PC1",0.93939393939394,-0.00565476671173845,-0.0006340461454262,-0.00487496438030973,-0.000660233080129695
"rs4639533","PC1",0.94949494949495,-0.0035418637972848,0.00260231446577796,-0.00387880840385548,0.00278378805155789
"rs4639533","PC1",0.95959595959596,-0.000295926426997416,0.00366100925076048,-0.00100877826690981,0.00379762772665424
"rs4639533","PC1",0.96969696969697,0.00546314485389686,0.00556959819828167,0.00636933954807204,0.0050298929796396
"rs4639533","PC1",0.97979797979798,0.0100848685834606,0.00809267854592188,0.0099398525865364,0.00829464106043788
"rs4639533","PC1",0.98989898989899,0.0104421076788596,0.00991885759869364,0.0101729614949538,0.0102002444049457
"rs4639533","PC1",1,0.010811493341299,0.0100113104098574,0.0109254774591604,0.00982716466436585
"rs4639533","PC2",0,-0.00354935153705871,0.00101509679320578,-0.00354360672682188,0.000947505234087056
"rs4639533","PC2",0.0101010101010101,-0.00442062845470314,-0.00205998929351393,-0.00422231461247383,-0.00183273886663594
"rs4639533","PC2",0.0202020202020202,-0.00313717689778497,-0.00620853540792223,-0.00365659462207989,-0.00644779002641153
"rs4639533","PC2",0.0303030303030303,-0.000460959721184208,-0.008716493457166,-9.24292160008019e-05,-0.00863482810720205
"rs4639533","PC2",0.0404040404040404,0.00201211173453671,-0.00845262103014819,0.00201294194526996,-0.00860012739454902
"rs4639533","PC2",0.0505050505050505,0.00363785218170539,-0.0106832464528909,0.00348003592725289,-0.0103012827928859
"rs4639533","PC2",0.0606060606060606,0.00329913629897262,-0.0139399396900162,0.0034507563400391,-0.0142432904398662
"rs4639533","PC2",0.0707070707070707,0.000627260805978448,-0.0150613028599608,0.000847031449024913,-0.0149913349435269
"rs4639533","PC2",0.0808080808080808,-0.000994526430320823,-0.0130038278118107,-0.00143160740484764,-0.0130012693279007
"rs4639533","PC2",0.0909090909090909,0.000594391279823657,-0.00788917214056869,0.000423103236494183,-0.00805069437581812
"rs4639533","PC2",0.101010101010101,0.00076281013400065,-0.0023337280829988,0.00159395625233627,-0.00208580486552032
"rs4639533","PC2",0.111111111111111,0.000121528821706268,0.000602573255908116,-0.000513377490222873,0.000469705991431531
"rs4639533","PC2",0.121212121212121,0.000120015565616978,-7.93609223053637e-05,-3.71446456558639e-05,0.000184428884756995
"rs4639533","PC2",0.131313131313131,-0.000998142598503052,0.000798801319709986,-0.000330553719511809,0.000337119828568378
"rs4639533","PC2",0.141414141414141,-0.00263309592045467,0.00293309543338212,-0.00298527169133642,0.00317408715692827
"rs4639533","PC2",0.151515151515152,-0.00357736311514101,0.00432220769452208,-0.0037504955683619,0.00439642822349898
"rs4639533","PC2",0.161616161616162,-0.00356118530311496,0.00367052385767107,-0.00337979689500605,0.00358841332619621
"rs4639533","PC2",0.171717171717172,-0.00271515355195787,0.00155325764988731,-0.00267016620710126,0.00169682018943226
"rs4639533","PC2",0.181818181818182,-0.00158456655917672,0.00301846468798615,-0.00163815600376353,0.00260809372126695
"rs4639533","PC2",0.191919191919192,0.000115236642259767,0.005589521605294,-0.00012342346302983,0.00601535394120676
"rs4639533","PC2",0.202020202020202,0.00236316573040153,0.00581915127566536,0.00265373856553214,0.00567607525471725
"rs4639533","PC2",0.212121212121212,0.00291924621721882,0.00559654362139067,0.00290440456249126,0.00552173931513908
"rs4639533","PC2",0.222222222222222,0.000151136708609187,0.00670570020242616,0.000178052781174339,0.00678509389288951
"rs4639533","PC2",0.232323232323232,-0.00349296538040776,0.00632876067504039,-0.00356016162777193,0.00633543930924702
"rs4639533","PC2",0.242424242424242,-0.00667801943003234,0.00482999394739937,-0.00670075002911337,0.00481259150598225
"rs4639533","PC2",0.252525252525253,-0.00849313389048152,0.00326062179218756,-0.00834748716921056,0.00321403177403345
"rs4639533","PC2",0.262626262626263,-0.00786669006152612,0.0011236883947808,-0.00812733292773202,0.0012277174414332
"rs4639533","PC2",0.272727272727273,-0.00525509058090495,-0.00124438646517935,-0.00528109342522166,-0.00130894060533784
"rs4639533","PC2",0.282828282828283,-0.00163638441058987,-0.00304113947285541,-0.00136627222015102,-0.00301004833556689
"rs4639533","PC2",0.292929292929293,0.00159754419113319,-0.00290171449645875,0.00147170959288918,-0.00300221173647064
"rs4639533","PC2",0.303030303030303,0.00354350267510087,-0.000348047860644572,0.00351968843963181,-0.000280173550342212
"rs4639533","PC2",0.313131313131313,0.00514900814302618,0.00173740131520947,0.0051780128890731,0.00179691735150851
"rs4639533","PC2",0.323232323232323,0.00588215830211281,0.00244094264305943,0.00585104024725651,0.00224592797376665
"rs4639533","PC2",0.333333333333333,0.0049728640269332,0.00166503631514693,0.00508358334921164,0.00194944155898637
"rs4639533","PC2",0.343434343434343,0.00276985878924506,-0.000419414547159647,0.00275027999311405,-0.000519009181233462
"rs4639533","PC2",0.353535353535354,0.000175648589347635,-0.00274599180520367,0.00011735206587289,-0.00289348815487997
"rs4639533","PC2",0.363636363636364,-0.00119448325670125,-0.00225063850088178,-0.00115980672777264,-0.00215574751774566
"rs4639533","PC2",0.373737373737374,-0.000985147358487098,-0.000304806673401891,-0.00117792956268101,-0.000142365274438531
"rs4639533","PC2",0.383838383838384,0.000659757934325902,0.000429499621960458,0.00101744234661511,-0.000152335608758776
"rs4639533","PC2",0.393939393939394,0.00300350258505581,-0.00178622824693538,0.00266036021184542,-0.000930260539532083
"rs4639533","PC2",0.404040404040404,0.00467499289179869,-0.00537791178736772,0.00457840851447259,-0.00582846305208359
"rs4639533","PC2",0.414141414141414,0.00458022130583438,-0.00833730478642459,0.00518710640856324,-0.00852808134188052
"rs4639533","PC2",0.424242424242424,0.00325209101754315,-0.0102066509707832,0.00292941966104678,-0.00952333259889597
"rs4639533","PC2",0.434343434343434,0.00133153646799687,-0.00973274730394269,0.000839633790614137,-0.0109174775771748
"rs4639533","PC2",0.444444444444444,-0.0013182565607457,-0.0038340686086368,-0.000296430965069681,-0.00293536286597378
"rs4639533","PC2",0.454545454545455,-0.00346465041142593,0.000138160134328193,-0.00426320090340028,0.000410488138058936
"rs4639533","PC2",0.464646464646465,-0.00394236989381046,-0.00445568308319275,-0.00377087736496467,-0.00526891490266701
"rs4639533","PC2",0.474747474747475,-0.00352373799505022,-0.00979298897255194,-0.00343545289086667,-0.00931411919863351
"rs4639533","PC2",0.484848484848485,-0.0029782438231113,-0.00838500605404302,-0.00296730956191673,-0.00858978000906836
"rs4639533","PC2",0.494949494949495,-0.00169089065039168,-0.00600982246805421,-0.00190442700912307,-0.00585922117715643
"rs4639533","PC2",0.505050505050505,-0.000817239759981725,-0.00227165033825933,-0.000595357956442189,-0.00224738840330355
"rs4639533","PC2",0.515151515151515,-0.00178300839239714,0.00415680892980902,-0.00171034497717746,0.0036022631357888
"rs4639533","PC2",0.525252525252525,-0.00423173957960675,0.00899037586188354,-0.00423914113772357,0.00973835571009661
"rs4639533","PC2",0.535353535353535,-0.00509265803634898,0.00948364162359443,-0.00532318170896107,0.00938838054329255
"rs4639533","PC2",0.545454545454546,-0.00191327056807461,0.00494178347440428,-0.00192434180508681,0.00455006417620665
"rs4639533","PC2",0.555555555555556,0.00286576124081584,-0.00026675978511338,0.0029559310669669,-2.38939974201486e-06
"rs4639533","PC2",0.565656565656566,0.00642379885595003,-0.00234414605065508,0.00657513748507313,-0.00240429050090205
"rs4639533","PC2",0.575757575757576,0.00886697207643689,-0.00372892116661175,0.00867858248464903,-0.00372753087430127
"rs4639533","PC2",0.585858585858586,0.00935880786383013,-0.00425900154893975,0.0091906539705283,-0.0042817684006619
"rs4639533","PC2",0.595959595959596,0.00700056868407525,-0.00310346949361856,0.00761167884227103,-0.00308564947975682
"rs4639533","PC2",0.606060606060606,0.00243037360300636,-0.00119311232670246,0.00211140784237105,-0.00123395288615827
"rs4639533","PC2",0.616161616161616,-0.00279183694965426,0.000706502952309034,-0.00303796645684414,0.000856365198380631
"rs4639533","PC2",0.626262626262626,-0.00597687915069996,0.00348707138048301,-0.00568074259823259,0.00323241162505585
"rs4639533","PC2",0.636363636363636,-0.00798270381173004,0.00558463738005236,-0.0080693499577217,0.00571196751675133
"rs4639533","PC2",0.646464646464647,-0.0097673361289813,0.00578646001304829,-0.0097331119869278,0.00605525918511764
"rs4639533","PC2",0.656565656565657,-0.00933575477750416,0.00630727993532778,-0.0094345117951976,0.00586995487732288
"rs4639533","PC2",0.666666666666667,-0.00669741851074617,0.0063236800851706,-0.00675716732175347,0.00634089162325472
"rs4639533","PC2",0.676767676767677,-0.00265217054856662,0.00456949491399311,-0.00249558049502763,0.00505329124615145
"rs4639533","PC2",0.686868686868687,0.00176419917946892,0.00216226158286041,0.00170821172766141,0.00183955168536728
"rs4639533","PC2",0.696969696969697,0.00564671933824869,0.000719569751252031,0.00555823842097415,0.00044992231407377
"rs4639533","PC2",0.707070707070707,0.008705406369037,0.000916345133353675,0.00882506958123227,0.00140368233203079
"rs4639533","PC2",0.717171717171717,0.0102631487403931,0.00109495534714434,0.0102840058837366,0.000891853138105368
"rs4639533","PC2",0.727272727272727,0.00973517303679664,-7.45312550036064e-05,0.00966163927654714,-0.000115434645276375
"rs4639533","PC2",0.737373737373737,0.00748299155099402,-0.000374558465935574,0.0075602509763959,-0.000370198772046043
"rs4639533","PC2",0.747474747474748,0.00421150548758686,0.00132234532671978,0.00424035168883526,0.00128088516354862
"rs4639533","PC2",0.757575757575758,0.00100577762222881,0.000243832717747224,0.000920636351143148,0.000445694602276009
"rs4639533","PC2",0.767676767676768,-0.00113074525704452,-0.00232737139123183,-0.00119040100218315,-0.00238100538274785
"rs4639533","PC2",0.777777777777778,-0.00165489373143135,-0.00381461994081509,-0.00153907917495899,-0.00415767760182284
"rs4639533","PC2",0.787878787878788,-0.00153803087841373,-0.00430665843369353,-0.00167546094741404,-0.00387951237019312
"rs4639533","PC2",0.797979797979798,-0.00161211474362776,-0.00384252674271266,-0.00149517430679433,-0.00382554258828561
"rs4639533","PC2",0.808080808080808,-0.00233932479284443,-0.00233039936151698,-0.00230478196232203,-0.00281865734066043
"rs4639533","PC2",0.818181818181818,-0.00325530020535218,8.12200446596299e-05,-0.00334077642733789,0.000534427737556666
"rs4639533","PC2",0.828282828282828,-0.00356208527585246,0.00252141158217491,-0.00348202540728973,0.00228185963065872
"rs4639533","PC2",0.838383838383838,-0.002531229412149,0.00258043111645464,-0.00272188345411217,0.00277738834801955
"rs4639533","PC2",0.848484848484849,-0.00124169966895017,0.00162824658186423,-0.00111474553799779,0.00155511491971127
"rs4639533","PC2",0.858585858585859,-0.000906804186469077,0.00140938068444234,-0.00081293898823711,0.00125225533066751
"rs4639533","PC2",0.868686868686869,-0.00136783798706674,0.000724529212470166,-0.00154758701178407,0.00102260619901151
"rs4639533","PC2",0.878787878787879,-0.00242677593329311,-0.00110997941176131,-0.00220940525584761,-0.00139578444957695
"rs4639533","PC2",0.888888888888889,-0.00445289032307319,-0.00107508721585139,-0.0045381154757711,-0.000940709837426562
"rs4639533","PC2",0.898989898989899,-0.00552939640105296,-0.000114658478699007,-0.00555614241237026,2.98678679371681e-05
"rs4639533","PC2",0.909090909090909,-0.0040682924713637,0.000618226231757095,-0.00434589607700942,0.000138603724498236
"rs4639533","PC2",0.919191919191919,-0.00202184383564783,0.00297693058647092,-0.0016922424775303,0.00344609582263265
"rs4639533","PC2",0.929292929292929,-0.000860112244820916,0.0044244209922572,-0.00061940459220399,0.0043711773024038
"rs4639533","PC2",0.93939393939394,-0.00102856612139794,0.00246082630840716,-0.00154224364881765,0.00229402787555868
"rs4639533","PC2",0.94949494949495,-0.000332722227736285,0.000219734082904876,-0.000158712710134645,0.000276383439080564
"rs4639533","PC2",0.95959595959596,0.00253754725510859,0.000547462248319584,0.00252038194934988,0.000574175592260658
"rs4639533","PC2",0.96969696969697,0.00408726288571964,0.000670873431150587,0.00429057712103814,0.000679319908510892
"rs4639533","PC2",0.97979797979798,0.00476616618729556,0.000773523347439499,0.00454575583115479,0.000704833736100224
"rs4639533","PC2",0.98989898989899,0.00599045607149667,0.00173877015509751,0.00606067750188126,0.00180671116909714
"rs4639533","PC2",1,0.00755309670547649,0.00259685440238372,0.00755145523609406,0.00257563360478447
"rs4639533","education_years",0,-0.000623097900369563,0.00137185418419649,-0.000632468791542132,0.00135368962975363
"rs4639533","education_years",0.0101010101010101,-0.00121314679593355,0.00103420003859408,-0.0010998947539052,0.00106709244244474
"rs4639533","education_years",0.0202020202020202,-0.00140980891346849,4.51754106987701e-05,-0.00160565908556843,5.18014207903111e-05
"rs4639533","education_years",0.0303030303030303,-0.00110249834823824,-0.00107782443905865,-0.00107820037610672,-0.00113360597876874
"rs4639533","education_years",0.0404040404040404,-0.000448467641479957,-0.00174667730556661,-0.000263219641578301,-0.00166424290474948
"rs4639533","education_years",0.0505050505050505,2.21791533718017e-05,-0.00218628086210837,-0.000232635338634513,-0.00227898416035231
"rs4639533","education_years",0.0606060606060606,-7.36281878229971e-05,-0.00254081057474196,0.000116398093707875,-0.00248089557321173
"rs4639533","education_years",0.0707070707070707,-0.000846995158115173,-0.00280715459714603,-0.000782858392850593,-0.00280277473575352
"rs4639533","education_years",0.0808080808080808,-0.0015774314806988,-0.00269596082209378,-0.00174436057788787,-0.00273610337425615
"rs4639533","education_years",0.0909090909090909,-0.00158707472199142,-0.00192914396941368,-0.00158999754507169,-0.00190079734104078
"rs4639533","education_years",0.101010101010101,-0.00115157777700023,-0.000687379983070665,-0.00107935124158332,-0.000734944234643665
"rs4639533","education_years",0.111111111111111,-0.000602753069776412,0.000256013680649309,-0.00064249297243971,0.00031682037626509
"rs4639533","education_years",0.121212121212121,-0.000243439599804721,0.000297204579642748,-0.00025788527634904,0.000295955943791023
"rs4639533","education_years",0.131313131313131,-0.000353705500677263,-7.5826151124812e-05,-0.000260886041798032,-0.000112438106099309
"rs4639533","education_years",0.141414141414141,-0.000828259598498883,-0.000461923106296368,-0.000877707106145811,-0.000425211287408263
"rs4639533","education_years",0.151515151515152,-0.00145235309016335,-0.000640186790031555,-0.00145585880784908,-0.000675470533156508
"rs4639533","education_years",0.161616161616162,-0.00197838435280185,-0.000726976945755719,-0.00196783299080086,-0.000729321484892319
"rs4639533","education_years",0.171717171717172,-0.00215393325357901,-0.000816850733371922,-0.00216985212681428,-0.000727794413295772
"rs4639533","education_years",0.181818181818182,-0.00181234478583119,-0.00061444306487005,-0.00183429171560697,-0.000726775654569081
"rs4639533","education_years",0.191919191919192,-0.00107910402297073,0.000143539239332074,-0.00107817250700208,0.000133201716768464
"rs4639533","education_years",0.202020202020202,-0.000169587148200176,0.00143717025553188,-0.000160961318273188,0.00151927385386898
"rs4639533","education_years",0.212121212121212,0.000630010601218882,0.00225183694865446,0.000630539280976351,0.00222634071282251
"rs4639533","education_years",0.222222222222222,0.0010248781604028,0.00183728399013634,0.00104827717270257,0.00183938296293255
"rs4639533","education_years",0.232323232323232,0.000867478084781979,0.00117938690615925,0.000898227452680326,0.0011652459387692
"rs4639533","education_years",0.242424242424242,0.000463033372652981,0.00051310237656829,0.000416833626871238,0.000541541302981072
"rs4639533","education_years",0.252525252525253,0.000168668030104602,-0.000140242309748858,0.000184229490459022,-0.00018334435793432
"rs4639533","education_years",0.262626262626263,0.000118092743865101,-0.000438918880417536,0.000116618261292415,-0.000399107402589856
"rs4639533","education_years",0.272727272727273,0.000436617957487482,-0.00029496050484599,0.000390419500649369,-0.000325329499239038
"rs4639533","education_years",0.282828282828283,0.00115762776089647,0.000212824566391637,0.00117089089464076,0.000210907230977585
"rs4639533","education_years",0.292929292929293,0.0018961842037278,0.000694646891555888,0.00190642322955972,0.000726913656673781
"rs4639533","education_years",0.303030303030303,0.00223276074638828,0.000898288522090803,0.00227052734542108,0.000874672441087337
"rs4639533","education_years",0.313131313131313,0.00207894425345237,0.00125715099666617,0.0020714586597969,0.00126672256182172
"rs4639533","education_years",0.323232323232323,0.0016208963935155,0.00171736193823254,0.00161082220600716,0.00169363444640756
"rs4639533","education_years",0.333333333333333,0.00114246530987044,0.00209796538654286,0.00119040872428129,0.00213124671865715
"rs4639533","education_years",0.343434343434343,0.00111366216142161,0.00241226175525361,0.00102446525602553,0.0023860364542555
"rs4639533","education_years",0.353535353535354,0.00182289267692271,0.00231617119905114,0.00173490247328482,0.00226614567053025
"rs4639533","education_years",0.363636363636364,0.0026450409513649,0.000478112935081888,0.00278272529444953,0.000664412110892871
"rs4639533","education_years",0.373737373737374,0.00272309730549408,-0.00229433228297716,0.00276812911345443,-0.00243266165999695
"rs4639533","education_years",0.383838383838384,0.00157121860086815,-0.00438229818090412,0.00152540652360899,-0.00435247598374269
"rs4639533","education_years",0.393939393939394,2.51083290532367e-05,-0.00411421001953836,2.88381666334198e-05,-0.00415806518250704
"rs4639533","education_years",0.404040404040404,-0.00137489507374926,-0.00223279492447554,-0.00134995122890982,-0.00227813379521876
"rs4639533","education_years",0.414141414141414,-0.00231334127297444,1.88020027308226e-05,-0.00239270210104682,0.00014636945965854
"rs4639533","education_years",0.424242424242424,-0.00270686384687864,0.00198507466975271,-0.00268319942459759,0.00190250021257984
"rs4639533","education_years",0.434343434343434,-0.00246006742432558,0.00266475205281773,-0.00239182268622039,0.00260875459633799
"rs4639533","education_years",0.444444444444444,-0.00146708650199499,0.000288129536427378,-0.00172687605597416,0.00063249754870518
"rs4639533","education_years",0.454545454545455,-0.000630923961799558,-0.00259811160555905,-0.000319278020546452,-0.00303475709054633
"rs4639533","education_years",0.464646464646465,-0.00078743255673376,-0.00321478595791896,-0.000850365156745428,-0.00300682836605918
"rs4639533","education_years",0.474747474747475,-0.00142494621128826,-0.00266175211308507,-0.00144448263332507,-0.00267424540724727
"rs4639533","education_years",0.484848484848485,-0.00179758721296169,-0.00260006548370419,-0.0018407199500401,-0.00268664561258815
"rs4639533","education_years",0.494949494949495,-0.00159832693050504,-0.00296008374631678,-0.00157719999472878,-0.00277960592418512
"rs4639533","education_years",0.505050505050505,-0.00073551200566992,-0.002877836358535,-0.000727946070954853,-0.0030311321206941
"rs4639533","education_years",0.515151515151515,0.000611201189278579,-0.00150794177597771,0.000385976312974797,-0.00150770516047499
"rs4639533","education_years",0.525252525252525,0.0015140352417741,0.00108992689579904,0.00184697023866269,0.00112271150743684
"rs4639533","education_years",0.535353535353535,0.00169972252499727,0.00296132806119816,0.00176292774994428,0.00291341720905673
"rs4639533","education_years",0.545454545454546,0.00125558916984579,0.00241655135030745,0.000896353750572141,0.00259952728953453
"rs4639533","education_years",0.555555555555556,0.000813693622542064,0.000604549778681355,0.00100366489284881,0.000470026400443385
"rs4639533","education_years",0.565656565656566,0.000711555132106466,-0.000718792780994715,0.000704592418765767,-0.000752495801589818
"rs4639533","education_years",0.575757575757576,2.31235092155553e-06,-0.000602350193129851,3.76925785203239e-05,-0.000552508122241066
"rs4639533","education_years",0.585858585858586,-0.000937584314683304,0.000226997568024259,-0.000901888486374049,0.000198885916073412
"rs4639533","education_years",0.595959595959596,-0.0014204406645045,0.00083546345943884,-0.00157615369687561,0.000866991295847386
"rs4639533","education_years",0.606060606060606,-0.00126762135282143,0.00103690328358349,-0.00121391026450486,0.00101988692738057
"rs4639533","education_years",0.616161616161616,-0.00058479064899149,0.000963989560348944,-0.000552875932231146,0.00099808079031368
"rs4639533","education_years",0.626262626262626,2.88735105980717e-05,0.00108908316123906,3.39613870659664e-06,0.00102132041286102
"rs4639533","education_years",0.636363636363636,0.000355662043299461,0.00126470827351212,0.000377438892509364,0.0012932106798419
"rs4639533","education_years",0.646464646464647,0.000397002523568921,0.00110258389299948,0.000444588918834782,0.0011571761236419
"rs4639533","education_years",0.656565656565657,0.000389989956241037,0.000294579918000413,0.000299431150468088,0.000262010979325539
"rs4639533","education_years",0.666666666666667,0.000246728293090459,-0.000353787360505671,0.000218876379030894,-0.000416036318951771
"rs4639533","education_years",0.676767676767677,-0.000202226013341352,-9.39118492305355e-05,-4.82186647132941e-05,-2.68515511582362e-05
"rs4639533","education_years",0.686868686868687,-0.0010430047360809,0.0004286558428152,-0.00108183715514991,0.000451479083322215
"rs4639533","education_years",0.696969696969697,-0.00209913517280905,0.000602612092553426,-0.00217933641461318,0.000481471783134402
"rs4639533","education_years",0.707070707070707,-0.00253303762930645,0.000992504704860403,-0.00251577490470813,0.00109364713480312
"rs4639533","education_years",0.717171717171717,-0.00248935241981727,0.00112449477382121,-0.00248043666800835,0.00118025583381173
"rs4639533","education_years",0.727272727272727,-0.00234842157628485,0.00048272843572748,-0.00234247011557445,0.00034303542046606
"rs4639533","education_years",0.737373737373737,-0.00220939746124798,-0.000195535132004742,-0.00218877032824342,-0.000112413091621748
"rs4639533","education_years",0.747474747474748,-0.00201631847935569,-0.000227353778442461,-0.00201289547013547,-0.000244808397043487
"rs4639533","education_years",0.757575757575758,-0.00145380987818013,-0.000151775194438778,-0.00150350144353922,-0.000147592848027098
"rs4639533","education_years",0.767676767676768,-0.000441092385066493,0.000118122863472141,-0.000430994499251486,8.58691638025782e-05
"rs4639533","education_years",0.777777777777778,0.000913842135813724,0.000722176237247174,0.000871365700273074,0.000770527761932253
"rs4639533","education_years",0.787878787878788,0.00209466175893467,0.00116761919906684,0.00213279279423295,0.00116417270427479
"rs4639533","education_years",0.797979797979798,0.00258544628957864,0.00136344534370224,0.00265942045153672,0.0012554049768882
"rs4639533","education_years",0.808080808080808,0.00204823048914964,0.00133733888069018,0.00198807395151389,0.00151862477497381
"rs4639533","education_years",0.818181818181818,0.000747539080981772,0.000994509449259919,0.000809196906563005,0.000886833430850227
"rs4639533","education_years",0.828282828282828,-0.000797789799484182,0.000256246759443597,-0.000792051187786146,0.000232782989429751
"rs4639533","education_years",0.838383838383838,-0.00181312934198773,-0.000710834160831643,-0.00191454726784981,-0.000614096591796674
"rs4639533","education_years",0.848484848484849,-0.00205606186135194,-0.00145929771275523,-0.00203438299829532,-0.001515740060323
"rs4639533","education_years",0.858585858585859,-0.00149352569498459,-0.00158203092360566,-0.0014627675720363,-0.0016119682828369
"rs4639533","education_years",0.868686868686869,-0.000293983223924883,-0.00106733318252147,-0.000335580169308517,-0.00103313739277212
"rs4639533","education_years",0.878787878787879,0.00127889558347805,-0.000149112399100893,0.00123804189625437,-0.000174296106494118
"rs4639533","education_years",0.888888888888889,0.00275738062880831,0.000532558595337952,0.00282055105495519,0.000576513483591536
"rs4639533","education_years",0.898989898989899,0.00352989993941519,0.000914278732518142,0.00358849380415743,0.000876698823472533
"rs4639533","education_years",0.909090909090909,0.00322206609332151,0.00111913890122128,0.00319192945077553,0.00114177876568098
"rs4639533","education_years",0.919191919191919,0.00242676301972241,0.00123335983587244,0.00239655447121421,0.00124281193366624
"rs4639533","education_years",0.929292929292929,0.0016768844255249,0.00111115427147703,0.00179215143978462,0.00101654797946273
"rs4639533","education_years",0.93939393939394,0.00131631406318735,0.000605242324803695,0.00108026758207709,0.000766841845198543
"rs4639533","education_years",0.94949494949495,0.00125482446479348,-0.000199983202106732,0.0013132788108799,-0.000291056944790233
"rs4639533","education_years",0.95959595959596,0.00111266495923921,-0.00107381935296688,0.00135320284602982,-0.00111139440528645
"rs4639533","education_years",0.96969696969697,0.000195608178327829,-0.00158136165304798,1.400270200155e-05,-0.00149891473531129
"rs4639533","education_years",0.97979797979798,-0.000733549063095948,-0.00179677929778282,-0.0007842294269643,-0.00184413207253142
"rs4639533","education_years",0.98989898989899,-0.000847257363574038,-0.00188179277305201,-0.000771221496453553,-0.00188088540496175
"rs4639533","education_years",1,-0.000696976556330586,-0.00175086207343737,-0.000709636475203241,-0.00174330135616101
