"SNP_model","predictor","grid","coordinate_1","coordinate_2","coordinate_1_raw","coordinate_2_raw"
"rs929708","SNP",0,0.00100364416580474,-0.0075397967006052,0.000962640152539187,-0.00754382504793779
"rs929708","SNP",0.0101010101010101,-0.00279688930599987,-0.00679775017302054,-0.00265898380580761,-0.00685493113095194
"rs929708","SNP",0.0202020202020202,-0.00805243287803283,-0.00781730416333992,-0.00816515103245813,-0.00759858092509533
"rs929708","SNP",0.0303030303030303,-0.00677078298521144,-0.00843587297685143,-0.00711700406079025,-0.00866878204429789
"rs929708","SNP",0.0404040404040404,-0.00568442897665403,-0.00707427155299121,-0.00454521541271053,-0.00724736365471954
"rs929708","SNP",0.0505050505050505,-0.00550115873838275,-0.00858009466027519,-0.00665803162863094,-0.00815445267363964
"rs929708","SNP",0.0606060606060606,-0.0093509546478618,-0.0146249754520626,-0.00963708196182462,-0.0145812065816467
"rs929708","SNP",0.0707070707070707,-0.0191553378154436,-0.0240598837611968,-0.0175487426893909,-0.0243220192200868
"rs929708","SNP",0.0808080808080808,-0.0278117231020023,-0.0295546364823787,-0.028931678148544,-0.0294112584617311
"rs929708","SNP",0.0909090909090909,-0.0286244300960442,-0.0252913854792062,-0.0290288268724969,-0.0258660187822101
"rs929708","SNP",0.101010101010101,-0.0248449202091042,-0.016737263329555,-0.0235983777591889,-0.0159704511960585
"rs929708","SNP",0.111111111111111,-0.0195692527948156,-0.00863497741692374,-0.0204576743914713,-0.00902661009484228
"rs929708","SNP",0.121212121212121,-0.0139754520729309,-0.0044605806290233,-0.0139026065299376,-0.00446133627609239
"rs929708","SNP",0.131313131313131,-0.00604582976582301,-0.00518054354636959,-0.00572299187098491,-0.004850092824582
"rs929708","SNP",0.141414141414141,0.000818375440076295,-0.00654014346573195,0.000662483858503059,-0.00673469020797578
"rs929708","SNP",0.151515151515152,0.00322652604092264,-0.00482769672395647,0.00310314404365847,-0.00511540930216752
"rs929708","SNP",0.161616161616162,0.00446276802418563,-0.00340372670560718,0.00466641870028373,-0.0031840955428427
"rs929708","SNP",0.171717171717172,0.00737139954405609,-0.00467551977502,0.00718060125249104,-0.00404737788701433
"rs929708","SNP",0.181818181818182,0.00788575527086914,-0.00267876042772165,0.00806288375388848,-0.00380957470593118
"rs929708","SNP",0.191919191919192,0.00592347153114554,0.00121794258363365,0.00581505299309768,0.00148779744876036
"rs929708","SNP",0.202020202020202,0.00282224341758248,0.00367897205040454,0.00284521003450633,0.00444758329194301
"rs929708","SNP",0.212121212121212,-0.000492844274709926,0.00355488997928641,-0.000475497049445113,0.00296812625924101
"rs929708","SNP",0.222222222222222,-0.00306731667030877,0.00144189387267425,-0.00309785610438616,0.00139151243714443
"rs929708","SNP",0.232323232323232,-0.00373596444527512,0.00133359612186856,-0.00370657082879738,0.00155822639671585
"rs929708","SNP",0.242424242424242,-0.00247878030225017,0.00282690829581091,-0.00247436473021647,0.0027266917619086
"rs929708","SNP",0.252525252525253,-3.5093713914413e-06,0.00371466910945461,-6.91527927462944e-05,0.00350122352701842
"rs929708","SNP",0.262626262626263,0.00177143077806513,0.00143527711632061,0.00186555482791299,0.0019408972666494
"rs929708","SNP",0.272727272727273,0.00220967667847872,-0.00191375514431645,0.00215599525082773,-0.00214845739192929
"rs929708","SNP",0.282828282828283,0.00104934456377709,-0.00350217697355918,0.00105272650145357,-0.00374436419600455
"rs929708","SNP",0.292929292929293,-0.0021639008846268,-0.0026330239952052,-0.00217430677003683,-0.00224693762668566
"rs929708","SNP",0.303030303030303,-0.0071111095411502,0.000439883869482359,-0.00705319055996877,-0.000120448297294917
"rs929708","SNP",0.313131313131313,-0.0107245006693054,0.00372475245424458,-0.0107634145408482,0.00426604441858156
"rs929708","SNP",0.323232323232323,-0.0112619460734635,0.00453983136471575,-0.0113595580016518,0.00448334196089995
"rs929708","SNP",0.333333333333333,-0.00792912534785415,0.00123697652843348,-0.0077332130361629,0.0010245724383991
"rs929708","SNP",0.343434343434343,-0.00157589837298237,-0.00342503732813644,-0.00166681066090666,-0.00321619331847089
"rs929708","SNP",0.353535353535354,0.00593922673943738,-0.00585135672227434,0.00579567402946437,-0.00600855545203404
"rs929708","SNP",0.363636363636364,0.011268895871584,-0.00442223478998059,0.0115558161917265,-0.00449595849154529
"rs929708","SNP",0.373737373737374,0.0140744182758148,-0.00143358698996393,0.0138105326673559,-0.0012726511254773
"rs929708","SNP",0.383838383838384,0.0156466777481899,-0.000430131161478848,0.0158491208252297,-0.000633535504247351
"rs929708","SNP",0.393939393939394,0.018556338534029,-0.00468725358863432,0.0184306880604238,-0.00433433771054482
"rs929708","SNP",0.404040404040404,0.0195730680069621,-0.0113585212988849,0.0195305305114768,-0.0113564498831587
"rs929708","SNP",0.414141414141414,0.0153145091063416,-0.0166817317412123,0.0154514739784921,-0.0171255125721851
"rs929708","SNP",0.424242424242424,0.00831921181734768,-0.0196897228430985,0.00845280231278807,-0.0194113543908999
"rs929708","SNP",0.434343434343434,0.00101150821133364,-0.0194333560000853,0.000306336596299272,-0.0192021361961346
"rs929708","SNP",0.444444444444444,-0.0086569169589398,-0.0140138587182848,-0.00764602219474243,-0.0147921161105853
"rs929708","SNP",0.454545454545455,-0.0167082980858312,-0.00794497271957622,-0.0173975027205657,-0.00721317695721911
"rs929708","SNP",0.464646464646465,-0.0190217897780156,-0.00623806324023875,-0.0188522537877461,-0.00646293966464427
"rs929708","SNP",0.474747474747475,-0.0185247530395976,-0.00880173870681984,-0.0184278728398365,-0.00869104725092426
"rs929708","SNP",0.484848484848485,-0.0190307941175572,-0.0131965478370711,-0.0192296765675601,-0.0132404082535929
"rs929708","SNP",0.494949494949495,-0.0204469097246529,-0.0143204197257054,-0.0202377455650652,-0.0144885859491167
"rs929708","SNP",0.505050505050505,-0.020190753776489,-0.0125063625707227,-0.0201804410871807,-0.0123506820270834
"rs929708","SNP",0.515151515151515,-0.0167089713174184,-0.00848072485644924,-0.0170974346934147,-0.00850761585074682
"rs929708","SNP",0.525252525252525,-0.0130833466245757,-0.00042927868507293,-0.0126407112602416,-0.00070202722169304
"rs929708","SNP",0.535353535353535,-0.0094505923205981,0.00512167762847304,-0.00936150499291559,0.00537328454624052
"rs929708","SNP",0.545454545454546,-0.00477175204795832,0.00208329341728404,-0.00537349061757337,0.00243436355192915
"rs929708","SNP",0.555555555555556,0.00231735957798883,-0.00430944306459799,0.00281715675992154,-0.0046487688889474
"rs929708","SNP",0.565656565656566,0.0104907704359231,-0.00724153939046394,0.0104022818306114,-0.00751199103750646
"rs929708","SNP",0.575757575757576,0.0107554732779403,-0.00536214767350155,0.0106301031304559,-0.00485356950642942
"rs929708","SNP",0.585858585858586,0.00502229179098204,-0.000412664822946754,0.00511487738157138,-0.000931492042397716
"rs929708","SNP",0.595959595959596,-0.00224482738965268,0.0053734515355153,-0.00225571495322307,0.00573750837942366
"rs929708","SNP",0.606060606060606,-0.0100447415328226,0.00963579014888065,-0.0100113425052387,0.00955934869807094
"rs929708","SNP",0.616161616161616,-0.0168169631413797,0.0107391809485224,-0.0169567760104097,0.0106807652936347
"rs929708","SNP",0.626262626262626,-0.0170166678781143,0.00996159261697554,-0.0168279426032562,0.0101031385255398
"rs929708","SNP",0.636363636363636,-0.0105373701762722,0.00887885497332377,-0.0106232020228371,0.00864533333176386
"rs929708","SNP",0.646464646464647,0.00045838797334743,0.00747023629043062,0.00035052179836774,0.00764711115499707
"rs929708","SNP",0.656565656565657,0.0119842037011086,0.00212977814247063,0.0122064918535854,0.00231108264180271
"rs929708","SNP",0.666666666666667,0.02105595206344,-0.00286265570279825,0.0208703562513802,-0.0032484181471091
"rs929708","SNP",0.676767676767677,0.0256459729146147,-0.00265996568986118,0.0257230227202859,-0.00254875596735389
"rs929708","SNP",0.686868686868687,0.0259970059447909,0.000486286761683684,0.0260636212412726,0.000715165416263629
"rs929708","SNP",0.696969696969697,0.0227128791493507,0.0033081071062039,0.0224716017138185,0.00272578772646984
"rs929708","SNP",0.707070707070707,0.0159565204102489,0.00544584363809829,0.0162150143273652,0.00621750709028401
"rs929708","SNP",0.717171717171717,0.00722493196194595,0.00679973424573011,0.00724595122425709,0.00632091686410674
"rs929708","SNP",0.727272727272727,-0.00117074398028095,0.00713243347986791,-0.00147031767324608,0.00717262499216497
"rs929708","SNP",0.737373737373737,-0.00520339128413926,0.00615460506468057,-0.0049111247984331,0.00643541710406197
"rs929708","SNP",0.747474747474748,-0.00247249544036087,0.00433525320523479,-0.00263188603292421,0.00387290301294547
"rs929708","SNP",0.757575757575758,0.00210308059465064,0.00413560561131946,0.00217401158170414,0.00454958149324119
"rs929708","SNP",0.767676767676768,0.00516089053598082,0.00441571119839635,0.00519315172471182,0.00420095873210815
"rs929708","SNP",0.777777777777778,0.00468859517112121,0.00353455883199652,0.00451853760305496,0.00356994242205266
"rs929708","SNP",0.787878787878788,0.000911002064715062,0.00212026651810234,0.00107421952133312,0.0022472563422226
"rs929708","SNP",0.797979797979798,-0.00370505604444592,0.000996430891432584,-0.00360127780297923,0.000740148807049331
"rs929708","SNP",0.808080808080808,-0.0066699152496294,0.000739517463555009,-0.00702501118397061,0.00101755023049077
"rs929708","SNP",0.818181818181818,-0.00719750801752415,0.00133405782023509,-0.00686558292829017,0.00112642353960241
"rs929708","SNP",0.828282828282828,-0.00564588385692967,0.00265511093239074,-0.00582967930108628,0.00277541025501562
"rs929708","SNP",0.838383838383838,-0.00429539876866492,0.0047381319876252,-0.0042776443569708,0.00470634338349827
"rs929708","SNP",0.848484848484849,-0.00234236549029707,0.00768249804123796,-0.00211226773547769,0.0075637425956365
"rs929708","SNP",0.858585858585859,0.00151826778444835,0.0114183724662546,0.00114061981598548,0.0116252253354739
"rs929708","SNP",0.868686868686869,0.00679474982520501,0.0151736529055116,0.00697199505715468,0.0149315813898726
"rs929708","SNP",0.878787878787879,0.0128394304893849,0.0178659315628232,0.0130633236634115,0.0181684770503132
"rs929708","SNP",0.888888888888889,0.0191981512291784,0.018446559518586,0.0187852897991622,0.0182292038841185
"rs929708","SNP",0.898989898989899,0.021791192171817,0.0180230084566507,0.0219327510409588,0.0178894045840594
"rs929708","SNP",0.909090909090909,0.017843924152238,0.0171886335372441,0.0182349751077418,0.0177679839233151
"rs929708","SNP",0.919191919191919,0.0127807029872201,0.0138386321166082,0.0121748541986693,0.0133917675348404
"rs929708","SNP",0.929292929292929,0.0105497269106972,0.0113780417266382,0.0107895302593908,0.0110456679909217
"rs929708","SNP",0.93939393939394,0.0129238796751519,0.0128564729898962,0.013129373275212,0.0135148358666706
"rs929708","SNP",0.94949494949495,0.0167357511907854,0.0133051572898504,0.016466675079489,0.0129835391524945
"rs929708","SNP",0.95959595959596,0.0175808335162837,0.00802872831052356,0.0177057524072884,0.00809812101919928
"rs929708","SNP",0.96969696969697,0.0128655290879401,0.000540608450099697,0.0128341090172564,0.000549219091448317
"rs929708","SNP",0.97979797979798,0.00727024771664955,-0.0069805816915154,0.00727401331555755,-0.00686768088133758
"rs929708","SNP",0.98989898989899,0.00561140199068957,-0.0131520096182213,0.00561138172486186,-0.0134257264210985
"rs929708","SNP",1,0.00597338384232013,-0.0161611963405341,0.005973761026723,-0.0160245311427497
"rs929708","intercept",0,0.735056060057089,0.802547377053473,0.722198826031424,0.803088103030635
"rs929708","intercept",0.0101010101010101,0.572193687453558,0.889887875261523,0.591697335260719,0.887897414392094
"rs929708","intercept",0.0202020202020202,0.289741827056175,0.996787883053547,0.288520213327622,0.999426388479487
"rs929708","intercept",0.0303030303030303,-0.0765332225897828,0.990100181430416,-0.0747379072793908,0.988918178516599
"rs929708","intercept",0.0404040404040404,-0.447347298240011,0.819995397728722,-0.450624691377954,0.818965866340937
"rs929708","intercept",0.0505050505050505,-0.738280520302917,0.524274875215178,-0.743674048833961,0.526265675899471
"rs929708","intercept",0.0606060606060606,-0.921316374902723,0.226450023314641,-0.923688253057539,0.225858204612459
"rs929708","intercept",0.0707070707070707,-0.993934626488974,0.0435305235478504,-0.992687670331137,0.0422228030231615
"rs929708","intercept",0.0808080808080808,-0.994067038356362,-0.00153673383491569,-0.992665013542841,5.41988153992495e-05
"rs929708","intercept",0.0909090909090909,-0.962297132792631,0.0826207930453532,-0.960557352091979,0.0813453607539892
"rs929708","intercept",0.101010101010101,-0.909019164492807,0.253942242736399,-0.910261481463373,0.254996750230537
"rs929708","intercept",0.111111111111111,-0.835788928554607,0.457512898765635,-0.837132475644982,0.456862271013327
"rs929708","intercept",0.121212121212121,-0.748900161615833,0.641796772377329,-0.747598207862675,0.641983284069381
"rs929708","intercept",0.131313131313131,-0.669954601430353,0.777604229909906,-0.668774139307566,0.777713856808156
"rs929708","intercept",0.141414141414141,-0.605552296318607,0.856468125575616,-0.605921924575279,0.856314546609056
"rs929708","intercept",0.151515151515152,-0.55600941537605,0.879543380946813,-0.555387891147262,0.879717773137807
"rs929708","intercept",0.161616161616162,-0.516590546491495,0.870328227995934,-0.51639657647057,0.870114103334131
"rs929708","intercept",0.171717171717172,-0.479771895175907,0.857627304895572,-0.480696692945351,0.857960098727921
"rs929708","intercept",0.181818181818182,-0.435397700842305,0.865021720453496,-0.436035087529285,0.864540402003952
"rs929708","intercept",0.191919191919192,-0.385666644654719,0.899389787016251,-0.385589092390635,0.899855996230835
"rs929708","intercept",0.202020202020202,-0.335772890200264,0.960652902271647,-0.334892289066447,0.960289222219669
"rs929708","intercept",0.212121212121212,-0.289012601931211,1.03732818033392,-0.288929687173872,1.0375202902344
"rs929708","intercept",0.222222222222222,-0.246363270141764,1.1114873506983,-0.24677299854679,1.11143236595993
"rs929708","intercept",0.232323232323232,-0.20295750655534,1.15642711279801,-0.202996606652371,1.15649710503116
"rs929708","intercept",0.242424242424242,-0.158211024227538,1.16425875170217,-0.157809167861798,1.16395758976487
"rs929708","intercept",0.252525252525253,-0.11206704123533,1.13219987243887,-0.112423554731948,1.13297829471499
"rs929708","intercept",0.262626262626263,-0.0616078088598832,1.06145340091349,-0.0619360021178597,1.06047230139167
"rs929708","intercept",0.272727272727273,-0.00753641977803295,0.976602119761924,-0.00678623308160572,0.977226570445205
"rs929708","intercept",0.282828282828283,0.0489225143717865,0.907684260310002,0.0483743494104267,0.907580100773785
"rs929708","intercept",0.292929292929293,0.109083461405678,0.882684087031287,0.10902079490538,0.88247153549582
"rs929708","intercept",0.303030303030303,0.173070879139077,0.914613004722184,0.17271906828778,0.914963818472608
"rs929708","intercept",0.313131313131313,0.235684791293682,0.965244040894331,0.236652364734265,0.96443182413416
"rs929708","intercept",0.323232323232323,0.29779918318077,1.00828723338169,0.298646129792315,1.00993465317129
"rs929708","intercept",0.333333333333333,0.362215517697869,1.02336166100958,0.360223905594425,1.02143950467733
"rs929708","intercept",0.343434343434343,0.431546426633603,0.987326188282356,0.433971391933427,0.987899034858009
"rs929708","intercept",0.353535353535354,0.514780361723734,0.882636440772623,0.514216730477132,0.884488713099864
"rs929708","intercept",0.363636363636364,0.632558167719775,0.709179564290255,0.623589373970585,0.706072034428988
"rs929708","intercept",0.373737373737374,0.755784845570912,0.442266565866584,0.759908576371254,0.444130082669682
"rs929708","intercept",0.383838383838384,0.838743763095178,0.0828985486594024,0.847551757202538,0.0837697778393511
"rs929708","intercept",0.393939393939394,0.841883324431041,-0.253413053455518,0.840037172638336,-0.255865061295662
"rs929708","intercept",0.404040404040404,0.789040807740911,-0.494203000978743,0.78393817709144,-0.492164373486488
"rs929708","intercept",0.414141414141414,0.719286067244253,-0.596321279981113,0.725922050129976,-0.59780835207515
"rs929708","intercept",0.424242424242424,0.666648472115331,-0.557426749955009,0.658546078806783,-0.554280960039309
"rs929708","intercept",0.434343434343434,0.621677645604292,-0.343530678197043,0.598958007752346,-0.349973456558028
"rs929708","intercept",0.444444444444444,0.459059031056566,0.146742157830536,0.520257605998336,0.149776974597844
"rs929708","intercept",0.454545454545455,0.223315722140907,0.656565781735633,0.191398960329499,0.66748677641309
"rs929708","intercept",0.464646464646465,-5.54229251473558e-05,0.918977303203831,-0.0156663298271419,0.897869767278575
"rs929708","intercept",0.474747474747475,-0.173719762715074,1.02651718571243,-0.162429686401008,1.04128317950426
"rs929708","intercept",0.484848484848485,-0.294020273824542,1.10542345319588,-0.292142502616914,1.10497619996477
"rs929708","intercept",0.494949494949495,-0.424607957061675,1.08722270302158,-0.425519106213259,1.07981472550409
"rs929708","intercept",0.505050505050505,-0.573809952717849,0.967269996150549,-0.571744393377505,0.973606911733283
"rs929708","intercept",0.515151515151515,-0.724326098042711,0.758626006983226,-0.719174133662809,0.756409732071919
"rs929708","intercept",0.525252525252525,-0.838028380272319,0.448981529585413,-0.847122638422751,0.448081267774052
"rs929708","intercept",0.535353535353535,-0.889283465934836,0.108988916035097,-0.892225626087664,0.112456575022046
"rs929708","intercept",0.545454545454546,-0.866058465364674,-0.181331648117921,-0.859082056691981,-0.185979942998037
"rs929708","intercept",0.555555555555556,-0.791840512872724,-0.399746273405489,-0.796429615012447,-0.39731948972074
"rs929708","intercept",0.565656565656566,-0.694461945904274,-0.549645505800395,-0.693832570011517,-0.548304074703737
"rs929708","intercept",0.575757575757576,-0.586325737185917,-0.667550712546672,-0.584616454805332,-0.669990385134115
"rs929708","intercept",0.585858585858586,-0.486139443465263,-0.754838624665574,-0.487735633235399,-0.755288847292608
"rs929708","intercept",0.595959595959596,-0.410540823202177,-0.806738332053266,-0.406087046738978,-0.803506501965974
"rs929708","intercept",0.606060606060606,-0.357049054824794,-0.840210857748866,-0.359294599793943,-0.842201685166308
"rs929708","intercept",0.616161616161616,-0.317789778823333,-0.875845226257493,-0.31950645217426,-0.877501336777136
"rs929708","intercept",0.626262626262626,-0.285049990892323,-0.922245305991961,-0.283142338294444,-0.918610103950221
"rs929708","intercept",0.636363636363636,-0.260970501493265,-0.967149068291992,-0.261481187612637,-0.969328114364692
"rs929708","intercept",0.646464646464647,-0.249974820604844,-0.992346398319541,-0.250642175250944,-0.993103481098844
"rs929708","intercept",0.656565656565657,-0.252644619461543,-0.983740925000182,-0.250233025967624,-0.982093388140156
"rs929708","intercept",0.666666666666667,-0.259207625427023,-0.961434112780422,-0.259287835383664,-0.961020498292795
"rs929708","intercept",0.676767676767677,-0.258485271666799,-0.947881932634282,-0.261708074685979,-0.950108714224716
"rs929708","intercept",0.686868686868687,-0.243693531017583,-0.939577688760482,-0.24297039083557,-0.93903259591632
"rs929708","intercept",0.696969696969697,-0.212968317902259,-0.932496386845866,-0.211192440936772,-0.929121659362214
"rs929708","intercept",0.707070707070707,-0.175984583748271,-0.940720053087435,-0.177246106414425,-0.945179385699671
"rs929708","intercept",0.717171717171717,-0.131253827975708,-0.961173272993537,-0.131518135493458,-0.960771362011581
"rs929708","intercept",0.727272727272727,-0.0754487485209279,-0.987580895987742,-0.0750891430042847,-0.98375421029097
"rs929708","intercept",0.737373737373737,-0.0128715960611147,-1.02399863602509,-0.0130720673604772,-1.02739162138019
"rs929708","intercept",0.747474747474748,0.0510752621946343,-1.06904430079036,0.0513464349513728,-1.06853044539216
"rs929708","intercept",0.757575757575758,0.114043355695942,-1.09660532080295,0.113935782974752,-1.095664621036
"rs929708","intercept",0.767676767676768,0.173790725727906,-1.10195695396754,0.173987646291442,-1.10202625621151
"rs929708","intercept",0.777777777777778,0.229210703609363,-1.08513599782919,0.230309963032693,-1.08702821483651
"rs929708","intercept",0.787878787878788,0.284058327813733,-1.04104612270677,0.282759120917849,-1.03905213793707
"rs929708","intercept",0.797979797979798,0.34187826560987,-0.982917082114599,0.340571088392425,-0.981795685917247
"rs929708","intercept",0.808080808080808,0.403649630909234,-0.927533875408767,0.405334665131999,-0.931499899932316
"rs929708","intercept",0.818181818181818,0.461610175386475,-0.884985829310165,0.46053072540764,-0.88181537415418
"rs929708","intercept",0.828282828282828,0.505829703726947,-0.865852302424699,0.505575907434182,-0.866363506402681
"rs929708","intercept",0.838383838383838,0.527367418138272,-0.882128365665175,0.528970292492763,-0.883138281863969
"rs929708","intercept",0.848484848484849,0.520979207368663,-0.919012688514876,0.521431536038107,-0.9179016071231
"rs929708","intercept",0.858585858585859,0.485394101427577,-0.957063296088883,0.485470986520816,-0.957678510429067
"rs929708","intercept",0.868686868686869,0.431554402398801,-0.987235987502818,0.431608931891567,-0.987423488938474
"rs929708","intercept",0.878787878787879,0.373504377221523,-0.997504842991409,0.374288246658089,-0.996262511186725
"rs929708","intercept",0.888888888888889,0.326082136672754,-0.964306781808266,0.325056129809214,-0.966059943042588
"rs929708","intercept",0.898989898989899,0.306571464328326,-0.901647514997938,0.305152607805636,-0.900940194059488
"rs929708","intercept",0.909090909090909,0.326328441098576,-0.832475989031694,0.325466533787893,-0.831270859563109
"rs929708","intercept",0.919191919191919,0.374802635863251,-0.770433310644263,0.377953463998017,-0.772328492620232
"rs929708","intercept",0.929292929292929,0.451721956719687,-0.719593024368295,0.449734383421356,-0.719027856852565
"rs929708","intercept",0.93939393939394,0.559378748711514,-0.676879227556935,0.558284983458395,-0.675950783469772
"rs929708","intercept",0.94949494949495,0.693517806293968,-0.618341537931095,0.694608147678266,-0.618881973185862
"rs929708","intercept",0.95959595959596,0.846504832305492,-0.517124912983538,0.841632461007314,-0.518245648450879
"rs929708","intercept",0.96969696969697,0.99807116053481,-0.355909197817477,1.00017349623704,-0.353725943359937
"rs929708","intercept",0.97979797979798,1.10354370811709,-0.120804392779357,1.11067957178541,-0.12293858145865
"rs929708","intercept",0.98989898989899,1.12941345462549,0.163398564476586,1.12872964586892,0.164717716246467
"rs929708","intercept",1,1.10948984206903,0.318301182628315,1.10612294819518,0.317927975114996
"rs929708","male",0,0.0381753068798665,-0.0477194602571797,0.0377580700188186,-0.0476658029639534
"rs929708","male",0.0101010101010101,0.0283147253344287,-0.0318377899636139,0.0289442654771688,-0.0320207166027062
"rs929708","male",0.0202020202020202,0.00103086211595046,-0.0092549715046178,0.00175427058392412,-0.00907907523109685
"rs929708","male",0.0303030303030303,-0.0228277479657047,-1.6383290477091e-06,-0.02353933409114,0.000307427263315033
"rs929708","male",0.0404040404040404,-0.0231685398131064,0.0120624134008203,-0.0259388513690684,0.0108708520499319
"rs929708","male",0.0505050505050505,-0.0198347250890333,0.0284776988638872,-0.0155515193250009,0.0299977150275285
"rs929708","male",0.0606060606060606,-0.019063026534441,0.0387331262511399,-0.0198185362167151,0.0380440325775827
"rs929708","male",0.0707070707070707,-0.0205695634061859,0.0338424638002451,-0.023418962772767,0.0335917865763443
"rs929708","male",0.0808080808080808,-0.0231511696773922,0.0198807170803446,-0.020764491415632,0.0200054693367014
"rs929708","male",0.0909090909090909,-0.0259297608193542,0.00633771428929611,-0.0255816466765782,0.00707767493926024
"rs929708","male",0.101010101010101,-0.0293084050153638,-0.000767304993404427,-0.0310759247838514,-0.00198950536060988
"rs929708","male",0.111111111111111,-0.0304912390101568,-0.00404015509942341,-0.0293523154534593,-0.00328267991277386
"rs929708","male",0.121212121212121,-0.0279280498324862,-0.00776403590081702,-0.0280888475076242,-0.00764773569007726
"rs929708","male",0.131313131313131,-0.0266332171181673,-0.0139881088255834,-0.0267784874948582,-0.0144208965802903
"rs929708","male",0.141414141414141,-0.0251178582047907,-0.0216942254459287,-0.0248798132548435,-0.0217414721947821
"rs929708","male",0.151515151515152,-0.0205070674642436,-0.0284212826539814,-0.020832616828241,-0.0279020369232833
"rs929708","male",0.161616161616162,-0.0130692185522547,-0.0286124122159868,-0.0129833094451056,-0.0287972109609126
"rs929708","male",0.171717171717172,-0.00368583406597511,-0.0200027227349075,-0.00340961326275727,-0.0206863460131423
"rs929708","male",0.181818181818182,0.0069841592504012,-0.0133656628899866,0.00650671503517096,-0.012338871120623
"rs929708","male",0.191919191919192,0.0165821548714335,-0.0106392698927748,0.0167885256182077,-0.0110083590625306
"rs929708","male",0.202020202020202,0.0227608873300556,-0.0102416031916465,0.0230044956630193,-0.0106685320432448
"rs929708","male",0.212121212121212,0.0250908060534841,-0.00941214076815046,0.0249529639237017,-0.0088531386382928
"rs929708","male",0.222222222222222,0.0245760789176819,-0.00807072236173945,0.0244937666857046,-0.00841432314601295
"rs929708","male",0.232323232323232,0.0247083415027453,-0.0131736793835089,0.024699972323883,-0.0130274460868482
"rs929708","male",0.242424242424242,0.024614754327674,-0.0151982030619686,0.0247158512492233,-0.0149347444474439
"rs929708","male",0.252525252525253,0.0225405401621439,-0.00698397993495885,0.0223682056037581,-0.00793958057070125
"rs929708","male",0.262626262626263,0.0182484657513956,-0.00407998522903811,0.018412005903628,-0.00283686939514422
"rs929708","male",0.272727272727273,0.0108551720342675,-0.00448186688368926,0.0109671350981938,-0.00511338331212057
"rs929708","male",0.282828282828283,0.000378596051228999,-0.00222617798048425,0.000298619475245166,-0.00239211593121549
"rs929708","male",0.292929292929293,-0.00846426149707906,-0.000292451592556236,-0.00855174969540307,0.000141959437063271
"rs929708","male",0.303030303030303,-0.0110147042806528,-0.00152459029420341,-0.01105109321601,-0.00196711006765783
"rs929708","male",0.313131313131313,-0.00770377167220811,-0.00119096099827952,-0.0076757414958911,-0.000684850180219573
"rs929708","male",0.323232323232323,-0.000825391570148673,0.000171579577260671,-0.000962451692250418,-0.000372184862786448
"rs929708","male",0.333333333333333,0.00726024745149615,0.000532009500806876,0.00748209932333483,0.000945637565626127
"rs929708","male",0.343434343434343,0.014557732356202,-0.000477488712047214,0.0144215366775664,-0.000427814282736336
"rs929708","male",0.353535353535354,0.0187283431540267,-0.00278717068933314,0.0186732769502696,-0.00355401257028103
"rs929708","male",0.363636363636364,0.0167980698221498,-0.00542664790749174,0.017140808214777,-0.00432156732980734
"rs929708","male",0.373737373737374,0.00976925477314593,-0.00414936640520761,0.00975310436641177,-0.00467835228967152
"rs929708","male",0.383838383838384,0.000836208554083452,0.00232011390426371,0.00039839107029749,0.00181227814405891
"rs929708","male",0.393939393939394,-0.00444309022208078,0.00317320544273529,-0.00419324440067159,0.00395163177189788
"rs929708","male",0.404040404040404,-0.00739481292177878,-0.0039640643097061,-0.00720694272650481,-0.0037887064504914
"rs929708","male",0.414141414141414,-0.0104474297783302,-0.0172094090210442,-0.0108068759168392,-0.0182370212741131
"rs929708","male",0.424242424242424,-0.0124652016970202,-0.0298748370576853,-0.0122155279120952,-0.029496733401775
"rs929708","male",0.434343434343434,-0.0110055951362945,-0.0316444828850295,-0.0109590341641071,-0.0303682412293711
"rs929708","male",0.444444444444444,-0.00326613959971189,-0.0110331529985138,-0.00348577081430173,-0.0132407645891322
"rs929708","male",0.454545454545455,0.00875925150625054,0.0117249443521048,0.00824898715914254,0.013347066857987
"rs929708","male",0.464646464646465,0.0213670107022466,0.0152841592063414,0.0223718763460321,0.0147777898229388
"rs929708","male",0.474747474747475,0.0292270802352038,0.00799892409073263,0.0287860971807959,0.00778286596544044
"rs929708","male",0.484848484848485,0.0280853682104106,0.00352189573011447,0.027922526667714,0.00421400903111097
"rs929708","male",0.494949494949495,0.0201046364022109,0.00502723867671937,0.0208436863587391,0.00420305627013575
"rs929708","male",0.505050505050505,0.0108762348592782,0.0056770951442044,0.0100330643787422,0.00577063134184155
"rs929708","male",0.515151515151515,0.00543312268882978,0.000805785548811857,0.00585500032617324,0.00202778816438754
"rs929708","male",0.525252525252525,0.00393304353298708,-0.000558151892537681,0.00370740113926314,-0.00229913623706935
"rs929708","male",0.535353535353535,0.00270624272360513,0.00323842201931065,0.00252485111121395,0.00397005632596879
"rs929708","male",0.545454545454546,-0.00114753243666589,0.00980705891761042,-0.000336117322728849,0.0103101729614256
"rs929708","male",0.555555555555556,-0.0046679193550696,0.01211184387114,-0.00539558062519212,0.0114140549573042
"rs929708","male",0.565656565656566,-0.00536263413656663,0.00609032093743402,-0.00551116898481942,0.00641559745004796
"rs929708","male",0.575757575757576,-0.00728211536197356,0.00120635879227308,-0.00663142401820792,0.00109827548093689
"rs929708","male",0.585858585858586,-0.0116492037118801,-0.00100075986370056,-0.0118703403437716,-0.000928924963700066
"rs929708","male",0.595959595959596,-0.018119086328276,-0.00149928305632027,-0.0183247438338306,-0.00159280498689923
"rs929708","male",0.606060606060606,-0.0248371666192208,0.000772329887690759,-0.0246473303726656,0.000959298581342923
"rs929708","male",0.616161616161616,-0.0296634880876628,0.00536094771914372,-0.0295460595139524,0.00498446297979361
"rs929708","male",0.626262626262626,-0.0307342309194015,0.00600231193238732,-0.031026571522681,0.00647294773471788
"rs929708","male",0.636363636363636,-0.0259088316060779,0.00351944145456852,-0.0258348890384908,0.00326983724718847
"rs929708","male",0.646464646464647,-0.0142660714414672,0.000411307459817862,-0.0144133039395472,0.000255135522767948
"rs929708","male",0.656565656565657,-9.04965560991265e-05,-0.00292356010901863,4.80258103696542e-05,-0.00245800843301328
"rs929708","male",0.666666666666667,0.0111835710639834,-0.00546744295133032,0.0111558010898898,-0.00604733951416678
"rs929708","male",0.676767676767677,0.0153319128576088,-0.00593878625830104,0.0155094986467212,-0.0054961012728157
"rs929708","male",0.686868686868687,0.01280894758584,-0.00322127443158413,0.0128316475710653,-0.00307005013663831
"rs929708","male",0.696969696969697,0.0053157826603292,0.00210791320319481,0.00501546120905957,0.00102552550305551
"rs929708","male",0.707070707070707,-0.00496545692526238,0.00457015214526162,-0.00457453614308719,0.00590114259239966
"rs929708","male",0.717171717171717,-0.015084015649703,0.00386381401356888,-0.015142585917728,0.00358910738863645
"rs929708","male",0.727272727272727,-0.0222742843476137,0.00182538861322714,-0.0226616105059797,0.000988094368660371
"rs929708","male",0.737373737373737,-0.0252028404845637,0.00201465725289685,-0.0248941741944368,0.00273367334876439
"rs929708","male",0.747474747474748,-0.0235171530107499,0.00598706020650407,-0.0237209522607355,0.0060820101387143
"rs929708","male",0.757575757575758,-0.0192913711307368,0.00782149841960919,-0.0192020707643701,0.00732935645409614
"rs929708","male",0.767676767676768,-0.0149636926632095,0.008218174183638,-0.0148581902317013,0.00827553911702521
"rs929708","male",0.777777777777778,-0.0125379288958236,0.00852382117532485,-0.0127620986333223,0.00934121852130261
"rs929708","male",0.787878787878788,-0.0122848744211685,0.00573254891156125,-0.0120140836995383,0.00471882731398782
"rs929708","male",0.797979797979798,-0.0130885692191136,0.00369174420206779,-0.013023901730837,0.00367247079901632
"rs929708","male",0.808080808080808,-0.013603367980274,0.00624377674615032,-0.0140051649930974,0.00730607748077395
"rs929708","male",0.818181818181818,-0.0125819513731301,0.008740085579814,-0.0123191757334409,0.00780349559744801
"rs929708","male",0.828282828282828,-0.00981019880944287,0.00750243397239517,-0.00981167292696895,0.00771150301939609
"rs929708","male",0.838383838383838,-0.00730478957944778,0.00916957378820805,-0.00720537006673916,0.00934258270841868
"rs929708","male",0.848484848484849,-0.000876343755068831,0.0152523577841343,-0.00103407954971818,0.0151520133655177
"rs929708","male",0.858585858585859,0.0134809277492886,0.0250092080566881,0.0131947688837774,0.0249243597587495
"rs929708","male",0.868686868686869,0.0318237741821672,0.0369097800675028,0.0321469141912692,0.037091830279275
"rs929708","male",0.878787878787879,0.0482771889469477,0.0478048594773196,0.0479765203363197,0.0475532868174037
"rs929708","male",0.888888888888889,0.0574440481307249,0.0511478033210264,0.0578532307570103,0.0514020403625494
"rs929708","male",0.898989898989899,0.0550061968439478,0.048127426262682,0.0550602773650499,0.0481298842892245
"rs929708","male",0.909090909090909,0.0414750373006834,0.0419655210474199,0.0417272357646921,0.0415180202440106
"rs929708","male",0.919191919191919,0.0311899867023513,0.0344285744142759,0.0304765131996949,0.0350276831247474
"rs929708","male",0.929292929292929,0.0251971590552071,0.0253064370043137,0.0249869835626313,0.025114702659518
"rs929708","male",0.93939393939394,0.0208943432046691,0.0142838892004695,0.0220136093446537,0.0139946596984447
"rs929708","male",0.94949494949495,0.0189530214242726,0.00234576058937915,0.018309782188913,0.00273848647146025
"rs929708","male",0.95959595959596,0.0183658249384089,-0.0102072950148272,0.0172688983123841,-0.0105320858846085
"rs929708","male",0.96969696969697,0.0117469718228814,-0.0264071061201433,0.0142508368420137,-0.0261297343583726
"rs929708","male",0.97979797979798,0.00365614365174328,-0.0474776094215931,0.00204960770507082,-0.0476464294230971
"rs929708","male",0.98989898989899,0.00123139042522762,-0.0708303431416369,0.00110787308094969,-0.0707850899932563
"rs929708","male",1,0.00748149794386176,-0.0814443314988853,0.0078138313030465,-0.0814454755313319
"rs929708","age_z",0,-0.00348861727035139,-0.00193436894428137,-0.00345493718682,-0.00214506230948337
"rs929708","age_z",0.0101010101010101,-0.00615190162142586,-0.00510340565993151,-0.00556524788238243,-0.00464574274135206
"rs929708","age_z",0.0202020202020202,-0.00535204205109404,-0.0117528951529979,-0.00657043049136831,-0.0117527024565233
"rs929708","age_z",0.0303030303030303,-1.96867897264742e-05,-0.0172918711067564,7.28011036937377e-05,-0.0177088486299118
"rs929708","age_z",0.0404040404040404,0.007813486603351,-0.0175563238034106,0.00839408864205274,-0.0177922684177062
"rs929708","age_z",0.0505050505050505,0.0103024100169829,-0.017230586441128,0.0103688998661588,-0.0166436283420935
"rs929708","age_z",0.0606060606060606,0.00631356970580869,-0.0192316754553187,0.00614631261677893,-0.0190815973519018
"rs929708","age_z",0.0707070707070707,-0.00245636208804403,-0.0239063421152283,-0.00176249353237819,-0.0241404974852474
"rs929708","age_z",0.0808080808080808,-0.0116991979764973,-0.0255649730166413,-0.0122247645224648,-0.0256539520414316
"rs929708","age_z",0.0909090909090909,-0.0166856148772224,-0.0188618640913682,-0.0173193210559449,-0.0193327529163185
"rs929708","age_z",0.101010101010101,-0.0150411845300101,-0.00642771288516828,-0.0146635889732408,-0.00607266552083662
"rs929708","age_z",0.111111111111111,-0.0103349115795754,0.00499618416627628,-0.0103276375450989,0.00513058231549935
"rs929708","age_z",0.121212121212121,-0.0070000024779242,0.0103598237263961,-0.00698700324724385,0.0106412293032686
"rs929708","age_z",0.131313131313131,-0.00670180223259878,0.0125740300904783,-0.00635530734939644,0.0120466148652821
"rs929708","age_z",0.141414141414141,-0.00849001976149804,0.012557547648806,-0.00866075007477784,0.0127089107438778
"rs929708","age_z",0.151515151515152,-0.010957030366224,0.0102479643395219,-0.0110592250042682,0.0105512176734352
"rs929708","age_z",0.161616161616162,-0.0129177903269542,0.0059060148927072,-0.0127332587552263,0.00571290175870343
"rs929708","age_z",0.171717171717172,-0.0130817653843657,0.000884925153070903,-0.0133977876286642,0.00102183618092701
"rs929708","age_z",0.181818181818182,-0.0103156046236333,-0.000740715653274033,-0.0103221671116138,-0.00114817705031077
"rs929708","age_z",0.191919191919192,-0.00653172727008622,0.000813568975749146,-0.00643329939274915,0.000937714474014725
"rs929708","age_z",0.202020202020202,-0.0039188340305463,0.0039620920309919,-0.00373348627698864,0.00411715258786704
"rs929708","age_z",0.212121212121212,-0.00256384561350727,0.00694032959908403,-0.0026519971768652,0.00681118391600573
"rs929708","age_z",0.222222222222222,-0.00190738328867089,0.00830501278525002,-0.00200527845461245,0.00850954571703386
"rs929708","age_z",0.232323232323232,-0.0011988439587401,0.00820927953795286,-0.00113246059323007,0.00805898422938787
"rs929708","age_z",0.242424242424242,-0.000735543646570356,0.00770243150885928,-0.000695461934762002,0.00768414615270959
"rs929708","age_z",0.252525252525253,-0.000714730694800296,0.00736937763283318,-0.00070202214563351,0.00740954926067341
"rs929708","age_z",0.262626262626263,-0.000149123200851472,0.00595085024459274,-0.000284561837804439,0.00591726916393857
"rs929708","age_z",0.272727272727273,0.000802765667861055,0.00376501399989206,0.000716074188458963,0.00413015674438161
"rs929708","age_z",0.282828282828283,0.00146945146529093,0.00187744719825501,0.00168214507635417,0.00136306367911285
"rs929708","age_z",0.292929292929293,0.000665620770917625,0.00216900781180743,0.000781540528169687,0.00222788264488974
"rs929708","age_z",0.303030303030303,-0.00193996169354392,0.00533165259181684,-0.00194195675929465,0.00544854128858946
"rs929708","age_z",0.313131313131313,-0.00342061252560455,0.00754808849806776,-0.00362107651716975,0.00755062831985409
"rs929708","age_z",0.323232323232323,-0.0025560043874894,0.00785484040954512,-0.00265018380248074,0.00790975152986646
"rs929708","age_z",0.333333333333333,0.000908886140285485,0.00653981754681417,0.00101468482952844,0.00656307532214142
"rs929708","age_z",0.343434343434343,0.0060567582546088,0.00464992743855249,0.00587922919808571,0.00453628970234146
"rs929708","age_z",0.353535353535354,0.0107825331701469,0.0033519739131452,0.0106915608925166,0.00364609566900004
"rs929708","age_z",0.363636363636364,0.0111027516567907,0.00382884972919593,0.0120672172778642,0.00353501429070361
"rs929708","age_z",0.373737373737374,0.00894088660393337,0.00837560252599039,0.00846601559069553,0.00771142056600501
"rs929708","age_z",0.383838383838384,0.00740853900925966,0.0159728103507668,0.00627116043285072,0.016839539249843
"rs929708","age_z",0.393939393939394,0.00699885638879816,0.0149991897229342,0.008245218776139,0.0150903276790043
"rs929708","age_z",0.404040404040404,0.00541535963035861,0.00557558552380729,0.00559813440346937,0.00546100683325613
"rs929708","age_z",0.414141414141414,0.00040674109610541,-0.00739712907226388,-0.000656630023154227,-0.00708577169213183
"rs929708","age_z",0.424242424242424,-0.0078202734793866,-0.0152500677122408,-0.0068527967294836,-0.0155151807052247
"rs929708","age_z",0.434343434343434,-0.0166385152287883,-0.0127957680728621,-0.0157900264116098,-0.0149867224381835
"rs929708","age_z",0.444444444444444,-0.0185214265168548,-0.00990227831601523,-0.0209539195058566,-0.00641659200864446
"rs929708","age_z",0.454545454545455,-0.013433916481457,-0.010308278677447,-0.0130107676798093,-0.0113911077170721
"rs929708","age_z",0.464646464646465,-0.00438647307823105,-0.0142879012293331,-0.0030937797702375,-0.0155203211181436
"rs929708","age_z",0.474747474747475,0.00272550202889341,-0.0188098806401549,0.0021794101504353,-0.01765294752879
"rs929708","age_z",0.484848484848485,0.00355439148463576,-0.0209857526130394,0.00366839920834198,-0.0211044618370945
"rs929708","age_z",0.494949494949495,0.00184923842598898,-0.0214734092544363,0.00189261142685296,-0.0219486453717877
"rs929708","age_z",0.505050505050505,-0.000289463076792895,-0.020578912500546,-0.000290232953984468,-0.0202292802350776
"rs929708","age_z",0.515151515151515,-0.00163657543332421,-0.0178663117162828,-0.00198274632518146,-0.0177357174926885
"rs929708","age_z",0.525252525252525,-0.00107646645559856,-0.0121598698219053,-0.000914842415119945,-0.0126929099689447
"rs929708","age_z",0.535353535353535,0.000507964873669644,-0.00550121544401851,0.000762929365281779,-0.00547327577717121
"rs929708","age_z",0.545454545454546,0.00199321501471645,-0.000714287996217305,0.00155735324178644,-0.000104753698011295
"rs929708","age_z",0.555555555555556,0.00339592734104729,-0.000123136901378376,0.00367658573389759,-0.000288073066984319
"rs929708","age_z",0.565656565656566,0.00472927544116325,-0.00340053619329325,0.00461298093085164,-0.00330625487224384
"rs929708","age_z",0.575757575757576,0.00503969831708954,-0.00295472931679276,0.00505134764971352,-0.00356554512087557
"rs929708","age_z",0.585858585858586,0.00383429432477556,-3.03807319471797e-05,0.00413060465468306,0.000129994294694797
"rs929708","age_z",0.595959595959596,0.0011180486349331,0.00204745392950708,0.00082287490880882,0.00263298676259855
"rs929708","age_z",0.606060606060606,-0.00186167218992184,0.00299487825581371,-0.00185815539147571,0.00258416542183839
"rs929708","age_z",0.616161616161616,-0.00405297788412133,0.00340646903114995,-0.00385018384585075,0.0032221459060285
"rs929708","age_z",0.626262626262626,-0.00592746372593549,0.00400709610214107,-0.00604522911537319,0.00438768202830819
"rs929708","age_z",0.636363636363636,-0.00645959249740283,0.0042700507011275,-0.00649852655153491,0.00416090889613056
"rs929708","age_z",0.646464646464647,-0.00432459048284802,0.0035443032868459,-0.00437266533363052,0.00325884896234226
"rs929708","age_z",0.656565656565657,0.000510399789266254,0.00207212199051917,0.000344461300958908,0.00246756984955208
"rs929708","age_z",0.666666666666667,0.00593403887708355,0.000397169717783993,0.00597696674530692,0.000515081298987189
"rs929708","age_z",0.676767676767677,0.00957337168934185,-0.000791857109678066,0.00982021724671244,-0.00136983981933084
"rs929708","age_z",0.686868686868687,0.00995161291300767,-0.000309403052717755,0.00998862329676496,-8.86681521874248e-05
"rs929708","age_z",0.696969696969697,0.00653658142648178,0.00179864388470228,0.00658272621605028,0.0019488399365061
"rs929708","age_z",0.707070707070707,0.00149222379663849,0.00178928000258727,0.00144799588801242,0.00185059484383642
"rs929708","age_z",0.717171717171717,-0.00304142885891206,0.00146591177899647,-0.00318741216265369,0.00128836497498221
"rs929708","age_z",0.727272727272727,-0.00551135221511726,0.00323113937356573,-0.00549412103133813,0.00307288295943944
"rs929708","age_z",0.737373737373737,-0.00596807192101204,0.00498226929670479,-0.0059640977839121,0.00528882817934666
"rs929708","age_z",0.747474747474748,-0.00487039966559579,0.00477871649405043,-0.00494378433396943,0.00486986626383384
"rs929708","age_z",0.757575757575758,-0.00273408009341198,0.004893989576026,-0.00264557320459314,0.00444445739458247
"rs929708","age_z",0.767676767676768,-0.000191611474542683,0.00513149409919566,-0.000227827461354479,0.00536360728402537
"rs929708","age_z",0.777777777777778,0.0020821309173572,0.00480572712204487,0.00205265733082744,0.00522772867496151
"rs929708","age_z",0.787878787878788,0.00349228096171246,0.00483205672376969,0.00366127653208325,0.00414596856222205
"rs929708","age_z",0.797979797979798,0.00398958265725063,0.00576845665736555,0.00382486297682769,0.00585958333891532
"rs929708","age_z",0.808080808080808,0.00373501671951317,0.00747141721471669,0.00388038828702774,0.00783950798926666
"rs929708","age_z",0.818181818181818,0.00316986237819544,0.00779961439673241,0.00317825096645075,0.00753202991575141
"rs929708","age_z",0.828282828282828,0.00284864096106134,0.00523085352474084,0.00261831935995482,0.00565848375660313
"rs929708","age_z",0.838383838383838,0.00337701562999582,0.00231217622048784,0.00359572146317457,0.00190110488779568
"rs929708","age_z",0.848484848484849,0.00491770484041647,0.00108882590995241,0.00490898906239738,0.000949126685416445
"rs929708","age_z",0.858585858585859,0.00742186776025433,0.00257979044721389,0.00715623024914998,0.00291846012044825
"rs929708","age_z",0.868686868686869,0.0104805385834916,0.00531941648768176,0.0106180015434021,0.00509855235026743
"rs929708","age_z",0.878787878787879,0.0133458780758675,0.0070779083176258,0.0133851119835258,0.00705320666616618
"rs929708","age_z",0.888888888888889,0.0145294733714552,0.00610156932304439,0.0145028689178909,0.00661960079390788
"rs929708","age_z",0.898989898989899,0.0133132498490016,0.00468583033093598,0.0135840859495536,0.0041133553638518
"rs929708","age_z",0.909090909090909,0.010077209902565,0.005007708047669,0.00997160031932235,0.00500599340615108
"rs929708","age_z",0.919191919191919,0.00780109769342881,0.00517146778478902,0.00770789293379593,0.00548611778393704
"rs929708","age_z",0.929292929292929,0.00721439583246943,0.0044869917482729,0.00670915216346575,0.00446586099286485
"rs929708","age_z",0.93939393939394,0.0079318307704709,0.00305032971986432,0.00865188876817989,0.00282619117949645
"rs929708","age_z",0.94949494949495,0.00820264777620863,0.00173014339169462,0.00776126168107445,0.00169429474271613
"rs929708","age_z",0.95959595959596,0.005792058564714,0.000484257191403588,0.00598601312195691,0.000748502504559077
"rs929708","age_z",0.96969696969697,-0.000697272280590099,-0.00375999428367192,6.75401889121242e-07,-0.00386004466150254
"rs929708","age_z",0.97979797979798,-0.00717291982908664,-0.00963738212607837,-0.00811102288025055,-0.00940723497526553
"rs929708","age_z",0.98989898989899,-0.00944396940468644,-0.0146620625388184,-0.00941900000170241,-0.0151269598319643
"rs929708","age_z",1,-0.00855797095484902,-0.0174076167189255,-0.00833911792603211,-0.0171900521731932
"rs929708","handedness",0,0.0275381821625491,-0.0247971448001449,0.0268821484332167,-0.0246687568088577
"rs929708","handedness",0.0101010101010101,0.0185425340775795,-0.0182727419418135,0.0198594474975769,-0.018860804866058
"rs929708","handedness",0.0202020202020202,0.0012238626745823,-0.0123527622575697,0.00109868327604616,-0.0114823234591426
"rs929708","handedness",0.0303030303030303,-0.0172562525587472,-0.0095182529793177,-0.0178790701248141,-0.00990992291382858
"rs929708","handedness",0.0404040404040404,-0.026574460500598,-0.00785512929718246,-0.0260915892671342,-0.00729100585110244
"rs929708","handedness",0.0505050505050505,-0.0218416273891695,0.00541845302435823,-0.0231388917072993,0.0038852651238336
"rs929708","handedness",0.0606060606060606,-0.0111823553001387,0.0233208688809915,-0.0117486042031666,0.0235870279535318
"rs929708","handedness",0.0707070707070707,-0.00500302909348495,0.0338850506501539,-0.00230321632947204,0.0352945963155617
"rs929708","handedness",0.0808080808080808,-0.0104049711690903,0.029181263778943,-0.0107758511393644,0.0285578294001818
"rs929708","handedness",0.0909090909090909,-0.0277210379261267,0.00849735408632532,-0.0289890209509003,0.00933856442315449
"rs929708","handedness",0.101010101010101,-0.0390452590587933,-0.00833777375793989,-0.0384788960352934,-0.00987592751374751
"rs929708","handedness",0.111111111111111,-0.0426493632266852,-0.0124546862477212,-0.042590221522434,-0.0123655730367342
"rs929708","handedness",0.121212121212121,-0.0408043775557334,-0.00505302636033209,-0.0415756951383921,-0.00445758249091438
"rs929708","handedness",0.131313131313131,-0.0316229624076744,-0.00408319291983871,-0.0312988148937604,-0.00383593124643223
"rs929708","handedness",0.141414141414141,-0.0195444566589932,-0.00784140439095496,-0.018781249439178,-0.00829504629421448
"rs929708","handedness",0.151515151515152,-0.00926539837877835,-0.00971740564674192,-0.0101214243479858,-0.00955293964645041
"rs929708","handedness",0.161616161616162,0.0013462324796523,-0.00890637446942634,0.00129088364313932,-0.00878715938788958
"rs929708","handedness",0.171717171717172,0.0127110291632236,-0.0051050781020103,0.0128613307318404,-0.00564655003546865
"rs929708","handedness",0.181818181818182,0.0152220819542512,0.00343883586422208,0.0159772329049455,0.00366746342852075
"rs929708","handedness",0.191919191919192,0.0104409642071094,0.0100276669471176,0.0103558417500463,0.0103078170768325
"rs929708","handedness",0.202020202020202,0.00341512559898138,0.0082243037485872,0.0027856208654792,0.00830379467862215
"rs929708","handedness",0.212121212121212,-0.00145152830247189,0.00203381286418295,-0.00138117734276991,0.00190229689586167
"rs929708","handedness",0.222222222222222,-0.00153205323573327,-0.00235023128274406,-0.00137668982880271,-0.0026352925286315
"rs929708","handedness",0.232323232323232,0.00015815073419239,-0.00255788973494101,-1.26946139053778e-05,-0.00255180943778615
"rs929708","handedness",0.242424242424242,0.00227543541766158,-0.0051832153403769,0.00235872333803686,-0.00466793964020559
"rs929708","handedness",0.252525252525253,0.0041045096919518,-0.0127678252281982,0.00424236979669878,-0.012376096335704
"rs929708","handedness",0.262626262626263,0.00466654683091251,-0.00982107424465018,0.00465552466539678,-0.0116235244927906
"rs929708","handedness",0.272727272727273,0.00483257351883337,-0.00154213564150046,0.00445506229573741,-0.000782253834845036
"rs929708","handedness",0.282828282828283,0.00509094154692132,0.00199773743221024,0.00533603689565253,0.00302837030008575
"rs929708","handedness",0.292929292929293,0.00235585000200207,-0.0018832848536537,0.00270117193357524,-0.00248843743630628
"rs929708","handedness",0.303030303030303,-0.00506766115239305,-0.0113940689447334,-0.00494194881601055,-0.0115591989998913
"rs929708","handedness",0.313131313131313,-0.0108725160180526,-0.0169997841532612,-0.0112509112788406,-0.0167765248453385
"rs929708","handedness",0.323232323232323,-0.0110091807500596,-0.0175749245793585,-0.0114572369368412,-0.0180806377439085
"rs929708","handedness",0.333333333333333,-0.00353051444840707,-0.0147569215491278,-0.00295370917323462,-0.0141884385374511
"rs929708","handedness",0.343434343434343,0.00964297311336692,-0.0102000229499377,0.00888620009586519,-0.0104592731691051
"rs929708","handedness",0.353535353535354,0.0237155108537165,-0.00517835913161169,0.0239614667794115,-0.00526110646256956
"rs929708","handedness",0.363636363636364,0.0295544336306017,0.000459446942602336,0.0307553811393911,0.00083449241511264
"rs929708","handedness",0.373737373737374,0.0293047296543288,0.0068019766878333,0.0284281733164178,0.00594971787160183
"rs929708","handedness",0.383838383838384,0.027407174371906,0.0134684384588252,0.0268797924880597,0.0148854121372055
"rs929708","handedness",0.393939393939394,0.0242739857926882,0.0184650913396112,0.0247306307596452,0.0171778001186509
"rs929708","handedness",0.404040404040404,0.0192138510947575,0.018710303364083,0.0205930706155508,0.0184453680967058
"rs929708","handedness",0.414141414141414,0.0116810701798637,0.0122394479794083,0.00925848585917086,0.0142199937706326
"rs929708","handedness",0.424242424242424,0.00181521141440883,0.00228621760048595,0.00151383108282773,0.00176462319530982
"rs929708","handedness",0.434343434343434,-0.0106517628945612,-0.00385271050521396,-0.00452773090136732,-0.00664599764168186
"rs929708","handedness",0.444444444444444,-0.0253854182531344,0.00485538062138957,-0.0325341574306595,0.00779589067494906
"rs929708","handedness",0.454545454545455,-0.0309575837871501,0.0129362900462408,-0.0299580193099585,0.0118078461499618
"rs929708","handedness",0.464646464646465,-0.0187146203358055,0.00399955867922724,-0.016144088087453,0.00477606830303785
"rs929708","handedness",0.474747474747475,-0.00277367514749479,-0.012739982190215,-0.00416750357130964,-0.0130114726267343
"rs929708","handedness",0.484848484848485,0.00328337555720206,-0.025275167920173,0.00362095952850406,-0.0262344611242704
"rs929708","handedness",0.494949494949495,0.00703284604201437,-0.0340054419931182,0.0065736625458239,-0.03238082308275
"rs929708","handedness",0.505050505050505,0.00726429805620151,-0.0348218417529054,0.00792430548832519,-0.0359859328507242
"rs929708","handedness",0.515151515151515,-0.000719406949456298,-0.0264240444292582,-0.0010438682642428,-0.0276100418164199
"rs929708","handedness",0.525252525252525,-0.0176620212497695,-0.0219943257250144,-0.0166814290705221,-0.0189417871928406
"rs929708","handedness",0.535353535353535,-0.0324984480869151,-0.0200755242685874,-0.0328409179751129,-0.0217452734522599
"rs929708","handedness",0.545454545454546,-0.0351611905078703,-0.015302427018686,-0.0375144549027979,-0.015909229257696
"rs929708","handedness",0.555555555555556,-0.031115020073782,-0.00615504006075101,-0.0288276225835063,-0.00497150728325013
"rs929708","handedness",0.565656565656566,-0.0277462184372593,0.00616137280458327,-0.0275412280106399,0.00464826839737114
"rs929708","handedness",0.575757575757576,-0.0243702336215184,0.0148888812270525,-0.0257266081878404,0.0161349990421513
"rs929708","handedness",0.585858585858586,-0.0174425346884023,0.0175181826605343,-0.0165279082719959,0.0185172093589875
"rs929708","handedness",0.595959595959596,-0.00552054162201133,0.0137388965166578,-0.00678841309370444,0.0111486579663997
"rs929708","handedness",0.606060606060606,0.0035320999802314,0.00602374930040512,0.00476853503115564,0.00785274509150909
"rs929708","handedness",0.616161616161616,0.00214925136208989,-0.00120404071861872,0.00277714492697934,-0.000761432988820862
"rs929708","handedness",0.626262626262626,-0.0065705216034969,-0.00116212753576042,-0.00761013139875836,-0.00342744226334211
"rs929708","handedness",0.636363636363636,-0.01623078319465,0.00354762092454946,-0.0158068255157246,0.00503346936942867
"rs929708","handedness",0.646464646464647,-0.0201470454708674,0.00763542907875296,-0.0199257142515552,0.00808649738869915
"rs929708","handedness",0.656565656565657,-0.0132770995858178,0.00738268928145996,-0.0145886172678659,0.00650053039858173
"rs929708","handedness",0.666666666666667,0.00105813841739054,0.00577809707547766,0.00144798819757573,0.0058608538095661
"rs929708","handedness",0.676767676767677,0.0174865848541249,0.00640294528936298,0.0182043074440624,0.00685960330566899
"rs929708","handedness",0.686868686868687,0.0309142109306159,0.00847343727743859,0.0305818525327326,0.00818864896869588
"rs929708","handedness",0.696969696969697,0.0377585343950956,0.00946248323286106,0.0378332865428714,0.00893369865590537
"rs929708","handedness",0.707070707070707,0.039652792776171,0.00570268061016217,0.0397712915655293,0.00677010674880238
"rs929708","handedness",0.717171717171717,0.0374626104346477,-0.00125431220151208,0.0372435446159555,-0.00135108027335487
"rs929708","handedness",0.727272727272727,0.0316454917326569,-0.00837425051484934,0.0318965039707612,-0.00925725990412997
"rs929708","handedness",0.737373737373737,0.0232361070247222,-0.0125636261770931,0.0230841114088277,-0.0120989778264071
"rs929708","handedness",0.747474747474748,0.0129245634307458,-0.0116003936106351,0.0127936868595325,-0.011267579918497
"rs929708","handedness",0.757575757575758,0.000342584829777748,-0.00706822408360182,0.000936083641282761,-0.00790517426977575
"rs929708","handedness",0.767676767676768,-0.011778816871744,-0.00247947962441671,-0.0122665104354597,-0.00195395431145203
"rs929708","handedness",0.777777777777778,-0.0204672059858419,0.000783847355645537,-0.0206604544589765,0.0015812038598726
"rs929708","handedness",0.787878787878788,-0.0251343506238071,0.00796707095278209,-0.0246408815171559,0.00614952658807048
"rs929708","handedness",0.797979797979798,-0.0248946554667065,0.0149601408403972,-0.0252899920744031,0.0159121523087986
"rs929708","handedness",0.808080808080808,-0.0193224526260236,0.0167026769449711,-0.019495247674548,0.0174824996693037
"rs929708","handedness",0.818181818181818,-0.0107847592736171,0.0160793173249257,-0.0103697413872352,0.0150909480528041
"rs929708","handedness",0.828282828282828,-0.00128800630163855,0.0168272785281932,-0.00128298056135834,0.0168862069849158
"rs929708","handedness",0.838383838383838,0.0105661731623496,0.0183859878173754,0.0102163907089038,0.018728378805949
"rs929708","handedness",0.848484848484849,0.0239139738771331,0.0200088559658781,0.0238683574549749,0.0199935453249841
"rs929708","handedness",0.858585858585859,0.036958961126639,0.0214253175425701,0.0373123790711909,0.0211535069325777
"rs929708","handedness",0.868686868686869,0.0474951119538115,0.0233212427438932,0.047466440103322,0.0232702394351111
"rs929708","handedness",0.878787878787879,0.0535881444727324,0.0258139240593243,0.0530464768518299,0.0265160400544009
"rs929708","handedness",0.888888888888889,0.0545235272783936,0.027162964220231,0.0554382808217933,0.0263047043850701
"rs929708","handedness",0.898989898989899,0.0488536589186855,0.0303125061334184,0.0485608303586094,0.0304397119305926
"rs929708","handedness",0.909090909090909,0.0379813436283952,0.0344844696152923,0.0385310697692465,0.0344671311726463
"rs929708","handedness",0.919191919191919,0.0318404384823253,0.0254529500211931,0.0302244955609348,0.0263105910186275
"rs929708","handedness",0.929292929292929,0.0275808959425789,0.0116299416780468,0.0278264898893612,0.0116956236859009
"rs929708","handedness",0.93939393939394,0.0192849046342453,0.00448205551166465,0.0210445405765168,0.00243470619126195
"rs929708","handedness",0.94949494949495,0.00467471017857464,-3.88099159136915e-05,0.00376065706527678,0.00144298841852485
"rs929708","handedness",0.95959595959596,-0.0129131319341522,-0.00929296999923338,-0.0120370401782294,-0.00851371584183428
"rs929708","handedness",0.96969696969697,-0.0170557532769458,-0.0259552946402947,-0.0194198002315494,-0.0272804043979495
"rs929708","handedness",0.97979797979798,-0.00954946797582865,-0.0424558337862786,-0.00905980788132549,-0.0418248716490204
"rs929708","handedness",0.98989898989899,0.00185492688804997,-0.0512689704869191,0.00346365061772355,-0.0516891960720412
"rs929708","handedness",1,0.00851218058603573,-0.054724776022627,0.00773384441380465,-0.0545073730447732
"rs929708","APOE4",0,0.00982371310479325,-0.0029899037946333,0.00969110249443723,-0.00288927424266498
"rs929708","APOE4",0.0101010101010101,0.00764265442059348,-0.000621887222808104,0.00800198127550743,-0.0010289532909211
"rs929708","APOE4",0.0202020202020202,0.00343035866700579,0.00167502689487359,0.00314596676320952,0.00222463999310625
"rs929708","APOE4",0.0303030303030303,-0.000675814969352516,0.00195770524747824,-0.000649747867341312,0.00170595414468869
"rs929708","APOE4",0.0404040404040404,-0.00226733995665256,0.000502021548984764,-0.00210216031889394,0.000636075403112458
"rs929708","APOE4",0.0505050505050505,-0.00119771833367606,0.00307706635256985,-0.00153532279627281,0.00265105947570073
"rs929708","APOE4",0.0606060606060606,0.000426938274598318,0.00585524539855593,0.000526794407599229,0.00604113355212692
"rs929708","APOE4",0.0707070707070707,0.000336680725258541,0.00345577846119637,0.000593795923402678,0.00385095516086585
"rs929708","APOE4",0.0808080808080808,-0.00259421425656021,-0.00401353692536791,-0.00266966833015843,-0.00418660781854464
"rs929708","APOE4",0.0909090909090909,-0.00782423287554668,-0.0136879757253844,-0.00788401996298495,-0.0137585315618887
"rs929708","APOE4",0.101010101010101,-0.010788348331343,-0.0185593404141842,-0.0108558646005554,-0.0186013943104577
"rs929708","APOE4",0.111111111111111,-0.0115451908508688,-0.0158172894360303,-0.0115393233202363,-0.0158489712258287
"rs929708","APOE4",0.121212121212121,-0.0108906017432806,-0.00656873251647941,-0.0106462466421998,-0.00708557567041011
"rs929708","APOE4",0.131313131313131,-0.00751823915303219,0.000385509024452883,-0.00797056926728506,0.00137889350196458
"rs929708","APOE4",0.141414141414141,-0.00317300344636339,0.00329284034369015,-0.00303089679599113,0.00300639346741128
"rs929708","APOE4",0.151515151515152,-0.000201052464814349,0.00306338569277658,0.000110424876216716,0.00261845453626651
"rs929708","APOE4",0.161616161616162,0.000461666596032877,0.0016883277011484,0.000173075155541481,0.00220900941259652
"rs929708","APOE4",0.171717171717172,-0.00114955444988667,0.000893706324830708,-0.000899029430288613,0.000465918586209731
"rs929708","APOE4",0.181818181818182,-0.00290295184763477,0.00035849991018913,-0.00314617047667899,0.000670059152987722
"rs929708","APOE4",0.191919191919192,-0.00356116929867479,-0.000395450616786182,-0.00350117466163671,-0.000449497314464521
"rs929708","APOE4",0.202020202020202,-0.00257414842608908,-0.00138503188895982,-0.00253441535980727,-0.0014986385368358
"rs929708","APOE4",0.212121212121212,-0.000627928735006574,-0.0011603106221241,-0.000661871959158931,-0.00113505040138737
"rs929708","APOE4",0.222222222222222,0.00168085888453799,0.000554835762706294,0.00171169368582169,0.000472236365550162
"rs929708","APOE4",0.232323232323232,0.00483794689064399,-0.000188961115163632,0.0047282829173089,0.000193162301602312
"rs929708","APOE4",0.242424242424242,0.00768202484985922,-0.00113529820779271,0.00780204477604526,-0.00152599656129856
"rs929708","APOE4",0.252525252525253,0.00893766630672837,0.000198589912677275,0.00892326110205324,0.000155144749817439
"rs929708","APOE4",0.262626262626263,0.00870765539259303,0.000766389250735322,0.00865531626544331,0.00116393006301357
"rs929708","APOE4",0.272727272727273,0.00664882400168926,0.00105860909286199,0.00670608880213506,0.000747044536796894
"rs929708","APOE4",0.282828282828283,0.00243899400518068,0.00224130615342278,0.00247283382383983,0.00223848608612887
"rs929708","APOE4",0.292929292929293,-0.00331684760866707,0.00293569417796672,-0.00332204662375593,0.003086889727094
"rs929708","APOE4",0.303030303030303,-0.00905923271494146,0.00236647920515584,-0.00900702212281035,0.00236796490163102
"rs929708","APOE4",0.313131313131313,-0.0115224231837691,0.00317935282473073,-0.0117527853928853,0.00292874219406859
"rs929708","APOE4",0.323232323232323,-0.0114559487260068,0.00310840330099009,-0.0113808157662112,0.00332677917259544
"rs929708","APOE4",0.333333333333333,-0.0102723344722362,-1.17426322213161e-05,-0.0100628668548804,0.000216428778565619
"rs929708","APOE4",0.343434343434343,-0.00729812953383658,-0.00179299800211534,-0.00752611847012839,-0.00224970321416965
"rs929708","APOE4",0.353535353535354,-0.00229966811880156,0.000843811733032689,-0.00240778007450383,0.000790352664601052
"rs929708","APOE4",0.363636363636364,0.00208343539904959,0.00162421182464734,0.00247641020639054,0.00224926397453633
"rs929708","APOE4",0.373737373737374,0.00613763250381956,0.00106829272494219,0.00592021272449206,0.000570513346651444
"rs929708","APOE4",0.383838383838384,0.00992197252715675,0.00158865509914703,0.00949495621466915,0.00157210816234706
"rs929708","APOE4",0.393939393939394,0.00997908609902528,0.00312582310637035,0.0108010687507652,0.00341972466316544
"rs929708","APOE4",0.404040404040404,0.00677450492697939,0.00387627177944748,0.00657868272807657,0.00351672606403675
"rs929708","APOE4",0.414141414141414,0.0020086301082288,0.00269878250325242,0.00154485957108893,0.00310744674305944
"rs929708","APOE4",0.424242424242424,-0.00280079917127335,0.00230246073720608,-0.00271278322078796,0.00231827645259861
"rs929708","APOE4",0.434343434343434,-0.00733008349548685,0.00396253376914074,-0.00657803215951058,0.00267935389113508
"rs929708","APOE4",0.444444444444444,-0.0139539773977057,0.00185746440754283,-0.0146117268315605,0.00390176032992972
"rs929708","APOE4",0.454545454545455,-0.0186154368270807,-0.00227445460310411,-0.0190073157280269,-0.00311911296334354
"rs929708","APOE4",0.464646464646465,-0.0172936433013018,-0.00498386326881949,-0.0164311716155692,-0.00571576794621463
"rs929708","APOE4",0.474747474747475,-0.0136928534884567,-0.00593342172385728,-0.0141761719263306,-0.0051861349903071
"rs929708","APOE4",0.484848484848485,-0.0118710527750984,-0.00544820131648313,-0.0118181936093057,-0.00534289502577211
"rs929708","APOE4",0.494949494949495,-0.00993528194604612,-0.00365568841926597,-0.00973747298782182,-0.00425645253681257
"rs929708","APOE4",0.505050505050505,-0.0058519044161972,-0.0016269367726917,-0.00597667967378549,-0.00128760834485298
"rs929708","APOE4",0.515151515151515,0.00109578098700661,0.000213477592929903,0.000610139066460802,0.000619925321088197
"rs929708","APOE4",0.525252525252525,0.00790249762521314,0.00379873486801718,0.0085144566039263,0.00299351190963807
"rs929708","APOE4",0.535353535353535,0.0110408536825501,0.00682402002589452,0.0112444507057266,0.00692536569166579
"rs929708","APOE4",0.545454545454546,0.00856002073930743,0.00627600647269948,0.00795120462113726,0.00709893813674625
"rs929708","APOE4",0.555555555555556,0.00437981940020253,0.0014565845695837,0.00486637174746329,0.000944305489886951
"rs929708","APOE4",0.565656565656566,0.00293467995809709,-0.00494726281515675,0.0025214223285557,-0.00492071585494199
"rs929708","APOE4",0.575757575757576,0.00440268490548607,-0.0033992121314305,0.00442849531499471,-0.00383853719777172
"rs929708","APOE4",0.585858585858586,0.00623231405283694,0.000940098872169039,0.00682214850267336,0.00149870288755188
"rs929708","APOE4",0.595959595959596,0.00644374708786596,0.00102758036776932,0.0057099489996594,0.00102320548573886
"rs929708","APOE4",0.606060606060606,0.00712051332134929,-0.000206416222543493,0.00726092155355714,-0.000528544416436691
"rs929708","APOE4",0.616161616161616,0.00911583752569572,0.000793107263408213,0.0095797030661048,0.000997377984776477
"rs929708","APOE4",0.626262626262626,0.00700929750939899,0.001092064955349,0.00666049523097194,0.000998186694657855
"rs929708","APOE4",0.636363636363636,0.00397801238727809,-0.00016926156083566,0.0040073373269009,2.03070518000278e-05
"rs929708","APOE4",0.646464646464647,0.00431547856035649,-0.00290037836022761,0.00431972141490534,-0.00322911406317718
"rs929708","APOE4",0.656565656565657,0.00633094827059204,-0.00687796920702547,0.00628276548326683,-0.00660303526833413
"rs929708","APOE4",0.666666666666667,0.00831485001983038,-0.0108140598502883,0.00834929983546646,-0.0105107078261976
"rs929708","APOE4",0.676767676767677,0.00910381360214878,-0.01320750029909,0.00914739213073985,-0.0140339198026398
"rs929708","APOE4",0.686868686868687,0.00814355419425382,-0.0128046535358123,0.00816279447822824,-0.012266809679946
"rs929708","APOE4",0.696969696969697,0.00531518015321142,-0.00984599397083233,0.0052560668320078,-0.00998296126179395
"rs929708","APOE4",0.707070707070707,0.0015435867147664,-0.00850602474413027,0.00161142786911394,-0.00832736053129514
"rs929708","APOE4",0.717171717171717,-0.00231801089115091,-0.00721186614406496,-0.0023258006111042,-0.00744314880928668
"rs929708","APOE4",0.727272727272727,-0.00553036609809687,-0.00376451250939483,-0.00560238730322505,-0.00375636927653748
"rs929708","APOE4",0.737373737373737,-0.00745530515305733,-0.00064007041676691,-0.00739874435895915,-0.000504464253100456
"rs929708","APOE4",0.747474747474748,-0.00780776941598145,-0.000252207375891685,-0.00792171759826958,-0.000196319055915635
"rs929708","APOE4",0.757575757575758,-0.00746602190918546,-0.000522820270557296,-0.00731175801049716,-0.000658373552715695
"rs929708","APOE4",0.767676767676768,-0.00704390866036322,0.000125019623004228,-0.00711652866683456,-2.22322918794724e-05
"rs929708","APOE4",0.777777777777778,-0.00674913342675816,0.00202589629682383,-0.00674281176227742,0.00250177643144924
"rs929708","APOE4",0.787878787878788,-0.0059998233428822,0.00326031069306671,-0.00599075327895741,0.00286956479432127
"rs929708","APOE4",0.797979797979798,-0.00492694346822106,0.00503113433479243,-0.00493273695234936,0.00484236108309594
"rs929708","APOE4",0.808080808080808,-0.00360222963359409,0.00843654898863037,-0.00355202305617447,0.00892792860698386
"rs929708","APOE4",0.818181818181818,-0.000889586535788253,0.0102243599625707,-0.000984057725966953,0.00999798834377398
"rs929708","APOE4",0.828282828282828,0.00351871384185829,0.00838921877860206,0.00336856143479734,0.00854135367088247
"rs929708","APOE4",0.838383838383838,0.00636926933421403,0.00827999927780101,0.00668246388827294,0.00805981543276506
"rs929708","APOE4",0.848484848484849,0.00711903309986567,0.00964585964771895,0.00718999463412777,0.00945154381215629
"rs929708","APOE4",0.858585858585859,0.00636254159655154,0.0103717404704749,0.00598814769735777,0.0109007384095494
"rs929708","APOE4",0.868686868686869,0.00540398408483937,0.00881986788864137,0.00552754922956539,0.00872105312845504
"rs929708","APOE4",0.878787878787879,0.00490466052690703,0.00497778831391223,0.00518951382326614,0.00449722083876951
"rs929708","APOE4",0.888888888888889,0.00316009442533487,0.00304448023996809,0.00282048942093584,0.00353869584847821
"rs929708","APOE4",0.898989898989899,0.00130724093076989,0.00147466730331303,0.00132491668134084,0.00158238203466821
"rs929708","APOE4",0.909090909090909,0.000783356023022754,-0.00103035306920521,0.00115172982295474,-0.00179000701555044
"rs929708","APOE4",0.919191919191919,0.000774507603532786,0.000265610076197232,0.000323544017169422,0.000948846277040951
"rs929708","APOE4",0.929292929292929,0.000689001874664744,0.00335126343520344,0.000739543049345282,0.00326740334625077
"rs929708","APOE4",0.93939393939394,0.000548520339595959,0.00465499404631039,0.00099445534821851,0.00425486173462088
"rs929708","APOE4",0.94949494949495,0.00199087469620135,0.00317053180176188,0.00148770294365967,0.00362331535245726
"rs929708","APOE4",0.95959595959596,0.00516308151964171,-0.000832065422868176,0.00507536482255436,-0.000871777627742776
"rs929708","APOE4",0.96969696969697,0.0049409784403174,-0.00490525633671723,0.0057264150497586,-0.00510589040324721
"rs929708","APOE4",0.97979797979798,0.00353810238041374,-0.00741645003616844,0.00284875615922956,-0.00740505447830582
"rs929708","APOE4",0.98989898989899,0.00452094452831969,-0.00771698740931665,0.0046509637113115,-0.00762830983665646
"rs929708","APOE4",1,0.00763528617406469,-0.00764399385396488,0.00768393781277885,-0.00767003322880914
"rs929708","PC1",0,0.0103853279461767,0.000739985603346296,0.010320873599424,0.000846210094024144
"rs929708","PC1",0.0101010101010101,0.00922933117064138,0.00218753190302633,0.00927038177652133,0.00189633238740809
"rs929708","PC1",0.0202020202020202,0.00503581923126059,0.00454935060479584,0.00518374791394942,0.00470849903082659
"rs929708","PC1",0.0303030303030303,-0.000717214415099401,0.00621834288530339,-0.000600526839501729,0.00642357031950326
"rs929708","PC1",0.0404040404040404,-0.00464147597934062,0.00650374108935457,-0.0052287947669684,0.00652073726114064
"rs929708","PC1",0.0505050505050505,-0.00283722098574168,0.00911657763446324,-0.00255964121949703,0.00851828368890346
"rs929708","PC1",0.0606060606060606,0.00196872848071868,0.0129286732367853,0.00248403023284415,0.0131041464826924
"rs929708","PC1",0.0707070707070707,0.00615040654008947,0.0152368989205976,0.00519054612196097,0.0155607070262452
"rs929708","PC1",0.0808080808080808,0.00968999664704363,0.0133739661101653,0.0102519122727777,0.0134009611445547
"rs929708","PC1",0.0909090909090909,0.0120850064009323,0.00631881532561074,0.0121881856533841,0.00669947980224514
"rs929708","PC1",0.101010101010101,0.00929763841336616,-0.00118066320768881,0.00914274316945988,-0.00188724940435431
"rs929708","PC1",0.111111111111111,0.00394957317966077,-0.00585981538123873,0.0040697926579036,-0.00567346416314577
"rs929708","PC1",0.121212121212121,-7.32045041247838e-05,-0.00613147082744497,-0.000321496389200165,-0.00623105834971356
"rs929708","PC1",0.131313131313131,-0.00187684694604963,-0.00384808074964582,-0.00166083525097957,-0.00386403696312961
"rs929708","PC1",0.141414141414141,-0.00132740285923764,-0.00116022069418635,-0.00143471486983645,-0.000965391325625081
"rs929708","PC1",0.151515151515152,0.00120408185237972,0.000476267579159661,0.00108518586104945,0.000477522322195604
"rs929708","PC1",0.161616161616162,0.00333922545927824,0.00178524433719529,0.00350384329498862,0.00164796809304854
"rs929708","PC1",0.171717171717172,0.00320951254786955,0.00325915599625521,0.00338456529397558,0.00313671562937774
"rs929708","PC1",0.181818181818182,0.00251656116478705,0.00302973218891817,0.00217647635068297,0.00346992203518799
"rs929708","PC1",0.191919191919192,0.00206701911254044,0.00143092576942816,0.0021455168857342,0.00131315519224583
"rs929708","PC1",0.202020202020202,0.0019424519508565,-0.000431335257066933,0.002097321725784,-0.000640616477792249
"rs929708","PC1",0.212121212121212,0.00123076678478815,-0.00134178486058163,0.00111855488390901,-0.00135888570904257
"rs929708","PC1",0.222222222222222,-0.000626321500497394,-0.000666148436705656,-0.000557314002371983,-0.000498976575562675
"rs929708","PC1",0.232323232323232,-0.00216493282531864,0.000160846182359973,-0.00223705417104318,8.95105204822534e-07
"rs929708","PC1",0.242424242424242,-0.00286586223867819,0.000553350394738401,-0.00285305042826526,0.000648943621730038
"rs929708","PC1",0.252525252525253,-0.00257796937103403,0.000485776490723349,-0.00255287283287653,0.000664667145653508
"rs929708","PC1",0.262626262626263,-0.00139954560262282,0.000562507410666402,-0.00146253335868876,0.000263079551660941
"rs929708","PC1",0.272727272727273,-0.000706506300215811,0.000968414670499827,-0.00072459340802708,0.00094035081763025
"rs929708","PC1",0.282828282828283,-0.00171323478691219,0.00158163969624886,-0.00150881294086619,0.00183073633757566
"rs929708","PC1",0.292929292929293,-0.00369170242542688,0.0016688745803733,-0.00380821903705791,0.00169241733624748
"rs929708","PC1",0.303030303030303,-0.00548415908753238,0.000858453836613226,-0.00562398410836149,0.000538940792194765
"rs929708","PC1",0.313131313131313,-0.00639951664960728,0.000398772961770612,-0.00623856140543769,0.000670475305407304
"rs929708","PC1",0.323232323232323,-0.00677511251915027,0.000300900064820934,-0.00670854120144692,0.000322272302390539
"rs929708","PC1",0.333333333333333,-0.00702045002194824,0.000162559321208712,-0.00725017056386502,-0.000146932647273777
"rs929708","PC1",0.343434343434343,-0.0068611521249747,-0.000320068685247212,-0.00679858674466974,-0.000129044403237854
"rs929708","PC1",0.353535353535354,-0.00624243694835485,-0.00166509150524481,-0.00597799405495196,-0.0013673317183689
"rs929708","PC1",0.363636363636364,-0.00610039690151464,-0.00429320236809078,-0.00644880861464672,-0.00436557337400335
"rs929708","PC1",0.373737373737374,-0.00547614290825708,-0.00465190366837098,-0.005354532214037,-0.00500479678691977
"rs929708","PC1",0.383838383838384,-0.00360584499338965,0.000548002335608653,-0.00347460462865354,0.000453628161374552
"rs929708","PC1",0.393939393939394,-0.00197463413478668,0.00926826505961311,-0.00215602374323547,0.00928898897385261
"rs929708","PC1",0.404040404040404,0.000433201624269823,0.0179056875889861,0.000526489147637854,0.0181117804495129
"rs929708","PC1",0.414141414141414,0.00455693030413525,0.0231423614756797,0.00443076007835286,0.0230743129898375
"rs929708","PC1",0.424242424242424,0.00776275546199814,0.0230501553369486,0.00765401050136503,0.0228525232170837
"rs929708","PC1",0.434343434343434,0.00727254481871652,0.0168339299701194,0.00810266619539132,0.0184157122646628
"rs929708","PC1",0.444444444444444,0.00367547235408163,0.00720714447147977,0.00266407893790166,0.00535114876913074
"rs929708","PC1",0.454545454545455,-0.000204017108298957,-0.000865567573038893,0.000217181976259235,-0.000451598101222016
"rs929708","PC1",0.464646464646465,-0.00190644102630479,-0.00352105291308528,-0.00181350345635363,-0.00322981853997799
"rs929708","PC1",0.474747474747475,-0.0019185065481189,-0.00276770621652592,-0.00209914756147033,-0.00308553116468219
"rs929708","PC1",0.484848484848485,-0.0012083773215736,-0.00120676536479647,-0.001203141037737,-0.000926037776599315
"rs929708","PC1",0.494949494949495,4.10400544079836e-05,0.00154521474497995,0.000115681368780623,0.00120511533751776
"rs929708","PC1",0.505050505050505,0.000961503332640137,0.00468475466315002,0.000977427746876532,0.00477948733963619
"rs929708","PC1",0.515151515151515,0.00098997492431279,0.00655315898919226,0.000912172299912598,0.00683292955635429
"rs929708","PC1",0.525252525252525,0.00116352967125489,0.00513738099313737,0.00118139560793272,0.00515299083566733
"rs929708","PC1",0.535353535353535,0.000815022620257258,0.00210282669581483,0.000924026397466515,0.0018335284665191
"rs929708","PC1",0.545454545454546,-0.000672305816211104,-0.000397546787854326,-0.000739011491178401,-0.000233398243029074
"rs929708","PC1",0.555555555555556,-0.00146914266675742,-0.00227875458862046,-0.00148527039431418,-0.00226521824724843
"rs929708","PC1",0.565656565656566,0.000253490159805964,-0.0036041971898943,0.000156324914063513,-0.0037871932197905
"rs929708","PC1",0.575757575757576,0.00362101974525554,-0.00350446604803721,0.00368202435856967,-0.00348306745871522
"rs929708","PC1",0.585858585858586,0.00612246443276343,-0.00290803214257769,0.00617856133703371,-0.00265768123568156
"rs929708","PC1",0.595959595959596,0.00575910999476263,-0.00280948807465775,0.00579032560201892,-0.00301663486032177
"rs929708","PC1",0.606060606060606,0.00360586763939817,-0.0023014256999489,0.00351876960430777,-0.00233683086737091
"rs929708","PC1",0.616161616161616,0.000921186241615587,-0.000847256942024134,0.000977108798040532,-0.000883053535592573
"rs929708","PC1",0.626262626262626,-0.00280244942146361,-0.000530928922329831,-0.00276016709459751,-0.000247352826049261
"rs929708","PC1",0.636363636363636,-0.00636338058210191,-0.00122372573976849,-0.00642095694242465,-0.00122854482452479
"rs929708","PC1",0.646464646464647,-0.00809210003292551,-0.00198064456901782,-0.00808225942454003,-0.00253662899803854
"rs929708","PC1",0.656565656565657,-0.00701254108016602,-0.00209354577543079,-0.00709050497538058,-0.00164116259106183
"rs929708","PC1",0.666666666666667,-0.00333746561872973,-0.00257485906238437,-0.0032539509745372,-0.00223652437660564
"rs929708","PC1",0.676767676767677,0.0021565550536088,-0.00436708721040701,0.00202284696923695,-0.00507456708365005
"rs929708","PC1",0.686868686868687,0.00752087838522791,-0.00636091486558752,0.00758897854683368,-0.00611464196921281
"rs929708","PC1",0.696969696969697,0.0106570702022926,-0.00731736452752555,0.0108276684194597,-0.00681185361211604
"rs929708","PC1",0.707070707070707,0.0106063307604612,-0.00743277434413899,0.0104675607108934,-0.00819317247515652
"rs929708","PC1",0.717171717171717,0.00882000516463511,-0.00689535924980671,0.00878765760672939,-0.00685025640682182
"rs929708","PC1",0.727272727272727,0.00687260915758596,-0.00591768218212787,0.00696926548260646,-0.00528768992117988
"rs929708","PC1",0.737373737373737,0.00456442237557216,-0.00520111369224241,0.00449003638798341,-0.00562056272185285
"rs929708","PC1",0.747474747474748,0.00155534174137617,-0.0053383537907568,0.00162087865632303,-0.0054421356282779
"rs929708","PC1",0.757575757575758,-0.00143677727462116,-0.00593064155649563,-0.00149173522587174,-0.00547937585750933
"rs929708","PC1",0.767676767676768,-0.00400988970892834,-0.00607645899993745,-0.0039935053385736,-0.00643069521130562
"rs929708","PC1",0.777777777777778,-0.00553594306335452,-0.00525872710086383,-0.00545159109370182,-0.00547829351538447
"rs929708","PC1",0.787878787878788,-0.0046203490700259,-0.00444838901419295,-0.00487196517592445,-0.00387857025501917
"rs929708","PC1",0.797979797979798,-0.00251368997798568,-0.00378232471424204,-0.00234064961911843,-0.00410003790754408
"rs929708","PC1",0.808080808080808,-0.000836486306789576,-0.00314936623391942,-0.000776814055624942,-0.00324387978208214
"rs929708","PC1",0.818181818181818,0.000336913098583332,-0.00273262714650871,0.000161626671507778,-0.00238360245308595
"rs929708","PC1",0.828282828282828,0.00118820639610692,-0.00244186675654244,0.00141700115381424,-0.00284977662426905
"rs929708","PC1",0.838383838383838,0.00138685195205411,-0.00130483812770119,0.00118417465533606,-0.00114027876482315
"rs929708","PC1",0.848484848484849,0.000510787701262859,-2.51391679311782e-05,0.00050854509387416,7.24676858333238e-05
"rs929708","PC1",0.858585858585859,-0.0017075843932487,0.000261912391567444,-0.0014702130471063,6.37199390065149e-06
"rs929708","PC1",0.868686868686869,-0.00495698173999785,-0.00128311097531062,-0.00518036503068558,-0.00082846415861831
"rs929708","PC1",0.878787878787879,-0.00877565858731274,-0.00438755737016518,-0.00864998612370918,-0.00456702853546536
"rs929708","PC1",0.888888888888889,-0.0124989064684872,-0.00591526175768399,-0.012505817955463,-0.00635132846385252
"rs929708","PC1",0.898989898989899,-0.0147363111027743,-0.00684760965338426,-0.0148975276687074,-0.00620676444187351
"rs929708","PC1",0.909090909090909,-0.014191275663787,-0.00824601884339944,-0.0139409323726355,-0.00843324342144769
"rs929708","PC1",0.919191919191919,-0.0110627491165198,-0.00735437768524183,-0.0112744136086156,-0.00771564809259235
"rs929708","PC1",0.929292929292929,-0.00742474123496128,-0.00427968810292365,-0.0076985157460553,-0.00407628350213076
"rs929708","PC1",0.93939393939394,-0.00509743290711374,-0.000310911627166459,-0.00429822933513438,-0.000346092556768699
"rs929708","PC1",0.94949494949495,-0.00328443682513963,0.00260714743637053,-0.00364020367400349,0.0028113485275816
"rs929708","PC1",0.95959595959596,-0.000249560746228786,0.00356900344527266,-0.000949397351859161,0.00368617033309812
"rs929708","PC1",0.96969696969697,0.00549485860690532,0.00539709069771374,0.00641355747592858,0.00483964891202962
"rs929708","PC1",0.97979797979798,0.0101574253592611,0.00777633289953461,0.00997150963673299,0.00799992196459413
"rs929708","PC1",0.98989898989899,0.0104862296657758,0.00941014418158146,0.0102446967248955,0.00969973597463395
"rs929708","PC1",1,0.0109520278394446,0.00941669032403443,0.0110616410938696,0.00922227209611046
"rs929708","PC2",0,-0.00395510755319834,0.0021520822977908,-0.00394828435257472,0.00208177371736878
"rs929708","PC2",0.0101010101010101,-0.00432028140992916,-0.00106519250097966,-0.00418091164753462,-0.000818319779664666
"rs929708","PC2",0.0202020202020202,-0.002375712201577,-0.00506580407840791,-0.00277928630300854,-0.00534217710169036
"rs929708","PC2",0.0303030303030303,0.000709668779642944,-0.00738790443006389,0.00105420347838616,-0.00728844016105096
"rs929708","PC2",0.0404040404040404,0.00306074410367123,-0.00715259061428738,0.00299025941816155,-0.00727124138502048
"rs929708","PC2",0.0505050505050505,0.00475071734431303,-0.0092464630773296,0.00467044590831118,-0.00889444760624443
"rs929708","PC2",0.0606060606060606,0.00493466858564763,-0.0119037659109631,0.005042724576197,-0.0122350648466287
"rs929708","PC2",0.0707070707070707,0.00320964066713048,-0.011954324127053,0.00330198038531824,-0.0118432864211917
"rs929708","PC2",0.0808080808080808,0.00243941143979331,-0.00924360076605381,0.00221097120216214,-0.00926397881335633
"rs929708","PC2",0.0909090909090909,0.00423040921166766,-0.00463434618778203,0.00405828295199405,-0.00474437144783082
"rs929708","PC2",0.101010101010101,0.00386885402493319,-0.00010448656067694,0.00452673614100097,7.88302814401088e-05
"rs929708","PC2",0.111111111111111,0.0024706322967754,0.00185801589554282,0.00196576462727454,0.00177105088190626
"rs929708","PC2",0.121212121212121,0.00188447943387878,0.000660702302183423,0.00173838579546867,0.000905890689441887
"rs929708","PC2",0.131313131313131,3.71148562146476e-05,0.00155422126540826,0.00061990894182557,0.00107290549889637
"rs929708","PC2",0.141414141414141,-0.00218666703970841,0.00380413281894348,-0.00253187773359911,0.0040616600035494
"rs929708","PC2",0.151515151515152,-0.00326400843352499,0.00504698374044392,-0.00337803080772838,0.00513919816492521
"rs929708","PC2",0.161616161616162,-0.00332094871420581,0.00434552425650741,-0.00315986908665767,0.00426091679907751
"rs929708","PC2",0.171717171717172,-0.00285071348192178,0.00246647619129944,-0.00281144898352558,0.00253307047123162
"rs929708","PC2",0.181818181818182,-0.00202716862618681,0.00362884044061813,-0.00208955655384104,0.00333476814498573
"rs929708","PC2",0.191919191919192,-0.000422312560894427,0.0056494231568132,-0.000617861327295205,0.00604874211904153
"rs929708","PC2",0.202020202020202,0.00194565259852127,0.00560920749925858,0.00221363150993088,0.00539012176554899
"rs929708","PC2",0.212121212121212,0.00271688054597722,0.00539550013420556,0.00265657428049003,0.00538054712081084
"rs929708","PC2",0.222222222222222,0.000127712027237538,0.00663901267275723,0.000171900266016734,0.00672045226600794
"rs929708","PC2",0.232323232323232,-0.00342955397801718,0.00633401111481652,-0.00348242252841142,0.00631584972201601
"rs929708","PC2",0.242424242424242,-0.00666275704708071,0.00480161799349892,-0.00669348499813468,0.00480199744019989
"rs929708","PC2",0.252525252525253,-0.00863283843010941,0.00314621753022289,-0.00846893558593845,0.00310631046613165
"rs929708","PC2",0.262626262626263,-0.00803208302098243,0.00106965500745452,-0.00829662692498698,0.00114588887697468
"rs929708","PC2",0.272727272727273,-0.00533813765734694,-0.00114143362864449,-0.00535115348444143,-0.00118217099751081
"rs929708","PC2",0.282828282828283,-0.00160745280207296,-0.00280936422135667,-0.001340639333057,-0.00278481408817594
"rs929708","PC2",0.292929292929293,0.00179100101610436,-0.00269004686340427,0.00163522195000518,-0.00281265456222737
"rs929708","PC2",0.303030303030303,0.0039818426717637,-0.000382051853196675,0.00396759340706022,-0.000250484284565003
"rs929708","PC2",0.313131313131313,0.00583535243449036,0.0013628931773195,0.00587979935600937,0.00135893523644873
"rs929708","PC2",0.323232323232323,0.00662866485719588,0.00194435591195763,0.00659625171515084,0.00175145531003506
"rs929708","PC2",0.333333333333333,0.0054223914045647,0.00147809803240667,0.00550561047624925,0.00180187443316723
"rs929708","PC2",0.343434343434343,0.00257591632482636,-0.0001908997472293,0.00256587474248036,-0.00031984728779437
"rs929708","PC2",0.353535353535354,-0.00085453164444618,-0.00234290328539874,-0.000878525605873194,-0.00247386749876495
"rs929708","PC2",0.363636363636364,-0.00282294371716411,-0.00183459891668269,-0.00284078044437409,-0.00175124188251684
"rs929708","PC2",0.373737373737374,-0.00290646031503251,3.49150796521736e-05,-0.00305855369012681,0.000181398341731103
"rs929708","PC2",0.383838383838384,-0.00136058599133816,0.000737720587142988,-0.000998069902360924,0.000227834733201843
"rs929708","PC2",0.393939393939394,0.000844260157653402,-0.00112334826066344,0.000500421014864097,-0.000345993026213468
"rs929708","PC2",0.404040404040404,0.00257108595779591,-0.00418337807484892,0.00246743943665095,-0.00465889655221992
"rs929708","PC2",0.414141414141414,0.00297578277604256,-0.00670309260223815,0.00353889527033318,-0.00677819198989031
"rs929708","PC2",0.424242424242424,0.002372810215356,-0.00809044807168763,0.00205566132324359,-0.0074357792723044
"rs929708","PC2",0.434343434343434,0.00121504247089303,-0.00715908018885733,0.000853968926682778,-0.00855782264589029
"rs929708","PC2",0.444444444444444,-0.000408421531610773,-0.00168033541316495,0.000370109725099969,-0.000431280104378908
"rs929708","PC2",0.454545454545455,-0.00159517194198106,0.00152666712537372,-0.00222600756620241,0.00160055355894876
"rs929708","PC2",0.464646464646465,-0.00156927331735701,-0.00340078516027371,-0.00136607978037397,-0.00421141840817652
"rs929708","PC2",0.474747474747475,-0.00102522623537895,-0.00857087737090345,-0.00101798217270651,-0.00807385729393814
"rs929708","PC2",0.484848484848485,-0.000505043714476017,-0.00674976614060298,-0.000474001970032339,-0.00694847559948596
"rs929708","PC2",0.494949494949495,0.000844627852195766,-0.00434844648273733,0.000659415531045525,-0.00418979672118387
"rs929708","PC2",0.505050505050505,0.00165716010752572,-0.000908215855027058,0.00185270310003741,-0.000902551750432855
"rs929708","PC2",0.515151515151515,0.000296150323581034,0.00502578604367968,0.000338830283806876,0.00447945453768925
"rs929708","PC2",0.525252525252525,-0.00266973450544982,0.0089689205380752,-0.00267655747780317,0.00973806644511853
"rs929708","PC2",0.535353535353535,-0.00408022741565347,0.00885981526578407,-0.00426945079349489,0.00875094581880522
"rs929708","PC2",0.545454545454546,-0.00149018270520946,0.00464594287034955,-0.00145764971503428,0.00422507414199953
"rs929708","PC2",0.555555555555556,0.0025087055708566,0.000141472224806868,0.00255471173072734,0.000417067832585763
"rs929708","PC2",0.565656565656566,0.00519253211442758,-0.00159785352121793,0.00534213414918397,-0.00161357269412731
"rs929708","PC2",0.575757575757576,0.00756334091350988,-0.00321374430930013,0.0073632828300984,-0.00326285747859799
"rs929708","PC2",0.585858585858586,0.0086219926588065,-0.00426122573409098,0.00843618677979349,-0.00425660596468138
"rs929708","PC2",0.595959595959596,0.00702402765815585,-0.0035892035928274,0.00764857924199864,-0.00358119830237131
"rs929708","PC2",0.606060606060606,0.00317188668136163,-0.00203388862079554,0.00281371818806812,-0.00207169169606077
"rs929708","PC2",0.616161616161616,-0.00155571850677367,-0.000313398212317356,-0.00174883918117058,-0.000170034240699413
"rs929708","PC2",0.626262626262626,-0.00464028797090556,0.00249644725048295,-0.0043277451963176,0.00223954632997489
"rs929708","PC2",0.636363636363636,-0.00709735728613602,0.00466522180212646,-0.00722471882122559,0.00481197856308027
"rs929708","PC2",0.646464646464647,-0.00987930504825147,0.00493881955519751,-0.00981884016798143,0.00519465999354851
"rs929708","PC2",0.656565656565657,-0.0104513481593017,0.0059495010456688,-0.0105487028546132,0.00548577317854365
"rs929708","PC2",0.666666666666667,-0.00855334164844926,0.00646947198649956,-0.00860199164561086,0.00652976737159768
"rs929708","PC2",0.676767676767677,-0.00485628964449704,0.0047442055388007,-0.00472172289086527,0.0052180673980146
"rs929708","PC2",0.686868686868687,-0.000399602220892259,0.00206600084707436,-0.000460608591382466,0.00171753236802564
"rs929708","PC2",0.696969696969697,0.00387820650245665,0.000344639517495885,0.00381908214256474,0.000138549623027765
"rs929708","PC2",0.707070707070707,0.00762831458324232,0.000347795271968707,0.00771222886306679,0.000749191214960788
"rs929708","PC2",0.717171717171717,0.00996570719405966,0.000438070807929924,0.009975888051424,0.000280288699654645
"rs929708","PC2",0.727272727272727,0.0100610915398656,-0.000714235946714246,0.0100191382903291,-0.000738383242805931
"rs929708","PC2",0.737373737373737,0.00803725327986264,-0.000947199151889503,0.00809781631267023,-0.000991883223249587
"rs929708","PC2",0.747474747474748,0.00449612960435128,0.000804308661485665,0.00453174925795228,0.000815315568041796
"rs929708","PC2",0.757575757575758,0.000905630538988904,-0.000257166193833734,0.00082010121360229,-9.13706636943572e-05
"rs929708","PC2",0.767676767676768,-0.00141942131219105,-0.00283382179487604,-0.00147235498262964,-0.00287821352960958
"rs929708","PC2",0.777777777777778,-0.00176791860628489,-0.00431949645955867,-0.00165096838937789,-0.00463975624707875
"rs929708","PC2",0.787878787878788,-0.00129409099276398,-0.00477558203673819,-0.00143498295258976,-0.00439331779514393
"rs929708","PC2",0.797979797979798,-0.00103610969550876,-0.00431547728849923,-0.000938802453027801,-0.00426021109112797
"rs929708","PC2",0.808080808080808,-0.00161594065585105,-0.00291004779861385,-0.00155973803048628,-0.00341305912659411
"rs929708","PC2",0.818181818181818,-0.00261194753685877,-0.00061590000507763,-0.00271161315105542,-0.00017176392535292
"rs929708","PC2",0.828282828282828,-0.00317270833734464,0.00174199746585609,-0.00307270034849903,0.00151890908703951
"rs929708","PC2",0.838383838383838,-0.002356105636038,0.00154518274276111,-0.00254241599036719,0.00173736906499999
"rs929708","PC2",0.848484848484849,-0.00139051675167223,0.000205125594048836,-0.00129299589512986,0.000133910897224514
"rs929708","PC2",0.858585858585859,-0.00166362941178843,-0.000428892759686391,-0.00153956257653695,-0.000596901462447119
"rs929708","PC2",0.868686868686869,-0.00286099314446534,-0.00153320390365788,-0.00304805747334437,-0.00121115214246686
"rs929708","PC2",0.878787878787879,-0.00463465349753741,-0.00373136710408013,-0.00445524713492917,-0.004044397404791
"rs929708","PC2",0.888888888888889,-0.0074066181767195,-0.00380735647714109,-0.00745384838688961,-0.0036661582962377
"rs929708","PC2",0.898989898989899,-0.00879828497492957,-0.00282443834568413,-0.00881981076851506,-0.00265136254242472
"rs929708","PC2",0.909090909090909,-0.00688024990378318,-0.00202477117894883,-0.00720036192770497,-0.00256585419184515
"rs929708","PC2",0.919191919191919,-0.00422896171367218,0.000692595525834251,-0.00383941997394494,0.00120185399370517
"rs929708","PC2",0.929292929292929,-0.0027339050205603,0.00252767637876513,-0.00253889493773302,0.00250326263444086
"rs929708","PC2",0.93939393939394,-0.00300673484636441,0.000711769678140234,-0.00353301147582796,0.000495767372996783
"rs929708","PC2",0.94949494949495,-0.00248211031054397,-0.00127953084690831,-0.00222032579382338,-0.00120498464945473
"rs929708","PC2",0.95959595959596,0.000567149362668442,-0.000259305551795577,0.000480660399215234,-0.000234289224499921
"rs929708","PC2",0.96969696969697,0.00264639448205856,0.000775194560138277,0.00281101887056098,0.000788500495724986
"rs929708","PC2",0.97979797979798,0.0038597896942967,0.00183625502769597,0.00370126230264578,0.00173991293299529
"rs929708","PC2",0.98989898989899,0.00529877131590091,0.00365218056193601,0.00536673337522488,0.0037622920710529
"rs929708","PC2",1,0.0067726389245083,0.00495606807854119,0.00675901312314566,0.00491648883376803
"rs929708","education_years",0,-0.00067545494212602,0.00143009079788638,-0.000681487151019855,0.00141089003206685
"rs929708","education_years",0.0101010101010101,-0.00124782755435892,0.00108093947677387,-0.00113725446295442,0.0011164582038237
"rs929708","education_years",0.0202020202020202,-0.00139737562392622,9.83735040029902e-05,-0.00159998262793846,0.000103496511834641
"rs929708","education_years",0.0303030303030303,-0.00104215098285062,-0.00100422132646344,-0.00101195189607535,-0.0010609784787237
"rs929708","education_years",0.0404040404040404,-0.000368746861138443,-0.00165418737948939,-0.000181584017384663,-0.00157090069851657
"rs929708","education_years",0.0505050505050505,0.000107324992107747,-0.0020971124127013,-0.000151764987712492,-0.00218814318434059
"rs929708","education_years",0.0606060606060606,1.71940253974621e-05,-0.0024563968035361,0.000212415644274693,-0.00239989259008471
"rs929708","education_years",0.0707070707070707,-0.000743695639484725,-0.00270738996670139,-0.00067926879531417,-0.00270003884831757
"rs929708","education_years",0.0808080808080808,-0.00146677007019919,-0.00258176944292644,-0.00163854149268333,-0.00262302011108649
"rs929708","education_years",0.0909090909090909,-0.00148607613017942,-0.00182453540244742,-0.00148697371908704,-0.00179821125565541
"rs929708","education_years",0.101010101010101,-0.00107082270560841,-0.000606213420609949,-0.000999189441815718,-0.00065182924504947
"rs929708","education_years",0.111111111111111,-0.000542318047489335,0.000314178276824445,-0.000583161706399573,0.000376296738739368
"rs929708","education_years",0.121212121212121,-0.000192445453663413,0.000341740148871973,-0.000202998695814123,0.000337915659238102
"rs929708","education_years",0.131313131313131,-0.000292253466437933,-4.07873371145593e-05,-0.000203052104505341,-7.46131663840593e-05
"rs929708","education_years",0.141414141414141,-0.000744061339945125,-0.000430329148656192,-0.000793974988842232,-0.00039421404231581
"rs929708","education_years",0.151515151515152,-0.00134557383654771,-0.00060239061137614,-0.00134472396180405,-0.000640915484810446
"rs929708","education_years",0.161616161616162,-0.00186379305744139,-0.000674451350551122,-0.00185530850622548,-0.000674081782990467
"rs929708","education_years",0.171717171717172,-0.00205705469390723,-0.000750460552747594,-0.00207369247559741,-0.00066056070326018
"rs929708","education_years",0.181818181818182,-0.00175183191704288,-0.000560320636589915,-0.00177330372876331,-0.000673193024011253
"rs929708","education_years",0.191919191919192,-0.00106200898655619,0.000176892846711363,-0.00106129227646957,0.000163182670879552
"rs929708","education_years",0.202020202020202,-0.000191728399827181,0.00146337382661085,-0.000184510469587626,0.00154698430591765
"rs929708","education_years",0.212121212121212,0.000582236228308512,0.00227459130143368,0.000582894045766042,0.00225280069361223
"rs929708","education_years",0.222222222222222,0.000970441785015424,0.00185226941061939,0.000996021850567639,0.00185203696339078
"rs929708","education_years",0.232323232323232,0.000817861153041311,0.00120362216050895,0.000849362578640351,0.00118788968268873
"rs929708","education_years",0.242424242424242,0.000424806977005876,0.00055377741659687,0.000377050229290912,0.000584966277955529
"rs929708","education_years",0.252525252525253,0.000147691094567449,-9.71214428090904e-05,0.000163592943875161,-0.000142689926037585
"rs929708","education_years",0.262626262626263,0.000124087415317305,-0.000422532569427056,0.000120321019805482,-0.000380119828658673
"rs929708","education_years",0.272727272727273,0.000461673292903576,-0.000309387357565157,0.000414855640819042,-0.000340539180244338
"rs929708","education_years",0.282828282828283,0.00117585653943839,0.000190886220592259,0.00119242695643187,0.000185089423632023
"rs929708","education_years",0.292929292929293,0.00188649967974466,0.00068361826544507,0.00189668285568839,0.00072015139561372
"rs929708","education_years",0.303030303030303,0.00218795194002555,0.00090121219386851,0.00222568821053896,0.000877444123849604
"rs929708","education_years",0.313131313131313,0.00201358874985252,0.00125917987436031,0.00200596451749616,0.00126702850634638
"rs929708","education_years",0.323232323232323,0.00155229500423177,0.0017122100069688,0.00154243178998076,0.0016884699862603
"rs929708","education_years",0.333333333333333,0.00108255098524029,0.00208971473050145,0.00113016226566241,0.00212451876570772
"rs929708","education_years",0.343434343434343,0.00105908208100594,0.00239370690558099,0.000967283943955649,0.00236477505827384
"rs929708","education_years",0.353535353535354,0.00175853403495353,0.00228101064645486,0.00167098241455838,0.00223405514136401
"rs929708","education_years",0.363636363636364,0.00256746817303006,0.00046837874878213,0.0027041766580224,0.0006549283372883
"rs929708","education_years",0.373737373737374,0.00264422196950794,-0.00226263736369517,0.00269485153982413,-0.00240176027101281
"rs929708","education_years",0.383838383838384,0.00151072137654657,-0.00433503630023944,0.00146421735693103,-0.00430194446350372
"rs929708","education_years",0.393939393939394,-1.33555910666455e-05,-0.00408474769768563,-1.28075326119586e-05,-0.00413602297897486
"rs929708","education_years",0.404040404040404,-0.00139396082555773,-0.00223190897717153,-0.00136553556718408,-0.00227836506991065
"rs929708","education_years",0.414141414141414,-0.0023181577772457,7.58023004297315e-06,-0.00240152138916438,0.000143803351070366
"rs929708","education_years",0.424242424242424,-0.00270671701130642,0.0020011448147801,-0.0026835456460612,0.00191629869442413
"rs929708","education_years",0.434343434343434,-0.00246339439558634,0.00274609542225107,-0.00238445223322721,0.00266968701487509
"rs929708","education_years",0.444444444444444,-0.00146401967651715,0.000400372666611701,-0.00174643586286667,0.000789593672929151
"rs929708","education_years",0.454545454545455,-0.000604340255526023,-0.00249638232023087,-0.000280233996948941,-0.00296312939882529
"rs929708","education_years",0.464646464646465,-0.000723003753744318,-0.00314656840246863,-0.000776397111647074,-0.00294406156145175
"rs929708","education_years",0.474747474747475,-0.00133489954008114,-0.00261839032257275,-0.00136145731072877,-0.00261901929425828
"rs929708","education_years",0.484848484848485,-0.00171316442468155,-0.00255605805180197,-0.00175879246072287,-0.00264234287818878
"rs929708","education_years",0.494949494949495,-0.00152452535803616,-0.00292926559375435,-0.0015006348616615,-0.00275144668050993
"rs929708","education_years",0.505050505050505,-0.000672264787644571,-0.00286633669311943,-0.000669015158590862,-0.00301968707441945
"rs929708","education_years",0.515151515151515,0.000660601154705109,-0.00150618709467053,0.000431909364619228,-0.00150771507731332
"rs929708","education_years",0.525252525252525,0.00154509577096815,0.00108017939459694,0.00188856319456458,0.00111104690615923
"rs929708","education_years",0.535353535353535,0.0017117735147104,0.00294325178802973,0.00177712048424888,0.00290003584294623
"rs929708","education_years",0.545454545454546,0.00125164060331171,0.00240137402834291,0.000882328028099559,0.00258765478360136
"rs929708","education_years",0.555555555555556,0.000795087596688244,0.00059949395076755,0.000985892836591953,0.000460413382745425
"rs929708","education_years",0.565656565656566,0.000679923075534789,-0.000716375127641832,0.000678851301429947,-0.00074990741155292
"rs929708","education_years",0.575757575757576,-3.18391256359155e-05,-0.000607637323298046,2.51347076680741e-06,-0.000558253422702969
"rs929708","education_years",0.585858585858586,-0.000969943184207912,0.000218415883099188,-0.000938329710980315,0.00018750871600895
"rs929708","education_years",0.595959595959596,-0.00145640884663483,0.000845499220711939,-0.00160756217020243,0.000882409899022727
"rs929708","education_years",0.606060606060606,-0.00131802818860726,0.00106165413113066,-0.00126687393581339,0.00104363448255034
"rs929708","education_years",0.616161616161616,-0.000655418740807476,0.000978214446197211,-0.00062660046547465,0.00101010772811484
"rs929708","education_years",0.626262626262626,-3.64852591307226e-05,0.00109584035545042,-5.79453077814645e-05,0.00102917006556822
"rs929708","education_years",0.636363636363636,0.000316204189912166,0.00126433679705249,0.000337191331339136,0.0012918408090008
"rs929708","education_years",0.646464646464647,0.000389577827546286,0.00108784163491108,0.000436630752484975,0.0011456081476572
"rs929708","education_years",0.656565656565657,0.000413491066748581,0.000272525384418492,0.000322617756515052,0.0002385981564907
"rs929708","education_years",0.666666666666667,0.000295697754214773,-0.000375052082479972,0.000268180871157862,-0.000439481913901523
"rs929708","education_years",0.676767676767677,-0.000135472148168687,-0.000110040902130803,2.01944613140687e-05,-4.2586023766318e-05
"rs929708","education_years",0.686868686868687,-0.000961028629252014,0.000419028816024764,-0.000998587285172073,0.000443730955867222
"rs929708","education_years",0.696969696969697,-0.00200342488727128,0.000598345190438551,-0.00208657276351124,0.000476607733990122
"rs929708","education_years",0.707070707070707,-0.00244199665585819,0.000992057311548988,-0.00242603266951646,0.00109149970075912
"rs929708","education_years",0.717171717171717,-0.00242198648470095,0.00113020984023961,-0.00240997203333701,0.00118670937876615
"rs929708","education_years",0.727272727272727,-0.00231587140955706,0.000497616344648007,-0.00230942557261759,0.000361757156281162
"rs929708","education_years",0.737373737373737,-0.00220326781610627,-0.000184666327350518,-0.00218376920124397,-0.00010568886046869
"rs929708","education_years",0.747474747474748,-0.00201184653999448,-0.000238523403134472,-0.00200968334504067,-0.00025543644001953
"rs929708","education_years",0.757575757575758,-0.00143360274967746,-0.000163505366969432,-0.0014836583009469,-0.000158497063621125
"rs929708","education_years",0.767676767676768,-0.000398784757567094,0.000110219697155112,-0.000390303379226614,7.5592375421143e-05
"rs929708","education_years",0.777777777777778,0.000971800780296126,0.000699118825131404,0.000928187199700716,0.000752236230453667
"rs929708","education_years",0.787878787878788,0.00214583486046371,0.00112719638585908,0.00218916654626287,0.00111889937294421
"rs929708","education_years",0.797979797979798,0.00261463600126988,0.00130427414003266,0.00268911723526511,0.00119789105923527
"rs929708","education_years",0.808080808080808,0.0020527026009506,0.00125630196801489,0.00199139107845393,0.0014400649920386
"rs929708","education_years",0.818181818181818,0.000732302594804645,0.000904213633062152,0.000796553989927811,0.000792133504639752
"rs929708","education_years",0.828282828282828,-0.000825026038900887,0.00017541056790497,-0.000822833824645474,0.000156263282304471
"rs929708","education_years",0.838383838383838,-0.00185512528163763,-0.000798614109464491,-0.00195653600753111,-0.000703129085778459
"rs929708","education_years",0.848484848484849,-0.00212077183437112,-0.00156082602126894,-0.00209794854489162,-0.00161866312709827
"rs929708","education_years",0.858585858585859,-0.00158918937383191,-0.00168707280409249,-0.00156051181990765,-0.00171636111193138
"rs929708","education_years",0.868686868686869,-0.000418627101614203,-0.0011775497129992,-0.000461018365981683,-0.00114453918652331
"rs929708","education_years",0.878787878787879,0.00113536363322811,-0.000275695539444449,0.00109378206478724,-0.00029871192308927
"rs929708","education_years",0.888888888888889,0.00259864131952152,0.000398791376658654,0.00266347121169249,0.000440770796876049
"rs929708","education_years",0.898989898989899,0.0033658902912719,0.000778523978135826,0.003427660171131,0.00074242950354763
"rs929708","education_years",0.909090909090909,0.00306714823672604,0.000978764241735699,0.00303557537218282,0.00100177205404574
"rs929708","education_years",0.919191919191919,0.00228165703023558,0.00109583115971203,0.00225342628124737,0.00110424447586801
"rs929708","education_years",0.929292929292929,0.00154906851979401,0.000996040956907866,0.00166263998087755,0.000899553203848149
"rs929708","education_years",0.93939393939394,0.00122104356642576,0.00053656308539948,0.000978039452936828,0.00070188976118817
"rs929708","education_years",0.94949494949495,0.0011926295610221,-0.000221735271097977,0.00125491079185745,-0.000313941427971907
"rs929708","education_years",0.95959595959596,0.00107132940999219,-0.00106892811649562,0.00131885441935938,-0.00110713099916425
"rs929708","education_years",0.96969696969697,0.000173863998235724,-0.00155515879406985,-1.10642964591653e-05,-0.0014723022978542
"rs929708","education_years",0.97979797979798,-0.000745307121153198,-0.00174286369651771,-0.000799387062304046,-0.00179166142732992
"rs929708","education_years",0.98989898989899,-0.000867176159459206,-0.00179171592679326,-0.000789732070306904,-0.00178920915733418
"rs929708","education_years",1,-0.000725672170625285,-0.00163990799999403,-0.000737958495317027,-0.00163279856872435
