"replicate","SNP","direct_log_HR","indirect_log_HR_coordinate_1","indirect_log_HR_coordinate_2","indirect_log_HR","total_log_HR","functional_components","functional_variance_retained","cox_warning","direct_HR","indirect_HR","total_HR"
1,"rs929708",-0.104542919477491,-0.0223849967550316,0.0303468407900847,0.00796184403505312,-0.0965810754424379,17,0.860969182494542,"",0.90073613745288,1.00799362380113,0.907936283279761
1,"rs11719939",0.103843015537518,-0.0150963242703457,0.0238132523477196,0.00871692807737389,0.112559943614891,17,0.860969182494542,"",1.10942627855645,1.00875503112831,1.11913934015977
1,"rs4639533",-0.228970090993344,0.105715147109206,0.0494553941672533,0.155170541276459,-0.0737995497168843,17,0.860969182494542,"",0.79535232134723,1.16785711196552,0.928857865003647
1,"rs2515029",0.332699481696615,-0.0139605960972841,-0.0343958065591265,-0.0483564026564106,0.284343079040204,17,0.860969182494542,"",1.39472809416313,0.952794148191571,1.32888876643702
2,"rs929708",-0.312748661484735,0.0834861399230187,0.0202144983304227,0.103700638253441,-0.209048023231294,17,0.860397167662102,"",0.731433726935042,1.10926833270024,0.811356270757957
2,"rs11719939",-0.0136719128550177,0.0318007946588118,-0.0168922589449158,0.014908535713896,0.00123662285887829,17,0.860397167662102,"",0.986421123268987,1.01502022226989,1.0012373877922
2,"rs4639533",0.167663562368325,-0.0257750523284363,-0.0780546257625468,-0.103829678090983,0.0638338842773423,17,0.860397167662102,"",1.18253869319706,0.901378808907129,1.06591531876056
2,"rs2515029",-0.138844587473087,-0.0842381682601758,-0.0920234789772498,-0.176261647237426,-0.315106234710512,17,0.860397167662102,"",0.870363283305021,0.838398589961565,0.729711349477248
3,"rs929708",-0.294029002894559,0.0279693500919466,0.0324860181633727,0.0604553682553192,-0.23357363463924,17,0.858229543758125,"",0.745254876581238,1.06232018330905,0.791699297101746
3,"rs11719939",-0.245681436323035,0.0321132341412972,0.0380411022461624,0.0701543363874596,-0.175527099935575,17,0.858229543758125,"",0.782171356624598,1.07267372106651,0.83901465962215
3,"rs4639533",-0.203538763534755,0.0553074087608199,0.0599024554554518,0.115209864216272,-0.0883288993184837,17,0.858229543758125,"",0.815838578922613,1.12210890336873,0.915459733120755
3,"rs2515029",-0.154293738912219,0.0512875611154502,0.00447901813812049,0.0557665792535707,-0.098527159658648,17,0.858229543758125,"",0.857020243840716,1.05735084730534,0.906171080982814
4,"rs929708",0.113982248566141,0.0665196763494551,0.00767484161757863,0.0741945179670338,0.188176766533175,17,0.859963510200335,"",1.12073223010352,1.07701628413993,1.20704686198195
4,"rs11719939",0.160106245912045,0.0895452267556087,0.043170839567063,0.132716066322672,0.292822312234717,17,0.859963510200335,"",1.17363555834824,1.14192572112723,1.34020463130737
4,"rs4639533",-0.143614855902957,0.0918945334259112,0.0224660613273735,0.114360594753285,-0.0292542611496726,17,0.859963510200335,"",0.866221303843469,1.12115633509378,0.971169502397299
4,"rs2515029",-0.0228469413531916,-0.0206884850896198,-0.0101855732201802,-0.0308740583098,-0.0537209996629916,17,0.859963510200335,"",0.977412073694343,0.969597678157206,0.947696477256855
5,"rs929708",0.00537316009958115,0.0832682161002689,0.138360081536693,0.221628297636962,0.227001457736543,16,0.853059861161121,"",1.00538762141369,1.24810736717499,1.25483169715297
5,"rs11719939",0.133123380508901,0.0948687899410585,0.156565684595058,0.251434474536117,0.384557855045018,16,0.853059861161121,"",1.14239093841143,1.28586864016421,1.46896468251102
5,"rs4639533",-0.397497602274388,0.0549409131425652,0.206161498678675,0.26110241182124,-0.136395190453149,16,0.853059861161121,"",0.671999553916199,1.29836062610155,0.872497761562596
5,"rs2515029",0.0388714305816005,-0.020089124940788,-0.108411672092709,-0.128500797033497,-0.0896293664518966,16,0.853059861161121,"",1.03963680955719,0.879412861496628,0.914269981609914
6,"rs929708",0.287977402138503,-0.0310592084456546,-0.111982336020903,-0.143041544466557,0.144935857671946,17,0.85965356847265,"",1.3337271644011,0.866718060808034,1.15596542157672
6,"rs11719939",0.464773364114574,-0.0486847117249349,-0.149100240420379,-0.197784952145314,0.266988411969261,17,0.85965356847265,"",1.59165342222467,0.820546290885397,1.3060253119815
6,"rs4639533",0.156272905341587,-0.045076232211652,-0.0165337017539001,-0.0616099339655521,0.0946629713760347,17,0.85965356847265,"",1.16914522553356,0.940249574693184,1.0992883010625
6,"rs2515029",-0.00409412901841824,-0.0326079497701477,-0.101163319932183,-0.133771269702331,-0.137865398720749,17,0.85965356847265,"",0.99591424050193,0.874790132729098,0.871215950635482
7,"rs929708",-0.500096023054238,0.0225317869862355,0.0582359799551491,0.0807677669413846,-0.419328256112853,17,0.857097642346248,"",0.606472421582345,1.08411909903576,0.65748833527589
7,"rs11719939",-0.169214270102107,-0.0213458122333062,0.0583815941017446,0.0370357818684384,-0.132178488233669,17,0.857097642346248,"",0.844327969762101,1.03773015209762,0.876184592481497
7,"rs4639533",-0.232479773896154,-0.0304289141586861,0.00784009774216839,-0.0225888164165177,-0.255068590312672,17,0.857097642346248,"",0.792565779702427,0.977664400688514,0.774863348018998
7,"rs2515029",-0.0440314781749302,0.0295658684562913,-0.0433385458575765,-0.0137726774012851,-0.0578041555762154,17,0.857097642346248,"",0.956923834783079,0.986321731999714,0.943834774115055
8,"rs929708",-0.200496625079369,0.00602259267736964,-0.00172998133754643,0.00429261133982321,-0.196204013739546,16,0.854911226817669,"",0.818324251800472,1.00430183779302,0.821844549993809
8,"rs11719939",0.0865534227448478,-0.00800953362132303,-0.0225803895235513,-0.0305899231448743,0.0559634995999734,16,0.854911226817669,"",1.09040961883664,0.969873214096271,1.05755908170259
8,"rs4639533",-0.288144214526003,-0.0965889356572917,-0.00899804846700222,-0.105586984124294,-0.393731198650297,16,0.854911226817669,"",0.749653473522734,0.899796201458022,0.674535347885567
8,"rs2515029",-0.124404701842614,0.0941983739513395,0.0311427112076404,0.12534108515898,0.000936383316365613,16,0.854911226817669,"",0.883022407765216,1.13353501910931,1.00093682186009
9,"rs929708",-0.0597005185081004,-0.0163521266688081,-0.00783602493301406,-0.0241881516018222,-0.0838886701099225,17,0.856775113407247,"",0.942046616869038,0.976102037317456,0.919533621973885
9,"rs11719939",0.0516693709640376,0.0427472560469492,0.0103214531789046,0.0530687092258539,0.104738080189892,17,0.856775113407247,"",1.05302752347595,1.05450209665301,1.11041973133871
9,"rs4639533",0.170787455083582,0.0592367511387943,0.0161513751013652,0.0753881262401595,0.246175581323742,17,0.856775113407247,"",1.18623859324279,1.07830258720525,1.27912414413642
9,"rs2515029",0.0465801731252251,0.0630199732934839,-0.0765794221085838,-0.0135594488150999,0.0330207243101252,17,0.856775113407247,"",1.04768207164744,0.98653206641201,1.03357195908517
10,"rs929708",-0.0683574537235584,0.0339703326053673,0.0533808565169235,0.0873511891222908,0.0189937353987324,17,0.86193834221162,"",0.933926578371757,1.09127985804583,1.01917526387076
10,"rs11719939",0.366033903623162,0.035743467153766,0.0310635672718995,0.0668070344256655,0.432840938048828,17,0.86193834221162,"",1.44200413099042,1.06908916086523,1.54163098636474
10,"rs4639533",-0.257085286708268,0.0631234469027897,-0.00844295377793142,0.0546804931248582,-0.20240479358341,17,0.86193834221162,"",0.773302258548809,1.05620309660778,0.816764240093044
10,"rs2515029",-0.373470438200778,-0.0287045618263037,-0.165207662300695,-0.193912224126998,-0.567382662327777,17,0.86193834221162,"",0.688341334603904,0.82373020473325,0.567007548479633
11,"rs929708",-0.0885662514349551,0.0537379462098407,0.0755708083027186,0.129308754512559,0.0407425030776042,16,0.852484077935183,"",0.915242472600196,1.13804144535867,1.04158386637157
11,"rs11719939",0.0732691315802679,0.0490080148685782,0.0741309686864606,0.123138983555039,0.196408115135307,16,0.852484077935183,"",1.07602008893609,1.13104160620748,1.2170234897018
11,"rs4639533",-0.279103546905014,0.145089207146903,0.132173944884093,0.277263152030995,-0.00184039487401888,16,0.852484077935183,"",0.756461569905206,1.31951355802419,0.998161297614186
11,"rs2515029",0.0141082736064685,0.0518588891266591,-0.00717858860630873,0.0446803005203504,0.0587885741268189,16,0.852484077935183,"",1.0142082649804,1.04569349879659,1.06055098911577
12,"rs929708",0.112497009069935,0.020952943222811,0.000110700416523548,0.0210636436393345,0.13356065270927,17,0.858862329383489,"",1.11906890985093,1.02128704799374,1.14289058344323
12,"rs11719939",0.275337107042946,0.0297575146907595,0.00249991550676289,0.0322574301975224,0.307594537240468,17,0.858862329383489,"",1.31697456144482,1.03278334070602,1.36014938719382
12,"rs4639533",-0.0630386941006706,0.0452900942522451,0.0222268104398077,0.0675169046920529,0.00447821059138231,17,0.858862329383489,"",0.938907142818738,1.06984834490185,1.00448825276115
12,"rs2515029",0.138710024783575,-0.0323454067394664,-0.042326681957358,-0.0746720886968243,0.0640379360867508,17,0.858862329383489,"",1.14879093080175,0.928047753787811,1.06613284290237
13,"rs929708",-0.332902429230495,0.0187910199788868,0.0156004663804687,0.0343914863593555,-0.29851094287114,16,0.852688298668919,"",0.716840133387058,1.03498971178063,0.741922163047058
13,"rs11719939",-0.216702135878755,0.0267780637408493,0.0380990156402766,0.0648770793811258,-0.151825056497629,16,0.852688298668919,"",0.805169764774433,1.06702785659826,0.859138568304985
13,"rs4639533",-0.166550019113573,0.047348055587185,0.0168141489650522,0.0641622045522372,-0.102387814561336,16,0.852688298668919,"",0.846580470671676,1.06626533782706,0.902679411558528
13,"rs2515029",-0.126560369153849,-0.00693884397633673,-0.0502733430982421,-0.0572121870745788,-0.183772556228427,16,0.852688298668919,"",0.881120955411373,0.944393659977173,0.83212504396353
14,"rs929708",-0.204887195083562,0.116152008656862,0.0694417027516605,0.185593711408522,-0.0192934836750396,17,0.859300483606921,"",0.814739217817237,1.2039330167477,0.980891444369366
14,"rs11719939",0.0402084463541828,0.0870120361623923,0.0605254457600258,0.147537481922418,0.187745928276601,17,0.859300483606921,"",1.04102775001679,1.15897672469132,1.20652693202723
14,"rs4639533",-0.0605030308274272,0.048287677016779,0.0643655719021737,0.112653248918953,0.0521502180915254,17,0.859300483606921,"",0.941290916123757,1.11924376666789,1.05353399049262
14,"rs2515029",0.0787494963323914,0.0568018910805223,-0.0735554515220615,-0.0167535604415392,0.0619959358908522,17,0.859300483606921,"",1.08193325987099,0.983385999987272,1.06395802067772
15,"rs929708",0.118615579532886,0.0916961877970411,0.0590714919429661,0.150767679740007,0.269383259272893,16,0.850259974469632,"",1.12593700185452,1.16272650177845,1.30915679138922
15,"rs11719939",0.301159353434508,0.0955785699654698,0.0820345082805595,0.177613078246029,0.478772431680537,16,0.850259974469632,"",1.35142467854422,1.19436310675201,1.6140917776074
15,"rs4639533",0.0176340650338744,0.114314648736636,0.0245442735618327,0.138858922298469,0.156492987332343,16,0.850259974469632,"",1.01779046311749,1.14896199565173,1.16940256165877
15,"rs2515029",0.00184676029051442,-0.0319194482416365,-0.088510090011477,-0.120429538253113,-0.118582777962599,16,0.850259974469632,"",1.00184846660252,0.886539552270196,0.888178291024381
16,"rs929708",-0.0147608407624707,0.00218169221918224,0.0251962162030342,0.0273779084222164,0.0126170676597457,17,0.860511513510948,"",0.985347566398458,1.02775612707976,1.01269699866915
16,"rs11719939",0.131828281079983,-0.000215326937429574,0.0634542008566635,0.0632388739192339,0.195067154999217,17,0.860511513510948,"",1.14091238620222,1.06528127675452,1.21539260343854
16,"rs4639533",0.131331745031744,0.0668823606593075,0.0283454208854321,0.0952277815447396,0.226559526576484,17,0.860511513510948,"",1.14034602269617,1.09990936564856,1.25427727044361
16,"rs2515029",0.156251429912985,0.03475911715691,-0.0795044616422983,-0.0447453444853883,0.111506085427597,17,0.860511513510948,"",1.16912011790835,0.956240962864381,1.1179605472528
17,"rs929708",0.102021836983032,0.151845837996354,0.021416567353156,0.17326240534951,0.275284242332543,16,0.852221109885343,"",1.10740765390605,1.18917811084406,1.31690494180624
17,"rs11719939",0.233070221982176,0.15070819875324,0.00949541987075277,0.160203618623993,0.393273840606169,16,0.852221109885343,"",1.26247012936956,1.17374984398945,1.48182411738886
17,"rs4639533",-0.559858047242712,0.04753032670175,0.0605655425975628,0.108095869299313,-0.451762177943399,16,0.852221109885343,"",0.571290154305787,1.11415455348295,0.636505526779767
17,"rs2515029",0.0625084661148834,-0.00392922464705031,-0.0356870301471172,-0.0396162547941675,0.0228922113207159,16,0.852221109885343,"",1.06450347108839,0.961158208245573,1.02315624894251
18,"rs929708",0.063303177698156,-0.0367317914657459,0.0616454453480686,0.0249136538823227,0.0882168315804787,17,0.859563668564006,"",1.06534978056873,1.02522659236646,1.09222492521084
18,"rs11719939",0.353816444239812,-0.0127552559862004,0.0664310146714951,0.0536757586852948,0.407492202925107,17,0.859563668564006,"",1.42449368845902,1.05514242591686,1.50304372614391
18,"rs4639533",-0.122785484878635,0.0564560101586821,0.00788174512323507,0.0643377552819172,-0.0584477295967177,17,0.859563668564006,"",0.884453370834633,1.06645253791623,0.943227541995155
18,"rs2515029",-0.141411085610146,0.037562070482186,-0.0285513613714013,0.00901070911078463,-0.132400376499361,17,0.859563668564006,"",0.868132361612612,1.00905142775953,0.875990198969462
19,"rs929708",-0.100294000146226,0.0749026133746283,0.0583921752984777,0.133294788673106,0.0330007885268803,17,0.856237651305339,"",0.904571434804217,1.1425867703281,1.03355135422401
19,"rs11719939",0.142778008452862,0.0554227798164368,0.0407121648590815,0.0961349446755183,0.23891295312838,17,0.856237651305339,"",1.1534737118283,1.10090761559159,1.26986799373648
19,"rs4639533",-0.287146195186177,0.0631471507983186,0.0918515366672753,0.154998687465594,-0.132147507720583,17,0.856237651305339,"",0.750402015655107,1.16765642851488,0.876211737550212
19,"rs2515029",0.0462161592425593,0.0349318394789994,-0.0288405182495733,0.00609132122942614,0.0523074804719854,17,0.856237651305339,"",1.04730077023246,1.00610991105295,1.05369968478426
20,"rs929708",-0.448872457235311,0.0837885078751082,0.068546095747507,0.152334603622615,-0.296537853612696,16,0.850204228007173,"",0.638347510108212,1.16454983384124,0.74338748682949
20,"rs11719939",-0.110395361857939,0.0699333012383975,0.0543447754837831,0.124278076722181,0.0138827148642419,16,0.850204228007173,"",0.895480026653531,1.1323307020336,1.01397952723766
20,"rs4639533",-0.331618064653277,0.0991474692217013,0.0520281948626104,0.151175664084312,-0.180442400568965,16,0.850204228007173,"",0.717761408962122,1.16320097276967,0.834900769121269
20,"rs2515029",0.149384082906736,0.0532734214458723,-0.0539327481793004,-0.000659326733428063,0.148724756173308,16,0.850204228007173,"",1.16111886948657,0.999340890574681,1.16035356509577
21,"rs929708",0.223336510056963,0.0944153947646661,0.0995713532758997,0.193986748040566,0.417323258097528,16,0.851964053024946,"",1.25024122170061,1.21408019390815,1.51789310487424
21,"rs11719939",0.396553485274171,0.171365528123159,0.118786754444428,0.290152282567587,0.686705767841758,16,0.851964053024946,"",1.48669195197502,1.33663101813139,1.98715857741611
21,"rs4639533",-0.201020672282053,0.0840692901241369,0.0804415207674485,0.164510810891585,-0.036509861390468,16,0.851964053024946,"",0.817895523612143,1.17881631353808,0.964148586003768
21,"rs2515029",-0.00197483622330964,-0.0758477476021015,-0.102679543210124,-0.178527290812225,-0.180502127035535,16,0.851964053024946,"",0.998027112482742,0.836501227767948,0.834850904937514
22,"rs929708",-0.134316264157146,0.035610795588528,0.0940040496327975,0.129614845221325,-0.00470141893582074,17,0.861180283349816,"",0.874313506848662,1.13838984258915,0.995309615435012
22,"rs11719939",0.127622669128461,0.0532872432376346,0.104316683606822,0.157603926844457,0.285226595972917,17,0.861180283349816,"",1.13612422706223,1.17070241906787,1.33006338098337
22,"rs4639533",0.0447273605379203,0.0219446938511293,0.137536450684744,0.159481144535874,0.204208505073794,17,0.861180283349816,"",1.04574271030895,1.17290214639788,1.22655386950131
22,"rs2515029",0.0444381559951522,-0.0255745056267887,-0.101291228132553,-0.126865733759342,-0.0824275777641894,17,0.861180283349816,"",1.04544032049493,0.880851933335433,0.920878127494771
23,"rs929708",-0.170702089432491,0.0927426549127068,0.0763632265951505,0.169105881507857,-0.00159620792463358,17,0.854955972532163,"",0.843072696329101,1.18424552198752,0.998405065337682
23,"rs11719939",0.0596243949594672,0.05818660996266,0.0738886088767423,0.132075218839402,0.191699613798869,17,0.854955972532163,"",1.06143779027838,1.14119415533885,1.21130660252146
23,"rs4639533",-0.255950844190621,0.0565265584646076,0.114368948436337,0.170895506900944,-0.0850553372896768,17,0.854955972532163,"",0.774180023302591,1.18636677540365,0.918461457827419
23,"rs2515029",0.0914318300843716,0.0467294562090359,-0.0376173743971019,0.00911208181193398,0.100543911896306,17,0.854955972532163,"",1.09574207750148,1.00915372321326,1.10577219719205
24,"rs929708",-0.313961430689324,0.0399050407869899,0.0387712832448358,0.0786763240318257,-0.235285106657499,16,0.852641120618016,"",0.73054720431814,1.08185409522167,0.790345484744323
24,"rs11719939",-0.154041338338233,0.00321034899886241,0.0575902395010367,0.0608005884998991,-0.0932407498383338,16,0.852641120618016,"",0.857236583543163,1.06268698105192,0.910974157012743
24,"rs4639533",-0.320301651410363,0.0282025707346251,0.0719339136922933,0.100136484426918,-0.220165166983444,16,0.852641120618016,"",0.72593002622665,1.10532176698908,0.802386259299269
24,"rs2515029",0.0596187931040888,0.102925964734519,-0.0196322311463479,0.0832937335881709,0.14291252669226,16,0.852641120618016,"",1.06143184427404,1.08686100925005,1.15362888551782
25,"rs929708",-0.543804537685655,0.0740825775147586,0.0753424220246784,0.149424999539437,-0.394379538146218,17,0.861323167491072,"",0.580535376839954,1.16116637953284,0.674098161715983
25,"rs11719939",-0.432919353088568,0.138037221285542,0.0844394203388015,0.222476641624343,-0.210442711464225,17,0.861323167491072,"",0.648612798314668,1.24916664080622,0.810225470454653
25,"rs4639533",-0.367675823284229,0.038125595532714,-0.0724565629611714,-0.0343309674284573,-0.402006790712686,17,0.861323167491072,"",0.692341586335035,0.966251653885207,0.668976202849735
25,"rs2515029",-0.100247872377462,0.0574056183765508,-0.0308617758455329,0.0265438425310179,-0.0737040298464437,17,0.861323167491072,"",0.904613161628567,1.02689926813778,0.928946593624176
26,"rs929708",-0.0992218705832427,0.064471352235418,0.000297002442443173,0.0647683546778612,-0.0344535159053815,16,0.852044344200891,"",0.9055417726523,1.06691185061764,0.966133248472047
26,"rs11719939",0.111931018613913,0.0896869828562912,0.030713369980787,0.120400352837078,0.232331371450991,16,0.852044344200891,"",1.11843570673868,1.12794833851371,1.26153769715031
26,"rs4639533",0.144869385365246,0.0302354271586389,0.0097438907152259,0.0399793178738648,0.184848703239111,16,0.852044344200891,"",1.15588858444248,1.04078924823528,1.20303641084563
26,"rs2515029",-0.10106876745364,0.00955108716931756,0.00790834558905663,0.0174594327583742,-0.0836093346952655,16,0.852044344200891,"",0.903870873850215,1.01761273957152,0.919790516157621
27,"rs929708",-0.08409528605342,-0.023174483638038,0.0693994089649204,0.0462249253268824,-0.0378703607265377,17,0.85811863451943,"",0.919343651293165,1.04730995099956,0.9628377543876
27,"rs11719939",0.277040267814541,-0.00432821957286376,0.0270692947382968,0.0227410751654331,0.299781342979974,17,0.85811863451943,"",1.31921949205126,1.02300162472574,1.34956368373831
27,"rs4639533",-0.214212248396681,0.000314500319006242,0.0686156162519431,0.0689301165709493,-0.145282131825732,17,0.85811863451943,"",0.807177044806383,1.07136133612826,0.86477827721583
27,"rs2515029",-0.143417484614565,0.11557042216655,-0.0108955528360446,0.104674869330505,-0.0387426152840595,17,0.85811863451943,"",0.866392287931362,1.11034954297157,0.961998280938677
28,"rs929708",-0.372907308845947,0.046530298490769,0.031135557231056,0.0776658557218249,-0.295241453124122,16,0.851702449200876,"",0.688729068977621,1.08076146806793,0.744351839689312
28,"rs11719939",-0.226742666893358,0.0289871107712824,0.0344030133553636,0.0633901241266461,-0.163352542766712,16,0.851702449200876,"",0.797125882779235,1.06544241295421,0.849291723976565
28,"rs4639533",-0.274880226482132,0.0007043245426295,0.0070030369147975,0.007707361457427,-0.267172865024705,16,0.851702449200876,"",0.759663105298755,1.00773713962228,0.765540724810343
28,"rs2515029",-0.0575497366905427,-0.0507348554542371,-0.0281201852824711,-0.0788550407367082,-0.136404777427251,16,0.851702449200876,"",0.944074934055861,0.924173882300768,0.872489396989247
29,"rs929708",-0.204834978210467,0.0725703015971663,0.045532065891823,0.118102367488989,-0.0867326107214777,16,0.852571072159762,"",0.814781762062333,1.1253593056775,0.916922238033156
29,"rs11719939",-0.0303390059523662,0.0909926378788609,0.0502375948257,0.141230232704561,0.110891226752195,16,0.852571072159762,"",0.970116602494131,1.15168977411473,1.11727337079141
29,"rs4639533",-0.365837508482435,0.0524210921824034,-0.0112737490526865,0.0411473431297169,-0.324690165352718,16,0.852571072159762,"",0.693615498688304,1.04200562660527,0.722751252333834
29,"rs2515029",0.314063308731141,-0.0229428619148766,0.00311893142990815,-0.0198239304849684,0.294239378246173,16,0.852571072159762,"",1.36897640196298,0.980371271606003,1.34210513599106
30,"rs929708",-0.0748424833847614,0.0173424867189232,0.086773025540138,0.104115512259061,0.0292730288742999,17,0.858475323143926,"",0.92788963285228,1.10972863477382,1.02970569548594
30,"rs11719939",0.0511657705794436,0.0198583911802426,0.0936664131556943,0.113524804335937,0.16469057491538,17,0.858475323143926,"",1.05249735191864,1.12021967485291,1.17902824134985
30,"rs4639533",-0.288209499135024,-0.00810282777678068,0.118495164101388,0.110392336324607,-0.177817162810417,17,0.858475323143926,"",0.74960453428632,1.11671611281862,0.837095461679432
30,"rs2515029",0.229433259414677,0.0309794095250669,-0.00750571931917708,0.0234736902058898,0.252906949620567,17,0.858475323143926,"",1.25788691231293,1.02375136570465,1.28776344438237
31,"rs929708",0.0960279269497665,-0.0232835273518166,0.0160822364480991,-0.0072012909037175,0.088826636046049,17,0.862190721635806,"",1.10078980526632,0.99282457626205,1.09289117196712
31,"rs11719939",0.349011970018303,0.00534402774066663,0.0144688794733186,0.0198129072139852,0.368824877232288,17,0.862190721635806,"",1.4176661597303,1.02001048557006,1.44603434796274
31,"rs4639533",0.13115201791498,-0.0469703617406547,-0.0431794101897238,-0.0901497719303786,0.0410022459846019,17,0.862190721635806,"",1.14014109000993,0.913794314283349,1.04185444553189
31,"rs2515029",0.27542838463247,-0.0332389963671819,-0.0596329652350677,-0.0928719616022496,0.18255642303022,17,0.862190721635806,"",1.31709477719467,0.911310175521254,1.2002818725834
32,"rs929708",-0.187723204891168,0.0637135594098862,0.0669376695903857,0.130651229000272,-0.0570719758908959,17,0.858929846274596,"",0.828844095476056,1.13957026293471,0.944526083813535
32,"rs11719939",-0.128166404932868,0.0354703962536957,0.0519795670997094,0.0874499633534051,-0.0407164415794626,17,0.858929846274596,"",0.879706979383313,1.09138765369837,0.960101336171232
32,"rs4639533",-0.0834819391052476,0.0415668151888489,0.0654108721455144,0.106977687334363,0.0234957482291157,17,0.858929846274596,"",0.91990770087737,1.11290942222647,1.02377394788511
32,"rs2515029",-0.15883778845098,-0.00865676322572299,-0.0435575468362288,-0.0522143100619518,-0.211052098512932,17,0.858929846274596,"",0.853134736052705,0.949125437913836,0.809731879955529
33,"rs929708",0.0355676830937731,0.00993158405090562,0.026025087676536,0.0359566717274417,0.0715243548212148,17,0.856791728507826,"",1.03620777950299,1.03661093095692,1.0741443109754
33,"rs11719939",0.161791997995821,0.0352740228047311,0.0421670909365427,0.0774411137412737,0.239233111737094,17,0.856791728507826,"",1.17561568546911,1.08051860288712,1.27027461799526
33,"rs4639533",-0.168376557776537,-0.0252407003361643,0.0241647985135348,-0.00107590182262952,-0.169452459599167,17,0.856791728507826,"",0.845035570050555,0.998924676752221,0.84412688365688
33,"rs2515029",0.0861030708894054,0.0137140948768542,-0.0311468594912543,-0.0174327646144001,0.0686703062750053,17,0.856791728507826,"",1.0899186614017,0.982718306888186,1.07108302157852
34,"rs929708",-0.247196605680937,0.0844347915191653,0.0637543585567465,0.148189150075912,-0.0990074556050252,17,0.855815363047671,"",0.780987131929453,1.15973223905903,0.905735955188836
34,"rs11719939",-0.0961508412743481,0.0695958246212568,0.102264034064585,0.171859858685842,0.0757090174114937,17,0.855815363047671,"",0.908326992533485,1.18751140214377,1.07864866050847
34,"rs4639533",-0.460609316210434,0.0682812710536272,0.083952065652226,0.152233336705853,-0.30837597950458,17,0.855815363047671,"",0.630899111311693,1.16443190944118,0.734639056849417
34,"rs2515029",0.00636507972782134,0.0361067627901322,-0.0245347082200714,0.0115720545700608,0.0179371342978821,17,0.855815363047671,"",1.00638537989567,1.01163926981616,1.01809897087131
35,"rs929708",-0.355603638780655,0.073659048312894,0.0133310260239814,0.0869900743368754,-0.26861356444378,17,0.86080914511396,"",0.700750315447298,1.09088585189907,0.764438604835266
35,"rs11719939",-0.0336208429811003,0.0891446585115247,0.00965820338135245,0.0988028618928771,0.0651820189117768,17,0.86080914511396,"",0.966938056493722,1.10384866747094,1.06735328518754
35,"rs4639533",0.0501555744446208,0.170524709251414,0.0376357225626777,0.208160431814092,0.258316006258713,17,0.86080914511396,"",1.05143466001582,1.23141071115675,1.29474790242493
35,"rs2515029",0.262453821500733,-0.00662907584672727,0.00478031254024621,-0.00184876330648106,0.260605058194252,17,0.86080914511396,"",1.30011642935667,0.998152944603731,1.29771504229005
36,"rs929708",-0.113124202176908,0.0431737706811463,0.0262176821667789,0.0693914528479252,-0.0437327493289826,16,0.850740905272727,"",0.893039735748389,1.07185570800544,0.957209738237582
36,"rs11719939",0.128000098288791,0.0537979800378,0.026597250417555,0.080395230455355,0.208395328744146,16,0.850740905272727,"",1.13655311440749,1.08371530033572,1.2316999997276
36,"rs4639533",-0.178769888816216,0.0581812038519266,0.0524031301741807,0.110584334026107,-0.0681855547901088,16,0.850740905272727,"",0.8362983188534,1.11693054032965,0.934087133153702
36,"rs2515029",0.109313303386962,-0.0111401101886885,-0.0283183206567942,-0.0394584308454827,0.0698548725414788,16,0.850740905272727,"",1.11551178922016,0.961309914000395,1.07235254216165
37,"rs929708",-0.189923816324911,0.11881700141433,0.015148261612024,0.133965263026354,-0.055958553298557,17,0.854920601983974,"",0.827022137129212,1.14335310232824,0.945578326180813
37,"rs11719939",0.092110901889826,0.139845015771185,0.0471575330911801,0.187002548862366,0.279113450752192,17,0.854920601983974,"",1.09648641775399,1.20563035803185,1.32195731241381
37,"rs4639533",-0.0973034221984505,0.104768645969605,0.0333600661094365,0.138128712079042,0.0408252898805914,17,0.854920601983974,"",0.907280675267535,1.14812331810349,1.04167009933934
37,"rs2515029",-0.0651309127233412,-0.0402429830407315,-0.0223577234698399,-0.0626007065105715,-0.127731619233913,17,0.854920601983974,"",0.936944797353265,0.939318462565445,0.880089546558561
38,"rs929708",-0.126194102150027,0.0449763624220751,0.0619262488669038,0.106902611288979,-0.0192914908610476,17,0.857278856670824,"",0.88144374005279,1.11282587252451,0.980893399105509
38,"rs11719939",0.12546659535568,0.033505306416503,0.0284809290891683,0.0619862355056713,0.187452830861352,17,0.857278856670824,"",1.13367729824108,1.06394769992516,1.20617335392097
38,"rs4639533",-0.444024052479195,0.00740793050936752,0.0408966085090906,0.0483045390184581,-0.395719513460737,17,0.857278856670824,"",0.64144999217918,1.04949021738313,0.673195491732533
38,"rs2515029",-0.421388817867809,0.0227646746417518,-0.0279668965219806,-0.00520222188022884,-0.426591039748038,17,0.857278856670824,"",0.65613493481937,0.994811286241783,0.652730438455825
39,"rs929708",-0.107070197279771,0.0977782702758859,-0.0244397625134523,0.0733385077624336,-0.0337316895173369,17,0.856264273214412,"",0.89846260114602,1.07609474169133,0.966830880699546
39,"rs11719939",0.251330174805465,0.062085307374525,-0.0310556017506381,0.0310297056238869,0.282359880429352,17,0.856264273214412,"",1.28573453140526,1.03151614526205,1.32625592766547
39,"rs4639533",-0.350980818717061,0.165723755106243,0.0958686766067663,0.261592431713009,-0.0893883870040524,17,0.856264273214412,"",0.703997257296694,1.29899700454134,0.914490328433724
39,"rs2515029",0.0951810491870469,-0.0434711088981358,-0.0437637381092099,-0.0872348470073456,0.0079462021797013,17,0.856264273214412,"",1.09985796549169,0.916461842037361,1.00797785703398
40,"rs929708",-0.0674489790158165,0.0381012676226758,0.0913739673876656,0.129475235010341,0.062026255994525,17,0.854824408984412,"",0.934775412560912,1.13823092283671,1.06399028048427
40,"rs11719939",0.209718727354582,0.0382307720736412,0.0690483663174876,0.107279138391129,0.316997865745711,17,0.854824408984412,"",1.23333110886144,1.11324496051953,1.37299964159196
40,"rs4639533",-0.091115675425473,0.0261544893393079,0.14132691015439,0.167481399493698,0.076365724068225,17,0.854824408984412,"",0.912912103295313,1.18232329816843,1.079357248906
40,"rs2515029",0.0424787836762155,-0.0227248553551941,-0.0670575333353853,-0.0897823886905793,-0.0473036050143639,17,0.854824408984412,"",1.04339391915562,0.914130088674206,0.953797775839854
41,"rs929708",-0.0866727529717562,0.102593622978198,0.0445870950170066,0.147180717995205,0.0605079650234487,16,0.850673025909942,"",0.91697712457767,1.15856331735227,1.06237605938685
41,"rs11719939",0.0649903259157255,0.113415810082386,0.0592691919805371,0.172685002062923,0.237675327978649,16,0.850673025909942,"",1.06714870064779,1.18849167368913,1.26829734530807
41,"rs4639533",0.273655083974842,0.130486624259053,0.00099345637334879,0.131480080632401,0.405135164607243,16,0.850673025909942,"",1.31476124180154,1.1405151891548,1.49950516638667
41,"rs2515029",-0.0507662517998335,-0.095275620405631,-0.0262031091269721,-0.121478729532603,-0.172244981332437,16,0.850673025909942,"",0.950500822424111,0.885609890484831,0.841772929252759
42,"rs929708",-0.370973725701401,-0.0210871603731576,-0.0506506066849389,-0.0717377670580965,-0.442711492759497,16,0.857012558211308,"",0.69006207221754,0.930774943662841,0.642292486392144
42,"rs11719939",-0.055323554481838,-0.025003171050986,-0.0657757005284853,-0.0907788715794712,-0.146102426061309,16,0.857012558211308,"",0.946178957979111,0.913219627387506,0.864069195447582
42,"rs4639533",-0.266033565347119,0.10575145484288,0.0751690741131577,0.180920528956037,-0.085113036391082,16,0.857012558211308,"",0.766413402137402,1.19831994377208,0.918408464955462
42,"rs2515029",0.063857730549894,-0.0216871731643446,0.0299952937984897,0.00830812063414506,0.0721658511840391,16,0.857012558211308,"",1.06594073717083,1.00834272884505,1.07483359170594
43,"rs929708",-0.0701668618188651,0.0117798462023596,0.0915728120313202,0.10335265823368,0.0331857964148147,17,0.861204528183081,"",0.932238251956797,1.10888239663682,1.03374258706637
43,"rs11719939",0.00421633825613845,0.0428074913133464,0.0790968464914501,0.121904337804797,0.126120676060935,17,0.861204528183081,"",1.00422523951613,1.12964603219207,1.13441905724653
43,"rs4639533",-0.265024344363301,0.0795869007742264,0.113751465425424,0.19333836619965,-0.0716859781636505,17,0.861204528183081,"",0.767187273062823,1.21329326150091,0.930823148716384
43,"rs2515029",-0.155050002464474,0.064321670723718,-0.0466387930531235,0.0176828776705945,-0.13736712479388,17,0.861204528183081,"",0.856372355684733,1.01784014536618,0.871650162997722
44,"rs929708",-0.16817487583514,0.113508112292976,0.0629737312693799,0.176481843562356,0.00830696772721598,17,0.856857508641068,"",0.845206015652195,1.19301276570107,1.0083415663204
44,"rs11719939",-0.0522259162871154,0.117171624738974,0.079495943224108,0.196667567963082,0.144441651675967,17,0.856857508641068,"",0.94911442221422,1.21733929085365,1.15539427767723
44,"rs4639533",-0.418467359826705,0.132345585976858,0.103500234780679,0.235845820757537,-0.182621539069168,17,0.856857508641068,"",0.658054608258095,1.26597910741941,0.833083385595809
44,"rs2515029",-0.0730530044958423,0.00603306872695559,-0.0624502582625653,-0.0564171895356097,-0.129470194031452,17,0.856857508641068,"",0.929551558308285,0.945144749130128,0.878560774380804
45,"rs929708",-0.114853704023951,0.0156668540015173,-0.025244768803407,-0.00957791480188973,-0.124431618825841,16,0.854311196998908,"",0.891496556726074,0.990467807333411,0.882998639785761
45,"rs11719939",0.0619914057334025,0.010283362577294,-0.0158801195484272,-0.00559675697113316,0.0563946487622694,16,0.854311196998908,"",1.06395320079129,0.994418875695488,1.05801514572349
45,"rs4639533",-0.37221246063273,0.101528632433492,0.0900206015003465,0.191549233933838,-0.180663226698891,16,0.854311196998908,"",0.689207797443139,1.21112446009368,0.834716421570679
45,"rs2515029",-0.0356304832749065,0.0178810128708919,-0.0324875823320274,-0.0146065694611354,-0.0502370527360419,16,0.854311196998908,"",0.964996810070628,0.985499588975853,0.951003959687614
46,"rs929708",-0.345816803810772,0.0441175134735362,0.0473832756068971,0.0915007890804333,-0.254316014730339,17,0.855830597599702,"",0.707642112571054,1.09581764138046,0.775446710739098
46,"rs11719939",-0.164475968668519,0.0931290534412886,0.0735880710162299,0.166717124457518,0.00224115578899928,17,0.855830597599702,"",0.848338143394513,1.18142002320617,1.00224366905582
46,"rs4639533",-0.232198175253684,0.0822074461032359,0.0809053744890167,0.163112820592253,-0.0690853546614313,17,0.855830597599702,"",0.792788996577369,1.17716949115613,0.93324701969516
46,"rs2515029",-0.151041526800808,-0.00543564156665652,-0.086996292371042,-0.0924319339376985,-0.243473460738506,17,0.855830597599702,"",0.859811992676481,0.911711265448331,0.783900279890725
47,"rs929708",-0.277216170245037,0.082925787269363,0.086920203246964,0.169845990516327,-0.10737017972871,16,0.851140109967444,"",0.757890645994623,1.18512231718857,0.898193118556692
47,"rs11719939",-0.112523664564334,0.080059526556663,0.0968337129657478,0.176893239522411,0.0643695749580771,16,0.851140109967444,"",0.893576200766817,1.19350366730371,1.06648647263052
47,"rs4639533",-0.386306641834901,0.0818705749936837,0.0431301885025175,0.125000763496201,-0.2613058783387,16,0.851140109967444,"",0.679562111554893,1.1331493182217,0.770045343397723
47,"rs2515029",-0.08858550041655,-0.0974557839675968,-0.0665463383903643,-0.164002122357961,-0.252587622774511,16,0.851140109967444,"",0.915224855284245,0.848740220547731,0.776788145524715
48,"rs929708",-0.3769738685791,0.0295489848822347,0.0366788182310232,0.0662278031132578,-0.310746065465842,17,0.859594651116944,"",0.685933998091841,1.06847009025735,0.732899960851774
48,"rs11719939",-0.313243667189833,0.038917181273849,0.0590195250613253,0.0979367063351744,-0.215306960854659,17,0.859594651116944,"",0.731071752664364,1.10289297676091,0.806293901521815
48,"rs4639533",-0.179489407555312,0.0378409174533967,0.0826537506451427,0.120494668098539,-0.0589947394567725,17,0.859594651116944,"",0.835696802968437,1.12805472627309,0.942711728319854
48,"rs2515029",0.243673056393888,-0.0246910949245068,-0.153217909036798,-0.177909003961305,0.0657640524325831,17,0.859594651116944,"",1.27592710607955,0.837018585399085,1.06797470140305
49,"rs929708",-0.0967613390714569,0.0429919273783533,0.0927361669376893,0.135728094316043,0.0389667552445857,17,0.85732411000497,"",0.907772630141217,1.14537041852383,1.03973591730932
49,"rs11719939",0.101863315604939,0.0341597040633164,0.123429438232025,0.157589142295341,0.25945245790028,17,0.85732411000497,"",1.10723212003194,1.1706851108884,1.2962201572188
49,"rs4639533",-0.205960453527273,0.0940866265185214,0.0818268913302779,0.175913517848799,-0.0300469356784739,17,0.85732411000497,"",0.813865261146871,1.19233493850127,0.970399986097878
49,"rs2515029",0.286944866964253,-0.0213107107839754,-0.107031228039233,-0.128341938823209,0.158602928141045,17,0.85732411000497,"",1.3323507549089,0.879552574546899,1.17187253667963
50,"rs929708",-0.375356502974723,-0.0568801784939719,-0.0586137916854815,-0.115493970179453,-0.490850473154177,17,0.85963366024158,"",0.687044301788698,0.890925944344446,0.612105593377566
50,"rs11719939",-0.11072617097286,0.0069432288105016,0.00364930878234412,0.0105925375928457,-0.100133633380014,17,0.85963366024158,"",0.895183842691362,1.01064883712856,0.904716509632303
50,"rs4639533",-0.13974580377343,0.0277812275680249,0.0482287673691594,0.0760099949371844,-0.0637358088362453,17,0.85963366024158,"",0.869579251071267,1.07897335837433,0.938252844901
50,"rs2515029",0.124016124598652,-0.0253806444229262,-0.0247002261656226,-0.0500808705885487,0.0739352540101035,17,0.85963366024158,"",1.13203412444793,0.951152501127771,1.07673708883063
51,"rs929708",-0.0156727985332958,0.0848889020327049,0.0171292310993543,0.102018133132059,0.0863453345987634,16,0.850853185490961,"",0.984449380644306,1.10740355224073,1.09018274112669
51,"rs11719939",0.0686619149184374,0.0813711099674714,0.00600922960697577,0.0873803395744472,0.156042254492885,16,0.850853185490961,"",1.07107403377668,1.09131166981078,1.1688755922918
51,"rs4639533",0.317244225965903,0.0323238999305602,-0.0626392529480725,-0.0303153530175123,0.286928872948391,16,0.850853185490961,"",1.37333793575539,0.970139548870304,1.3323294454402
51,"rs2515029",0.0189640609959603,0.0129038238308081,-0.0321246574091629,-0.0192208335783548,-0.000256772582394479,16,0.850853185490961,"",1.01914502090221,0.98096270881629,0.999743260380864
52,"rs929708",-0.0841550107244216,0.00571263469636241,0.0405599515793627,0.0462725862757251,-0.0378824244486965,17,0.859623617302715,"",0.919288745435687,1.04735986797509,0.962826139050509
52,"rs11719939",0.0671989165661051,0.00818351468113382,0.030545421758942,0.0387289364400759,0.105927853006181,17,0.859623617302715,"",1.06950819991551,1.03948867795671,1.11174166479403
52,"rs4639533",0.00667918426562384,0.0642238382533507,0.101100096499708,0.165323934753059,0.172003119018682,17,0.859623617302715,"",1.00670153976129,1.1797752270158,1.18768153760903
52,"rs2515029",0.0871242755085385,-0.0565238147386887,-0.0843628821370774,-0.140886696875766,-0.0537624213672277,17,0.859623617302715,"",1.09103225988239,0.868587719824916,0.947657222866666
53,"rs929708",-0.16648224609382,0.0634784481804549,0.0720413185800687,0.135519766760524,-0.0309624793332967,17,0.858772808253103,"",0.84663784793093,1.1451318311574,0.969511949128303
53,"rs11719939",-0.0756280643611736,0.0498517499869141,0.0666716603464383,0.116523410333352,0.0408953459721788,17,0.858772808253103,"",0.927160986651271,1.12358381363095,1.04174307723147
53,"rs4639533",-0.284734363181403,0.0337175675855606,0.135017513951031,0.168735081536592,-0.115999281644811,17,0.858772808253103,"",0.75221404352795,1.18380648518444,0.890475862975199
53,"rs2515029",0.0620597916817682,0.0455906410426488,-0.098690793285073,-0.0531001522424242,0.00895963943934396,17,0.858772808253103,"",1.06402596272786,0.948285034853568,1.00899989715049
54,"rs929708",0.108939819728116,0.0579002398189626,0.000566532342045824,0.0584667721610084,0.167406591889125,16,0.852615925659219,"",1.11509524158734,1.06020975663022,1.18223485470283
54,"rs11719939",0.266860636810425,0.0595679685560309,-0.00657422418962748,0.0529937443664034,0.319854381176829,16,0.852615925659219,"",1.30585844505077,1.05442304901447,1.37692724321174
54,"rs4639533",0.0161821591418007,0.0709549681446574,-0.00414991199755828,0.0668050561470992,0.0829872152888999,16,0.852615925659219,"",1.01631379939498,1.06908704591115,1.08652791751391
54,"rs2515029",-0.160705926486326,-0.0905423610552563,0.0115249566408756,-0.0790174044143807,-0.239723330900706,16,0.852615925659219,"",0.851542450370815,0.924023842211289,0.786845526797657
55,"rs929708",-0.0631961967853853,-0.00617753778716573,-0.00536161682234596,-0.0115391546095117,-0.074735351394897,17,0.860721265124905,"",0.938759274068214,0.988527166094976,0.927989044840029
55,"rs11719939",0.107598303054777,0.0138292061204878,-0.0172105189555113,-0.00338131283502351,0.104216990219754,17,0.860721265124905,"",1.11360032567989,0.996624397365416,1.10984125348666
55,"rs4639533",-0.163900698652598,0.00176575964194578,0.0318063184942551,0.0335720781362009,-0.130328620516397,17,0.860721265124905,"",0.848826307291334,1.03414198006652,0.87780691815481
55,"rs2515029",-0.44737931073855,-0.00823706875671084,-0.0983254796595017,-0.106562548416213,-0.553941859154762,17,0.860721265124905,"",0.639301368404515,0.89891882045425,0.574680032000974
56,"rs929708",0.0254422870195947,0.0555445864605292,0.0682323601600894,0.123776946620618,0.149219233640213,16,0.852688267058873,"",1.02576870439297,1.13176339919203,1.16092747566858
56,"rs11719939",0.162536116461661,0.0823332014901397,0.103975730499195,0.186308931989335,0.348845048450996,16,0.852688267058873,"",1.17649080836657,1.20479440242286,1.41742954042199
56,"rs4639533",-0.356610823808903,0.231853171352405,0.0806757053956697,0.312528876748075,-0.0440819470608281,16,0.852688267058873,"",0.700044885529898,1.36687741157857,0.956875541121923
56,"rs2515029",0.0685092946511825,-0.0296323206865691,-0.0182361069438419,-0.047868427630411,0.0206408670207715,16,0.852688267058873,"",1.070910578645,0.953259201398755,1.02085536296861
57,"rs929708",-0.194223681152147,0.107658564051669,0.0338696118263848,0.141528175878054,-0.0526955052740928,16,0.852667035505282,"",0.823473688123183,1.15203296334381,0.94866883316421
57,"rs11719939",-0.135829867991528,0.133704122159497,0.0568351836403555,0.190539305799852,0.0547094378083238,16,0.852667035505282,"",0.872991143591752,1.20990192886593,1.05623366851453
57,"rs4639533",0.159898511754709,0.190335528135654,0.0860155027871603,0.276351030922814,0.436249542677523,16,0.852667035505282,"",1.17339177947598,1.31831055058303,1.54689476285059
57,"rs2515029",-0.176963153061533,-0.0372127313612501,-0.0125299662762336,-0.0497426976374837,-0.226705850699017,16,0.852667035505282,"",0.837810654711896,0.951474209569471,0.797155230460882
58,"rs929708",0.0473543703354454,0.0836714717683466,0.0451616626727481,0.128833134441095,0.17618750477654,17,0.859566159021376,"",1.04849349824608,1.13750029870541,1.1926616674456
58,"rs11719939",0.0681326840721641,0.100639803749223,0.097809664120036,0.198449467869259,0.266582151941423,17,0.859566159021376,"",1.07050733832895,1.21951040139817,1.30549483386523
58,"rs4639533",-0.0792258975864087,0.0880218629248186,0.0116811738973593,0.0997030368221779,0.0204771392357692,17,0.859566159021376,"",0.923831209631383,1.10484277173388,1.0206882342634
58,"rs2515029",0.0275940314236137,0.045003290021986,-0.0591711714005855,-0.0141678813785995,0.0134261500450142,17,0.859566159021376,"",1.02797827282319,0.985932010743084,1.01351668552477
59,"rs929708",-0.653088429418193,-0.0408525549150467,0.0544516507036536,0.0135990957886069,-0.639489333629586,17,0.861359589014097,"",0.520435962405018,1.01369198407972,0.527561763316783
59,"rs11719939",-0.464437475407349,-0.0619673845028369,0.0632259790630002,0.00125859456016329,-0.463178880847186,17,0.861359589014097,"",0.628488546034081,1.00125938692268,0.629280056290012
59,"rs4639533",-0.205614474644846,0.0218222790661414,0.0436339486458801,0.0654562277120215,-0.140158246932825,17,0.861359589014097,"",0.814146890056387,1.06764600298237,0.869220673009228
59,"rs2515029",0.0570474036816069,0.0356493708099881,-0.056588556106874,-0.0209391852968859,0.036108218384721,17,0.861359589014097,"",1.05870599576794,0.979278517290896,1.03676803778261
60,"rs929708",-0.224677605090655,0.0479846619617183,0.0300319343958443,0.0780165963575626,-0.146661008733093,17,0.855746989941634,"",0.798773697826074,1.08114060151719,0.86358667614379
60,"rs11719939",-0.0655746433543194,0.022890247302277,0.0371964007828763,0.0600866480851533,-0.00548799526916611,17,0.855746989941634,"",0.936529138474252,1.06192855663506,0.994527036266634
60,"rs4639533",-0.452251378741264,0.119545496257382,0.0594540223133897,0.178999518570771,-0.273251860170492,17,0.855746989941634,"",0.636194223919234,1.19602016836868,0.760901122807062
60,"rs2515029",-0.22010952960996,-0.0160438451160321,-0.0674711409967665,-0.0835149861127986,-0.303624515722759,17,0.855746989941634,"",0.802430903205179,0.919877301182945,0.738137973626173
61,"rs929708",-0.217477184409471,0.00190294338192958,0.0616935148071487,0.0635964581890783,-0.153880726220392,17,0.854248606952453,"",0.804545960901632,1.06566227269706,0.857374277183674
61,"rs11719939",0.00716988285421702,0.0014134557943532,0.0627445796946254,0.0641580354889786,0.0713279183431956,17,0.854248606952453,"",1.00719564800518,1.06626089250869,1.07393333057287
61,"rs4639533",-0.0859934381096735,0.00616231867534704,0.0495850295285031,0.0557473482038501,-0.0302460899058234,17,0.854248606952453,"",0.917600252392616,1.05733051353415,0.970206746081348
61,"rs2515029",0.231593315229598,-0.0407428259303546,-0.0675096695609824,-0.108252495491337,0.123340819738261,17,0.854248606952453,"",1.2606069549167,0.897400978120691,1.13126991436799
62,"rs929708",-0.203612448891728,0.0567440537032675,0.0248198482934658,0.0815639019967333,-0.122048546894994,17,0.856372358066866,"",0.815778465780449,1.08498254792004,0.885105398340769
62,"rs11719939",-0.0995541725402135,0.0768411271884442,0.0401203504736568,0.116961477662101,0.0174073051218875,17,0.856372358066866,"",0.905240909340631,1.1240761268161,1.0175596952071
62,"rs4639533",-0.0381440723089021,-0.00336296456657608,0.061938261134717,0.0585752965681409,0.0204312242592388,17,0.856372358066866,"",0.96257425060595,1.06032482150905,1.02064137046296
62,"rs2515029",-0.00866475199108324,0.105415534251976,-0.052818574041335,0.0525969602106411,0.0439322082195579,17,0.856372358066866,"",0.99137267878497,1.05400475364713,1.04491151607525
63,"rs929708",-0.36975694826142,-0.0604377353532531,-0.0126438220513735,-0.0730815574046266,-0.442838505666047,17,0.858445512891225,"",0.690902235221237,0.929525017286344,0.642210912137194
63,"rs11719939",-0.220734603364999,-0.083269265691116,0.0228308461345775,-0.0604384195565385,-0.281173022921537,17,0.858445512891225,"",0.801929481436474,0.94135173609093,0.754897709572724
63,"rs4639533",0.00458537630439814,0.0197174236128045,-0.000286661738724964,0.0194307618740795,0.0240161381784776,17,0.858445512891225,"",1.0045959052292,1.0196207677855,1.02430684820397
63,"rs2515029",-0.0638355398350838,0.0043849240934768,-0.0720026827521041,-0.0676177586586273,-0.131453298493711,17,0.858445512891225,"",0.938159276673519,0.934617654814194,0.876820223006785
64,"rs929708",-0.257737989135471,0.0475734696709524,0.079165644888417,0.126739114559369,-0.130998874576101,17,0.860778442532024,"",0.772797686973153,1.13512084264807,0.877218761633447
64,"rs11719939",-0.0650755049910327,0.0656769776848723,0.121005935886887,0.186682913571759,0.121607408580726,17,0.860778442532024,"",0.936996712778029,1.20524505760309,1.12931065706606
64,"rs4639533",-0.095385160729192,0.0850454676312893,0.0710959967055758,0.156141464336865,0.0607563036076731,17,0.860778442532024,"",0.909022747169211,1.16899156200952,1.06263992111552
64,"rs2515029",-0.14153616738736,0.105505794773517,-0.00803043234192196,0.0974753624315949,-0.0440608049557648,17,0.860778442532024,"",0.868023780864843,1.10238428116061,0.956895771699003
65,"rs929708",-0.184048090721211,0.0132797573088515,0.0648762607519347,0.0781560180607861,-0.105892072660425,16,0.851000729304198,"",0.831895796395865,1.08129134648959,0.899521725823917
65,"rs11719939",-0.0250646056645053,-0.00199941871751894,0.0385511995642403,0.0365517808467213,0.011487175182216,16,0.851000729304198,"",0.975246903518743,1.0372280111719,1.0115534061383
65,"rs4639533",-0.423483865166337,-0.0064740916033525,0.0394184841643501,0.0329443925609976,-0.390539472605339,16,0.851000729304198,"",0.654761740052971,1.03349306774068,0.676691719366567
65,"rs2515029",-0.0520346360055879,-0.0336080893422119,-0.0903684695754224,-0.123976558917634,-0.176011194923222,16,0.851000729304198,"",0.949295986452379,0.883400548505065,0.838608595125688
66,"rs929708",-0.380086432835998,0.102732259717902,-0.034785983586521,0.0679462761313812,-0.312140156704617,17,0.859988510107752,"",0.683802303685694,1.07030780585821,0.731878943298627
66,"rs11719939",-0.256798717181906,0.121674642141757,-0.0239019686914759,0.097772673450281,-0.159026043731625,17,0.859988510107752,"",0.77352389516641,1.10271208088104,0.852974144050163
66,"rs4639533",-0.182775415648881,0.0507972084981917,0.0667890862800802,0.117586294778272,-0.0651891208706092,17,0.859988510107752,"",0.832955203436187,1.12477868828337,0.936890261119761
66,"rs2515029",-0.0559413232065308,-0.04272115003667,-0.122390321351473,-0.165111471388143,-0.221052794594674,17,0.859988510107752,"",0.945594618722751,0.847799193467436,0.801674355100297
67,"rs929708",-0.194968356081457,-0.0240179007363083,0.0633901738623157,0.0393722731260074,-0.155596082955449,17,0.860910267504797,"",0.822860696180884,1.04015763431686,0.855904835111833
67,"rs11719939",-0.0765666426301504,-0.0362629217868863,0.0881060084541696,0.0518430866672834,-0.024723555962867,17,0.860910267504797,"",0.926291181751199,1.05321046678233,0.975579567908532
67,"rs4639533",-0.00443380087331722,0.0183607611893346,0.0353567851166092,0.0537175463059438,0.0492837454326266,17,0.860910267504797,"",0.995576013910817,1.05518651872955,1.05051838824919
67,"rs2515029",0.125903835306897,0.0948547545257583,-0.0257523895342996,0.0691023649914587,0.195006200298356,17,0.860910267504797,"",1.13417309563097,1.07154589232051,1.2153185218038
68,"rs929708",-0.532837669499,0.0890210864692926,0.189042901969047,0.27806398843834,-0.25477368106066,16,0.855607680956056,"",0.586937070900894,1.32057069576214,0.775091896088187
68,"rs11719939",-0.369189152860006,0.0782912108780147,0.194872282418887,0.273163493296901,-0.0960256595631042,16,0.855607680956056,"",0.691294637724849,1.31411507626884,0.908440705578028
68,"rs4639533",-0.246298910279682,0.00849360539561992,0.109765771876008,0.118259377271628,-0.128039533008055,16,0.855607680956056,"",0.781688535262396,1.12553601196942,0.879818596581453
68,"rs2515029",-0.302826101728032,-0.0159210511204593,-0.104803004341557,-0.120724055462016,-0.423550157190048,16,0.855607680956056,"",0.738727548645509,0.886278489561296,0.654718336010861
69,"rs929708",0.0491741799885299,0.0728930015470195,0.0337245671667264,0.106617568713746,0.155791748702276,17,0.860393792298037,"",1.05040329404074,1.11250871497587,1.16858281885968
69,"rs11719939",0.0688567939439444,0.100709494982312,0.0657206382630806,0.166430133245392,0.235286927189337,17,0.860393792298037,"",1.07128278398049,1.18108101469024,1.26527175752386
69,"rs4639533",-0.0480721732458426,0.0197295043011962,0.0987465606261134,0.11847606492731,0.070403891681467,17,0.860393792298037,"",0.953064998800736,1.1257799281551,1.07294144587703
69,"rs2515029",-0.0399238826670519,0.00857337931115854,-0.164480973374249,-0.15590759406309,-0.195831476730142,17,0.860393792298037,"",0.960862574665361,0.855638252772448,0.822150774541105
70,"rs929708",-0.446162455608353,0.113520614109465,0.137430678031067,0.250951292140532,-0.195211163467821,17,0.860770126769379,"",0.64007977906485,1.28524748115288,0.822660923779992
70,"rs11719939",-0.154134729510762,0.117602337019118,0.0877481588247573,0.205350495843875,0.0512157663331126,17,0.860770126769379,"",0.857156528951745,1.2279553828046,1.0525499736324
70,"rs4639533",-0.20380120141011,0.104245051402949,0.115343193352277,0.219588244755226,0.015787043345116,17,0.860770126769379,"",0.815624500071756,1.24556375757508,1.01591231707967
70,"rs2515029",0.106450218208486,0.0283246111506667,-0.0232244033787316,0.00510020777193506,0.111550425980421,17,0.860770126769379,"",1.11232255165801,1.00511323597102,1.11801011934052
71,"rs929708",0.0643381423392703,-0.0139758658557037,0.011275345520002,-0.00270052033570169,0.0616376220035686,17,0.859557572621183,"",1.0664529506946,0.997303122789158,1.06357685803544
71,"rs11719939",0.376609109583569,-0.0124731811811485,0.0187570392473188,0.00628385806617021,0.382892967649739,17,0.859557572621183,"",1.45733453991458,1.0063036429223,1.46652105647254
71,"rs4639533",-0.0797254648170008,0.200141155507005,0.082940419560187,0.283081575067192,0.203356110250191,17,0.859557572621183,"",0.923369809092344,1.32721342492563,1.22550880679837
71,"rs2515029",-0.149073605986105,0.0694775274753543,0.0232637025567507,0.092741230032105,-0.0563323759540004,17,0.859557572621183,"",0.861505700588523,1.09717778187097,0.945224913640913
72,"rs929708",-0.200647581975293,0.0658496481103016,0.0668582498318952,0.132707897942197,-0.0679396840330962,17,0.858205628682086,"",0.818200729435072,1.14191639348156,0.934316826100479
72,"rs11719939",0.0661445442386313,0.0348634343529566,0.0314780280020101,0.0663414623549667,0.132486006593598,17,0.858205628682086,"",1.0683811343433,1.06859153865933,1.14166304022251
72,"rs4639533",-0.188518205508819,0.0505188963810829,0.0666506965407421,0.117169592921825,-0.071348612586994,17,0.858205628682086,"",0.828185425764322,1.12431008855584,0.931137229381739
72,"rs2515029",-0.031554332315104,0.0738327394087992,-0.0301604857107385,0.0436722536980607,0.0121179213829567,17,0.858205628682086,"",0.968938310361966,1.04463992190467,1.01219164086697
73,"rs929708",-0.0845253586268343,0.0734263621218401,0.0417217221840332,0.115148084305873,0.030622725679039,17,0.857695615722782,"",0.918948351813026,1.12203958172259,1.03109642429295
73,"rs11719939",0.0329742792337749,0.0936857094922492,0.0497471522182558,0.143432861710505,0.17640714094428,17,0.857695615722782,"",1.03352395587138,1.15422931522377,1.19292364785278
73,"rs4639533",0.097259159701424,-0.0292423062582907,0.00222618733317362,-0.0270161189251171,0.0702430407763068,17,0.857695615722782,"",1.10214596843218,0.973345552113821,1.07276887615365
73,"rs2515029",0.100385873724418,-0.0500396716644801,-0.0467275916268749,-0.096767263291355,0.00361861043306286,17,0.857695615722782,"",1.10559745678367,0.907767252312468,1.00362516550817
74,"rs929708",-0.334086003353379,0.0476418949491127,0.10304387339672,0.150685768345833,-0.183400235007546,16,0.85046061349749,"",0.715992201848835,1.16263126513018,0.832434919458856
74,"rs11719939",-0.106983329481589,0.0194315397851404,0.0918634747153259,0.111295014500466,0.00431168501887769,16,0.85046061349749,"",0.898540652003934,1.11772460318494,1.00432099370663
74,"rs4639533",-0.139735937727557,0.0816228930350373,0.103261034528422,0.18488392756346,0.0451479898359024,16,0.85046061349749,"",0.86958783042237,1.20307878773671,1.04618267285514
74,"rs2515029",-0.219832548985258,-0.000364429117765492,-0.0755570945681859,-0.0759215236859514,-0.295754072671209,16,0.85046061349749,"",0.802653191801425,0.926888942533062,0.74397036816961
75,"rs929708",-0.0692962610546912,0.0120877768418088,0.0793799721574282,0.091467748999237,0.0221714879445458,17,0.858378001917974,"",0.933050212686873,1.09578143607473,1.02241910198785
75,"rs11719939",0.0305945930727561,-0.00572316029562443,0.0616513943600376,0.0559282340644131,0.0865228271371692,17,0.858378001917974,"",1.03106741727123,1.0575217869728,1.09037625760209
75,"rs4639533",-0.289237503559924,0.0711744781504876,0.108656656114897,0.179831134265385,-0.109406369294539,17,0.858378001917974,"",0.748834333460906,1.19701521120104,0.896366087822295
75,"rs2515029",-0.17056559238287,-0.00747245784256109,0.00230131772549419,-0.0051711401170669,-0.175736732499937,17,0.858378001917974,"",0.843187781118954,0.994842207211109,0.838838793261818
76,"rs929708",-0.0185949339551208,-0.00225693619609193,0.0176047488228614,0.0153478126267695,-0.00324712132835138,17,0.860433085729774,"",0.981576885192476,1.01546619516526,0.996758144868574
76,"rs11719939",0.09213814181676,-0.0101623961134329,0.0237004432522362,0.0135380471388033,0.105676188955563,17,0.860433085729774,"",1.09651628637071,1.01363010144172,1.11146191458644
76,"rs4639533",-0.139353323726512,0.105649784435804,0.0115734138938512,0.117223198329656,-0.0221301253968563,17,0.860433085729774,"",0.869920610560538,1.12437035927207,0.978112949434129
76,"rs2515029",-0.133419629566734,0.0619958316444018,0.0135622716679915,0.0755581033123933,-0.057861526254341,17,0.860433085729774,"",0.875097798140573,1.07848588950015,0.943780627227262
77,"rs929708",-0.0684099881974042,0.0419811846908671,0.0439963639869711,0.0859775486778383,0.017567560480434,17,0.861297587331011,"",0.933877516319088,1.08978186098682,1.01772277766797
77,"rs11719939",0.0733900753707385,0.0438432157051278,0.0563281734472113,0.100171389152339,0.173561464523078,17,0.861297587331011,"",1.07615023475428,1.10536034861519,1.18953379865031
77,"rs4639533",-0.0956813548913588,0.0283839632703464,0.0866067679437334,0.11499073121408,0.019309376322721,17,0.861297587331011,"",0.908753539809015,1.12186303921541,1.0194970080679
77,"rs2515029",0.164167853280015,-0.0300319384513719,-0.0835663446734961,-0.113598283124868,0.0505695701551469,17,0.861297587331011,"",1.17841209882893,0.892616462964608,1.05187003957138
78,"rs929708",-0.56786480861031,0.037767778962698,0.0279936287128109,0.0657614076755089,-0.502103400934801,17,0.857300872215516,"",0.56673423379209,1.06797187687314,0.605256223351199
78,"rs11719939",-0.369130978032291,0.0341282780276417,0.00150276557941366,0.0356310436070554,-0.333499934425236,17,0.857300872215516,"",0.691334854841099,1.03627343623977,0.716411945618507
78,"rs4639533",-0.14027017682002,0.00319087434648507,0.049422752172778,0.0526136265192631,-0.0876565503007574,17,0.857300872215516,"",0.869123386682075,1.05402232016203,0.91607544853772
78,"rs2515029",-0.0542548426077767,0.0291962355789099,-0.0340792726645837,-0.00488303708567384,-0.0591378796934506,17,0.857300872215516,"",0.947190691195846,0.995128865558351,0.942576797997152
79,"rs929708",-0.147073695138817,0.0219751318046688,0.0502448656348363,0.0722199974395052,-0.0748536976993123,17,0.859905713527968,"",0.863230359191019,1.07489179149582,0.927879227264414
79,"rs11719939",-0.0552512852665757,0.0330013210860089,0.0366776445178802,0.069678965603889,0.0144276803373134,17,0.859905713527968,"",0.946247340060832,1.07216392450001,1.01453226166732
79,"rs4639533",0.0442967206636952,0.0484610398635632,0.089331043385297,0.13779208324886,0.182088803912555,17,0.859905713527968,"",1.04529246875266,1.14773689173879,1.19972072904414
79,"rs2515029",0.215486449205847,0.0129857850538648,-0.0144954551880841,-0.00150967013421935,0.213976779071628,17,0.859905713527968,"",1.24046517352101,0.998491468844505,1.23859389315944
80,"rs929708",-0.123806778384196,-0.0676441932766142,0.0288374199886223,-0.0388067732879919,-0.162613551672188,17,0.860792178664677,"",0.88355054545435,0.961936563029056,0.849919574956805
80,"rs11719939",-0.0597174364264043,-0.0390626248165462,0.0174326002599329,-0.0216300245566133,-0.0813474609830176,17,0.860792178664677,"",0.942030679536149,0.978602226875826,0.921873320779422
80,"rs4639533",-0.0260639722753356,-0.0185180991332062,0.0753163027855901,0.0567982036523839,0.0307342313770483,17,0.860792178664677,"",0.974272761169795,1.0584421990733,1.03121140382977
80,"rs2515029",0.0580174992185232,0.0167307963194907,-0.0122057516664029,0.00452504465308776,0.0625425438716109,17,0.860792178664677,"",1.05973354005683,1.00453529812762,1.06453974759682
81,"rs929708",0.126116992628723,0.113619359166836,0.101029238062984,0.21464859722982,0.340765589858543,17,0.859455530019579,"",1.13441487869852,1.23942628260336,1.40602361603525
81,"rs11719939",0.224765563355244,0.0568601611871221,0.0731489806907727,0.130009141877895,0.354774705233139,17,0.859455530019579,"",1.25202916026761,1.13883879440223,1.4258593794356
81,"rs4639533",-0.202304968478485,0.116440264633976,0.168425105460334,0.28486537009431,0.0825604016158248,17,0.859455530019579,"",0.816845777738694,1.32958301443561,1.08606427149481
81,"rs2515029",-0.0238257071709812,-0.0459403548368827,-0.0882626961495357,-0.134203050986418,-0.1580287581574,17,0.859455530019579,"",0.976455884185854,0.874412496256329,0.853825227175133
82,"rs929708",-0.161717852695783,-0.0507989013172624,-0.0153862814088485,-0.0661851827261109,-0.227903035421894,17,0.860158275477294,"",0.850681188087252,0.935957525076382,0.796201459431181
82,"rs11719939",0.143233305382894,-0.0706452219226318,-0.0291202132946894,-0.0997654352173212,0.0434678701655724,17,0.860158275477294,"",1.15399900444115,0.905049685922593,1.04442643652445
82,"rs4639533",-0.453176022973718,0.024682089949129,0.00963947798555763,0.0343215679346866,-0.418854455039032,17,0.860158275477294,"",0.635606242478082,1.03491734946019,0.657799927765768
82,"rs2515029",-0.0811600606484936,-0.0286748077655168,-0.0114399923468026,-0.0401148001123194,-0.121274860760813,17,0.860158275477294,"",0.922046096336718,0.960679146747705,0.88579045709081
83,"rs929708",-0.181079762971069,0.0748385795218329,-0.0112337664742718,0.0636048130475611,-0.117474949923508,17,0.859855594162255,"",0.834368804306738,1.06567117619173,0.889162785063252
83,"rs11719939",-0.0355650322157538,0.036268608351166,-0.014583328443589,0.021685279907577,-0.0138797523081768,17,0.859855594162255,"",0.965059972200918,1.02192211443278,0.986216127346
83,"rs4639533",0.0376760638171637,0.111559447538121,-0.0123089444071221,0.0992505031309993,0.136926566948163,17,0.859855594162255,"",1.03839480474149,1.10434290626773,1.14674393652153
83,"rs2515029",-0.0554000861165218,-0.0347717642688479,0.00474497512429032,-0.0300267891445576,-0.0854268752610794,17,0.859855594162255,"",0.946106548127611,0.970419536491046,0.918120277905139
84,"rs929708",-0.182318376910844,0.0296301014666538,-0.0206606416683176,0.0089694597983362,-0.173348917112507,17,0.856671452774486,"",0.833335983240139,1.00900980594036,0.840844178732248
84,"rs11719939",-0.121690926431089,0.0674154592843856,0.0162556244315287,0.0836710837159143,-0.0380198427151744,17,0.856671452774486,"",0.885421986749802,1.08727121378123,0.962693838242044
84,"rs4639533",-0.110200278084521,0.128055873769516,0.119688840027037,0.247744713796553,0.137544435712032,17,0.856671452774486,"",0.895654737317204,1.28113283490655,1.14745269271667
84,"rs2515029",0.00281016805069242,-0.0101032195365634,-0.0601322653425877,-0.0702354848791511,-0.0674253168284586,17,0.856671452774486,"",1.0028141202742,0.932174281109994,0.934797531653553
85,"rs929708",-0.141048557471564,0.0299188557882247,0.0555016486968168,0.0854205044850414,-0.0556280529865229,16,0.85742918680489,"",0.868447141076469,1.08917497337705,0.945890891761334
85,"rs11719939",0.0442233201703285,0.0409111234185962,0.0620844871647785,0.102995610583375,0.147218930753703,16,0.85742918680489,"",1.04521574658549,1.10848654345607,1.15860759009841
85,"rs4639533",0.0765950520099855,0.0996844422885173,0.0695670250694876,0.169251467358005,0.24584651936799,16,0.85742918680489,"",1.07960480406688,1.18441794392941,1.27870330228922
85,"rs2515029",-0.00920589002348192,-0.0145155984762531,-0.018179222514825,-0.0326948209910781,-0.04190071101456,16,0.85742918680489,"",0.990836354450034,0.967833877107803,0.958964990506737
86,"rs929708",-0.345941321484331,0.0886393176621021,0.0202731055852605,0.108912423247363,-0.237028898236969,17,0.861319610478694,"",0.707554004107128,1.11506469232049,0.788968487889846
86,"rs11719939",-0.21850186300427,0.0769994791637212,0.0643651882114658,0.141364667375187,-0.0771371956290832,17,0.861319610478694,"",0.803721982105777,1.1518446115577,0.925762834279016
86,"rs4639533",-0.347708793885345,0.106083117336807,0.146213640974145,0.252296758310952,-0.0954120355743924,17,0.861319610478694,"",0.706304526466541,1.28697790200971,0.908998317651868
86,"rs2515029",-0.333198432081693,0.043476641889398,-0.0521197778719376,-0.0086431359825396,-0.341841568064232,17,0.861319610478694,"",0.716627978064561,0.991394108536876,0.7104607554659
87,"rs929708",0.042121167105261,0.092300415597144,0.0502332122377252,0.142533627834869,0.18465479494013,17,0.856100459018587,"",1.04302085091177,1.15319185965077,1.20280315471747
87,"rs11719939",0.140991642526255,0.130618016561237,0.101044581615784,0.231662598177021,0.372654240703276,17,0.856100459018587,"",1.15141502502369,1.26069429650768,1.45158235496062
87,"rs4639533",-0.12619191090955,0.0376768115982552,0.045011518857085,0.0826883304553402,-0.0435035804542099,17,0.856100459018587,"",0.881445671510106,1.08620321932423,0.957429126053685
87,"rs2515029",0.086206568988894,-0.0278959197294701,-0.0883472268082149,-0.116243146537685,-0.0300365775487909,17,0.856100459018587,"",1.09003147174948,0.890258733650454,0.970410037678836
88,"rs929708",-0.158861585424538,0.0392971308977038,0.0763592824993749,0.115656413397079,-0.0432051720274596,17,0.860122703477628,"",0.853114434269511,1.12261009207468,0.957714873605534
88,"rs11719939",0.0761760384599123,0.0518298927684474,0.081471314751382,0.133301207519829,0.209477245979742,17,0.860122703477628,"",1.0791525297864,1.14259410444099,1.23303331832652
88,"rs4639533",0.0613050442276362,0.0411715244143359,0.107105557445147,0.148277081859483,0.209582126087119,17,0.860122703477628,"",1.06322319482298,1.15983422086693,1.23316264577516
88,"rs2515029",0.00244012199279576,0.0101826357319402,-0.0533580486127627,-0.0431754128808225,-0.0407352908880268,17,0.860122703477628,"",1.00244310151344,0.957743374806977,0.960083239095453
89,"rs929708",-0.248710689160574,0.0847389739449738,0.00428785744404654,0.0890268313890204,-0.159683857771554,17,0.858602952113,"",0.779805546950065,1.09310998559212,0.852413230191242
89,"rs11719939",-0.0446653118798505,0.0336524876014723,0.00648701682948962,0.040139504430962,-0.00452580744888851,17,0.858602952113,"",0.956317496382709,1.04095598203551,0.995484418584807
89,"rs4639533",0.0554623554551701,0.0762648783251051,0.00710771149471052,0.0833725898198156,0.138834945274986,17,0.858602952113,"",1.0570292249394,1.08694671839287,1.14893444729324
89,"rs2515029",0.0600114558842456,-0.0327907858377202,-0.0216440489973196,-0.0544348348350398,0.00557662104920578,17,0.858602952113,"",1.0618487108916,0.947020219575938,1.00559219934499
90,"rs929708",-0.300872494782686,0.0266468885419331,-0.0067588193586315,0.0198880691833016,-0.280984425599385,17,0.85724354861228,"",0.740172142540143,1.02008715444813,0.755040094685552
90,"rs11719939",-0.0996540501490145,0.0211630178910224,-0.00776026673816684,0.0134027511528556,-0.0862512989961589,17,0.85724354861228,"",0.905150500558199,1.01349297063459,0.917363669682119
90,"rs4639533",-0.220522356396779,0.112509140975315,0.13723952557358,0.249748666548895,0.0292263101521158,17,0.85724354861228,"",0.802099706601883,1.28370273870004,1.02965759007534
90,"rs2515029",-0.0284162581948511,-0.0426925265036619,-0.0952750560885853,-0.137967582592247,-0.166383840787098,17,0.85724354861228,"",0.971983686406597,0.871126930965,0.846721165687426
91,"rs929708",-0.127248524048908,-0.00834910819520853,0.0192289683404154,0.0108798601452068,-0.116368663903702,17,0.854127771761702,"",0.880514816295487,1.01093926105266,0.890146997731679
91,"rs11719939",0.0280211374852327,-0.00272553428751426,0.0145875552394941,0.0118620209519799,0.0398831584372126,17,0.854127771761702,"",1.02841742234976,1.01193265372872,1.04068917133924
91,"rs4639533",-0.0907980926905853,-0.0161088357349085,-9.2958215449003e-05,-0.0162017939503575,-0.106999886640943,17,0.854127771761702,"",0.91320207446027,0.983928749151594,0.898525774846334
91,"rs2515029",-0.0594368976468122,-0.012606787670582,-0.0699607748763456,-0.0825675625469276,-0.14200446019374,17,0.854127771761702,"",0.942294992746644,0.920749227592389,0.867617386735647
92,"rs929708",-0.0825279306199422,0.0198064733918962,-0.00844080687484734,0.0113656665170489,-0.0711622641028933,17,0.857384638825309,"",0.920785719381664,1.01143050110134,0.931310761561151
92,"rs11719939",0.000217081115989151,0.0429531592255198,0.00956368810623263,0.0525168473317525,0.0527339284477416,17,0.857384638825309,"",1.0002171046798,1.0539203176742,1.05414912870731
92,"rs4639533",-0.311202656487873,0.146805061515191,0.143304411488318,0.290109473003509,-0.0210931834843646,17,0.857384638825309,"",0.732565401693768,1.33657379876495,0.979127721785611
92,"rs2515029",0.0373851951632558,-0.059860392451609,-0.0557834072699614,-0.11564379972157,-0.0782586045583146,17,0.857384638825309,"",1.03809281216463,0.890792467317796,0.924725257452998
93,"rs929708",-0.285188899524494,0.00468211275776419,0.0405041925378656,0.0451863052956297,-0.240002594228864,17,0.855587292398101,"",0.751872212600558,1.04622275859316,0.786625820376498
93,"rs11719939",-0.168932585466959,0.0394492073845694,0.0594947396105859,0.0989439469951553,-0.069988638471804,17,0.855587292398101,"",0.844565837478476,1.10400441505967,0.932404413384802
93,"rs4639533",-0.0761326505089415,0.0980475362208452,0.0444598286362576,0.142507364857103,0.0663747143481614,17,0.855587292398101,"",0.926693272071728,1.1531615737963,1.06862707204868
93,"rs2515029",-0.174045191608564,0.0173122675542671,-0.022657914178036,-0.00534564662376893,-0.179390838232333,17,0.855587292398101,"",0.840258924148003,0.994668615919655,0.835779181096432
94,"rs929708",-0.401863109426407,0.00748101924556028,0.0133790733624032,0.0208600926079635,-0.381003016818444,17,0.852943843282542,"",0.669072329116658,1.02107918511787,0.683175828599351
94,"rs11719939",-0.170410893897999,0.0254185326161462,0.0187668893659433,0.0441854219820895,-0.126225471915909,17,0.852943843282542,"",0.843318231081101,1.04517613555298,0.881416089802718
94,"rs4639533",-0.202089442665787,0.0649648691863395,0.0596355672463156,0.124600436432655,-0.0774890062331315,17,0.852943843282542,"",0.817021848061959,1.13269577867071,0.925437198381522
94,"rs2515029",0.0215681241658922,-0.0122338714232261,-0.00961731744113805,-0.0218511888643641,-0.000283064698471915,17,0.852943843282542,"",1.02180239740242,0.978385818923495,0.99971697536056
95,"rs929708",0.215876853877953,0.0198526500087075,0.0147445128815758,0.0345971628902833,0.250474016768236,17,0.858166036519954,"",1.24094955146589,1.03520260676709,1.28463421054394
95,"rs11719939",0.44602476889145,0.00693449483246514,-0.00525567740005273,0.00167881743241241,0.447703586323862,17,0.858166036519954,"",1.56209015729612,1.00168022743533,1.56471482403487
95,"rs4639533",-0.140784695652058,0.0312113986577774,0.0162669492880685,0.0474783479458459,-0.0933063477062119,17,0.858166036519954,"",0.868676321353891,1.04862349602276,0.910914401010305
95,"rs2515029",-0.402372391496765,0.0136483976081689,-0.00610798953600228,0.00754040807216663,-0.394831983424599,17,0.858166036519954,"",0.66873166932899,1.00756890853913,0.67379323817136
96,"rs929708",-0.129586738012711,0.015710490329808,-0.0297754924972035,-0.0140650021673955,-0.143651740180107,17,0.859270503580466,"",0.878458389376673,0.986033447868446,0.866189354486043
96,"rs11719939",-0.042418722605543,0.02513516264321,-0.0355690334308008,-0.0104338707875908,-0.0528525933931338,17,0.859270503580466,"",0.958468364166513,0.989620373219971,0.948519820266
96,"rs4639533",-0.270340207207882,0.0326906272467095,0.11419783455327,0.14688846179998,-0.123451745407903,17,0.859270503580466,"",0.763119831302653,1.15822476951897,0.883864290725872
96,"rs2515029",-0.250350882849129,0.0447925231512281,-0.0203266541976692,0.0244658689535588,-0.225885013895571,17,0.859270503580466,"",0.778527563170628,1.02476761411927,0.797809833436456
97,"rs929708",-0.227374821772128,0.0797384117806601,0.0460245046366963,0.125762916417356,-0.101611905354771,17,0.855810405881314,"",0.796622135003525,1.13401328047854,0.903380080617167
97,"rs11719939",-0.0865736479898158,0.0893806872894889,0.0627213834358035,0.152102070725292,0.0655284227354765,17,0.855810405881314,"",0.917068006082372,1.16427906917637,1.06772308449301
97,"rs4639533",-0.0882059553260347,0.0229167276455117,0.0466502936093125,0.0695670212548242,-0.0186389340712105,17,0.855810405881314,"",0.915572290314245,1.07204390852507,0.981533696645734
97,"rs2515029",-0.251898403524877,-0.0475856306142548,-0.0138873396213555,-0.0614729702356103,-0.313371373760487,17,0.855810405881314,"",0.777323707406077,0.940378363601513,0.730978395959188
98,"rs929708",-0.228431876784394,0.0362374017683443,0.0739085528611929,0.110145954629537,-0.118285922154857,17,0.858370539797718,"",0.795780506485027,1.11644100830158,0.888441991046888
98,"rs11719939",-0.0908381774488502,0.0675462281443869,0.0662215901531057,0.133767818297493,0.0429296408486424,17,0.858370539797718,"",0.91316546970952,1.14312737556997,1.04386444685016
98,"rs4639533",-0.162176445380798,0.100009673303701,0.148297235053509,0.248306908357209,0.0861304629764115,17,0.858370539797718,"",0.850291161355654,1.28185328331493,1.08994851695741
98,"rs2515029",0.103003981857809,-0.0148927220775066,-0.055063165129546,-0.0699558872070526,0.0330480946507564,17,0.858370539797718,"",1.10849582293997,0.932434951308675,1.0336002486889
99,"rs929708",-0.222145918370305,0.075323240651627,0.0116500488804892,0.0869732895321162,-0.135172628838188,17,0.857679461717069,"",0.800798504596142,1.0908675417467,0.873565096143224
99,"rs11719939",-0.0531413783013129,0.0968388375452606,0.0316714396230873,0.128510277168348,0.0753688988670351,17,0.857679461717069,"",0.948245941604714,1.13713310773955,1.07828185447838
99,"rs4639533",0.0397922094303364,0.0460854862209225,0.0074135235422023,0.0534990097631248,0.0932912191934612,17,0.857679461717069,"",1.04059452599665,1.05495594711079,1.09778138373111
99,"rs2515029",-0.0218589916031968,0.0117667597442945,0.0170192708714666,0.0287860306157611,0.00692703901256429,17,0.857679461717069,"",0.978378184864255,1.02920435269187,1.00695108644106
100,"rs929708",-0.21815027502119,0.0905072595496916,0.14639174202068,0.236899001570371,0.0187487265491813,17,0.857942976969095,"",0.804004610777933,1.26731311467691,1.01892558749958
100,"rs11719939",-0.110719069080699,0.081395031857733,0.134490685513943,0.215885717371676,0.105166648290977,17,0.857942976969095,"",0.895190200213052,1.24096055066319,1.11089572380468
100,"rs4639533",-0.317579739395145,0.022194484578994,0.0770585809857014,0.0992530655646955,-0.21832667383045,17,0.857942976969095,"",0.72790863546578,1.10434573607683,0.803862797830138
100,"rs2515029",-0.025107536983623,0.0829428275377042,-0.0208243615425755,0.0621184659951286,0.0370109290115056,17,0.857942976969095,"",0.975205035781434,1.0640883955522,1.03770436185909
101,"rs929708",-0.184902079635532,0.0914035372988111,0.122477828958883,0.213881366257694,0.028979286622162,16,0.850487094481373,"",0.831185669871121,1.23847572106843,1.02940327183538
101,"rs11719939",-0.110873184581003,0.0687315167966514,0.129103122249617,0.197834639046268,0.0869614544652654,16,0.850487094481373,"",0.895052248158027,1.21876084170252,1.09085463133281
101,"rs4639533",0.0945932439920035,-0.0236278160962154,0.0612521224785194,0.037624306382304,0.132217550374307,16,0.850487094481373,"",1.09921165323723,1.03834106148085,1.14135659481446
101,"rs2515029",0.114538877098137,-0.0216334425025781,-0.126180253597756,-0.147813696100334,-0.0332748190021965,16,0.850487094481373,"",1.12135623529296,0.862591804190004,0.967272698141061
102,"rs929708",0.176282460740742,0.0139316560489377,0.00770832770479497,0.0216399837537326,0.197922444494474,17,0.853483515816392,"",1.19277492316126,1.02187582633981,1.21886786024282
102,"rs11719939",0.225939380063407,-0.0216813426884321,0.0267432330813885,0.00506189039295639,0.231001270456363,17,0.853483515816392,"",1.2534996759041,1.00507472340409,1.25986084004644
102,"rs4639533",-0.272522332888422,0.0887494621738457,0.100429706048427,0.189179168222272,-0.0833431646661502,17,0.853483515816392,"",0.761456423463969,1.20825741442376,0.92003536941094
102,"rs2515029",-0.15924971202299,0.0011107401123191,-0.0905473407325049,-0.0894366006201858,-0.248686312643176,17,0.853483515816392,"",0.852783382115277,0.914446238610945,0.779824556125235
103,"rs929708",-0.00627612245548057,0.0198706233702827,0.0837508739638684,0.103621497334151,0.0973453748786705,17,0.858933002410492,"",0.993743531263181,1.10918054765839,1.10224099423848
103,"rs11719939",0.0436131015559848,0.0675590997490367,0.120083857652487,0.187642957401524,0.231256058957509,17,0.858933002410492,"",1.04457813104314,1.20640270128942,1.2601818789983
103,"rs4639533",0.0983570123651129,0.0683655422096825,0.0956509037986991,0.164016446008382,0.262373458373494,17,0.858933002410492,"",1.10335662676004,1.17823369217456,1.30001195213275
103,"rs2515029",0.0565709920930572,0.0131076131542159,-0.059683693959056,-0.0465760808048401,0.00999491128821715,17,0.858933002410492,"",1.05820173608981,0.954491939292508,1.01004502724306
104,"rs929708",-0.323793136851881,0.0126692169242529,0.073866886831027,0.0865361037552799,-0.237257033096601,17,0.860324151751192,"",0.723399871677719,1.09039073420736,0.78878851720418
104,"rs11719939",0.00869306760102013,-0.0111579081600311,0.111227353680794,0.100069445520763,0.108762513121783,17,0.860324151751192,"",1.00873096203989,1.10524766991059,1.11489754536126
104,"rs4639533",-0.333110639458167,0.0777454933529376,-0.000220910670040989,0.0775245826828966,-0.25558605677527,17,0.860324151751192,"",0.71669089547665,1.08060879639543,0.774462485948585
104,"rs2515029",-0.164050001950038,0.0568175476107583,-0.0706990865040601,-0.0138815388933018,-0.17793154084334,17,0.860324151751192,"",0.848699584185026,0.986214365388511,0.836999721822529
105,"rs929708",-0.0672369683349953,0.0409299429756863,0.0188597188857214,0.0597896618614077,-0.00744730647358763,17,0.857858217471001,"",0.934973615942418,1.06161322530998,0.992580356000365
105,"rs11719939",0.0793155521035823,0.0026867141024085,0.0188723718361064,0.0215590859385149,0.100874638042097,17,0.857858217471001,"",1.08254586780555,1.02179316216176,1.10613796545018
105,"rs4639533",-0.0919772728900546,0.0398435447897347,0.00989355063074856,0.0497370954204832,-0.0422401774695713,17,0.857858217471001,"",0.912125879294669,1.0509947487186,0.95863950930903
105,"rs2515029",0.0574855021370775,-0.0112962427074274,-0.074825814175793,-0.0861220568832203,-0.0286365547461428,17,0.857858217471001,"",1.05916991484318,0.917482239363055,0.971769585336299
106,"rs929708",-0.0259706418986264,0.108971307320789,0.0300640699980976,0.139035377318886,0.11306473542026,16,0.854599793081394,"",0.974363694656975,1.14916475365244,1.11970441513836
106,"rs11719939",0.257852616281219,0.112972309768903,0.0599555000024634,0.172927809771366,0.430780426052586,16,0.854599793081394,"",1.29414806821288,1.18878028366586,1.53845770763574
106,"rs4639533",-0.342533968305153,0.149164470935652,0.0405819144904648,0.189746385426117,-0.152787582879036,16,0.854599793081394,"",0.709969002532222,1.20894295322222,0.858312022617535
106,"rs2515029",0.000469541053455564,-0.0455454333003809,-0.0383230643188696,-0.0838684976192506,-0.083398956565795,16,0.854599793081394,"",1.00046965130511,0.91955217144439,0.919984040321827
107,"rs929708",0.324222881290934,0.0873696843604912,0.0231737077474788,0.11054339210797,0.434766273398904,17,0.857443188008151,"",1.38295550768099,1.11688481198701,1.54460200218268
107,"rs11719939",0.570550505275017,0.0564620121526561,0.0576146348420454,0.114076646994702,0.684627152269719,17,0.857443188008151,"",1.76924075976438,1.12083803045849,1.9830323285812
107,"rs4639533",0.00336620348592166,0.0943518937849643,0.000615620218190628,0.0949675140031549,0.0983337174890766,17,0.857443188008151,"",1.00337187551149,1.09962313219226,1.10333092450356
107,"rs2515029",0.0154347361278984,-0.137249599172604,-0.0874054308121856,-0.224655029984789,-0.209220293856891,17,0.857443188008151,"",1.01555446687861,0.798791730430409,0.811216509944298
108,"rs929708",-0.104451906674506,0.0452951735079683,0.0152824918142618,0.0605776653222301,-0.0438742413522757,17,0.854856139893298,"",0.90081811970416,1.06245010989625,0.957074310276217
108,"rs11719939",-0.162535868072763,0.0838337592111289,0.0387057834427211,0.12253954265385,-0.0399963254189134,17,0.854856139893298,"",0.849985602333198,1.13036381677542,0.960792969657511
108,"rs4639533",-0.341962324321538,0.0397572020130833,0.000208402837657999,0.0399656048507413,-0.301996719470797,17,0.854856139893298,"",0.710374968063894,1.04077497596611,0.739340490313623
108,"rs2515029",-0.00279606447062695,-0.00396697691832311,-0.0453864958826784,-0.0493534728010015,-0.0521495372716285,17,0.854856139893298,"",0.997207840876919,0.951844619044715,0.949186917407894
109,"rs929708",0.133960645825671,0.042567494465226,0.0238571437626583,0.0664246382278843,0.200385284053555,17,0.858618534366456,"",1.1433478232497,1.06868042338984,1.22187343583234
109,"rs11719939",0.306641030810995,0.0350247824110828,0.0171196659775747,0.0521444483886575,0.358785479199652,17,0.858618534366456,"",1.35885309411819,1.05352791193207,1.43158966286877
109,"rs4639533",-0.273293669492748,0.0438504276725991,0.0279838785296496,0.0718343062022487,-0.201459363290499,17,0.858618534366456,"",0.76086931071184,1.07447729508979,0.817536798890494
109,"rs2515029",0.303048942238384,0.00319772692648236,-0.072825635061991,-0.0696279081355086,0.233421034102876,17,0.858618534366456,"",1.35398072966833,0.932740820614904,1.2629130968876
110,"rs929708",-0.209855009246651,0.0426527891135492,0.0190630244594415,0.0617158135729907,-0.14813919567366,17,0.855232497600585,"",0.810701781711255,1.06366002403057,0.862311076616617
110,"rs11719939",0.0655409600282149,0.0406933281501033,0.0140608009877711,0.0547541291378743,0.120295089166089,17,0.855232497600585,"",1.0677364709338,1.05628087405633,1.12782961277977
110,"rs4639533",0.151303306438045,0.050342917776791,0.0126384823954585,0.0629814001722495,0.214284706610294,17,0.855232497600585,"",1.16334945595587,1.06500703009977,1.23897534905574
110,"rs2515029",0.144901532139347,-0.0566592688243169,-0.0754785194907172,-0.132137788315034,0.012763743824313,17,0.855232497600585,"",1.15592574312896,0.876220253848822,1.01284554807484
111,"rs929708",-0.167726450746571,0.0696277578885401,0.0771343243604061,0.146762082248946,-0.0209643684976245,17,0.855179289857304,"",0.845585112226478,1.15807840284168,0.979253856233939
111,"rs11719939",0.00634663775967127,0.0720085941504633,0.100486659923229,0.172495254073692,0.178841891833364,17,0.855179289857304,"",1.00636682033968,1.18826618117788,1.19583165846915
111,"rs4639533",-0.3661417380183,0.00938500144311838,0.00509296602337293,0.0144779674664913,-0.351663770551808,17,0.855179289857304,"",0.693404512462818,1.01458328086501,0.703516625221127
111,"rs2515029",-0.0504843230429339,0.0231839807709981,-0.0679949256228124,-0.0448109448518143,-0.0952952678947482,17,0.855179289857304,"",0.95076883371768,0.956178235164329,0.909104465473418
112,"rs929708",-0.155111188595071,0.0189386405690318,0.0398673052938512,0.058805945862883,-0.0963052427321881,16,0.850681299199061,"",0.856319959176925,1.06056941288766,0.908186756348257
112,"rs11719939",0.0784520543402871,0.0071208063718677,0.071543329282756,0.0786641356546237,0.157116189994911,16,0.850681299199061,"",1.08161149534236,1.08184090925624,1.17013156358318
112,"rs4639533",-0.083746093164283,-0.0138864193566947,-0.000785373324625231,-0.0146717926813199,-0.0984178858456029,16,0.850681299199061,"",0.919664735615788,0.985435313615315,0.90627010716249
112,"rs2515029",-0.0708712355245797,0.0840483136126616,-0.0101001829394028,0.0739481306732589,0.00307689514867919,16,0.850681299199061,"",0.931581839051792,1.0767509537007,1.00308163364927
113,"rs929708",-0.117220558356167,0.0342256990483974,0.0264715523632333,0.0606972514116306,-0.0565233069445368,17,0.858150592184193,"",0.889389009351321,1.06257717174734,0.945044458139694
113,"rs11719939",-0.00597911977783771,0.0296229633692092,0.0659188711494165,0.0955418345186257,0.089562714740788,17,0.858150592184193,"",0.994038719586547,1.10025484970316,1.09369592201782
113,"rs4639533",-0.453043160747013,0.0231977707925175,0.105843578034793,0.129041348827311,-0.324001811919703,17,0.858150592184193,"",0.635690696148992,1.13773716729079,0.723248931909666
113,"rs2515029",-0.0512342448039092,-0.0335022038336816,-0.0695350512029724,-0.103037255036654,-0.154271499840563,17,0.858150592184193,"",0.950056098760747,0.902093365334093,0.857039303387262
114,"rs929708",0.148933023082205,-0.00176184733696764,0.0849001751009993,0.0831383277640317,0.232071350846237,17,0.856314625981937,"",1.16059525351298,1.08669211784288,1.26120971399841
114,"rs11719939",0.175355771686836,0.0120674142048468,0.073311206731709,0.0853786209365557,0.260734392623392,17,0.856314625981937,"",1.19167010368732,1.08912935581956,1.29788289237839
114,"rs4639533",-0.383902707544644,0.10015540936224,0.10099059255817,0.201146001920409,-0.182756705624235,17,0.856314625981937,"",0.681197699352356,1.22280329041967,0.832970788194367
114,"rs2515029",-0.179073664785034,-0.0139304122892253,-0.0704633131348933,-0.0843937254241186,-0.263467390209153,17,0.856314625981937,"",0.8360443101042,0.919069323889502,0.768382678829132
115,"rs929708",-0.130242781169275,0.0164664673439448,0.00523742868386496,0.0217038960278097,-0.108538885141466,17,0.857347679320981,"",0.877882271761669,1.02194113883481,0.897144008567009
115,"rs11719939",-0.0395414414359336,0.0789931123933719,0.0233884869204121,0.102381599313784,0.0628401578778504,17,0.857347679320981,"",0.961230118408813,1.1078061291386,1.06485661668591
115,"rs4639533",0.0812033069167678,0.0656713582272291,0.0516608783998589,0.117332236627088,0.198535543543856,17,0.857347679320981,"",1.08459137908242,1.12449296538599,1.21961537609647
115,"rs2515029",0.0429210624383097,-0.02677245151858,-0.0868599994684332,-0.113632450987013,-0.0707113885487035,17,0.857347679320981,"",1.04385549219101,0.892585964689387,0.931730761493629
116,"rs929708",-0.155321611520849,0.0242250545514234,0.00688193941329886,0.0311069939647222,-0.124214617556127,17,0.858490923556416,"",0.856139788782368,1.03159587251442,0.883190272403259
116,"rs11719939",0.220627717231571,0.0387407567616036,-0.00809186327139509,0.0306488934902085,0.25127661072178,17,0.858490923556416,"",1.24685915996954,1.0311234061825,1.28566566405765
116,"rs4639533",-0.134131362282127,0.0789928403523222,0.094052984986869,0.173045825339191,0.0389144630570638,17,0.858490923556416,"",0.874475184002176,1.18892058652486,1.0396815486653
116,"rs2515029",-0.156605006900137,0.0440617175158326,-0.00108175882079946,0.0429799586950331,-0.113625048205104,17,0.858490923556416,"",0.855041727707393,1.04391697318254,0.892592572333076
117,"rs929708",-0.154991126719263,0.078623341432337,0.0616751525338536,0.140298493966191,-0.0146926327530724,16,0.85086615704533,"",0.856422776729626,1.15061719989467,0.985414777286662
117,"rs11719939",0.0204060176580025,0.0835718161766924,0.051060873984905,0.134632690161597,0.1550387078196,16,0.85086615704533,"",1.02061564388717,1.14411646192901,1.1677031594736
117,"rs4639533",-0.268068941215394,0.0858103487546778,0.0407012017847217,0.1265115505394,-0.141557390675994,16,0.85086615704533,"",0.764855049248491,1.13486255937507,0.868005358741089
117,"rs2515029",-0.0218972171826483,-0.0190097200667922,0.00580939006176171,-0.0132003300050305,-0.0350975471876788,16,0.85086615704533,"",0.978340786506008,0.986886412256116,0.965511228758741
118,"rs929708",-0.389194817446062,-0.0011271418291445,0.0209157969887118,0.0197886551595673,-0.369406162286495,17,0.854977430921512,"",0.677602248414851,1.01998574852022,0.691144636548405
118,"rs11719939",-0.0107431917599098,-0.0440762120704373,-0.0230823462124787,-0.067158558282916,-0.0779017500428258,17,0.854977430921512,"",0.989314310222192,0.935046930146585,0.925055308723347
118,"rs4639533",0.102128966537727,-0.0103750100216192,0.0169465445699754,0.00657153454835621,0.108700501086084,17,0.854977430921512,"",1.10752629634982,1.00659317445802,1.1148284104385
118,"rs2515029",-0.143356848462999,0.00628923241690725,-0.011418511733662,-0.00512927931675476,-0.148486127779754,17,0.854977430921512,"",0.866444824218231,0.994883852973744,0.862011965107392
119,"rs929708",0.0304007860193916,0.0644501356395083,0.061746804872325,0.126196940511833,0.156597726531225,17,0.859508578630448,"",1.03086760849607,1.13450557639214,1.16952505036082
119,"rs11719939",0.177544051370265,0.102885861895913,0.083718368690887,0.1866042305868,0.364148281957065,17,0.859508578630448,"",1.19428066644355,1.2051502290551,1.43928761872052
119,"rs4639533",-0.377109028675158,0.0173268570972251,0.0507263037400935,0.0680531608373186,-0.309055867837839,17,0.859508578630448,"",0.685841293451894,1.0704222115073,0.734139754079806
119,"rs2515029",0.105150450583991,0.0424549481927386,-0.047866263282445,-0.0054113150897064,0.0997391354942848,17,0.859508578630448,"",1.11087772998699,0.994603299702162,1.1048826558107
120,"rs929708",-0.251080204712171,-0.0230324621526562,-0.051416663697584,-0.0744491258502402,-0.325529330562411,17,0.860574436466332,"",0.777959973000947,0.928254697026231,0.722144999036528
120,"rs11719939",-0.0881006439823604,-0.0372269002309802,-0.0346854118028713,-0.0719123120338515,-0.160012956016212,17,0.860574436466332,"",0.915668715539614,0.930612495750512,0.852132748648986
120,"rs4639533",-0.274760023399168,0.0854029195344101,0.0187123916437481,0.104115311178158,-0.17064471222101,17,0.860574436466332,"",0.759754424634348,1.1097284116286,0.843121070877278
120,"rs2515029",-0.0393221849076013,-0.00633397703525039,-0.043341456706285,-0.0496754337415354,-0.0889976186491367,17,0.860574436466332,"",0.961440897494004,0.951538211584189,0.914847752145342
121,"rs929708",-0.210820271755811,-0.000489874775318639,0.0403901882269414,0.0399003134516228,-0.170919958304189,17,0.858528814812188,"",0.809919619232049,1.0407070245301,0.84288903703954
121,"rs11719939",-0.0592991240182516,-0.000812295591567613,0.0504544343536463,0.0496421387620787,-0.00965698525617293,17,0.858528814812188,"",0.9424248250905,1.0508949545074,0.990389493690121
121,"rs4639533",-0.120453581328709,0.0953769560577931,0.0550981073537202,0.150475063411513,0.0300214820828046,17,0.858528814812188,"",0.886518237388961,1.16238631879243,1.03047667050091
121,"rs2515029",-0.0565047586107386,-0.0292620433645727,-0.0659977645916506,-0.0952598079562233,-0.151764566566962,17,0.858528814812188,"",0.945061987302325,0.90913670283344,0.859190539109255
122,"rs929708",0.0361779370072793,-0.00744659686449038,0.0519334943374004,0.04448689747291,0.0806648344801894,16,0.850635418816668,"",1.03684032234188,1.04549127804292,1.08400751373165
122,"rs11719939",0.255898959671037,-0.00266051657057683,0.0724614168488538,0.0698009002782769,0.325699859949314,16,0.850635418816668,"",1.29162221541276,1.07229466642986,1.38499961262942
122,"rs4639533",-0.370973672776874,0.0530670836704928,0.103136604021891,0.156203687692384,-0.214769985084491,16,0.850635418816668,"",0.69006210873875,1.16906430285015,0.806726978075968
122,"rs2515029",-0.161673845089075,0.063907403515053,-0.0553616452536127,0.00854575826144022,-0.153128086827635,16,0.850635418816668,"",0.850718625354168,1.00858237749227,0.858019813736666
123,"rs929708",-0.0741747498562959,0.0443866747841175,0.0727499951783752,0.117136669962493,0.0429619201061968,17,0.85477650509976,"",0.928509422775078,1.12427307354984,1.04389814256333
123,"rs11719939",0.134936222017135,0.0562407933954311,0.0979716526394976,0.154212446034929,0.289148668052064,17,0.85477650509976,"",1.14446379043162,1.16673872946778,1.33529022877007
123,"rs4639533",-0.176417977425103,0.00608071930690755,0.0315102880188653,0.0375910073257728,-0.13882697009933,17,0.85477650509976,"",0.83826753319698,1.0383064862788,0.870378616955357
123,"rs2515029",-0.014292324424928,-0.0169703029533319,-0.0692105433983958,-0.0861808463517277,-0.100473170776656,17,0.85477650509976,"",0.985809325993985,0.917428302655309,0.904409376688435
124,"rs929708",-0.238566595374562,0.0591370415542704,0.0244683343021796,0.08360537585645,-0.154961219518112,16,0.859663056441084,"",0.787756225589369,1.08719977386422,0.856448390320894
124,"rs11719939",-0.0579189779826947,0.070754427749155,0.06667042429475,0.137424852043905,0.0795058740612103,16,0.859663056441084,"",0.94372640695658,1.14731548431878,1.08275191966181
124,"rs4639533",-0.613319232117257,0.0898232626662408,0.0407123977729244,0.130535660439165,-0.482783571678092,16,0.859663056441084,"",0.54155035124031,1.13943857204896,0.61706335890987
124,"rs2515029",-0.0682092152281496,0.043491601391954,-0.0330721724070405,0.0104194289849135,-0.0577897862432362,16,0.859663056441084,"",0.93406503250442,1.01047390025724,0.943848336488643
125,"rs929708",-0.0184440612185509,0.0494355770803092,0.0186158875502656,0.0680514646305748,0.0496074034120239,17,0.857287952346002,"",0.981724989555473,1.07042039585147,1.05085845193725
125,"rs11719939",0.153588566092628,0.0652702605031908,0.0343575924735158,0.0996278529767066,0.253216419069334,17,0.857287952346002,"",1.16601105159198,1.10475970852821,1.28816202949742
125,"rs4639533",-0.0920325028863866,0.0776495677557262,0.0598628447896474,0.137512412545374,0.045479909658987,17,0.857287952346002,"",0.912075503976828,1.1474159482362,1.04652997925858
125,"rs2515029",-0.106951535915105,0.0249060355503581,-0.0640005656451939,-0.0390945300948358,-0.146046066009941,17,0.857287952346002,"",0.898569220270033,0.96165979905756,0.864117895804188
126,"rs929708",-0.00885038563040483,0.0676702153687917,-0.00181604736190851,0.0658541680068832,0.0570037823764784,17,0.857321894193454,"",0.991188663746902,1.06807094689315,1.05865981463791
126,"rs11719939",0.332878302919062,0.0371244540345254,0.00812135575639546,0.0452458097909209,0.378124112709983,17,0.857321894193454,"",1.39497752344687,1.04628501540263,1.45954407960594
126,"rs4639533",-0.0621065248057706,0.144528660305395,0.0241794532278861,0.168708113533281,0.10660158872751,17,0.857321894193454,"",0.939782771281614,1.1837745607177,1.11249093724396
126,"rs2515029",-0.0608673304990013,0.0710196650524871,0.0619810220661923,0.133000687118679,0.0721333566196781,17,0.857321894193454,"",0.940948066605932,1.14225078319247,1.07479866602407
127,"rs929708",0.21145290718957,0.075521005581887,0.0293898609301693,0.104910866512056,0.316363773701626,17,0.858826283165683,"",1.23547178242026,1.11061161325695,1.37212930940721
127,"rs11719939",0.461804495801229,0.082588765617916,0.0385863131760399,0.121175078793956,0.582979574595185,17,0.858826283165683,"",1.58693502043612,1.12882252795447,1.79136800146818
127,"rs4639533",-0.138701828499241,0.140894044152573,0.0681881490424108,0.209082193194984,0.0703803646957431,17,0.858826283165683,"",0.870487544343698,1.23254630128547,1.07291620309589
127,"rs2515029",-0.365282593007795,0.00207479318515871,-0.0324968137192701,-0.0304220205341114,-0.395704613541907,17,0.858826283165683,"",0.694000503474654,0.970036072012779,0.673205522365444
128,"rs929708",-0.0721240006222081,0.0241387182181182,0.0568351018831172,0.0809738201012354,0.0088498194790273,16,0.852065950171292,"",0.930415516554839,1.08434250821807,1.00888909490608
128,"rs11719939",0.111578187490116,0.0119825685424154,0.0259889788620509,0.0379715474044663,0.149549734894582,16,0.852065950171292,"",1.11804115742011,1.03870167869931,1.16131122706719
128,"rs4639533",-0.00910029337853635,0.0608955319608557,0.0443505893052869,0.105246121266143,0.0961458278876063,16,0.852065950171292,"",0.990940988969183,1.11098401350123,1.10091959706786
128,"rs2515029",0.0666615424206684,-0.122839118917631,-0.0781328886785315,-0.200972007596163,-0.134310465175494,16,0.852065950171292,"",1.06893362825435,0.817935327209398,0.874318576991347
129,"rs929708",0.0533642806442692,-0.0475023144893982,0.0128442479977148,-0.0346580664916834,0.0187062141525857,17,0.858385907327399,"",1.05481382339992,0.965935645560211,1.01888227145164
129,"rs11719939",0.233159480452375,-0.0740808382753637,0.0113699904613526,-0.0627108478140111,0.170448632638364,17,0.858385907327399,"",1.26258282055122,0.93921501050291,1.18583673706481
129,"rs4639533",-0.192020248024431,0.0575217060183539,0.121063254049727,0.178584960068081,-0.0134352879563499,17,0.858385907327399,"",0.825290157827226,1.19552445079756,0.986654562685024
129,"rs2515029",0.146861251744443,0.0460093447863153,-0.0375577566805515,0.00845158810576375,0.155312839850207,17,0.858385907327399,"",1.15819325458743,1.0084874036047,1.16802330819135
130,"rs929708",-0.466515613836793,0.0125280367431874,0.0316137164813443,0.0441417532245317,-0.422373860612262,17,0.85873920023575,"",0.627183816008462,1.04513049500625,0.655488932084832
130,"rs11719939",-0.280670525038965,0.00913044689037659,0.0265697087615035,0.0357001556518801,-0.244970369387085,17,0.85873920023575,"",0.7552771393967,1.03634505769087,0.782727730600668
130,"rs4639533",-0.104979000045471,0.0426737903424718,0.0696021787908533,0.112275969133325,0.00729696908785454,17,0.85873920023575,"",0.900343429558824,1.11882157826612,1.00732365684053
130,"rs2515029",0.0334930721688745,0.0469218939289102,-0.0534547623649976,-0.00653286843608741,0.0269602037327871,17,0.85873920023575,"",1.03406027990647,0.993488424356013,1.02732691817342
131,"rs929708",0.132347449605258,-0.00817158992231613,0.0849768270026115,0.0768052370802954,0.209152686685554,17,0.85996364616675,"",1.1415048657883,1.07983174472747,1.23263319083907
131,"rs11719939",0.300546993131912,-0.0263893559038848,0.0675331307658905,0.0411437748620057,0.341690767993917,17,0.85996364616675,"",1.3505973730495,1.04200190845687,1.40732504027442
131,"rs4639533",-0.0459203985778666,-0.0165427955117298,0.051513429565359,0.0349706340536292,-0.0109497645242374,17,0.85996364616675,"",0.95511798791494,1.03558929729333,0.98910996593705
131,"rs2515029",-0.16546363822464,0.0546336877910846,-0.118387318926129,-0.0637536311350443,-0.229217269359684,17,0.85996364616675,"",0.847500679273973,0.938236123227459,0.795155751754651
132,"rs929708",-0.0351264593643078,0.0732899285501839,0.0799580436147698,0.153247972164954,0.118121512800646,17,0.856724241239232,"",0.965483314131096,1.16561398293163,1.12538085123838
132,"rs11719939",0.0538602289130704,0.0528440542446202,0.0994328098503393,0.152276864094959,0.20613709300803,17,0.856724241239232,"",1.05533708623447,1.16448259522509,1.2289216690156
132,"rs4639533",-0.009918336370265,0.0717405657080185,0.0711187540697912,0.14285931977781,0.132940983407545,17,0.856724241239232,"",0.990130688113596,1.15356750611732,1.14218258861743
132,"rs2515029",-0.0532385489852098,-0.0517601136047392,-0.127431561532205,-0.179191675136944,-0.232430224122154,17,0.856724241239232,"",0.948153804374657,0.835945654042284,0.792605052130653
133,"rs929708",-0.351964293644777,0.138848391642715,0.176911263681219,0.315759655323935,-0.0362046383208421,16,0.857859224566165,"",0.703305233994524,1.3713006312099,0.964442911309915
133,"rs11719939",-0.15565645426756,0.125632920763449,0.154802405086789,0.280435325850238,0.124778871582678,16,0.857859224566165,"",0.85585316457362,1.3237059303384,1.13289790944499
133,"rs4639533",-0.276183430051242,0.109798718949888,0.10401321464243,0.213811933592318,-0.0623714964589236,16,0.857859224566165,"",0.75867375443142,1.23838973338333,0.939533788475252
133,"rs2515029",0.096175155163292,-0.0371242558901461,-0.135813524404095,-0.172937780294241,-0.0767626251309488,16,0.857859224566165,"",1.10095188451384,0.8411899518077,0.926109662676794
134,"rs929708",0.0752863195939411,0.0594724644209956,0.0296741197073313,0.0891465841283269,0.164432903722268,17,0.85589817340359,"",1.07819281442313,1.09324089634556,1.17872447887329
134,"rs11719939",0.204786221844002,0.0992977551144576,0.0486138810666365,0.147911636181094,0.352697858025096,17,0.85589817340359,"",1.22726267496597,1.15941044190208,1.42290116031223
134,"rs4639533",0.015697777567216,0.0605004081768556,0.085354605526558,0.145855013703414,0.16155279127063,17,0.85589817340359,"",1.01582163492388,1.1570284226232,1.1753345039225
134,"rs2515029",0.175921141999658,0.0181790177616474,-0.0540630979878774,-0.03588408022623,0.140037061773428,17,0.85589817340359,"",1.19234402907737,0.964752120849089,1.15031643083414
135,"rs929708",-0.313350890457839,0.0355634932101233,0.0171229429425273,0.0526864361526506,-0.260664454305188,17,0.854153411233453,"",0.73099336896425,1.05409906593462,0.770539427429618
135,"rs11719939",-0.208773514574238,0.0733410265529043,0.0128410822389642,0.0861821087918685,-0.122591405782369,17,0.854153411233453,"",0.811579025650911,1.090004809691,0.884625041403829
135,"rs4639533",-0.029178364774169,0.0871070197760478,0.0494470519179719,0.13655407169402,0.107375706919851,17,0.854153411233453,"",0.971243213439696,1.1463168593945,1.11335247013841
135,"rs2515029",0.103770427769398,-0.0499907017250263,-0.00731661817212884,-0.0573073198971551,0.0464631078722428,17,0.854153411233453,"",1.1093457507017,0.944303821416042,1.04755943165926
136,"rs929708",-0.533311280798937,0.0555529891289083,0.0584825622725565,0.114035551401465,-0.419275729397472,16,0.851206868047226,"",0.586659156688614,1.12079196990116,0.657522871885583
136,"rs11719939",-0.388715540142577,0.0528664132594684,0.0614439196305913,0.11431033289006,-0.274405207252518,16,0.851206868047226,"",0.677927085630641,1.12109998510355,0.760024045601805
136,"rs4639533",-0.216640018106802,0.0123408768611199,0.0531791550483234,0.0655200319094433,-0.151119986197358,16,0.851206868047226,"",0.805219781679718,1.06771412545195,0.859744534992768
136,"rs2515029",-0.18605616610252,-0.0765982417773866,-0.0943738220713872,-0.170972063848774,-0.357028229951294,16,0.851206868047226,"",0.830226963059656,0.842845118991437,0.699752743469915
137,"rs929708",-0.294443420448635,-0.0116256018906885,-0.0106735411728687,-0.0222991430635571,-0.316742563512192,16,0.856313003421567,"",0.74494609386503,0.977947645035721,0.728518278173865
137,"rs11719939",-0.0158321677012596,0.00806757670489429,-0.0133688724969915,-0.0053012957920972,-0.0211334634933568,16,0.856313003421567,"",0.984292502266731,0.994712731278278,0.97908828330647
137,"rs4639533",-0.225611378397213,0.152594620647052,0.00964287980689541,0.162237500453948,-0.0633738779432655,16,0.856313003421567,"",0.798028172399106,1.17613954182778,0.938592489051144
137,"rs2515029",-0.0621974217345626,-0.0540571256744594,-0.0597057596435597,-0.113762885318019,-0.175960307052582,16,0.856313003421567,"",0.939697351796216,0.892469548428721,0.838651271217233
138,"rs929708",-0.417075157506826,0.112680914128758,0.0788588605912873,0.191539774720046,-0.22553538278678,16,0.853454812178303,"",0.658971391436074,1.21111300386267,0.798088821341708
138,"rs11719939",-0.127891300812206,0.129245724837955,0.0657629134742298,0.195008638312185,0.0671173374999789,16,0.853454812178303,"",0.879949023690483,1.21532148477078,1.06942095399411
138,"rs4639533",0.0793939479476766,-0.00432289341233576,0.0645290018840904,0.0602061084717547,0.139600056419431,16,0.853454812178303,"",1.08263073822933,1.06205542260855,1.14981384621916
138,"rs2515029",-0.331853954308804,-0.0104411484389207,-0.113166904114643,-0.123608052553564,-0.455462006862368,16,0.853454812178303,"",0.717592116438573,0.883726147218127,0.634154916334362
139,"rs929708",0.17688894387614,-0.0410306851864086,0.0891481046144704,0.0481174194280618,0.225006363304201,17,0.860429287511484,"",1.19349854044515,1.04929385557567,1.25233068512762
139,"rs11719939",0.175836509367212,-0.0587847468818522,0.0874587897833142,0.0286740429014621,0.204510552268674,17,0.860429287511484,"",1.19224312213348,1.02908910090238,1.22692440261339
139,"rs4639533",-0.353142840153861,0.00701572084317787,0.171172928013084,0.178188648856262,-0.174954191297599,17,0.860429287511484,"",0.702476844309949,1.19505074492738,0.839495476086837
139,"rs2515029",-0.140493694071129,0.073488486545446,-0.111240283627095,-0.0377517970816488,-0.178245491152777,17,0.860429287511484,"",0.868929144320879,0.962951918708932,0.836736986745901
140,"rs929708",-0.0620083918434204,-0.00164907725231718,0.00110910560428153,-0.000539971648035653,-0.062548363491456,17,0.861372025569065,"",0.939874999474164,0.999460174110418,0.939367630616477
140,"rs11719939",0.314554411100305,0.00281712984494667,-0.00867137377027337,-0.0058542439253267,0.308700167174978,17,0.861372025569065,"",1.36964887463026,0.994162858769917,1.36165404071341
140,"rs4639533",0.221042433019609,0.0994287081081766,-0.0336758231003027,0.0657528850078739,0.286795318027483,17,0.861372025569065,"",1.24737635938661,1.06796277494258,1.33215151816829
140,"rs2515029",-0.0689150763290978,-0.0126579340511277,-0.0117007048801422,-0.0243586389312699,-0.0932737152603677,17,0.861372025569065,"",0.93340594497171,0.975935638472696,0.910944126860176
141,"rs929708",0.0769066214123724,-0.0128128588376323,-0.00492221508954594,-0.0177350739271782,0.0591715474851942,16,0.851408909715552,"",1.07994122829753,0.982421266893417,1.06095722967449
141,"rs11719939",0.351610083677771,-0.0366149557383772,0.0216060617124598,-0.0150088940259174,0.336601189651854,16,0.851408909715552,"",1.42135420645216,0.985103178030903,1.40018054588362
141,"rs4639533",-0.0993911222880775,0.0856549740441904,0.00612862592973407,0.0917835999739244,-0.00760752231415307,16,0.851408909715552,"",0.905388521132886,1.0961275943737,0.992421341642949
141,"rs2515029",0.0509283256742195,0.0469203713687652,-0.0121590289230641,0.034761342445701,0.0856896681199205,16,0.851408909715552,"",1.05224747145226,1.03537257982351,1.08946817913029
142,"rs929708",-0.276003535614391,0.0748214139644666,0.0692047060451186,0.144026120009585,-0.131977415604806,17,0.857492478516883,"",0.758810247896066,1.15491427450286,0.876360786934223
142,"rs11719939",-0.162782890021963,0.0448208066802925,0.078875658660271,0.123696465340564,-0.0390864246813998,17,0.857492478516883,"",0.849775663163777,1.13167231709019,0.961667593739406
142,"rs4639533",-0.385695860582094,-0.00476977728221516,0.12618882747553,0.121419050193315,-0.264276810388779,17,0.857492478516883,"",0.679977302135152,1.12909796196389,0.767760986022506
142,"rs2515029",0.0293547600571905,0.0371649052614414,-0.0431418132912732,-0.00597690802983181,0.0233778520273587,17,0.857492478516883,"",1.02978985798976,0.994040918152134,1.0236532559399
143,"rs929708",-0.300100842861229,-0.0222449399400656,0.0260175899029201,0.00377264996285447,-0.296328192898374,17,0.861024981292434,"",0.740743518219362,1.00377977536446,0.743543362320909
143,"rs11719939",-0.219936235587692,-0.0260457948333955,0.0375133336166241,0.0114675387832286,-0.208468696804464,17,0.861024981292434,"",0.802569971733512,1.01153354306704,0.811826447066812
143,"rs4639533",-0.326778352892665,0.0581886692039178,0.0366239421951596,0.0948126113990774,-0.231965741493588,17,0.861024981292434,"",0.721243586866203,1.09945281089752,0.792973288921858
143,"rs2515029",-0.342614411104904,0.0572602058491439,-0.114986234755453,-0.0577260289063086,-0.400340440011213,17,0.861024981292434,"",0.709911892934981,0.943908515663452,0.670091881112089
144,"rs929708",-0.371607570074528,0.0278706953380368,0.0893545075641286,0.117225202902165,-0.254382367172363,17,0.857606075378774,"",0.68962481884589,1.12437261315624,0.775395259663152
144,"rs11719939",-0.145373991462875,0.0126285093803089,0.0441528967875356,0.0567814061678445,-0.0885925852950305,17,0.857606075378774,"",0.864698842645548,1.05842442005614,0.915218371050333
144,"rs4639533",-0.236825172338295,-0.0849141355410886,0.142994142655544,0.0580800071144553,-0.17874516522384,17,0.857606075378774,"",0.789129237577948,1.05979978384102,0.836318995407738
144,"rs2515029",-0.00967528249546445,-0.00288214656365092,-0.125283852304075,-0.128165998867725,-0.13784128136319,17,0.857606075378774,"",0.990371372462348,0.879707336601725,0.871236962315447
145,"rs929708",-0.0194372279271411,-0.0470042373667153,0.120688495810724,0.0736842584440084,0.0542470305168674,17,0.854668355591906,"",0.980750456995608,1.07646686650921,1.05574537126953
145,"rs11719939",0.260391835399648,-0.0698524833271701,0.123466859631133,0.0536143763039632,0.314006211703611,17,0.854668355591906,"",1.29743836935967,1.05507766074985,1.36889823971111
145,"rs4639533",-0.412043421320112,0.0410900743154936,0.128763791613854,0.169853865929348,-0.242189555390764,17,0.854668355591906,"",0.662295517682081,1.18513165055305,0.784907380024454
145,"rs2515029",0.0305035942247561,-0.0100263044774642,-0.0629874367468681,-0.0730137412243323,-0.0425101469995762,17,0.854668355591906,"",1.03097359559294,0.929588056260012,0.958380740782638
146,"rs929708",0.115559423921084,-0.0511787215400834,-0.0648693348641034,-0.116048056404187,-0.000488632483103102,17,0.855720996279258,"",1.1225012159901,0.890432431288447,0.999511486878307
146,"rs11719939",0.256102899301747,-0.0732472628356939,-0.0213612047629152,-0.094608467598609,0.161494431703138,17,0.855720996279258,"",1.29188565523238,0.909729053148475,1.17526591391066
146,"rs4639533",-0.239384696793551,-0.00800120615867928,0.0265270441568728,0.0185258379981935,-0.220858858795358,17,0.855720996279258,"",0.787112024650177,1.01869850595969,0.801829843534044
146,"rs2515029",0.291775242547674,-0.0874205579038519,-0.106147163354849,-0.193567721258701,0.0982075212889724,17,0.855720996279258,"",1.33880207807712,0.824014031038165,1.1031916971186
147,"rs929708",0.127355028108274,0.025982777521851,-0.0417285135709128,-0.0157457360490618,0.111609292059212,17,0.86173867181793,"",1.13582019430268,0.984377579970598,1.1180759341494
147,"rs11719939",0.249000500583478,0.0243288736289661,-0.0257842661704199,-0.00145539254145382,0.247545108042024,17,0.86173867181793,"",1.28274267518944,0.998545666028664,1.28087713894043
147,"rs4639533",-0.105507311741649,0.0929985681345178,0.0602238292979024,0.15322239743242,0.0477150856907716,17,0.86173867181793,"",0.899867893221176,1.16558417304697,1.04887177417173
147,"rs2515029",-0.0484759718742687,0.0183573077487438,-0.0927648393005654,-0.0744075315518216,-0.12288350342609,17,0.86173867181793,"",0.952680230151174,0.928293307932099,0.884366682248546
148,"rs929708",0.249153856354042,0.116685851513784,0.0293758300559278,0.146061681569712,0.395215537923754,17,0.858804851455513,"",1.28293940626537,1.15726756792953,1.48470416648967
148,"rs11719939",0.249341689411934,0.163681843545885,0.0542335454924959,0.217915389038381,0.467257078450315,17,0.858804851455513,"",1.28318040733041,1.24348185097272,1.59561154803914
148,"rs4639533",-0.118062467051798,0.0744531898662697,0.028863646123617,0.103316835989887,-0.0147456310619109,17,0.858804851455513,"",0.888640540126135,1.10884267469274,0.985362553353864
148,"rs2515029",-0.130295903350359,-0.0155612238584943,0.000347870948750839,-0.0152133529097434,-0.145509256260102,17,0.858804851455513,"",0.877835637979314,0.984901785523615,0.864581887242088
149,"rs929708",-0.32879136378713,0.0269863123758373,0.0358918203423427,0.06287813271818,-0.26591323106895,16,0.853068511056215,"",0.719793176004493,1.06489705521372,0.766505633490112
149,"rs11719939",-0.131791224653223,-0.00367633322992456,0.0157815451897863,0.0121052119598618,-0.119686012693361,16,0.853068511056215,"",0.876523972574447,1.0121787765769,0.887198962200731
149,"rs4639533",-0.220395925378843,0.0688177917085589,0.0544798878523737,0.123297679560933,-0.0970982458179102,16,0.853068511056215,"",0.802201123295248,1.13122111223595,0.907466846930982
149,"rs2515029",-0.192935829505162,-0.00231385631105065,0.0575034919728977,0.0551896356618471,-0.137746193843314,16,0.853068511056215,"",0.824534883252958,1.05674099145292,0.871319810016246
150,"rs929708",0.0548260095849945,-0.0325352193550857,-0.0239641945175648,-0.0564994138726506,-0.0016734042876561,17,0.858101072314138,"",1.0563568027267,0.945067038424623,0.998327995072625
150,"rs11719939",0.109419686275426,-0.00317693301921851,-0.0271122182855742,-0.0302891513047927,0.0791305349706333,17,0.858101072314138,"",1.11563046689893,0.970164968521079,1.08234559680016
150,"rs4639533",-0.198978714829942,0.0504240072732795,0.0299803282960029,0.0804043355692825,-0.118574379260659,17,0.858101072314138,"",0.81956733777743,1.08372516773191,0.888185750600442
150,"rs2515029",0.125154197940074,0.000718859999560425,-0.0120254934780324,-0.011306633478472,0.113847564461602,17,0.858101072314138,"",1.13332319569622,0.988757046274664,1.12058129545116
151,"rs929708",-0.186019311290855,-0.0621230498239039,0.00116671549357212,-0.0609563343303317,-0.246975645621187,16,0.852765204553619,"",0.830257561481865,0.940864322349756,0.781159717959396
151,"rs11719939",0.0433176404781805,-0.0589865622661826,0.0226696394032291,-0.0363169228629535,0.00700071761522702,16,0.852765204553619,"",1.0442695444526,0.964334625358759,1.00702527992326
151,"rs4639533",0.0721091518284584,0.0822334016012312,0.0740002284179724,0.156233630019204,0.228342781847662,16,0.852765204553619,"",1.0747726510616,1.16909930787964,1.25651596248408
151,"rs2515029",0.203685491782854,-0.108167232407395,-0.129337058098269,-0.237504290505664,-0.03381879872281,16,0.852765204553619,"",1.22591253325382,0.788593507508908,0.966746664497758
152,"rs929708",-0.125242601434444,-0.0152201005377586,-0.049735959356393,-0.0649560598941517,-0.190198661328595,17,0.858192267141707,"",0.882282833537915,0.937108639125558,0.826794865460557
152,"rs11719939",0.14245574379981,-0.0732107552528173,-0.0441652450136471,-0.117376000266464,0.0250797435333461,17,0.858192267141707,"",1.15310204791304,0.889250771768946,1.02539688603502
152,"rs4639533",-0.0369065445836538,0.0852938371592973,-0.0159440182752301,0.0693498188840672,0.0324432743004134,17,0.858192267141707,"",0.963766200311969,1.07181108333259,1.03297529523571
152,"rs2515029",0.0313243060346871,-0.064620745676501,-0.01711624441036,-0.081736990086861,-0.0504126840521739,17,0.858192267141707,"",1.03182007510893,0.921514294221108,0.950836948277173
153,"rs929708",-0.0852815881400207,0.133741971795047,0.0790904771394486,0.212832448934495,0.127550860794475,17,0.856452895353075,"",0.918253678647572,1.23717734349465,1.13604264680339
153,"rs11719939",0.100472689795014,0.0937057432566649,0.0906152095697467,0.184320952826412,0.284793642621425,17,0.856452895353075,"",1.10569344457711,1.202401675389,1.32948765022615
153,"rs4639533",-0.0962595856868484,0.117757153810924,0.18418763249609,0.301944786307014,0.205685200620165,17,0.856452895353075,"",0.90822822241877,1.3524865488708,1.22836645412623
153,"rs2515029",-0.109489323600238,-0.0381781064212812,-0.065936262398541,-0.104114368819822,-0.21360369242006,17,0.856452895353075,"",0.896291733479877,0.901122231241436,0.807668406716641
154,"rs929708",-0.277416684827871,0.088363416218825,0.10508004119693,0.193443457415755,-0.0839732274121155,17,0.858254600554884,"",0.757738693102802,1.2134207746654,0.919455871978746
154,"rs11719939",-0.133668365919455,0.0897989645453335,0.097878486747109,0.187677451292442,0.0540090853729871,17,0.858254600554884,"",0.874880156574796,1.20644431553032,1.05549419166993
154,"rs4639533",-0.277548429869815,0.0380788260436895,0.0740612526277222,0.112140078671412,-0.165408351198403,17,0.858254600554884,"",0.75763887136255,1.11866955141478,0.847547536361546
154,"rs2515029",-0.121478405862446,-0.0457434307079121,-0.0820602307833536,-0.127803661491266,-0.249282067353711,17,0.858254600554884,"",0.88561017713037,0.88002614520477,0.779360110334154
155,"rs929708",-0.108464421844184,0.0497479498995209,0.116143738904125,0.165891688803646,0.0574272669594621,17,0.857778542297896,"",0.897210815355319,1.18044523936283,1.05910823569103
155,"rs11719939",0.107872789040353,0.072256420369945,0.130098360112212,0.202354780482157,0.31022756952251,17,0.857778542297896,"",1.11390603531741,1.22428228252925,1.36373542344151
155,"rs4639533",-0.232592097154395,0.0145307659916587,0.0625828625315322,0.0771136285231909,-0.155478468631204,17,0.857778542297896,"",0.792476761131202,1.08016480695144,0.856005507700786
155,"rs2515029",-0.231815400296808,0.0838333143502466,0.0165223760516171,0.100355690401864,-0.131459709894944,17,0.857778542297896,"",0.793092514437157,1.10556408668263,0.876814601378547
156,"rs929708",-0.0600023792996797,0.00243899561951175,0.0121256420458585,0.0145646376653702,-0.0454377416343095,16,0.851065745383476,"",0.941762292846861,1.01467121881048,0.955579093512681
156,"rs11719939",0.0175886385420605,0.0494327795121385,0.0574965230278548,0.106929302539993,0.124517941082054,16,0.851065745383476,"",1.01774422951747,1.11285557563561,1.13260234038949
156,"rs4639533",-0.273963231433407,0.106028368038392,0.0259917420370596,0.132020110075452,-0.141943121357955,16,0.851065745383476,"",0.760360032095387,1.14113126727238,0.867670607008274
156,"rs2515029",-0.185284279975688,-0.00722301801389502,0.043672988856606,0.036449970842711,-0.148834309132977,16,0.851065745383476,"",0.830868051126226,1.03712241635932,0.861711880859787
157,"rs929708",-0.367404208525852,-0.00715526269717993,0.00574477405102881,-0.00141048864615112,-0.368814697172003,17,0.858113740028966,"",0.692529662068637,0.998590505625435,0.691553545405732
157,"rs11719939",-0.372847369170942,0.0214079419346138,0.0439129047517309,0.0653208466863447,-0.307526522484597,17,0.858113740028966,"",0.688770352411428,1.0675014737549,0.735263366277884
157,"rs4639533",-0.433059393231999,0.047122195604902,0.0711332024828328,0.118255398087735,-0.314803995144264,17,0.858113740028966,"",0.648521972845115,1.12553153326356,0.729931930451471
157,"rs2515029",-0.0306284969803936,0.0422673231942173,-0.0658732745619728,-0.0236059513677555,-0.0542344483481491,17,0.858113740028966,"",0.969835803087984,0.976670489612528,0.947210008645701
158,"rs929708",-0.16316530149937,-0.00167287564272588,0.047928182588614,0.0462553069458881,-0.116909994553482,17,0.858676244565695,"",0.849450761324018,1.04734177045483,0.889665264279302
158,"rs11719939",0.130914499573551,-0.00301463304147995,0.0177685861030587,0.0147539530615787,0.14566845263513,17,0.858676244565695,"",1.1398703177472,1.01486332987851,1.1568125862986
158,"rs4639533",-0.317425993421653,0.140025961291804,0.100058314860378,0.240084276152182,-0.0773417172694719,17,0.858676244565695,"",0.728020557091082,1.27135629082289,0.925573515106132
158,"rs2515029",-0.17422692152229,-0.000192593879048864,-0.081099962916082,-0.0812925567951309,-0.255519478317421,17,0.858676244565695,"",0.840106237840466,0.921923936874939,0.774514050183076
159,"rs929708",-0.407941901816811,0.0219967627203768,0.0551261496805495,0.0771229124009263,-0.330818989415884,17,0.86034708513737,"",0.665017514009427,1.08017483511599,0.718335183544379
159,"rs11719939",-0.198874541709499,0.0280980168875537,0.0746440336721105,0.102742050559664,-0.0961324911498347,17,0.86034708513737,"",0.819652719111562,1.1082055112126,0.908343660599827
159,"rs4639533",-0.443190133311882,0.0944251335105265,0.176099757246841,0.270524890757367,-0.172665242554515,17,0.86034708513737,"",0.641985132723497,1.31065221945185,0.841419239059141
159,"rs2515029",0.150618225093012,-0.113219877579,-0.228120187847965,-0.341340065426965,-0.190721840333953,17,0.86034708513737,"",1.16255273988466,0.710817142765557,0.826362416879083
160,"rs929708",-0.158205587859526,-0.0406633260195381,-0.0190048507151016,-0.0596681767346397,-0.217873764594166,17,0.862084852468515,"",0.853674258862778,0.942077084820001,0.804226957175321
160,"rs11719939",0.0870775503546412,-0.0893668119607114,-0.0122652798140081,-0.101632091774719,-0.0145545414200782,17,0.862084852468515,"",1.09098128242311,0.903361844791546,0.985550863922786
160,"rs4639533",-0.25718469052592,0.0869002078272648,0.0320523249824558,0.118952532809721,-0.1382321577162,17,0.862084852468515,"",0.77322539317253,1.12631645394203,0.870896482936014
160,"rs2515029",0.231582632722348,0.049819969577904,0.00749396357118759,0.0573139331490916,0.288896565871439,17,0.862084852468515,"",1.26059348854569,1.05898820972072,1.33495364162059
161,"rs929708",-0.134737321818807,-0.0284008473202349,0.019186066403579,-0.00921478091665586,-0.143952102735463,17,0.856273834563261,"",0.873945447940359,0.990827545069015,0.865929222706986
161,"rs11719939",0.074013791808892,-0.0518227998498652,0.000505284696718458,-0.0513175151531467,0.0226962766557453,17,0.856273834563261,"",1.07682165671231,0.949976990551338,1.02295579680406
161,"rs4639533",0.0473231140005028,-0.125429935257136,-0.0947014057191209,-0.220131340976257,-0.172808226975755,17,0.856273834563261,"",1.04846072669428,0.802413401281692,0.841298937817031
161,"rs2515029",0.140344642133805,0.0459183087089589,-0.108054929343594,-0.0621366206346352,0.0782080214991697,17,0.856273834563261,"",1.1506702999953,0.939754488165763,1.08134757881963
162,"rs929708",-0.000789948914565955,0.00717470394139703,0.0261060919307886,0.0332807958721857,0.0324908469576197,17,0.860898374811785,"",0.999210363012937,1.03384079671606,1.03302443778424
162,"rs11719939",0.0740390217320515,-0.0254476087501418,0.0326792574097605,0.00723164865961869,0.0812706703916701,17,0.860898374811785,"",1.07684882518269,1.00725786017685,1.08466444338747
162,"rs4639533",-0.146887269664249,0.0178255757446119,0.0629470650137318,0.0807726407583437,-0.0661146289059051,17,0.860898374811785,"",0.863391302321877,1.08412438284669,0.936023562784906
162,"rs2515029",-0.136991021687221,0.00997665840631536,-0.0445226478247571,-0.0345459894184417,-0.171537011105662,17,0.860898374811785,"",0.871978054988679,0.966043910867222,0.842369090431657
163,"rs929708",0.0771011471687212,0.00200359012711808,-0.00573642889416009,-0.003732838767042,0.0733683084016792,17,0.86164790568025,"",1.08015132511573,0.996274119614723,1.07612681048035
163,"rs11719939",0.373558747496844,-0.0291174008597115,-0.0387263839527824,-0.0678437848124939,0.30571496268435,17,0.86164790568025,"",1.45289591503455,0.934406430652332,1.35759528607679
163,"rs4639533",-0.00670450165268446,0.0901399048971641,0.0306012979514896,0.120741202848654,0.114036701195969,17,0.86164790568025,"",0.993317923374323,1.1283328652472,1.12079325858234
163,"rs2515029",-0.191128746993217,0.0392996918542,-0.0530742025256791,-0.0137745106714791,-0.204903257664696,17,0.86164790568025,"",0.826026232911076,0.986319923807139,0.81472613110755
164,"rs929708",0.0948924074483365,0.0174836052428523,0.00335568858653161,0.0208392938293839,0.11573170127772,17,0.854286982899751,"",1.0995405463886,1.02105794813884,1.122694614191
164,"rs11719939",0.301110732598617,0.026272882117092,-0.0129330260810555,0.0133398560360365,0.314450588634654,17,0.854286982899751,"",1.35135897274405,1.01342922888035,1.36950668168855
164,"rs4639533",0.252935892408849,0.0509211450625977,0.106090095470711,0.157011240533309,0.409947132942157,17,0.854286982899751,"",1.28780071638647,1.1700087653495,1.50673812619553
164,"rs2515029",-0.0365440151759612,0.000627991941983801,-0.0394850125479433,-0.0388570206059595,-0.0754010357819208,17,0.854286982899751,"",0.964115657242102,0.961888229511033,0.927371502588472
165,"rs929708",-0.104065249804145,0.0604180421336074,0.0237073253549561,0.0841253674885634,-0.0199398823155818,17,0.859219811614506,"",0.901166494565516,1.08776525565922,0.980257602352585
165,"rs11719939",0.0794829522562478,0.039392794693628,0.0160158614289008,0.0554086561225288,0.134891608378777,17,0.859219811614506,"",1.08272710131793,1.05697246469945,1.1444127328769
165,"rs4639533",-0.575797682803118,0.13363817155927,0.0974170509180458,0.231055222477316,-0.344742460325802,17,0.859219811614506,"",0.562256187786236,1.25992881391852,0.708402771795863
165,"rs2515029",0.0836254199563904,-0.0327538311892366,-0.0877024470640248,-0.120456278253261,-0.036830858296871,17,0.859219811614506,"",1.08722156602354,0.886515846519384,0.963839146957493
166,"rs929708",-0.018814235107213,0.0125307346314156,0.032579791534847,0.0451105261662626,0.0262962910590497,17,0.858048219040623,"",0.981361647852447,1.04614347974727,1.02664508917487
166,"rs11719939",-0.00545303893318647,-0.000382781357549817,0.0389868011950484,0.0386040198374986,0.0331509809043121,17,0.858048219040623,"",0.994561801895491,1.03935883667248,1.03370659741698
166,"rs4639533",0.140323665828837,0.0751766587568804,0.0366782464443933,0.111854905201274,0.252178571030111,17,0.858048219040623,"",1.15064616343732,1.11835058201983,1.28682580657901
166,"rs2515029",0.183420525788869,-0.0175542274883252,-0.0621916204364656,-0.0797458479247908,0.103674677864078,17,0.858048219040623,"",1.20131948769913,0.92335098813781,1.1092395360362
167,"rs929708",0.247007979073746,0.0200539215321816,0.0294610529998406,0.0495149745320223,0.296522953605768,17,0.853870499776521,"",1.28018932746257,1.05076132675615,1.34517343622363
167,"rs11719939",0.348645799621049,0.00866154607519775,-0.00280276387024104,0.00585878220495671,0.354504581826005,17,0.853870499776521,"",1.4171471473787,1.00587597843601,1.42547427345735
167,"rs4639533",-0.0790967679730687,0.100030144738732,0.123866023917706,0.223896168656439,0.14479940068337,17,0.853870499776521,"",0.923950511300798,1.25094112578716,1.15580769277824
167,"rs2515029",0.0940808863625969,-0.0299236832288304,-0.0906339169282867,-0.120557600157117,-0.0264767137945202,17,0.853870499776521,"",1.09864860801293,0.886426027596405,0.973870721325225
168,"rs929708",-0.19130170999478,0.0758306287995741,0.0165521085006013,0.0923827373001753,-0.0989189726946051,17,0.861017931016595,"",0.825883373289533,1.09678452210513,0.905816100887934
168,"rs11719939",-0.100014701850739,0.0837177225171371,0.0301015173440584,0.113819239861195,0.0138045380104566,17,0.861017931016595,"",0.904824115349084,1.12054955588325,1.01390026060687
168,"rs4639533",-0.222956194664276,0.211391047971621,0.0467472935973633,0.258138341568985,0.0351821469047088,17,0.861017931016595,"",0.80014989936183,1.29451789187356,1.03580836090471
168,"rs2515029",0.108254242031068,-0.0138977015817831,-0.063011331713754,-0.076909033295537,0.0313452087355313,17,0.861017931016595,"",1.11433101915649,0.925974082586132,1.0318416431607
169,"rs929708",0.271299411112971,-0.00765625553339114,-0.0542416222560411,-0.0618978777894323,0.209401533323539,17,0.858627459273164,"",1.31166773949464,0.939978874610324,1.23293996563284
169,"rs11719939",0.327865113612846,0.0666865099002397,0.0204539544758487,0.0871404643760884,0.415005577988934,17,0.858627459273164,"",1.38800173712227,1.0910499226021,1.51437918785884
169,"rs4639533",-0.247835384713424,0.0520988213786958,0.0373516132711607,0.0894504346498566,-0.158384950063567,17,0.858627459273164,"",0.780488413027482,1.093573128634,0.853521155697046
169,"rs2515029",0.361820457633582,-0.01558748697886,0.00510656854603577,-0.0104809184328242,0.351339539200758,17,0.858627459273164,"",1.43594110655055,0.989573815006972,1.42096971893456
170,"rs929708",-0.118079955711061,0.0968474337758787,0.0438836802506874,0.140731114026566,0.0226511583155055,17,0.853827241708587,"",0.888624999130418,1.15111508766751,1.02290964377755
170,"rs11719939",0.0491171856605789,0.0625959576846752,0.00888180870362657,0.0714777663883018,0.120594952048881,17,0.853827241708587,"",1.05034342871693,1.07409426944092,1.12816785772978
170,"rs4639533",0.136364519504787,0.0572857911163529,-0.00227009292237732,0.0550156981939755,0.191380217698763,17,0.853827241708587,"",1.14609959311654,1.05655720058519,1.21091977769504
170,"rs2515029",0.0436885915690286,-0.0484442245453141,-0.0168142219721997,-0.0652584465175138,-0.0215698549484852,17,0.853827241708587,"",1.04465698923635,0.936825312847646,0.978661110759822
171,"rs929708",-0.187383352184016,0.0369226209975557,0.0870724554166535,0.123995076414209,-0.0633882757698066,17,0.860063148643305,"",0.829125828256823,1.13201029743564,0.938578975456577
171,"rs11719939",0.0364653210118354,0.00168054587712696,0.0489771178501578,0.0506576637272848,0.0871229847391201,17,0.860063148643305,"",1.037138336486,1.05196270664222,1.09103085161222
171,"rs4639533",-0.321835967301221,0.053485495680721,0.134678072928736,0.188163568609457,-0.133672398691764,17,0.860063148643305,"",0.724817074280024,1.20703093157467,0.874876628389441
171,"rs2515029",0.0574097714635603,0.0711495750251899,0.0229624465057736,0.0941120215309635,0.151521792994524,17,0.860063148643305,"",1.05908970622933,1.09868281515484,1.16360365994155
172,"rs929708",-0.474098047710208,0.0237332318743032,-0.0549040783746765,-0.0311708465003733,-0.505268894210582,17,0.857421795429536,"",0.622446220149078,0.969309955715145,0.603343318087762
172,"rs11719939",-0.102437588376259,0.0619023128344455,-0.0514164975827815,0.010485815251664,-0.0919517731245949,17,0.857421795429536,"",0.902634482878708,1.01054098407382,0.912149138587212
172,"rs4639533",-0.187166523478502,0.0504099601129045,0.0690243020546405,0.119434262167545,-0.0677322613109574,17,0.857421795429536,"",0.829305626028827,1.12685916435337,0.934510644740389
172,"rs2515029",-0.0327066212343312,0.0120791947936896,-0.0124840208167088,-0.000404826023019177,-0.0331114472573504,17,0.857421795429536,"",0.967822456500008,0.999595255907979,0.967430736078614
173,"rs929708",-0.2240973703584,0.0628050625044725,0.107211468494441,0.170016530998913,-0.0540808393594869,17,0.860786830954439,"",0.799237308557282,1.18532444575553,0.947355519792803
173,"rs11719939",-0.0588961169760396,0.036432366572756,0.0990569733319916,0.135489339904748,0.076593222928708,17,0.860786830954439,"",0.94280470547386,1.1450969889264,1.07960282938376
173,"rs4639533",-0.305438641059259,0.149574760569106,0.095886694174693,0.245461454743799,-0.0599771863154602,17,0.860786830954439,"",0.736800112716985,1.27821101367022,0.941786018948308
173,"rs2515029",-0.0391310905983774,-0.0159397140840327,-0.0829982127287118,-0.0989379268127445,-0.138069017411122,17,0.860786830954439,"",0.961624640933774,0.905798932105255,0.871038572843912
174,"rs929708",-0.325788259503804,0.0296076828919214,-0.0120095013585418,0.0175981815333796,-0.308190077970424,16,0.852627905499737,"",0.721958039002122,1.01775394188816,0.734775640072258
174,"rs11719939",-0.0304233421370789,0.033782036489385,-0.00526852123718667,0.0285135152521984,-0.00190982688488051,16,0.852627905499737,"",0.970034790011075,1.02892391690678,0.998091995674043
174,"rs4639533",-0.152884392967352,0.08331058883153,0.103304735827483,0.186615324659013,0.0337309316916606,16,0.852627905499737,"",0.858228933376826,1.20516359915293,1.03430627024559
174,"rs2515029",-0.0705529115099694,-0.0609127028035004,-0.0552890454740534,-0.116201748277554,-0.186754659787523,16,0.852627905499737,"",0.931878431126422,0.890295589575974,0.829647257252832
175,"rs929708",-0.187415458620616,-0.02761019985346,-0.0285070651936596,-0.0561172650471197,-0.243532723667736,17,0.859285596899393,"",0.829099208408321,0.945428263699916,0.783853825040454
175,"rs11719939",0.0515210575665462,0.0272251499961995,0.00130238328330636,0.0285275332795058,0.0800485908460521,17,0.859285596899393,"",1.05287135696737,1.02893834049144,1.08333970678897
175,"rs4639533",0.0112228875322561,0.0933680711504435,-0.00315859038791076,0.0902094807625328,0.101432368294789,17,0.859285596899393,"",1.01128610039014,1.09440351617756,1.10675506412847
175,"rs2515029",-0.00550338817778921,-0.0521867610214685,-0.0143778033956714,-0.0665645644171399,-0.0720679525949291,17,0.859285596899393,"",0.994511727720664,0.935602507275673,0.930467665970514
176,"rs929708",-0.124362709162853,0.153952840464621,0.0710877781610641,0.225040618625685,0.100677909462832,16,0.851062082531291,"",0.883059489020973,1.25237358485261,1.10592037790331
176,"rs11719939",0.127540860439138,0.11980827428318,0.085672499931165,0.205480774214345,0.333021634653483,16,0.851062082531291,"",1.13603128603005,1.22811536925204,1.39517748232467
176,"rs4639533",-0.063010999855248,0.207738666981139,0.0211329504620381,0.228871617443177,0.165860617587929,16,0.851062082531291,"",0.938933145503641,1.25718062858543,1.18040856206397
176,"rs2515029",-0.145046707830576,-0.0507777424235194,-0.0450212583097143,-0.0957990007332338,-0.24084570856381,16,0.851062082531291,"",0.864981890739591,0.908646635022343,0.785962884375793
177,"rs929708",-0.301972681755787,0.0214566187318247,-0.0121935863799953,0.00926303235182935,-0.292709649403957,17,0.857426813448555,"",0.739358262583226,1.00930606701052,0.746238780119605
177,"rs11719939",-0.229835923707042,0.0384327661439438,0.0115651124847203,0.0499978786286641,-0.179838045078378,17,0.857426813448555,"",0.79466397732688,1.05126886624202,0.835405498487803
177,"rs4639533",-0.330711239743062,0.0100409238478238,0.0812765353564765,0.0913174592043003,-0.239393780538762,17,0.857426813448555,"",0.718412588095465,1.09561676368201,0.787104874757567
177,"rs2515029",-0.0948599631038811,0.0155567698659051,-0.0601144488695497,-0.0445576790036446,-0.139417642107526,17,0.857426813448555,"",0.909500289148358,0.956420433125,0.869864660474585
178,"rs929708",-0.0890671376774897,0.0133689678514236,0.0543460665152002,0.0677150343666239,-0.0213521033108658,17,0.856521425390586,"",0.914784155029153,1.0700603346063,0.978874239023037
178,"rs11719939",0.193656058828323,0.0134205870297121,0.034707247458425,0.0481278344881371,0.24178389331646,17,0.856521425390586,"",1.21367877706099,1.04930478409112,1.27351894711996
178,"rs4639533",-0.0663593610628572,-0.000601497847592137,0.0529497282552012,0.052348230407609,-0.0140111306552482,17,0.856521425390586,"",0.935794515748158,1.05374262385346,0.98608656841214
178,"rs2515029",0.0416875904629431,0.009734039573834,-0.0268433183363749,-0.0171092787625409,0.0245783117004022,17,0.856521425390586,"",1.04256871945726,0.983036253779715,1.02488284828318
179,"rs929708",-0.256552867809107,-0.00518446794213483,0.0254319685897657,0.0202475006476308,-0.236305367161476,16,0.851722654233633,"",0.77371408890943,1.02045387176872,0.789539537669637
179,"rs11719939",-0.146568688661502,0.0200630246624403,0.0438309870084249,0.0638940116708652,-0.082674676990637,16,0.851722654233633,"",0.863666406207843,1.06597941139723,0.920650607333
179,"rs4639533",-0.0533765046420371,0.11878639308081,0.0265319769657534,0.145318370046563,0.091941865404526,16,0.851722654233633,"",0.948023010215906,1.15640767723384,1.09630108720801
179,"rs2515029",-0.183658505704953,-0.0401004912837438,-0.0279745086755045,-0.0680749999592482,-0.251733505664201,16,0.851722654233633,"",0.832219953672538,0.934190406707307,0.777451896991285
180,"rs929708",-0.0802087597122623,0.0941952855416108,0.087070582865797,0.181265868407408,0.101057108695145,17,0.860887157126698,"",0.92292365699737,1.19873384238768,1.10633982158295
180,"rs11719939",0.212323669455216,0.0549032231425457,0.0884554977508855,0.143358720893431,0.355682390348647,17,0.860887157126698,"",1.23654805314863,1.15414374289149,1.42715419832614
180,"rs4639533",-0.353490302001366,0.0863286955507235,0.118200415029897,0.204529110580621,-0.148961191420745,17,0.860887157126698,"",0.702232802807806,1.22694717247047,0.861602551821053
180,"rs2515029",-0.365307503500068,0.048817130878556,-0.0567268960950145,-0.00790976521645848,-0.373217268716527,17,0.860887157126698,"",0.693983215795797,0.992121434661002,0.688515623685983
181,"rs929708",0.174078375420885,-0.036828159434428,0.00439772448826957,-0.0324304349461584,0.141647940474727,17,0.860344063429535,"",1.19014884058139,0.968089792707477,1.15217094436948
181,"rs11719939",0.302663142725001,-0.0925456980423026,0.0043377069402175,-0.0882079911020851,0.214455151622916,17,0.860344063429535,"",1.35345846531284,0.915570426416001,1.23918654422282
181,"rs4639533",-0.176293487525275,0.0915838286942768,0.174700257117017,0.266284085811293,0.0899905982860185,17,0.860344063429535,"",0.83837189553411,1.30510576805874,1.09416399663991
181,"rs2515029",-0.142926378786157,-0.0169657265636925,-0.0556333233062848,-0.0725990498699774,-0.215525428656134,17,0.860344063429535,"",0.866817882731142,0.929973628331231,0.806117771505875
182,"rs929708",0.236342112009911,0.0832861377961775,0.0671759361458335,0.150462073942011,0.386804185951922,17,0.861016693311312,"",1.2666075577104,1.16237122010886,1.47226817225493
182,"rs11719939",0.318979917792067,0.051553412304021,0.0470883392995579,0.0986417516035789,0.417621669395646,17,0.861016693311312,"",1.37572369705928,1.10367084041805,1.51834612891645
182,"rs4639533",0.0394763883426681,0.0092783136866065,0.0639450921424911,0.0732234058290976,0.112699794171766,17,0.861016693311312,"",1.04026593619216,1.07597088823413,1.11929586336439
182,"rs2515029",-0.2025629977464,-0.0271029628146409,-0.0891510957136418,-0.116254058528283,-0.318817056274683,17,0.861016693311312,"",0.816635034810756,0.890249019208525,0.727008538791595
183,"rs929708",-0.0883714156725909,0.0044544770004246,0.00918413727236227,0.0136386142727869,-0.074732801399804,17,0.855584376161315,"",0.91542081193797,1.01373204444192,0.927991411210557
183,"rs11719939",0.0869732622224165,-0.0166293936962131,0.0186443019414246,0.00201490824521146,0.0889881704676279,17,0.855584376161315,"",1.09086751195543,1.00201693953689,1.0930677257698
183,"rs4639533",-0.0816260448626796,0.104862941085893,-0.031123078211986,0.0737398628739067,-0.00788618198877288,17,0.855584376161315,"",0.921616537502664,1.07652672449979,0.992144832362583
183,"rs2515029",0.227707385438229,-0.0113589585165155,-0.0526923395767821,-0.0640512980932977,0.163656087344931,17,0.855584376161315,"",1.25571783034512,0.937956882896906,1.17780918194858
184,"rs929708",-0.146780659964342,0.00529447785394876,0.0185852252940609,0.0238797031480096,-0.122900956816333,17,0.859959365727868,"",0.863483353116186,1.02416710640098,0.884351247186421
184,"rs11719939",-0.0384715109466264,0.05019224695224,0.0493715073804529,0.0995637543326929,0.0610922433860664,17,0.859959365727868,"",0.962259118200702,1.10468889719841,1.06299696410424
184,"rs4639533",-0.0660168523551587,0.076817611351743,0.0261882995834255,0.103005910935169,0.0369890585800099,17,0.859959365727868,"",0.93611508841475,1.10849796131623,1.03768166706511
184,"rs2515029",0.00625783767548388,0.00478235988860671,0.0104185969595986,0.0152009568482053,0.0214587945236891,17,0.859959365727868,"",1.00627745884902,1.01531707903612,1.02169069021848
185,"rs929708",-0.228885927664463,0.0583174495550699,0.0637322118904459,0.122049661445516,-0.106836266218947,17,0.857283197522798,"",0.795419263663232,1.12981020839525,0.89867280404095
185,"rs11719939",-0.0959324778617014,0.0612594428411394,0.0277499636297599,0.0890094064708993,-0.00692307139080206,17,0.857283197522798,"",0.908525359572637,1.09309093840607,0.99310083786097
185,"rs4639533",-0.0133162123992954,-0.0429611187739688,-0.0541877894745624,-0.0971489082485312,-0.110465120647827,17,0.857283197522798,"",0.986772056121855,0.907420873619378,0.895417561229284
185,"rs2515029",-0.400340112714984,0.00625044866913937,-0.0716877726151855,-0.0654373239460461,-0.46577743666103,17,0.857283197522798,"",0.670092100430671,0.936657750931669,0.62764695970647
186,"rs929708",-0.313282272025954,0.0386264852638127,0.0562110047417667,0.0948374900055793,-0.218444782020375,17,0.858067862554141,"",0.731043530303923,1.09948016409162,0.803767860656678
186,"rs11719939",-0.13327235202115,0.0455806644086293,0.0701473140377726,0.115727978446402,-0.0175443735747484,17,0.858067862554141,"",0.875226689887626,1.12269043459611,0.982608632840056
186,"rs4639533",-0.303263633162513,0.0117132241979319,0.126424884538798,0.13813810873673,-0.165125524425783,17,0.858067862554141,"",0.738404402819843,1.14813410667598,0.847787279397174
186,"rs2515029",-0.00389763727819468,-0.011984015107207,-0.0272755499815215,-0.0392595650887285,-0.0431572023669232,17,0.858067862554141,"",0.996109948651048,0.961501104633923,0.957760815964822
187,"rs929708",-0.382019497442784,0.0067467268233794,0.0511011568840707,0.0578478837074501,-0.324171613735334,17,0.859119623400548,"",0.682481746426864,1.05955380805393,0.723126133353878
187,"rs11719939",-0.0760283289756308,0.0545635108917881,0.0639352053273618,0.11849871621915,0.042470387243519,17,0.859119623400548,"",0.926789951177548,1.12580542881361,1.04338515840558
187,"rs4639533",-0.363850725853296,0.0638163545225284,0.0540391296063061,0.117855484128835,-0.245995241724461,17,0.859119623400548,"",0.694994931775494,1.12508150748402,0.781925945535725
187,"rs2515029",-0.215008287480753,0.0884587463956293,0.00866778918879336,0.0971265355844226,-0.117881751896331,17,0.859119623400548,"",0.806534756008362,1.10199980698879,0.888801145450969
188,"rs929708",-0.259336110262556,0.0016919737454625,-0.00193181916788686,-0.000239845422424359,-0.25957595568498,16,0.850239606743832,"",0.771563648996363,0.99976018333819,0.771378615177687
188,"rs11719939",0.0190728043208386,0.00266789820359145,0.00199775396370926,0.00466565216730071,0.0237384564881393,16,0.850239606743832,"",1.01925585214628,1.00467655326936,1.02402245643396
188,"rs4639533",0.0744431727350927,0.0493276024149659,0.0170662577675903,0.0663938601825561,0.140837032917649,16,0.850239606743832,"",1.07728412267255,1.06864753200149,1.15123701895841
188,"rs2515029",-0.156071658682653,0.0567909187852777,-0.00319341976845143,0.0535974990168263,-0.102474159665827,16,0.850239606743832,"",0.855497884323086,1.05505985405149,0.902601472975271
189,"rs929708",-0.431116246024917,0.133137030745649,0.0495026922670818,0.18263972301273,-0.248476523012187,17,0.861612214562326,"",0.649783371650261,1.20038186020682,0.779988172392999
189,"rs11719939",-0.267014883136475,0.145360470723932,0.0272948443601291,0.172655315084061,-0.0943595680524131,17,0.861612214562326,"",0.765661675933357,1.18845639148564,0.909955512478609
189,"rs4639533",-0.188507114025629,0.0916466738861053,-0.0491354312219636,0.0425112426641417,-0.145995871361487,17,0.861612214562326,"",0.828194611619992,1.0434277872159,0.864161270986782
189,"rs2515029",-0.126484028760623,0.0713369559772642,-0.00482474800578646,0.0665122079714777,-0.0599718207891451,17,0.861612214562326,"",0.881188223099177,1.06877401155818,0.941791072139532
190,"rs929708",-0.0696586449024463,0.0420146514119209,0.0342533975965036,0.0762680490084245,0.00660940410597818,16,0.850134401588626,"",0.932712151618286,1.07925182777075,1.00663129441803
190,"rs11719939",0.106959434132782,0.0106274468624371,-6.12599897679672e-05,0.0105661868726691,0.117525621005451,16,0.850134401588626,"",1.11288910825184,1.01062220615473,1.12471044578705
190,"rs4639533",-0.0976808403120597,0.0647371862657642,0.0180821825268644,0.0828193687926286,-0.0148614715194311,16,0.850134401588626,"",0.906938315716974,1.08634556291408,0.985248415115901
190,"rs2515029",0.132666128993233,-0.00520419794284075,4.45903455180603e-05,-0.00515960759732269,0.12750652139591,16,0.850134401588626,"",1.1418686978301,0.994853680314663,1.13599227647239
191,"rs929708",-0.169482573157577,0.057757200909311,0.0185546712104084,0.0763118721197194,-0.0931707010378573,17,0.855758199164715,"",0.844101464375398,1.07929912498007,0.911037971894759
191,"rs11719939",0.100686794909209,0.069406680990725,0.027198859282518,0.096605540273243,0.197292335182451,17,0.855758199164715,"",1.10593020454318,1.10142581979173,1.21810008217142
191,"rs4639533",-0.11103162022425,0.0804749305136232,-0.00116576055849438,0.0793091699551288,-0.0317224502691214,17,0.855758199164715,"",0.894910451212492,1.08253895885916,0.968775428127756
191,"rs2515029",0.143453711325162,0.0167073174954794,-0.0654593363541071,-0.0487520188586277,0.094701692466534,17,0.855758199164715,"",1.15425338071109,0.952417281941282,1.09933086752839
192,"rs929708",-0.113871648130912,0.0148530281041326,0.0190307537982327,0.0338837819023653,-0.0799878662285466,17,0.860852861475812,"",0.892372486208688,1.0344643762599,0.923127547337362
192,"rs11719939",0.0807669133828641,0.0296720353221521,0.0488192319744103,0.0784912672965624,0.159258180679426,17,0.860852861475812,"",1.08411817367706,1.08165390935822,1.17264066076409
192,"rs4639533",-0.00376314985316434,0.131761648920061,0.0137347991015358,0.145496448021597,0.141733298168432,17,0.860852861475812,"",0.996243921921747,1.15661362630827,1.15226929522149
192,"rs2515029",0.108720438689432,-0.0334345885485058,-0.0378481185653384,-0.0712827071138443,0.0374377315755879,17,0.860852861475812,"",1.11485063766672,0.931198598443665,1.03814735126928
193,"rs929708",-0.330622117962002,0.0317623216742825,0.126029426586475,0.157791748260758,-0.172830369701245,17,0.856693069690508,"",0.718476617158002,1.17092232270495,0.841280309371839
193,"rs11719939",-0.199488242937692,0.0318499480258981,0.179801334869686,0.211651282895584,0.0121630399578916,17,0.856693069690508,"",0.819149851552153,1.23571689431868,1.01223731054164
193,"rs4639533",-0.148235890394959,-0.000106324170431661,0.114341000496341,0.11423467632591,-0.0340012140690495,17,0.856693069690508,"",0.862227699718509,1.12101516973907,0.966570331153671
193,"rs2515029",-0.10970626168751,-0.0319319812413774,-0.0965547174020393,-0.128486698643417,-0.238192960330927,17,0.856693069690508,"",0.896097314754754,0.87942525988959,0.788050613914563
194,"rs929708",-0.104004887537972,0.0818443322307132,0.00457512912709499,0.0864194613578082,-0.0175854261801638,17,0.859949982314675,"",0.901220892659107,1.09026355583528,0.982568295023566
194,"rs11719939",0.256615147458758,0.0318367735880603,0.0145571049267205,0.0463938785147808,0.303009025973539,17,0.859949982314675,"",1.29254759080151,1.04748691230317,1.35392668489357
194,"rs4639533",-0.157419836048288,0.121452495429788,0.073254605881632,0.19470710131142,0.037287265263132,17,0.859949982314675,"",0.854345298558689,1.21495507562103,1.03799115681684
194,"rs2515029",0.224017610271931,-0.0334104855334287,-0.0306518036748263,-0.064062289208255,0.159955321063676,17,0.859949982314675,"",1.25109305132321,0.937946573761636,1.1734584409456
195,"rs929708",-0.379962794095729,0.0343668769546319,0.0751333908563322,0.109500267810964,-0.270462526284764,16,0.851015580673154,"",0.683886853367815,1.11572036973726,0.763026492897987
195,"rs11719939",-0.207706700113897,0.0232960591377681,0.0875452595018649,0.110841318639633,-0.0968653814742638,16,0.851015580673154,"",0.812445291881698,1.1172176111777,0.907678188208642
195,"rs4639533",-0.149712137830506,0.0254880144168986,0.017323049590272,0.0428110640071706,-0.106901073823335,16,0.851015580673154,"",0.860955777354998,1.04374067603945,0.898614565096575
195,"rs2515029",-0.0268001269423993,-0.023584920101174,-0.111114626918476,-0.13469954701965,-0.161499673962049,16,0.851015580673154,"",0.973555809655646,0.873978461677669,0.850866808880199
196,"rs929708",-0.158703407162239,-0.0222109427805055,0.0284349568166406,0.00622401403613517,-0.152479393126104,17,0.859411142324248,"",0.853249389101446,1.00624342345877,0.858576586353547
196,"rs11719939",0.13882832119846,-0.0698143537089496,-0.0141933007932934,-0.0840076545022429,0.0548206666962175,17,0.859411142324248,"",1.14892683668875,0.919424218333448,1.05635115874487
196,"rs4639533",-0.374370062521258,0.00254202996371572,0.0920703022781573,0.094612332241873,-0.279757730279385,17,0.859411142324248,"",0.687722364460546,1.09923263546418,0.755966867153623
196,"rs2515029",-0.225854509749162,0.0408722115698748,-0.0878393023607738,-0.046967090790899,-0.272821600540061,17,0.859411142324248,"",0.797834170315607,0.954118796368691,0.76122857828334
197,"rs929708",-0.393659591604118,0.0584541139594208,0.0887610643543119,0.147215178313733,-0.246444413290385,16,0.852462796761213,"",0.674583651098777,1.15860324250113,0.781574805501296
197,"rs11719939",-0.0554412682316151,0.0463587330252631,0.0540865340452532,0.100445267070516,0.0450039988389011,16,0.852462796761213,"",0.946067586261127,1.10566312386614,1.04603204281398
197,"rs4639533",-0.404694947665099,0.101807192084725,0.0730652259266327,0.174872418011357,-0.229822529653742,16,0.852462796761213,"",0.667180304728514,1.19109424474572,0.79467462116983
197,"rs2515029",0.182778770189647,-0.00349870078118066,-0.0533573748488098,-0.0568560756299905,0.125922694559657,16,0.852462796761213,"",1.2005487815204,0.944730029256608,1.13419448548975
198,"rs929708",-0.128429910953804,-0.0759352477104425,0.0570426059687331,-0.0188926417417093,-0.147322552695513,17,0.857263609738885,"Loglik converged before variable  11 ; coefficient may be infinite. ",0.879475201836317,0.981284705604846,0.863015564520713
198,"rs11719939",-0.0145919080683039,-0.0556222642300989,0.078749423432761,0.0231271592026621,0.00853525113435818,17,0.857263609738885,"",0.985514037878383,1.02339666557768,1.00857178024474
198,"rs4639533",-0.232595549657037,-0.0130826478932669,0.0540744547553945,0.0409918068621276,-0.19160374279491,17,0.857263609738885,"",0.792474025107813,1.0418435695425,0.82563396708804
198,"rs2515029",0.0521054505744595,0.0255677499459433,-0.0829827524062272,-0.0574150024602839,-0.00530955188582444,17,0.857263609738885,"",1.05348682744742,0.944202141834837,0.994704518870638
199,"rs929708",-0.0274040525496744,-0.0361151771443728,-0.0484709783343169,-0.0845861554786897,-0.111990208028364,17,0.860431476666118,"",0.972968031876974,0.918892484344519,0.89405301199923
199,"rs11719939",0.0607255960081537,-0.0301252975800485,-0.0353383198677998,-0.0654636174478483,-0.00473802143969466,17,0.860431476666118,"",1.0626072904954,0.936633123243183,0.995273185277678
199,"rs4639533",-0.126224214129773,0.157524399924157,0.078104593562684,0.235628993486841,0.109404779357067,17,0.860431476666118,"",0.881417198436353,1.26570463838205,1.1156138364106
199,"rs2515029",0.0754682353853592,0.0169205160375047,-0.0172603364517363,-0.000339820414231581,0.0751284149711276,17,0.860431476666118,"",1.07838897256386,0.999660237318186,1.0780225762345
200,"rs929708",-0.00201892953959605,-0.019048768358167,0.0141130734813152,-0.00493569487685186,-0.00695462441644792,17,0.856957757603345,"",0.997983107127787,0.995076465649997,0.993069503019121
200,"rs11719939",0.136241474305425,-0.00800020528334455,-0.0296089284165439,-0.0376091336998884,0.0986323406055364,17,0.856957757603345,"",1.14595857973931,0.963089306485997,1.10366045382281
200,"rs4639533",0.128209818709408,-0.0155065030537293,0.0503224393340542,0.034815936280325,0.163025754989733,17,0.856957757603345,"",1.13679149780075,1.03542910632589,1.1770670046467
200,"rs2515029",-0.0223462133723327,-0.0348893726598191,-0.0950330005387294,-0.129922373198548,-0.152268586570881,17,0.856957757603345,"",0.977901613821463,0.878163597305968,0.858757599004767
201,"rs929708",-0.244817496758722,-0.0812366820301909,-0.0215119264748829,-0.102748608505074,-0.347566105263796,17,0.860147214622989,"",0.782847397392793,0.90235378903855,0.706405315276354
201,"rs11719939",-0.0880077035050252,-0.0945378278177357,-0.0122103424320918,-0.106748170249828,-0.194755873754853,17,0.860147214622989,"",0.915753822181982,0.898751976979901,0.823035558112957
201,"rs4639533",-0.346696063197076,0.00636214222429728,0.0149729657322679,0.0213351079565652,-0.325360955240511,17,0.860147214622989,"",0.7070201850593,1.02156432861912,0.72226660067027
201,"rs2515029",0.0816300195300355,-0.00619968875064889,-0.0459223620932928,-0.0521220508439417,0.0295079686860938,17,0.860147214622989,"",1.08505428666135,0.949213007524021,1.02994764276865
202,"rs929708",-0.526779050531723,0.00505199002576063,0.0362539154323291,0.0413059054580897,-0.485473145073633,17,0.861131305623428,"",0.590503893068908,1.04217086254336,0.615405951574833
202,"rs11719939",-0.144967331894561,-0.0140995663813838,0.0456931302259443,0.0315935638445605,-0.113373768050001,17,0.861131305623428,"",0.865050552211803,1.03209793812925,0.89281689131537
202,"rs4639533",-0.159254868460091,0.114091641209205,0.0601831358082393,0.174274777017444,0.0150199085573533,17,0.861131305623428,"",0.852778984802744,1.19038261066948,1.01513327425356
202,"rs2515029",-0.0860450028425731,-0.0219685825617181,-0.00895388162395759,-0.0309224641856757,-0.116967467028249,17,0.861131305623428,"",0.917552937800585,0.969550745068275,0.889614134484142
203,"rs929708",-0.661583177469886,-0.0443510887025986,0.0715384639200158,0.0271873752174172,-0.634395802252469,17,0.857195344406959,"",0.516033714493209,1.0275603240652,0.530255770893209
203,"rs11719939",-0.237651241680908,-0.00467312588493643,0.089524953733704,0.0848518278487676,-0.15279941383214,17,0.857195344406959,"",0.788477631280472,1.08855576109934,0.858301868028317
203,"rs4639533",-0.330054885134608,0.117053212532731,0.0499702701142591,0.167023482646991,-0.163031402487618,17,0.857195344406959,"",0.718884276288859,1.18178201635244,0.84956450955671
203,"rs2515029",-0.0488015610584879,0.0260142820551386,-0.0648991254096276,-0.038884843354489,-0.0876864044129769,17,0.857195344406959,"",0.952370098262751,0.961861467509008,0.916048100326708
204,"rs929708",-0.210933953774278,0.0254242937762841,0.0705836765139644,0.0960079702902485,-0.114925983484029,17,0.857858052474415,"",0.80982755116828,1.10076783739818,0.891432122164968
204,"rs11719939",0.0346120929332894,-0.0090457208564615,0.0424135826501973,0.0333678617937358,0.0679799547270252,17,0.857858052474415,"",1.03521806250191,1.03393081293638,1.07034385292903
204,"rs4639533",0.0596710225541553,-0.0183362242670114,0.0330559600990659,0.0147197358320544,0.0743907583862097,17,0.857858052474415,"",1.06148728372332,1.01482860466112,1.07722765900646
204,"rs2515029",0.094792453412835,-0.00908692881605342,-0.0555721173307577,-0.0646590461468111,0.0301334072660238,17,0.857858052474415,"",1.09943064836626,0.937387014612757,1.03059201324582
205,"rs929708",-0.0364150124647045,0.0207682620828222,0.0365433795990634,0.0573116416818856,0.0208966292171811,17,0.858875352084103,"",0.964240038798458,1.05898578308674,1.02111649257057
205,"rs11719939",0.0802097495163365,0.00850373945435516,0.0271859898263642,0.0356897292807194,0.115899478797056,17,0.858875352084103,"",1.08351431044465,1.03633425242898,1.12288299291076
205,"rs4639533",-0.214704237633556,0.0177694018609803,0.0105848627718856,0.0283542646328659,-0.18634997300069,17,0.858875352084103,"",0.806780020062045,1.02876007318222,0.829983072480984
205,"rs2515029",-0.060665279976087,0.0171857066752303,-0.0699250122271205,-0.0527393055518902,-0.113404585527977,17,0.858875352084103,"",0.941138204862946,0.94862728211576,0.892789377374442
206,"rs929708",-0.484416555639106,-0.016408700344588,0.0077496409475669,-0.00865905939702107,-0.493075615036127,17,0.858661788328112,"",0.616056526636056,0.991378322283258,0.610745085808104
206,"rs11719939",-0.122261079825464,-0.0270710738189306,-0.0165417307281569,-0.0436128045470875,-0.165873884372551,17,0.858661788328112,"",0.884917304285484,0.957324557436707,0.847153066693185
206,"rs4639533",-0.54525014339667,-0.0237323034053929,0.0532369891445297,0.0295046857391368,-0.515745457657533,17,0.858661788328112,"",0.579696757885967,1.02994426151072,0.59705534920102
206,"rs2515029",-0.0698806162205879,0.0428472154002496,-0.0728949351488182,-0.0300477197485686,-0.0999283359691566,17,0.858661788328112,"",0.932505139248799,0.970399225236567,0.904902264656151
207,"rs929708",-0.24844810357525,0.0478198863733226,0.0019427974788209,0.0497626838521435,-0.198685419723106,16,0.850362816899367,"",0.780010339532664,1.05102164236998,0.819807748121188
207,"rs11719939",-0.029444268912751,0.0254134862086959,-0.00794122619173623,0.0174722600169597,-0.0119720088957913,16,0.850362816899367,"",0.97098499018251,1.01762579283699,0.988099370467293
207,"rs4639533",-0.376841192835347,0.0905539738158572,0.144694813107202,0.235248786923059,-0.141592405912288,16,0.850362816899367,"",0.686025010932667,1.26522350064238,0.867974965860459
207,"rs2515029",-0.271234899849944,0.00955899427278127,-0.0884510035727244,-0.0788920092999432,-0.350126909149887,16,0.850362816899367,"",0.762437378942651,0.924139717551675,0.704598664026901
208,"rs929708",-0.506523313014273,0.057179090216393,0.0839167604196069,0.141095850636,-0.365427462378273,17,0.859964545146766,"",0.602586947386469,1.151535018059,0.693899971340793
208,"rs11719939",-0.412790667698105,0.0326216483882561,0.0883145076162721,0.120936156004528,-0.291854511693577,17,0.859964545146766,"",0.661800804614626,1.12855285874367,0.746877189966697
208,"rs4639533",-0.14954648460429,0.0396173794569058,0.0168873569388743,0.05650473639578,-0.0930417482085098,17,0.859964545146766,"",0.861098409270538,1.05813162651853,0.911155460393952
208,"rs2515029",-0.0782741200467982,-0.0216248576102998,-0.0546122015814321,-0.0762370591917319,-0.15451117923853,17,0.859964545146766,"",0.924710910000219,0.926596522298687,0.856833913337857
209,"rs929708",-0.415112162096326,0.0363957702255911,0.0790834035318887,0.11547917375748,-0.299632988338846,17,0.86132496554089,"",0.660266219708306,1.12241113869828,0.741090159506811
209,"rs11719939",-0.0960978410799347,-0.00713684285183603,0.104487463728193,0.0973506208763569,0.00125277979642215,17,0.86132496554089,"",0.908375135316457,1.10224677660735,1.00125356485283
209,"rs4639533",-0.146473765672004,0.0268124081463342,0.0284791554204108,0.0552915635667451,-0.0911822021052588,17,0.86132496554089,"",0.863748391896151,1.05684870833778,0.912851372304283
209,"rs2515029",-0.274022328938747,0.1168474984896,0.0116046714725339,0.128452169962133,-0.145570158976614,17,0.86132496554089,"",0.760315098042088,1.13706703403126,0.864529233459903
210,"rs929708",-0.385029879737622,0.11398904053224,0.0614421195817462,0.175431160113986,-0.209598719623635,16,0.853697996034479,"",0.680430304821863,1.19175994520858,0.810909582792761
210,"rs11719939",-0.155590537062482,0.119637751330892,0.0536998119930202,0.173337563323913,0.0177470262614309,16,0.853697996034479,"",0.855909581881602,1.18926749042082,1.01790544047147
210,"rs4639533",-0.287130448932764,0.227245349645069,0.130293090709857,0.357538440354926,0.0704079914221618,16,0.853697996034479,"",0.750413831768437,1.42980552762365,1.07294584466775
210,"rs2515029",-0.0478412394561854,-0.103151606269304,-0.0657334926585626,-0.168885098927867,-0.216726338384052,16,0.853697996034479,"",0.953285119128331,0.844605943939384,0.805150277884752
211,"rs929708",-0.135680654951373,0.0108358075613794,-0.00199822086206639,0.00883758669931304,-0.12684306825206,17,0.858399656546422,"",0.873121414973169,1.00887675346352,0.880871898517602
211,"rs11719939",0.00190226828368739,0.0430299381487284,0.00107199108365331,0.0441019292323818,0.0460041975160692,17,0.858399656546422,"",1.00190407874381,1.04508887456637,1.04707880607783
211,"rs4639533",-0.313237989378185,0.10423081315946,0.00550253321697559,0.109733346376435,-0.20350464300175,17,0.858399656546422,"",0.731075903563861,1.11598045054895,0.815866416244682
211,"rs2515029",0.0961068321003003,-0.0548810223765704,-0.0557696836332788,-0.110650706009849,-0.0145438739095489,17,0.858399656546422,"",1.10087666667847,0.895251400256021,0.98556137735308
212,"rs929708",0.228541048931037,-0.0102229519858949,0.0730483752452854,0.0628254232593905,0.291366472190427,17,0.859012012668375,"",1.25676511293753,1.06484092654554,1.33825492731051
212,"rs11719939",0.12838116901709,-0.0300117128351984,0.0738940244518599,0.0438823116166615,0.172263480633751,17,0.859012012668375,"",1.13698630406325,1.04485937984099,1.18799080455123
212,"rs4639533",-0.418107150528648,0.0898159569763249,0.120543771260011,0.210359728236336,-0.207747422292312,17,0.859012012668375,"",0.65829168834328,1.23412192862072,0.812412208013198
212,"rs2515029",-0.0824053936832641,-0.0475938818640826,-0.0791130601147287,-0.126706941978811,-0.209112335662075,17,0.859012012668375,"",0.920898556556273,0.880991816488164,0.811304092141839
213,"rs929708",-0.403174575574354,0.00386702112761958,0.0596999390317362,0.0635669601593558,-0.339607615414999,16,0.85032585463655,"",0.668195438538331,1.0656308382233,0.712049665266585
213,"rs11719939",-0.306771466339032,0.0556770433199311,0.0748946810263706,0.130571724346302,-0.17619974199273,16,0.85032585463655,"",0.735818741044381,1.1394796653968,0.838450492837943
213,"rs4639533",0.161824959206207,0.00842384675520507,-0.011477842773129,-0.00305399601792389,0.158770963188283,16,0.85032585463655,"",1.17565443582367,0.996950662684156,1.17206946888198
213,"rs2515029",0.16658003045893,-0.0372358634317548,-0.0365210428118943,-0.073756906243649,0.0928231242152806,16,0.85032585463655,"",1.18125806871292,0.928897475573713,1.09726763802851
214,"rs929708",0.0104569367328799,0.0343674813530677,0.0370172569081148,0.0713847382611825,0.0818416749940624,17,0.861513140029479,"",1.0105118015684,1.07399435311027,1.08528396863575
214,"rs11719939",0.309240505373544,-0.0316839362307916,-0.015147846892936,-0.0468317831237276,0.262408722249816,17,0.861513140029479,"",1.36238999321856,0.954247904691708,1.30005779640176
214,"rs4639533",-0.00812907385983072,0.0801504637001397,0.131763902255677,0.211914365955817,0.203785292095986,17,0.861513140029479,"",0.991903877712038,1.23604203326822,1.22603488581382
214,"rs2515029",-0.160253202968429,-0.0507523875343464,-0.0875312283680804,-0.138283615902427,-0.298536818870856,17,0.861513140029479,"",0.851928050943223,0.870851669335634,0.741902965317759
215,"rs929708",-0.277566855861429,0.072213907787563,0.0779455772812123,0.150159485068775,-0.127407370792654,17,0.854261667310991,"",0.757624911243675,1.16201955271909,0.880374960492212
215,"rs11719939",-0.117156786709684,0.0974424359478647,0.0909150637103255,0.18835749965819,0.0712007129485058,17,0.854261667310991,"",0.889445728961344,1.20726503504831,1.07379672914809
215,"rs4639533",-0.194225666619006,0.130281203152121,0.0949457769997442,0.225226980151866,0.0310013135328594,17,0.854261667310991,"",0.823472053145089,1.25260700085444,1.03148685877752
215,"rs2515029",0.0981216141659414,-0.0727022465017076,-0.0466240618447727,-0.11932630834648,-0.0212046941805388,17,0.854261667310991,"",1.10309692916443,0.887518148926967,0.979018544659033
216,"rs929708",-0.192274847772905,0.0514914747293637,0.0299721408010755,0.0814636155304392,-0.110811232242466,17,0.852921995499487,"",0.825080065906435,1.08487374431017,0.895107700455596
216,"rs11719939",0.0294351060414453,0.0551749802090969,0.0323464024384429,0.0875213826475399,0.116956488688985,17,0.852921995499487,"",1.02987260079346,1.09146560261772,1.12407051884451
216,"rs4639533",-0.308012994063941,0.0685583531910079,0.0524764684322937,0.121034821623302,-0.186978172440639,17,0.852921995499487,"",0.734905768534479,1.12866421360315,0.829461841315389
216,"rs2515029",0.139500348055103,0.032325432574921,-0.0623070313601251,-0.0299815987852041,0.109518749269899,17,0.852921995499487,"",1.14969920587667,0.970463391089519,1.115740990068
217,"rs929708",-0.271423147460824,0.0266863847011169,0.0268097073463534,0.0534960920474703,-0.217927055413353,17,0.853414295392272,"",0.762293865436081,1.0549528690538,0.804184100403907
217,"rs11719939",-0.111496354933457,0.000232613668127087,0.0198646878178691,0.0200973014859962,-0.0913990534474612,17,0.853414295392272,"",0.894494651889854,1.02030061196273,0.912653440720608
217,"rs4639533",-0.218898857732363,0.075077507541244,0.00770340542232134,0.0827809129635653,-0.136117944768798,17,0.853414295392272,"",0.803402972042875,1.08630378739807,0.872739691337038
217,"rs2515029",0.0807875445113535,0.0360859468033523,-0.0118632383718573,0.0242227084314949,0.105010252942848,17,0.853414295392272,"",1.08414054048913,1.02451846138451,1.1107219984665
218,"rs929708",-0.116426653797687,0.0692796086038467,0.039693562815532,0.108973171419379,-0.00745348237830797,17,0.859108262268635,"",0.890095379698326,1.11513243251975,0.992574225937588
218,"rs11719939",0.00342770288942798,0.0722387600095341,0.0371354657533283,0.109374225762862,0.11280192865229,17,0.859108262268635,"",1.00343358418083,1.11557975091887,1.11941018790408
218,"rs4639533",0.318630227823628,0.0626455381276665,0.0509507698022966,0.113596307929963,0.432226535753591,17,0.859108262268635,"",1.37524270438714,1.12029977744954,1.54068409566401
218,"rs2515029",0.0490689073815954,-0.0692202041894452,-0.0946245820660793,-0.163844786255525,-0.114775878873929,17,0.859108262268635,"",1.0502927211679,0.848873768531697,0.891565940279203
219,"rs929708",-0.278082520837062,-0.0296837043559405,-0.0184626742482066,-0.048146378604147,-0.326228899441209,17,0.8559872156394,"",0.757234331325127,0.952994278894943,0.721639985535683
219,"rs11719939",0.0454377241408571,-0.0449928863937306,-0.0195396806761828,-0.0645325670699134,-0.0190948429290563,17,0.8559872156394,"",1.04648583178037,0.937505581955047,0.981086308730965
219,"rs4639533",-0.352098062593558,0.0579857438772016,0.0872755556018242,0.145261299479026,-0.206836763114532,17,0.8559872156394,"",0.703211159884938,1.1563416822746,0.813152375615623
219,"rs2515029",-0.120945936519325,-0.0263585818025257,-0.0521566644959455,-0.0785152462984712,-0.199461182817797,17,0.8559872156394,"",0.886081862967627,0.92448796480466,0.819172018145263
220,"rs929708",-0.0618992238136136,-0.0168865660434839,0.044765139172537,0.0278785731290531,-0.0340206506845605,16,0.850990028350862,"",0.93997760937688,1.02827081713265,0.966551544480355
220,"rs11719939",0.29645101833841,-0.0767281223344849,0.00867820893059416,-0.0680499134038907,0.228401104934519,16,0.850990028350862,"",1.3450766742932,0.934213842620621,1.25658924851081
220,"rs4639533",-0.163833435999416,0.0374545343394015,0.0379198217141588,0.0753743560535603,-0.0884590799458562,16,0.850990028350862,"",0.848883403521053,1.07828773887964,0.915340565755172
220,"rs2515029",0.182972048801443,-0.0616403419879092,-0.0297900503541136,-0.0914303923420228,0.0915416564594203,16,0.850990028350862,"",1.20078084434796,0.912624839618823,1.09586242549041
221,"rs929708",-0.19228602240561,0.0719095285105669,0.0958396809141226,0.167749209424689,-0.0245368129809203,17,0.856098075050774,"",0.825070845991261,1.1826399784925,0.975761767557893
221,"rs11719939",-0.0481452540262669,0.0970804824817726,0.0920620967740735,0.189142579255846,0.140997325229579,17,0.856098075050774,"",0.952995350611831,1.20821320634256,1.15142156819227
221,"rs4639533",0.145534506770023,0.0382146000135805,0.0594309115404565,0.097645511554037,0.24318001832406,17,0.856098075050774,"",1.15665764641297,1.10257186683696,1.27529818049679
221,"rs2515029",0.259099248434165,-0.0429499317099574,-0.0649047727191547,-0.107854704429112,0.151244544005052,17,0.856098075050774,"",1.2957624008358,0.897758027219781,1.16328109671991
222,"rs929708",0.0329567807926683,-0.0434665045679711,-0.0116968319869508,-0.0551633365549219,-0.0222065557622536,16,0.853677444729438,"",1.03350587097153,0.946330564955003,0.978038194760803
222,"rs11719939",0.0977538824040012,-0.00893119552938639,0.0347994873855257,0.0258682918561393,0.12362217426014,16,0.853677444729438,"",1.10269135996198,1.02620577991375,1.13158824705394
222,"rs4639533",0.11601488162403,0.0825007628307976,0.0100386457122997,0.0925394085430973,0.208554290167127,16,0.853677444729438,"",1.12301258425996,1.0969563701609,1.23189580807482
222,"rs2515029",-0.0616084086126966,0.186798866229941,-0.0581769923748957,0.128621873855046,0.0670134652423491,16,0.853677444729438,"",0.940251008906651,1.13726001510779,1.0693098765943
223,"rs929708",-0.109191150323526,0.00719695914932155,0.0396037832129613,0.0468007423622829,-0.0623904079612434,17,0.85670441248927,"",0.896559023570339,1.04791318356982,0.939516020647841
223,"rs11719939",0.0190210208391326,-0.00546345461684413,0.0222304334079002,0.016766978791056,0.0357879996301887,17,0.85670441248927,"",1.01920307289607,1.01690833350534,1.03643609836227
223,"rs4639533",-0.140973332904982,0.179009579068979,0.107089402834958,0.286098981903938,0.145125648998956,17,0.85670441248927,"",0.868512472093474,1.33122421583868,1.15618483460875
223,"rs2515029",0.132410619321881,-0.0346018989875501,-0.0149465203405937,-0.0495484193281438,0.0828621999937367,17,0.85670441248927,"",1.14157697660478,0.9516590783277,1.08639209339583
224,"rs929708",-0.232870552363739,0.0555447692915772,0.102022558641576,0.157567327933153,-0.0753032244305863,17,0.856472885492803,"",0.792256122569185,1.17065957341793,0.927462214484583
224,"rs11719939",-0.033638122249606,0.048159342030731,0.0874992850937777,0.135658627124509,0.102020504874903,17,0.856472885492803,"",0.966921348655765,1.14529085562112,1.10740617872029
224,"rs4639533",-0.341013245382125,0.103009648149364,0.0715304349545497,0.174540083103914,-0.166473162278211,17,0.856472885492803,"",0.711049490021831,1.19069846831894,0.846645538667959
224,"rs2515029",-0.201988194502059,-0.0196080588766245,0.00961195655776119,-0.00999610231886331,-0.211984296820923,17,0.856472885492803,"",0.817104574211665,0.99005369265525,0.808977400983755
225,"rs929708",-0.300340566693831,0.058504671865575,0.0567869070602208,0.115291578925796,-0.185048987768035,17,0.856841999251955,"",0.740565965626844,1.12220059991825,0.831063570905482
225,"rs11719939",-0.0761958432090379,0.0722219228280721,0.0682835307168958,0.140505453544968,0.06430961033593,17,0.856841999251955,"",0.926634713671956,1.15085535578917,1.06642252308953
225,"rs4639533",-0.0902687222230278,0.170770427673999,0.0878996275760091,0.258670055250008,0.16840133302698,17,0.856841999251955,"",0.913685624646704,1.29520638777212,1.18341145745797
225,"rs2515029",0.216173967392489,-0.0411250727041397,-0.118540079377096,-0.159665152081236,0.0565088153112534,17,0.856841999251955,"",1.24131830912721,0.852429175318281,1.05813594255679
226,"rs929708",0.0656205762199316,0.0305555855507833,0.0480280219414539,0.0785836074922372,0.144204183712169,17,0.857951591933961,"",1.06782148342952,1.08175379410348,1.15511994112509
226,"rs11719939",0.50146319569416,0.0290474391085618,0.0350513934012827,0.0640988325098445,0.565562028204005,17,0.857951591933961,"",1.65113543833341,1.0661977685559,1.76043691993465
226,"rs4639533",-0.163732756582835,-0.017110261367357,0.0526097989203578,0.0354995375530008,-0.128233219029834,17,0.857951591933961,"",0.848968872909298,1.03613716896943,0.879648204519407
226,"rs2515029",0.22168501184595,0.0674467947958874,-0.0742048921412268,-0.0067580973453394,0.214926914500611,17,0.857951591933961,"",1.24817815460436,0.99326468723882,1.23977128435142
227,"rs929708",0.00488569227042353,0.0370471304133538,-0.0241502513401151,0.0128968790732387,0.0177825713436623,17,0.860022663435948,"",1.00489764672557,1.01298040249575,1.0179416226471
227,"rs11719939",0.205532592991516,0.0141354109063444,-0.0163252330353854,-0.00218982212904093,0.203342770862476,17,0.860022663435948,"",1.22817901033759,0.997812573782245,1.22549245937028
227,"rs4639533",-0.033763668027467,0.12813348672143,0.0141460226887842,0.142279509410214,0.108515841382747,17,0.860022663435948,"",0.966799963382781,1.15289884958328,1.11462256556116
227,"rs2515029",0.0388910018965677,-0.043205985415944,-0.0420851071864036,-0.0852910926023475,-0.0464000907057798,17,0.860022663435948,"",1.03965715681575,0.918244951181552,0.954659935205831
228,"rs929708",-0.478223727403164,0.0354726495421685,0.0704583262537659,0.105930975795934,-0.37229275160723,17,0.861960579976734,"",0.619883496542082,1.11174513653493,0.689152462498927
228,"rs11719939",-0.231651600390634,0.0608266718646375,0.077108226047298,0.137934897911936,-0.0937167024786983,17,0.861960579976734,"",0.793222433556689,1.14790081710148,0.910540679622946
228,"rs4639533",-0.162260667682594,0.00804837155599832,0.149774344205783,0.157822715761781,-0.00443795192081223,17,0.861960579976734,"",0.85021955089249,1.17095858380463,0.995571881236076
228,"rs2515029",-0.165559197897317,-0.0329926380366882,-0.12476647296322,-0.157759110999908,-0.323318308897225,17,0.861960579976734,"",0.847419696255885,0.854055489764066,0.723743443721536
229,"rs929708",0.149358179185931,-0.0260304347127728,0.039875910277522,0.0138454755647492,0.16320365475068,17,0.858387179861982,"",1.1610887925771,1.01394176805343,1.17727642321265
229,"rs11719939",0.198140214508873,0.0222273659904646,0.0117053424894256,0.0339327084798902,0.232072922988763,17,0.858387179861982,"",1.21913332201805,1.03451499029957,1.26121169680139
229,"rs4639533",-0.433969513074346,0.0140340936005206,0.0262878220883419,0.0403219156888625,-0.393647597385483,17,0.858387179861982,"",0.647932008639219,1.04114588144498,0.674591742251099
229,"rs2515029",-0.0312476742459112,-0.0175678697516053,-0.0543223165730647,-0.07189018632467,-0.103137860570581,17,0.858387179861982,"",0.969235488677124,0.930633086439744,0.902002614314525
230,"rs929708",-0.261581569456064,-0.0103593734264193,-0.00327941233272459,-0.0136387857591439,-0.275220355215208,16,0.851542422631853,"",0.769833077997768,0.986453801077367,0.759404765985987
230,"rs11719939",0.00873208108080576,0.0600966743552503,0.031601975762357,0.0916986501176072,0.100430731198413,16,0.851542422631853,"",1.00877031691257,1.09603448244703,1.10564705220519
230,"rs4639533",0.103747838696114,0.0922346171156349,0.0232649094488062,0.115499526564441,0.219247365260555,16,0.851542422631853,"",1.10932069189226,1.12243398314799,1.24513924278912
230,"rs2515029",0.103724409431187,-0.0557422177187831,-0.0604434539298271,-0.11618567164861,-0.0124612622174237,16,0.851542422631853,"",1.10929470162835,0.890309902642871,0.987616057808991
231,"rs929708",-0.123793661795961,0.0149056280867906,0.0413799412725781,0.0562855693593686,-0.0675080924365926,17,0.859724598507218,"",0.883562134699045,1.0578997443572,0.934720156421823
231,"rs11719939",0.0459604941606747,-0.000991993451980687,0.0625361225468753,0.0615441290948946,0.107504623255569,17,0.859724598507218,"",1.04703304622058,1.06347742578956,1.11349600871126
231,"rs4639533",-0.0200809525781299,0.123880613471537,0.122138794297581,0.246019407769117,0.225938455190988,17,0.859724598507218,"",0.980119326908763,1.27892439437024,1.25349851657736
231,"rs2515029",-0.265489698744057,0.0177762559004339,-0.0273133847582767,-0.00953712885784281,-0.2750268276019,17,0.859724598507218,"",0.766830342160563,0.990508205321811,0.75955174599977
232,"rs929708",-0.280016654319743,0.0863426686662464,0.054358203423491,0.140700872089737,-0.139315782230006,17,0.858825280567272,"",0.755771154496452,1.15108027624414,0.869953269295125
232,"rs11719939",-0.136720977609897,0.0999786295929,0.0984460429106544,0.198424672503554,0.0617036948936571,17,0.858825280567272,"",0.872213559294825,1.21948016356667,1.06364713395392
232,"rs4639533",-0.361347540428699,0.0510771623063462,0.106822340342521,0.157899502648867,-0.203448037779832,17,0.858825280567272,"",0.696736812174153,1.17104850152139,0.815912599851333
232,"rs2515029",-0.0764085422296202,-0.00432976372258035,-0.0844093067814606,-0.088739070504041,-0.165147612733661,17,0.858825280567272,"",0.926437640335316,0.915084314914819,0.847768553417545
233,"rs929708",0.0359981578458936,0.0695767417977413,0.0611150724395672,0.130691814237308,0.166689972083202,16,0.851771398802649,"",1.03665393681286,1.1396165136025,1.18138794528297
233,"rs11719939",0.0495073127556815,0.138051251409974,0.0839786973123681,0.222029948722342,0.271537261478023,16,0.851771398802649,"",1.05075327608872,1.24860877154175,1.3119797572506
233,"rs4639533",0.00334629751412021,0.0552397226815512,0.0604990168126333,0.115738739494184,0.119085037008305,16,0.851771398802649,"",1.00335190261802,1.12270251598653,1.12646570548912
233,"rs2515029",0.0138258601049143,-0.0019012851078448,-0.000955398178306434,-0.00285668328615124,0.010969176818763,16,0.851771398802649,"",1.01392187931447,0.997147393150927,1.01102955881711
234,"rs929708",-0.145733705596758,0.0821890574594182,0.0990272697139823,0.181216327173401,0.0354826215766429,16,0.850012185370622,"",0.864387854187121,1.1986744571049,1.03611964184582
234,"rs11719939",-0.0400328630472836,0.0880207901454683,0.11302265871069,0.201043448856158,0.161010585808874,16,0.850012185370622,"",0.960757865202366,1.22267789462523,1.17469740387026
234,"rs4639533",-0.358890396682504,-0.0086351411186023,0.0803852565955042,0.0717501154769019,-0.287140281205603,16,0.850012185370622,"",0.698450899692235,1.07438683787484,0.750406453531174
234,"rs2515029",-0.0716108985184351,0.0634351976845234,-0.0341917699571457,0.0292434277273777,-0.0423674707910574,16,0.850012185370622,"",0.930893037211716,1.02967521546748,0.958517488668153
235,"rs929708",-0.101051960697024,0.00291236207725941,-0.0249512981235154,-0.022038936046256,-0.12309089674328,17,0.861123439461061,"",0.903886065115662,0.978202146985673,0.884183289526572
235,"rs11719939",0.047627658481667,0.0146489163030131,-0.0435428362231108,-0.0288939199200977,0.0187337385615693,17,0.861123439461061,"",1.04878007824822,0.971519517868634,1.01891031596994
235,"rs4639533",-0.187940172308847,0.010977437104564,-0.0270363889074409,-0.0160589518028769,-0.203999124111724,17,0.861123439461061,"",0.828664282820451,0.98406930568555,0.815463085441536
235,"rs2515029",-0.0829948973202994,-0.0532645218743545,-0.0105148408952303,-0.0637793627695848,-0.146774260089884,17,0.861123439461061,"",0.920355843489223,0.938211981189032,0.863488879318926
236,"rs929708",0.0842388410346042,0.0429715777657917,-0.0307229366506863,0.0122486411151054,0.0964874821497096,16,0.850196668276225,"",1.08788869524348,1.01232396293551,1.10129579520162
236,"rs11719939",0.243875285317569,0.0399790843802633,-0.023834417547141,0.0161446668331223,0.260019952150691,16,0.850196668276225,"",1.27618516153716,1.01627569615859,1.29695596346844
236,"rs4639533",-0.0925978699394612,0.113262371724359,0.0397418374171414,0.1530042091415,0.0604063392020389,16,0.850196668276225,"",0.91155999227736,1.16532988397079,1.06226810003299
236,"rs2515029",-0.0635102328156253,0.00104363341486196,-0.0249343748535926,-0.0238907414387306,-0.0874009742543559,16,0.850196668276225,"",0.938464516117166,0.97639238315733,0.91630960540023
237,"rs929708",-0.377318645900662,0.0158727850292047,0.0850306363854756,0.10090342141468,-0.276415224485982,17,0.86126592139687,"",0.685697544369493,1.10616980428958,0.758497918457047
237,"rs11719939",-0.158298704237828,0.044319485275369,0.100470527440749,0.144790012716118,-0.01350869152171,17,0.86126592139687,"",0.853594771508388,1.1557968421444,0.986582141380368
237,"rs4639533",-0.63237535565886,0.0196349223819433,0.00111776078439372,0.020752683166337,-0.611622672492523,17,0.86126592139687,"",0.531328207394764,1.02096951746251,0.542469903518055
237,"rs2515029",-0.240052783882877,0.00612182172377779,-0.112640904329737,-0.106519082605959,-0.346571866488836,17,0.86126592139687,"",0.786586340889475,0.898957893538299,0.707108000092
238,"rs929708",-0.152371214730869,0.082339507318841,0.0637086329034954,0.146048140222336,-0.00632307450853306,17,0.8556903990499,"",0.8586694708148,1.15725189707349,0.993696874059514
238,"rs11719939",-0.0406621350088454,0.0696695627229134,0.0715146615335152,0.141184224256429,0.100522089247583,17,0.8556903990499,"",0.960153477398037,1.15163678787441,1.10574806657712
238,"rs4639533",-0.179145833391429,0.0383771888740693,0.0673581899418943,0.105735378815964,-0.0734104545754656,17,0.8556903990499,"",0.83598397612859,1.11152770380901,0.92921934940734
238,"rs2515029",-0.0871176677080175,0.0222910154865711,-0.0183317656904518,0.00395924979611929,-0.0831584179118982,17,0.8556903990499,"",0.916569238686081,1.00396709797981,0.920205358661233
239,"rs929708",-0.238081764416914,0.0599202009889322,0.00599345625971656,0.0659136572486488,-0.172168107168265,16,0.851515637821728,"",0.788138246794984,1.0681344875139,0.841837642330468
239,"rs11719939",-0.0748741814127634,0.0354148048177487,-0.00266317312640448,0.0327516316913442,-0.0421225497214192,16,0.851515637821728,"",0.927860221046865,1.03329386991755,0.958752278548065
239,"rs4639533",-0.335736741382801,0.0606527708203912,0.0507933455903282,0.111446116410719,-0.224290624972082,16,0.851515637821728,"",0.714811261272399,1.11789350626808,0.799082867183712
239,"rs2515029",-0.0799053760224132,-0.0138387587900316,-0.0123610862882381,-0.0261998450782697,-0.106105221100683,16,0.851515637821728,"",0.923203699459889,0.974140392991734,0.899330014603279
240,"rs929708",-0.221090890420092,0.0948578350374387,0.136765908929047,0.231623743966485,0.0105328535463933,16,0.850482513918932,"",0.801643815235747,1.26064531417766,1.01058851931644
240,"rs11719939",-0.0353799659265644,0.0818536388055381,0.133589042591087,0.215442681396625,0.180062715470061,16,0.850482513918932,"",0.965238588796264,1.24041088226606,1.19729244952602
240,"rs4639533",-0.136494339626621,-0.0105252722643764,0.10486380802482,0.0943385357604437,-0.0421558038661778,16,0.850482513918932,"",0.872411258419108,1.09893171063428,0.958720396591113
240,"rs2515029",-0.159644199687872,-0.00917373635894111,-0.126143724364483,-0.135317460723424,-0.294961660411296,16,0.850482513918932,"",0.852447035936788,0.873438585225102,0.744560133047959
241,"rs929708",0.0471721272394942,0.0407798304927226,-0.0226139418173295,0.0181658886753931,0.0653380159148873,17,0.86151414753792,"",1.04830243495539,1.0183318921075,1.06751980208902
241,"rs11719939",0.137413199747205,0.0287901114845808,-0.0175405216064021,0.0112495898781787,0.148662789625384,17,0.86151414753792,"",1.14730211553624,1.01131310446195,1.16028166421872
241,"rs4639533",-0.502165006925862,0.116811549398061,0.136061105252799,0.25287265465086,-0.249292352275002,17,0.86151414753792,"",0.605218937090254,1.28771928133134,0.779352094717982
241,"rs2515029",-0.0255162239326862,0.00122705120298114,-0.0986036449789978,-0.0973765937760167,-0.122892817708703,17,0.86151414753792,"",0.974806563641377,0.907214290537998,0.884358445045696
242,"rs929708",-0.151476281077836,0.0666362416324283,0.0836550141839904,0.150291255816419,-0.00118502526141762,17,0.858857198900883,"",0.859438266980533,1.16217268299315,0.998815676603747
242,"rs11719939",0.149799713311628,0.0369654030451476,0.0713798591242836,0.108345262169431,0.258144975481059,17,0.858857198900883,"",1.16160156609716,1.1144324503361,1.29452647961991
242,"rs4639533",-0.14165847715594,0.141597614618547,0.124359295496635,0.265956910115182,0.124298432959242,17,0.858857198900883,"",0.867917619569497,1.30467883901479,1.13235375226041
242,"rs2515029",0.081841029578683,-0.0245465851067387,-0.0341857444135056,-0.0587323295202443,0.0231087000584387,17,0.858857198900883,"",1.08528326817701,0.942959137704567,1.02337777472539
243,"rs929708",-0.0245452382433675,0.00699738423295424,0.0479972672257693,0.0549946514587236,0.030449413215356,17,0.861481127907005,"",0.975753546543548,1.05653496373952,1.03091773791609
243,"rs11719939",0.295622955762381,0.0143533384451177,0.0620404430342922,0.0763937814794099,0.372016737241791,17,0.861481127907005,"",1.34396332766128,1.07938753330099,1.4506572610913
243,"rs4639533",-0.0240963901908975,0.146371024914103,0.153606916733758,0.299977941647861,0.275881551456964,17,0.861481127907005,"",0.976191609927198,1.34982903224349,1.31769177611224
243,"rs2515029",-0.265634164629198,0.0147207903312498,-0.0503959405184899,-0.0356751501872402,-0.301309314816438,17,0.861481127907005,"",0.76671956933807,0.964953707605345,0.739848891126344
244,"rs929708",-0.225368761648333,0.0932242046261895,0.0618344307194678,0.155058635345657,-0.0703101263026757,17,0.856228590907376,"",0.798221810888829,1.16772642914059,0.932104704891346
244,"rs11719939",-0.0633832929372132,0.0718033891145805,0.0428311778036737,0.114634566918254,0.0512512739810411,17,0.856228590907376,"",0.938583652250139,1.12146354280343,1.05258734786983
244,"rs4639533",-0.252472093271568,0.0412769482012586,0.0165437885785367,0.0578207367797953,-0.194651356491773,17,0.856228590907376,"",0.776877892657181,1.05952504481377,0.823121584032427
244,"rs2515029",0.0143719572815395,-0.00182202318104443,-0.0330439588287098,-0.0348659820097543,-0.0204940247282148,17,0.856228590907376,"",1.01447573040458,0.965734833426744,0.979714550517739
245,"rs929708",-0.253122783849284,0.104152464717241,0.0441973690264483,0.14834983374369,-0.104772950105594,16,0.852588212839431,"",0.776372549961089,1.15991860406135,0.900528964382416
245,"rs11719939",0.0085410749552076,0.0804996410888747,0.0204064731752889,0.100906114264164,0.109447189219371,16,0.852588212839431,"",1.0085776540032,1.10617278304238,1.11566115044307
245,"rs4639533",-0.178623808941538,0.0698085905806282,0.0336027225110622,0.10341131309169,-0.0752124958498475,16,0.852588212839431,"",0.836420494130469,1.10894743988388,0.927546365632392
245,"rs2515029",0.00355225377759133,-0.0314422834191332,-0.0242765508744125,-0.0557188342935457,-0.0521665805159543,16,0.852588212839431,"",1.00355857050837,0.945805026447421,0.949170740321205
246,"rs929708",-0.229727436183397,-0.00128127929528765,0.0823386230293998,0.0810573437341122,-0.148670092449285,16,0.852114823547761,"",0.794750193130495,1.08443308022604,0.86185339994674
246,"rs11719939",-0.155265246967892,0.00705146998174275,0.0886492974738065,0.0957007674555492,-0.0595644795123428,16,0.852114823547761,"",0.856188046078819,1.10042973033456,0.942174780662193
246,"rs4639533",-0.250289513234903,0.0486704251304345,0.0397337701234106,0.0884041952538451,-0.161885317981058,16,0.852114823547761,"",0.778575342572931,1.09242958765752,0.850538740447262
246,"rs2515029",0.166254632465089,-0.00430628281776232,-0.151047484848243,-0.155353767666005,0.0109008647990836,16,0.852114823547761,"",1.18087375223845,0.856112259069673,1.01096049570494
247,"rs929708",-0.065267589015858,-0.0215485066192961,0.00359184435597665,-0.0179566622633195,-0.0832242512791774,16,0.851460084949157,"",0.936816747962927,0.98220359791684,0.92014478043794
247,"rs11719939",0.111642499875879,-0.0452658907930257,-0.00810424356760984,-0.0533701343606356,0.0582723655152432,16,0.851460084949157,"",1.11811306362653,0.948029049408492,1.06000366484108
247,"rs4639533",-0.240435635031647,0.0882439306951709,0.0342687815203622,0.122512712215533,-0.117922922816114,16,0.851460084949157,"",0.78628525304485,1.13033348902562,0.888764553443575
247,"rs2515029",0.0114286105562294,-0.0555104561501895,-0.014744760945993,-0.0702552170961825,-0.0588266065399532,16,0.851460084949157,"",1.01149416662609,0.932155887426243,0.94287024251781
248,"rs929708",-0.249901002576249,0.0848954799229055,0.09637243080087,0.181267910723775,-0.0686330918524733,17,0.857497286245648,"",0.778877886158985,1.19873629058393,0.933669188072071
248,"rs11719939",-0.109232429473391,0.10088726758023,0.0822523978476698,0.1831396654279,0.0739072359545086,17,0.857497286245648,"",0.896522015139886,1.20098213205131,1.07670692117364
248,"rs4639533",0.0292253563324095,0.0622021749980937,0.0492029600446565,0.11140513504275,0.14063049137516,17,0.857497286245648,"",1.02965660796811,1.11784769440167,1.1509992652426
248,"rs2515029",-0.0449776515087188,-0.0657684033396855,-0.0489377799268864,-0.114706183266572,-0.159683834775291,17,0.857497286245648,"",0.956018847173228,0.891628080674341,0.852413249793561
249,"rs929708",-0.0639308858433038,0.0367184365448105,-0.0777277870900763,-0.0410093505452658,-0.10494023638857,17,0.857891759875039,"",0.938069831195616,0.959820155064032,0.900378330839066
249,"rs11719939",0.106004440831995,0.0485505864763469,-0.0285734044301001,0.0199771820462468,0.125981622878242,17,0.857891759875039,"",1.11182681393166,1.02017806138535,1.13426132363304
249,"rs4639533",0.0889386224536632,0.0616891177983907,-0.0152792797289062,0.0464098380694845,0.135348460523148,17,0.857891759875039,"",1.09301356777658,1.04750362986125,1.14493567973356
249,"rs2515029",-0.210421366497806,-0.0251118063813357,-0.0434719077968318,-0.0685837141781675,-0.279005080675974,17,0.857891759875039,"",0.810242764874685,0.933715291623383,0.756536059490702
250,"rs929708",-0.370512390873402,0.00270759974537452,0.005387622120902,0.00809522186627652,-0.362417169007126,17,0.860127144110999,"",0.690380495329123,1.00812807677088,0.695991960996279
250,"rs11719939",-0.0878883798718945,0.000452158635188407,0.00381553588267715,0.00426769451786555,-0.083620685354029,17,0.860127144110999,"",0.915863099774668,1.00427681409469,0.91978007598859
250,"rs4639533",-0.0678722534909738,0.170637178286431,0.15778123573291,0.328418414019341,0.260546160528367,17,0.860127144110999,"",0.934379829714737,1.38876993154919,1.29763861215388
250,"rs2515029",0.0976492829354913,0.0026204157577754,-0.0207803412729254,-0.01815992551515,0.0794893574203413,17,0.860127144110999,"",1.10257602506389,0.98200397230853,1.08273403638489
251,"rs929708",0.106982257287715,0.0371402661601577,-0.0234999830592422,0.0136402831009154,0.12062254038863,16,0.85359361328733,"",1.11291450818223,1.01373373618788,1.12819898243727
251,"rs11719939",0.475700697058547,0.040947807166412,-0.046815957432438,-0.00586815026602602,0.469832546792521,16,0.85359361328733,"",1.60914132314476,0.99414903369862,1.59972629148889
251,"rs4639533",-0.0143994384407683,-0.0100376797659531,-0.0288169436655738,-0.0388546234315269,-0.0532540618722952,16,0.85359361328733,"",0.985703737653321,0.961890535327668,0.948139095885836
251,"rs2515029",-0.0640019706785517,0.0612389576599745,0.0651775880108427,0.126416545670817,0.0624145749922655,16,0.85359361328733,"",0.938003151026217,1.13475474702819,1.0644035283544
252,"rs929708",-0.474653958731978,0.106625054058275,0.0706465194170052,0.17727157347528,-0.297382385256699,17,0.860697451631965,"",0.622100291596494,1.19395529569172,0.742759937602996
252,"rs11719939",-0.195939511708481,0.0850738285997046,0.070264578555314,0.155338407155019,-0.0406011045534623,17,0.860697451631965,"",0.822061958297703,1.16805317178107,0.960212077790187
252,"rs4639533",-0.168753567819539,-0.00365458581975345,-0.00406454304332375,-0.0077191288630772,-0.176472696682616,17,0.860697451631965,"",0.844717043201636,0.992310587102511,0.838221665074912
252,"rs2515029",0.233554807578217,-0.0789379644683948,-0.0354690622605115,-0.114407026728906,0.119147780849311,17,0.860697451631965,"",1.26308205246227,0.891894856945784,1.12653638649162
253,"rs929708",-0.229152414369238,0.0211401748488345,0.0361392238569742,0.0572793987058087,-0.17187301566343,17,0.858451257788832,"",0.79520732324565,1.05895163878393,0.842086098123964
253,"rs11719939",-0.0775637543359186,0.0226800547958369,0.0469677713202826,0.0696478261161195,-0.00791592821979913,17,0.858451257788832,"",0.925368026291968,1.07213053838441,0.992115320232128
253,"rs4639533",-0.0519024263850533,0.0234845898008179,0.0678645262070025,0.0913491160078205,0.0394466896227672,17,0.858451257788832,"",0.949421500811443,1.09565144795562,1.04023504208426
253,"rs2515029",-0.108603745830252,-0.0271655654500283,-0.0859732390154713,-0.1131388044655,-0.221742550295751,17,0.858451257788832,"",0.897085821075734,0.893026695419653,0.801121586303089
254,"rs929708",-0.382275032027153,-0.0251134149106986,-0.00713104094653421,-0.0322444558572328,-0.414519487884386,16,0.852057397693095,"",0.682307371017874,0.968269853908413,0.66065765845611
254,"rs11719939",-0.103586467748919,-0.0403695575549776,-0.0297794415922198,-0.0701489991471974,-0.173735466896117,16,0.852057397693095,"",0.901598060216585,0.932254904371335,0.840519213408594
254,"rs4639533",-0.189871926856809,-0.00520540289883249,0.0310127082084513,0.0258073053096188,-0.16406462154719,16,0.852057397693095,"",0.82706505198142,1.02614319707558,0.848687176629699
254,"rs2515029",0.261126654281534,-0.0235023533147037,-0.0442687699754094,-0.067771123290113,0.193355530991421,16,0.852057397693095,"",1.298392101939,0.934474328512857,1.21331408760584
255,"rs929708",-0.467523216280348,0.0943865044253822,0.0738834124635988,0.168269916888981,-0.299253299391367,17,0.857249618776068,"",0.62655218233415,1.18325594831299,0.741371596675371
255,"rs11719939",-0.235488449529752,0.041922242856333,0.0844844054697165,0.12640664832605,-0.109081801203702,17,0.857249618776068,"",0.790184789962006,1.13474351602481,0.896657066870813
255,"rs4639533",-0.148267871940481,0.00774909903522797,0.0441141718183486,0.0518632708535766,-0.0964046010869045,17,0.857249618776068,"",0.862200124785027,1.05323172519313,0.90809652488907
255,"rs2515029",0.173420784796542,0.0430418491953957,0.00756334054269079,0.0506051897380865,0.224025974534628,17,0.857249618776068,"",1.18936646713116,1.05190750741079,1.25110351583792
256,"rs929708",-0.1300357791794,0.0100513401234051,0.0496360155627894,0.0596873556861945,-0.0703484234932059,17,0.860248251131024,"",0.878064013948648,1.06150462127687,0.932069008583407
256,"rs11719939",0.0351860360815271,0.0606330572497333,0.0668627488028585,0.127495806052592,0.162681842134119,17,0.860248251131024,"",1.03581238935441,1.13598010399036,1.17666226577333
256,"rs4639533",-0.0701186961516026,0.03319588086428,-0.0292656148295478,0.00393026603473213,-0.0661884301168705,17,0.860248251131024,"",0.932283154915632,1.0039379996587,0.935954485661499
256,"rs2515029",0.134124495896567,-0.00155762174164631,-0.0651014919766206,-0.0666591137182669,0.0674653821782999,17,0.860248251131024,"",1.14353517622008,0.935514050894287,1.06979322504576
257,"rs929708",-0.462263460271057,-0.0137743286931651,0.0040912583574767,-0.00968307033568837,-0.471946530606745,17,0.855962532419707,"",0.629856375948879,0.99036365963837,0.623786865531292
257,"rs11719939",-0.0593566422986201,-0.0189922034555193,0.015392208417736,-0.00359999503778327,-0.0629566373364034,17,0.855962532419707,"",0.942370619994091,0.996406477175378,0.938984189661889
257,"rs4639533",-0.178452152528373,0.133321583196604,-0.0159963019203749,0.117325281276229,-0.0611268712521447,17,0.855962532419707,"",0.836564083396045,1.12448514417007,0.940703883925106
257,"rs2515029",0.00342501321201423,-0.0736898948010418,-0.0165115689227309,-0.0902014637237727,-0.0867764505117585,17,0.855962532419707,"",1.00343088527181,0.913747079837277,0.916882041235653
258,"rs929708",-0.352493831095239,-0.061358941719375,-0.00079501779266889,-0.0621539595120439,-0.414647790607283,17,0.858220884341256,"",0.702932906123494,0.93973819401916,0.660572899717132
258,"rs11719939",-0.228382743910881,-0.065759785275264,0.00813963733057212,-0.0576201479446919,-0.286002891855572,17,0.858220884341256,"",0.795819606428535,0.94400846289593,0.751260443407045
258,"rs4639533",-0.219349733857991,0.0748917993637211,0.0306849369739354,0.105576736337656,-0.113772997520335,17,0.858220884341256,"",0.803040818472856,1.11135138228578,0.892460523641717
258,"rs2515029",0.0154094254590704,0.0246523779382779,-0.0366412286212671,-0.0119888506829892,0.00342057477608119,17,0.858220884341256,"",1.01552876284112,0.988082729248099,1.003426431618
259,"rs929708",-0.431325853167883,0.0176971074961912,0.158127196511561,0.175824304007752,-0.255501549160131,17,0.859606030739183,"",0.649647186687352,1.19222857046642,0.774527936691791
259,"rs11719939",-0.329164199608161,0.0334993626863225,0.153741470331138,0.187240833017461,-0.1419233665907,17,0.859606030739183,"",0.719524861346511,1.20591767487324,0.867687747808476
259,"rs4639533",-0.248446253715563,0.0256618694132295,0.0925565912071917,0.118218460620421,-0.130227793095142,17,0.859606030739183,"",0.78001178244368,1.12548995974715,0.877895429624844
259,"rs2515029",-0.0283520717758836,-0.00544613453748526,-0.0973642843834578,-0.102810418920943,-0.131162490696827,17,0.859606030739183,"",0.972046076561001,0.902298015899286,0.877075246243677
260,"rs929708",-0.0442692757952618,-0.0692836728677255,0.0646106224475686,-0.00467305042015685,-0.0489423262154187,16,0.851017538965719,"",0.95669630762611,0.99533785129193,0.952236047171496
260,"rs11719939",0.241463328910647,-0.073359701442709,0.0498455284683969,-0.0235141729743121,0.217949155936335,16,0.851017538965719,"",1.27311076770278,0.976760130974496,1.24352384020641
260,"rs4639533",0.0114336114474215,-0.0178853837905731,0.0410750575909135,0.0231896738003404,0.0346232852477619,16,0.851017538965719,"",1.01149922501101,1.02346064480829,1.03522964905285
260,"rs2515029",0.033890403847991,-0.0175414448389185,-0.0947611045122834,-0.112302549351202,-0.0784121455032108,16,0.851017538965719,"",1.03447122644943,0.893773805904845,0.924583285162758
261,"rs929708",-0.209669629614638,0.0527606151507861,0.0390808839607678,0.0918414991115539,-0.117828130503084,17,0.856520949607452,"",0.810852083240211,1.09619106105346,0.888848805484495
261,"rs11719939",0.00178633702367167,0.0493771206724582,0.0222616722819781,0.0716387929544364,0.073425129978108,17,0.856520949607452,"",1.00178793347411,1.07426724107897,1.07618795943944
261,"rs4639533",-0.0272481475218468,0.0252454197825679,0.0885429834860424,0.11378840326861,0.0865402557467635,17,0.856520949607452,"",0.973119734310338,1.12051500248588,1.0903952615098
261,"rs2515029",-0.0266202911574717,-0.0306022512515195,-0.0780710240970606,-0.10867327534858,-0.135293566506052,17,0.856520949607452,"",0.97373090557263,0.89702344929906,0.873459455605858
262,"rs929708",-0.0587062872166355,0.108756617550166,0.0656270029313288,0.174383620481495,0.115677333264859,17,0.860760217832937,"",0.942983694852483,1.1905121830878,1.12263357717503
262,"rs11719939",0.182996814758585,0.124694750844314,0.0603749031662775,0.185069654010591,0.368066468769176,17,0.860760217832937,"",1.20081058320314,1.20330225203655,1.44493807903766
262,"rs4639533",-0.190146159426303,0.125509636430002,0.118014969059997,0.243524605489999,0.0533784460636967,17,0.860760217832937,"",0.826838274903329,1.27573770760589,1.05482876538598
262,"rs2515029",-0.0520999402730531,0.0168724544399119,-0.0161042182336865,0.000768236206225421,-0.0513317040668277,17,0.860760217832937,"",0.949233995397538,1.00076853137524,0.949963511505447
263,"rs929708",-0.320265267791883,0.00749529547161883,0.0482569456038633,0.0557522410754821,-0.264513026716401,17,0.858809774502051,"",0.725956438668254,1.05733568692928,0.767579649760032
263,"rs11719939",0.0444354323831127,-0.0462698079341923,0.00289125405421579,-0.0433785538799765,0.00105687850313614,17,0.858809774502051,"",1.04543747312496,0.957548837620794,1.00105743719603
263,"rs4639533",-0.118103640050144,0.0271199251195875,0.135012097904442,0.162132023024029,0.0440283829738852,17,0.858809774502051,"",0.888603952883854,1.17601549219401,1.04501201501625
263,"rs2515029",0.119151043087518,-0.0195756452338842,-0.0595315388918799,-0.0791071841257642,0.0400438589617543,17,0.858809774502051,"",1.12654006152766,0.923940887341312,1.0408564240734
264,"rs929708",0.0127503743303873,0.0511744086556879,0.0156182199160724,0.0667926285717604,0.0795430029021476,17,0.855376289945319,"",1.01283200693296,1.0690737598339,1.08279212173193
264,"rs11719939",0.0251083745306546,0.0443852761980159,0.0309810024449833,0.0753662786429992,0.100474653173654,17,0.855376289945319,"",1.02542624459079,1.07827902914205,1.10569561547413
264,"rs4639533",-0.295687557203187,0.186503423459196,0.0506828288273181,0.237186252286514,-0.0585013049166727,17,0.855376289945319,"",0.744019855352657,1.26767720356657,0.943177009631458
264,"rs2515029",-0.229858452928454,0.019206982074358,-0.00207723336860206,0.0171297487057559,-0.212728704222699,17,0.855376289945319,"",0.794646074367857,1.01727730417643,0.808375416307316
265,"rs929708",-0.575052340994946,-0.0358029007283616,0.148554558898124,0.112751658169762,-0.462300682825184,17,0.858799776245591,"",0.562675417045035,1.11935391602821,0.629832931522166
265,"rs11719939",-0.161075075695919,-0.0559240413182595,0.137307235091698,0.0813831937734389,-0.0796918819224797,17,0.858799776245591,"",0.851228162161517,1.08478650036573,0.923400819043946
265,"rs4639533",-0.213790762744886,0.030335696283644,0.102396574760447,0.132732271044091,-0.081058491700795,17,0.858799776245591,"",0.807517330056866,1.14194422586535,0.922139752344643
265,"rs2515029",-0.177256715611829,0.10108696227012,0.00491562579092312,0.106002588061043,-0.0712541275507859,17,0.858799776245591,"",0.837564740976731,1.11182475397314,0.93122521207303
266,"rs929708",-0.247083239765219,0.0773408420337589,0.0856479603565839,0.162988802390343,-0.0840944373748764,17,0.859109105954633,"",0.781075674269575,1.17702350976486,0.919344431520727
266,"rs11719939",-0.131708895687356,0.0841368619487095,0.0981068058349869,0.182243667783696,0.0505347720963406,17,0.859109105954633,"",0.876596138857313,1.19990653682761,1.05183343717274
266,"rs4639533",-0.375031906175891,0.0863080486084911,0.0225078115165082,0.108815860124999,-0.266216046050892,17,0.859109105954633,"",0.687267350368183,1.11495702339067,0.766273559240102
266,"rs2515029",-0.324876962177023,0.096930508252458,-0.0455693819620558,0.0513611262904022,-0.27351583588662,17,0.859109105954633,"",0.72261625730385,1.05270298337209,0.760700289896938
267,"rs929708",0.167859511821231,0.101240121710409,0.0970423342816062,0.198282455992015,0.366141967813247,17,0.859324438169124,"",1.182770433711,1.21930674568365,1.44215996841901
267,"rs11719939",0.431474944014418,0.015972896735373,0.0786190556593961,0.0945919523947691,0.526066896409187,17,0.859324438169124,"",1.53952656527466,1.09921023349941,1.69226335529411
267,"rs4639533",-0.174624037020258,0.175280655389183,0.142097721453393,0.317378376842576,0.142754339822318,17,0.859324438169124,"",0.83977268486739,1.3735221826016,1.15344641100826
267,"rs2515029",0.0132051118038064,-0.0681822071206101,-0.0497477937489398,-0.11793000086955,-0.104724889065743,17,0.859324438169124,"",1.01329268433649,0.888758262742837,0.900572245780926
268,"rs929708",-0.416993488962216,0.0985598094917358,0.112800927379913,0.211360736871649,-0.205632752090567,17,0.854343976828926,"",0.6590252108682,1.23535791384103,0.814132009666783
268,"rs11719939",-0.328350303096007,0.0356127078603606,0.129040692096683,0.164653399957043,-0.163696903138964,17,0.854343976828926,"",0.720110718502776,1.17898441183878,0.848999311912799
268,"rs4639533",-0.272413853715686,-0.0249278675196204,0.0597386984343816,0.0348108309147612,-0.237603022800925,17,0.854343976828926,"",0.76153903010733,1.03542382009528,0.788515651705388
268,"rs2515029",0.012402236878942,-0.0571794770407772,-0.170800569258212,-0.22798004629899,-0.215577809420048,17,0.854343976828926,"",1.01247946354966,0.796140145619391,0.806075547547071
269,"rs929708",-0.0546740167367601,0.0755422031855867,0.00652062719959456,0.0820628303851813,0.0273888136484212,17,0.859934215049934,"",0.94679373656525,1.08552401157873,1.02776733505392
269,"rs11719939",0.0695197864168552,0.0409390502714027,0.0136163795425037,0.0545554298139065,0.124075216230762,17,0.859934215049934,"",1.07199327190067,1.05607101261109,1.13210102016841
269,"rs4639533",-0.0189494528594891,0.0920766111779142,-0.017592883551555,0.0744837276263592,0.0555342747668702,17,0.859934215049934,"",0.98122895930738,1.07732781269892,1.05710524848746
269,"rs2515029",-0.0154948827250704,-0.0177268191874244,-0.024542810627117,-0.0422696298145413,-0.0577645125396117,17,0.859934215049934,"",0.984624545333342,0.958611275543277,0.943872191333214
270,"rs929708",0.132387315567437,0.0336128812904152,0.0300830903347008,0.0636959716251161,0.196083287192553,16,0.851000769971571,"",1.14155037388521,1.06576832568823,1.21662823066442
270,"rs11719939",0.351756903795749,0.00141870030540859,0.0198784089499161,0.0212971092553246,0.373054013051074,16,0.851000769971571,"",1.42156290516465,1.02152551123891,1.45216277345659
270,"rs4639533",-0.214437948770678,0.112711874790228,0.0258957632616411,0.138607638051869,-0.0758303107188088,16,0.851000769971571,"",0.806994885203008,1.14867331587414,0.926973490679607
270,"rs2515029",-0.134768251084774,0.0818040457810742,0.00497979384222415,0.0867838396232984,-0.0479844114614756,16,0.851000769971571,"",0.873918417867171,1.09066089656545,0.953148645156071
271,"rs929708",-0.157970793720636,0.042289518834923,0.0301302001293232,0.0724197189642462,-0.0855510747563893,17,0.860788898546257,"",0.853874720107923,1.07510649196279,0.918006254910935
271,"rs11719939",-0.0637646142283855,0.0474052217458347,0.0349947814609425,0.0824000032067772,0.0186353889783917,17,0.860788898546257,"",0.93822581854913,1.08589008248373,1.01881011149268
271,"rs4639533",-0.142290328999287,0.151663969347733,0.0660746821415515,0.217738651489285,0.0754483224899975,17,0.860788898546257,"",0.86736939743752,1.24326210045769,1.07836749893089
271,"rs2515029",-0.143733934974356,0.00644511625411103,-0.0466102809298058,-0.0401651646756948,-0.18389909965005,17,0.860788898546257,"",0.866118161156172,0.960630763780339,0.832019750675475
272,"rs929708",-0.137924667936257,0.00412974341025493,0.0738232633231568,0.0779530067334117,-0.0599716612028455,17,0.858765668545177,"",0.871164315879741,1.08107185437851,0.941791222436496
272,"rs11719939",0.152505570492687,-0.00515775067710702,0.0951282839506234,0.0899705332735164,0.242476103766204,17,0.858765668545177,"",1.16474895030205,1.09414204244589,1.2744007954202
272,"rs4639533",-0.28577547185296,0.0131775207008167,0.0826114804827414,0.0957890011835582,-0.189986470669402,17,0.858765668545177,"",0.751431314488062,1.10052682963574,0.826970322222562
272,"rs2515029",0.0571137672596188,0.0852188519993706,-0.0169550577542306,0.0682637942451399,0.125377561504759,17,0.858765668545177,"",1.05877625761727,1.07064770193259,1.13357636707873
273,"rs929708",-0.105368763790864,-0.0239007175544951,0.0200969234751526,-0.00380379407934256,-0.109172557870207,17,0.859453168522682,"",0.89999257671088,0.996203431181319,0.896575692957095
273,"rs11719939",0.0815710466157447,-0.015626564088684,0.0337685214009776,0.0181419573122936,0.0997130039280383,17,0.859453168522682,"",1.08499029973467,1.01830752232883,1.10485378387363
273,"rs4639533",0.284151159550175,-0.0246332758658747,0.0969580702018961,0.0723247943360215,0.356475953886196,17,0.859453168522682,"",1.32863375125463,1.07500444272231,1.42828718534953
273,"rs2515029",0.10548379678568,0.0777332469407458,-0.0460553444117526,0.0316779025289932,0.137161699314673,17,0.859453168522682,"",1.11124809858587,1.03218498758232,1.14701360483974
274,"rs929708",0.0764209633697759,-0.0156258108607552,0.0371181466666791,0.0214923358059239,0.0979132991756998,17,0.853583325058747,"",1.07941687349334,1.02172495960899,1.10286716147125
274,"rs11719939",0.336113323173443,-0.0320093215683341,0.0573644320364527,0.0253551104681186,0.361468433641561,17,0.853583325058747,"",1.39949761133554,1.02567928531238,1.43543570979102
274,"rs4639533",-0.237771875662476,0.131742604285731,0.0184957009596781,0.15023830524541,-0.0875335704170668,17,0.853583325058747,"",0.788382519821385,1.16211114691517,0.916188114317503
274,"rs2515029",0.180571536189697,-0.0478223421609158,-0.00658535515214853,-0.0544076973130643,0.126163838876632,17,0.853583325058747,"",1.19790181174672,0.947045919706675,1.13446802302396
275,"rs929708",-0.376175569365651,-0.0477267698063189,-0.000130207136603334,-0.0478569769429222,-0.424032546308573,17,0.85629954519774,"",0.686481797287737,0.953270116934461,0.65440258317386
275,"rs11719939",-0.145412081154162,-0.059463240439712,-0.000558822282319911,-0.0600220627220319,-0.205434143876194,17,0.85629954519774,"",0.86466590716083,0.941743755924331,0.814293719029359
275,"rs4639533",-0.119872802793298,0.0549967139966356,0.0354377171223853,0.0904344311190209,-0.0294383716742768,17,0.85629954519774,"",0.88703325769438,1.09464973033061,0.970990716329436
275,"rs2515029",0.142610089519196,0.0216448668467998,-0.0624383700289544,-0.0407935031821546,0.101816586337041,17,0.85629954519774,"",1.1532800380138,0.960027352074223,1.10718038109445
276,"rs929708",0.203142197542042,0.00820453262976798,0.00838702775611235,0.0165915603858803,0.219733757927923,16,0.851744486766575,"",1.22524668292746,1.01672996471231,1.24574501669672
276,"rs11719939",0.425088059643586,-0.0369073167391245,-0.0130044105186006,-0.049911727257725,0.375176332385861,16,0.851744486766575,"",1.52972512078135,0.951313395836683,1.45524799934718
276,"rs4639533",-0.465932576277175,0.169091140857354,0.100301411896329,0.269392552753682,-0.196540023523493,16,0.851744486766575,"",0.627549594350874,1.30916895806925,0.821568448573115
276,"rs2515029",-0.0564714550618146,0.0123274260868431,-0.0435032710887664,-0.0311758450019233,-0.0876473000637379,16,0.851744486766575,"",0.945093461744558,0.969305110629938,0.91608392249194
277,"rs929708",-0.120890830163181,0.0462625838093977,0.0709694407559713,0.117232024565369,-0.00365880559781251,17,0.862221354550579,"",0.886130693055752,1.12438028327368,0.996347879675532
277,"rs11719939",0.13964441592986,0.0325692134496088,0.0473241821214402,0.079893395571049,0.219537811500909,17,0.862221354550579,"",1.14986485252976,1.08317159063101,1.24550094132536
277,"rs4639533",-0.217434130364529,0.0599960200990411,0.0928667993113605,0.152862819410402,-0.0645713109541271,17,0.862221354550579,"",0.804580600605275,1.16516512993939,0.93746926005096
277,"rs2515029",-0.105443286023105,-0.0198384301938874,-0.0444449197721636,-0.064283349966051,-0.169726635989156,17,0.862221354550579,"",0.899925509754084,0.9377392534973,0.843895475719972
278,"rs929708",-0.187042588245866,0.0387568964276444,0.0258893353426008,0.0646462317702452,-0.122396356475621,17,0.855268452071009,"",0.829408412583821,1.06678156419592,0.884797603733422
278,"rs11719939",-0.0912332322223233,0.0310296211562985,0.0259687079285203,0.0569983290848188,-0.0342349031375046,17,0.855268452071009,"",0.912804790580437,1.05865404147291,0.966344480623815
278,"rs4639533",-0.0600904027546153,0.0670852867063415,0.0873702936926435,0.154455580398985,0.0943651776443696,17,0.855268452071009,"",0.941679399324457,1.16702243823507,1.09896098863536
278,"rs2515029",0.0866787960087522,-0.0609652972660283,-0.0563340810602921,-0.11729937832632,-0.0306205823175682,17,0.855268452071009,"",1.09054633561969,0.889318910498781,0.969843479041738
279,"rs929708",-0.122480254724588,0.0154020458658733,-0.0291866841110462,-0.0137846382451729,-0.136264892969761,16,0.853056735029688,"",0.884723373877699,0.986309934830007,0.872611453231897
279,"rs11719939",-0.014131445414207,0.00501609482405874,-0.0390873457009738,-0.034071250876915,-0.0482026962911221,16,0.853056735029688,"",0.98596793478118,0.966502638023633,0.952940609972724
279,"rs4639533",-0.23025076546978,0.0869253607209495,0.0324374207701561,0.119362781491106,-0.110887983978674,16,0.853056735029688,"",0.794334385890614,1.12677861857681,0.895039002021888
279,"rs2515029",0.163746712981639,0.0250440316972911,-0.0133661890683113,0.0116778426289798,0.175424555610619,16,0.853056735029688,"",1.17791592649244,1.01174629483172,1.191752074252
280,"rs929708",-0.130887919614832,0.0836132007923095,0.0953244501249703,0.17893765091728,0.0480497313024473,17,0.859470541743882,"",0.877316098807089,1.19594617569623,1.04922283324508
280,"rs11719939",-0.00172977302695276,0.0571151023038475,0.139909520846818,0.197024623150666,0.195294850123713,17,0.859470541743882,"",0.998271722168169,1.21777402577006,1.21566937391714
280,"rs4639533",-0.0662755210470566,0.0540119237987843,0.037776038724844,0.0917879625236282,0.0255124414765717,17,0.859470541743882,"",0.935872976064156,1.09613237629524,1.0258406691637
280,"rs2515029",-0.316065728549078,0.0558722265154773,-0.0163716353581783,0.039500591157299,-0.276565137391779,17,0.859470541743882,"",0.729011531722595,1.04029111386046,0.758384218352819
281,"rs929708",-0.0213258003548498,-0.0909175159268597,-0.000278190869195393,-0.0911957067960551,-0.112521507150905,16,0.853520154937879,"",0.978899986647709,0.912839044611998,0.893578128582192
281,"rs11719939",0.185889640916617,-0.0985739902126999,-0.0191908442387796,-0.11776483445148,0.0681248064651376,16,0.853520154937879,"",1.2042893487751,0.88890506788493,1.07049890532603
281,"rs4639533",-0.262256170010139,-0.0007202635849603,0.0697735720456985,0.0690533084607381,-0.193202861549401,16,0.853520154937879,"",0.769313923307514,1.07149332728586,0.824314735412109
281,"rs2515029",0.0881182647557355,0.0338280919398652,-0.0418884904431797,-0.00806039850331454,0.080057866252421,16,0.853520154937879,"",1.09211727337359,0.991971999403584,1.08334975525159
282,"rs929708",-0.264790717255438,-0.0137889260840571,0.0776984573798276,0.0639095312957705,-0.200881185959667,17,0.856493304020973,"",0.767366529745413,1.06599595512623,0.818009616807863
282,"rs11719939",-0.022814063856068,-0.0560071245160837,0.0721783703617331,0.0161712458456494,-0.00664281801041851,17,0.856493304020973,"",0.977444209085248,1.01630270812202,0.993379196731527
282,"rs4639533",-0.290146895812884,0.00594817117449033,0.0468566827178657,0.052804853892356,-0.237342041920528,17,0.856493304020973,"",0.748153658866316,1.05422389735442,0.788721466070015
282,"rs2515029",0.0579438748381209,0.0612438887106685,-0.0402052629271971,0.0210386257834714,0.0789825006215922,17,0.856493304020973,"",1.05965552070365,1.02126149790119,1.08218538433307
283,"rs929708",-0.414953685747305,4.78262905702266e-05,0.0944119434318834,0.0944597697224536,-0.320493916024852,17,0.856816672118556,"",0.660370864579837,1.09906494655573,0.725790468986401
283,"rs11719939",-0.358072749912802,-0.00879421438619915,0.0509947784875718,0.0422005641013727,-0.315872185811429,17,0.856816672118556,"",0.699022219351171,1.04310366692184,0.729152640265048
283,"rs4639533",-0.321296372291584,0.114679780603487,0.155220213651976,0.269899994255463,-0.051396378036121,17,0.856816672118556,"",0.725208287495062,1.30983345331339,0.949902075581148
283,"rs2515029",-0.19270017415272,0.0626274767945367,-0.0954434039009425,-0.0328159271064057,-0.225516101259126,17,0.856816672118556,"",0.824729212207901,0.967716673603838,0.798104209861743
284,"rs929708",-0.347301858210954,0.0769253001239851,0.084035663950568,0.160960964074553,-0.186340894136401,17,0.857051346730904,"",0.706592005464107,1.17463911479399,0.829990607818867
284,"rs11719939",-0.16850121560395,0.0349007031195833,0.0527768535110801,0.0876775566306634,-0.080823658973287,17,0.857051346730904,"",0.844930236317779,1.09163607445961,0.922356326366169
284,"rs4639533",-0.0788361388147554,0.0575787524074764,0.0538873179367829,0.111466070344259,0.0326299315295038,17,0.857051346730904,"",0.924191351128459,1.11791581286336,1.03316812553806
284,"rs2515029",-0.00796995592530898,0.0129818421546333,-0.0589360203401724,-0.0459541781855391,-0.0539241341108481,17,0.857051346730904,"",0.992061719965737,0.955085724948945,0.947503987007574
285,"rs929708",-0.101928705488536,0.0653541071225373,0.0880359685658027,0.15339007568834,0.0514613701998044,17,0.860682208600485,"",0.903093935014663,1.16577963255493,1.05280851572398
285,"rs11719939",0.113196347569571,-0.000506759935088297,0.0682566356018972,0.0677498756668089,0.18094622323638,17,0.860682208600485,"",1.11985179154108,1.07009761754912,1.19835073413623
285,"rs4639533",-0.0545603271795326,0.0543154007702435,0.0616002394304232,0.115915640200667,0.0613553130211341,17,0.860682208600485,"",0.946901383244982,1.12290114042266,1.06327664311358
285,"rs2515029",-0.00728368421162494,-0.0106512206198975,-0.0439004199361404,-0.0545516405560379,-0.0618353247676628,17,0.860682208600485,"",0.99274277753092,0.94690960865651,0.940037674968381
286,"rs929708",0.0904331598500931,0.0267218281856566,0.0162654724753794,0.042987300661036,0.133420460511129,16,0.850848339186563,"",1.09464833873731,1.04392463761361,1.14273037033068
286,"rs11719939",0.291475366218426,0.0187300735912287,-0.00283836299789032,0.0158917105933384,0.307367076811764,16,0.850848339186563,"",1.33840066321477,1.01601865539131,1.35984004221431
286,"rs4639533",-0.146473278590173,0.098462697933657,0.117609951565744,0.216072649499401,0.0695993709092282,16,0.850848339186563,"",0.863748812612402,1.24119254774253,1.07207858933597
286,"rs2515029",-0.18109472290537,-0.0199722909640367,-0.0929914392029926,-0.112963730167029,-0.294058453072399,16,0.850848339186563,"",0.834356322297608,0.893183055128753,0.745232929015768
287,"rs929708",-0.329630412342447,-0.0258484109964525,0.0386010845554002,0.0127526735589477,-0.316877738783499,17,0.85915926520729,"",0.719189487877281,1.01283433566791,0.728419807173533
287,"rs11719939",-0.0445667647851151,-0.0238424471766075,0.0438916191170843,0.0200491719404768,-0.0245175928446383,17,0.85915926520729,"",0.956411743337428,1.0202515065397,0.975780522012276
287,"rs4639533",-0.321040796532823,-0.0292647323179641,0.0952610911658221,0.065996358847858,-0.255044437684965,17,0.85915926520729,"",0.725393656840345,1.06822282759708,0.774882063230976
287,"rs2515029",-0.089721033544345,-0.00566631860606911,-0.0951887258214886,-0.100855044427558,-0.190576077971903,17,0.85915926520729,"",0.914186176980109,0.904064072513328,0.826482878196027
288,"rs929708",0.122269183615368,0.0410118171877541,0.0255117937428342,0.0665236109305883,0.188792794545956,17,0.85917228172375,"",1.13005825400847,1.06878619881402,1.20779066574012
288,"rs11719939",0.319701663779888,0.0136675512421016,0.00681733100886243,0.020484882250964,0.340186546030852,17,0.85917228172375,"",1.37671697852332,1.02069613749851,1.40520970240737
288,"rs4639533",-0.0436491313228002,0.0089654400633892,-0.0186218745876632,-0.00965643452427398,-0.0533055658470742,17,0.85917228172375,"",0.957289781553877,0.990390039129358,0.948090264211278
288,"rs2515029",-0.27048327484954,0.0416312029216042,-0.0429640222088432,-0.001332819287239,-0.271816094136779,17,0.85917228172375,"",0.763010661357616,0.998668068521914,0.761994383439638
289,"rs929708",-0.165619174534444,0.0520099331097623,0.0332112236818546,0.0852211567916169,-0.0803980177428275,16,0.850305749904484,"",0.847368872396405,1.08895787049856,0.92274900281156
289,"rs11719939",0.142456845510393,0.0820496594233378,0.0362249031086279,0.118274562531966,0.260731408042359,16,0.850305749904484,"",1.15310331829847,1.12555310365655,1.29787901874751
289,"rs4639533",-0.106409775054628,0.0573426269211564,0.0349724372023304,0.0923150641234867,-0.0140947109311411,16,0.850305749904484,"",0.899056161795024,1.09671030172377,0.986004154468836
289,"rs2515029",-0.164738479124052,-0.0719291085359936,-0.0299350961945244,-0.101864204730518,-0.26660268385457,16,0.850305749904484,"",0.848115474989716,0.903152187136666,0.765977346181414
290,"rs929708",-0.0358965487566644,-0.06036957943252,0.0623344917067077,0.00196491227418773,-0.0339316364824767,17,0.857612541247081,"",0.964740091882901,1.00196684397931,0.966637585124223
290,"rs11719939",0.0751519008740502,-0.0643454401268273,0.0737650195075451,0.00941957938071782,0.084571480254768,17,0.857612541247081,"",1.07804789486539,1.00946408324471,1.08825062988418
290,"rs4639533",-0.0790570566705575,0.125970063961364,0.134719714702878,0.260689778664243,0.181632721993685,17,0.857612541247081,"",0.923987203307596,1.29782498997569,1.19917368287035
290,"rs2515029",0.0189011877948316,0.00829942736355244,-0.00748647764560941,0.000812949717943027,0.0197141375127746,17,0.857612541247081,"",1.01908094600665,1.00081328025113,1.01990974441433
291,"rs929708",-0.251431371447749,0.00420576764978194,0.0702513470920713,0.0744571147418532,-0.176974256705895,17,0.859538853974636,"",0.777686827299467,1.07729914227977,0.83780135201199
291,"rs11719939",-0.0578748466853792,-0.0139349720060679,0.0915682136957118,0.0776332416896439,0.0197583950042647,17,0.859538853974636,"",0.943768055746231,1.08072622065341,1.01995488406004
291,"rs4639533",-0.461865705481724,0.0700160899074381,0.148628726514897,0.218644816422335,-0.243220889059389,17,0.859538853974636,"",0.630106954170044,1.24438921157287,0.784098295906244
291,"rs2515029",0.221212907676592,-0.0107367139224495,-0.135304499166989,-0.146041213089439,0.0751716945871529,17,0.859538853974636,"",1.24758902357002,0.864122089309816,1.07806923364732
292,"rs929708",0.147178952777145,-0.0111357149609862,0.056990452184543,0.0458547372235569,0.193033690000702,16,0.855451944906692,"",1.15856127223718,1.04692232106763,1.21292365622961
292,"rs11719939",0.279119421205729,0.0203495569939382,0.0527863106322118,0.07313586762615,0.352255288831879,16,0.855451944906692,"",1.32196520512209,1.07587670379858,1.42227156742317
292,"rs4639533",-0.30498778295375,-0.00503736676160923,0.133962919405494,0.128925552643885,-0.176062230309865,16,0.855451944906692,"",0.737132379916995,1.1376054292966,0.8385657975039
292,"rs2515029",0.00594795096262862,-0.0235491748172656,-0.0673011141123753,-0.0908502889296409,-0.0849023379670123,16,0.855451944906692,"",1.00596567514639,0.91315440999045,0.918601992558945
293,"rs929708",-0.341983398755526,-0.0595814701831483,0.0711263732098715,0.0115449030267232,-0.330438495728803,17,0.860396843366706,"",0.710359997471272,1.01161180262157,0.71860855755217
293,"rs11719939",-0.131634846948417,-0.0710703014681057,0.0768429136256894,0.00577261215758368,-0.125862234790833,17,0.860396843366706,"",0.876661052099296,1.00578930578964,0.881736311003767
293,"rs4639533",-0.359484317537567,0.0606324830647111,0.114849491700072,0.175481974764783,-0.184002342772784,17,0.860396843366706,"",0.698036198298764,1.19182050561269,0.831933854792396
293,"rs2515029",0.218549244565064,0.0264028558765222,-0.0763230756248977,-0.0499202197483755,0.168629024816689,17,0.860396843366706,"",1.24427028866768,0.951305316850868,1.18368094120913
294,"rs929708",-0.272956107007424,0.0673049700626965,0.0115913498212361,0.0788963198839326,-0.194059787123492,16,0.853403733873119,"",0.76112619500218,1.08209212481701,0.823608661603793
294,"rs11719939",-0.00161724392756412,0.0665988183469399,0.00201844610072596,0.0686172644476659,0.0670000205201018,16,0.853403733873119,"",0.998384063106704,1.07102621088451,1.06929550011665
294,"rs4639533",-0.0992830345372628,0.144374380340499,0.0544645877379954,0.198838968078494,0.0995559335412314,16,0.853403733873119,"",0.905486387830749,1.21998549347291,1.1046802576907
294,"rs2515029",0.0400278262309408,-0.101229079180026,-0.0114542995946514,-0.112683378774678,-0.0726555525437368,16,0.853403733873119,"",1.04083973643631,0.893433495345875,0.929921083819171
295,"rs929708",-0.0619037299212463,0.0959528546801502,0.065856265285053,0.161809119965203,0.0999053900439568,17,0.858721750745917,"",0.939973373746143,1.1756358144972,1.10506636284973
295,"rs11719939",-0.0633653245614722,0.0986150532863806,0.083414161678719,0.1820292149651,0.118663890403627,17,0.858721750745917,"",0.938600517225385,1.19964924107862,1.12599139816544
295,"rs4639533",-0.100680000974559,0.0598803755360551,0.111438763034127,0.171319138570182,0.0706391375956228,17,0.858721750745917,"",0.904222336861478,1.18686946441102,1.07319388065926
295,"rs2515029",-0.0516798768420491,-0.0436844121873873,-0.113087860786703,-0.15677227297409,-0.208452149816139,17,0.858721750745917,"",0.949632817645927,0.85489872019502,0.811839880460694
296,"rs929708",-0.199422488892537,0.0431246196649137,0.0217340109174296,0.0648586305823434,-0.134563858310193,17,0.858439782184988,"",0.819203715739356,1.06700817139762,0.874097058733185
296,"rs11719939",-0.163656520976152,0.066561266241045,0.0574830145098201,0.124044280750865,-0.0396122402252869,17,0.858439782184988,"",0.849033597033489,1.13206599862177,0.96116206688915
296,"rs4639533",-0.183457631480087,0.173878865379642,0.0563963998054054,0.230275265185048,0.0468176337049602,17,0.858439782184988,"",0.832387142002001,1.25894650638113,1.04793088437999
296,"rs2515029",0.24806544261406,-0.0883096554655006,-0.0239545988982319,-0.112264254363732,0.135801188250328,17,0.858439782184988,"",1.28154379702593,0.893808033616913,1.1454541412137
297,"rs929708",-0.274121403540021,-0.0179428382066258,0.0259245240358516,0.00798168582922579,-0.266139717710795,17,0.858349269920033,"",0.760239773858326,1.00801362440156,0.766332049861157
297,"rs11719939",-0.25096562594441,-0.00749498835762927,0.0510956652666876,0.0436006769090583,-0.207364949035352,17,0.858349269920033,"",0.778049115802859,1.04456515260931,0.812722993386149
297,"rs4639533",-0.218886286871687,0.0461788627101691,0.0691268445579181,0.115305707268087,-0.1035805796036,17,0.858349269920033,"",0.803413071573183,1.12221645486445,0.901603368972613
297,"rs2515029",0.0711603105010132,-0.0331003515577523,-0.0513796834021062,-0.0844800349598585,-0.0133197244588453,17,0.858349269920033,"",1.07375334600852,0.918990002865974,0.986768590525718
298,"rs929708",-0.393306639569305,0.0283492318256321,0.125262905775443,0.153612137601075,-0.23969450196823,17,0.85206248542492,"",0.674821788794204,1.16603853655526,0.786868211041198
298,"rs11719939",-0.154163165827134,0.0346497785709219,0.126460342763547,0.161110121334469,0.0069469555073349,17,0.85206248542492,"",0.857132154924063,1.17481433381301,1.00697114157682
298,"rs4639533",-0.477691656417161,0.0487297709733023,0.119891075709421,0.168620846682723,-0.309070809734438,17,0.85206248542492,"",0.620213406325223,1.18367126094741,0.734128784721463
298,"rs2515029",-0.10613461032278,0.0452774513532064,-0.128629569442665,-0.0833521180894588,-0.189486728412239,17,0.85206248542492,"",0.899303584382125,0.920027131981696,0.827383697519945
299,"rs929708",-0.110706832457338,0.0617243743365538,0.0150187240337907,0.0767430983703445,-0.0339637340869936,17,0.854930228422397,"",0.895201154385389,1.07976464746058,0.966606558871241
299,"rs11719939",0.123555172743613,0.107792800814356,0.0478315778407368,0.155624378655093,0.279179551398706,17,0.854930228422397,"",1.13151243146521,1.16838724946484,1.3220446975349
299,"rs4639533",0.0509036595394559,0.121709475760475,0.0261911340684154,0.147900609828891,0.198804269368347,17,0.854930228422397,"",1.05222151689443,1.15939765790468,1.21994316228431
299,"rs2515029",-0.00938414516101942,-0.0478803696180802,-0.0512239668865088,-0.099104336504589,-0.108488481665608,17,0.854930228422397,"",0.990659748520319,0.90564821092517,0.897189228883006
300,"rs929708",-0.237327904702959,-0.00190059613158397,0.0667529119322453,0.0648523158006613,-0.172475588902297,17,0.856429378465221,"",0.788732616475801,1.06700143349524,0.841578832424129
300,"rs11719939",0.017728578482965,-0.014668072169047,0.053118894845452,0.038450822676405,0.05617940115937,17,0.856429378465221,"",1.01788666255061,1.03919962204527,1.05778743500751
300,"rs4639533",-0.129902417300018,0.00775645604585099,0.0407165401045471,0.0484729961503981,-0.0814294211496197,17,0.856429378465221,"",0.878181122024469,1.0496670263871,0.921797766984708
300,"rs2515029",0.0150218367149095,0.0194048497431809,-0.0848250662508941,-0.0654202165077132,-0.0503983797928037,17,0.856429378465221,"",1.01513523159234,0.936673774883446,0.950850549392777
301,"rs929708",-0.251180221849303,0.0694315656454979,0.064016990532958,0.133448556178456,-0.117731665670847,17,0.85906864636526,"",0.777882167562647,1.14276247655403,0.888934552271108
301,"rs11719939",-0.0813137074620511,0.0130755548878206,0.0399359518217206,0.0530115067095412,-0.0283022007525099,17,0.85906864636526,"",0.921904437775035,1.05444177820482,0.972094554702422
301,"rs4639533",-0.0190048464033571,0.10281060156133,0.0629960819865633,0.165806683547894,0.146801837144537,17,0.85906864636526,"",0.981174607063374,1.18034489957812,1.15812444304282
301,"rs2515029",0.18698399997174,0.0533926813374998,-0.0751874634388758,-0.021794782101376,0.165189217870364,17,0.85906864636526,"",1.20560799513361,0.978441008056999,1.17961630208011
302,"rs929708",-0.0624201839418964,-0.11401735255896,0.0235832710359773,-0.0904340815229825,-0.152854265464879,17,0.858267646561386,"",0.939488046053474,0.913534550722517,0.858254790060636
302,"rs11719939",-0.11051144137185,-0.0770812586785301,0.0401893427442642,-0.0368919159342659,-0.147403357306116,17,0.858267646561386,"",0.895376085800138,0.963780299012928,0.862945831701481
302,"rs4639533",-0.229604834810845,0.0517142286386175,0.0839342143336794,0.135648442972297,-0.0939563918385485,17,0.858267646561386,"",0.794847636568236,1.14527919186412,0.910322458863971
302,"rs2515029",0.1607110483503,-0.0106810566429483,-0.0677303300299344,-0.0784113866728827,0.0822996616774175,17,0.858267646561386,"",1.17434559068855,0.924583986764861,1.08578112807856
303,"rs929708",0.0391691714441187,-0.012016889473755,0.0226484141343347,0.0106315246605797,0.0498006961046984,17,0.85761348546932,"",1.03994639800385,1.01068824013133,1.05106159482943
303,"rs11719939",0.275396904130707,-0.0025653690054119,-0.00609078199056786,-0.00865615099597977,0.266740753134728,17,0.85761348546932,"",1.31705331504284,0.991381205613195,1.30570190332403
303,"rs4639533",-0.154441030063195,0.0707715212827524,0.136480326822466,0.207251848105218,0.0528108180420232,17,0.85761348546932,"",0.856894021638526,1.23029237957152,1.05423018492227
303,"rs2515029",0.00957364257865352,-0.0839142789081296,-0.0828133073618582,-0.166727586269988,-0.157153943691334,17,0.85761348546932,"",1.00961961649024,0.846430159130414,0.854572492647023
304,"rs929708",-0.18943324749683,0.0670465181403651,-0.00368579617140477,0.0633607219689604,-0.126072525527869,16,0.850009469306569,"",0.827427947940748,1.06541108710891,0.881550909519845
304,"rs11719939",-0.0154222135091318,0.0803025436213993,-0.0224645542165823,0.057837989404817,0.0424157758956852,16,0.850009469306569,"",0.984696099826918,1.05954332455976,1.04332817929164
304,"rs4639533",0.0800699485695358,0.0462860007415332,-0.0225290025734441,0.0237569981680891,0.103826946737625,16,0.850009469306569,"",1.08336284470596,1.02404144370663,1.10940845155081
304,"rs2515029",-0.211450546129504,0.0182007507380507,-0.0268101478865866,-0.00860939714853591,-0.22005994327804,16,0.850009469306569,"",0.809409308486082,0.991427557582399,0.802470693796815
305,"rs929708",-0.498279901068458,0.101515663447875,0.0130080926176401,0.114523756065515,-0.383756145002943,17,0.859111784113169,"",0.607574850250409,1.12133927935694,0.681297544735192
305,"rs11719939",-0.412974459860498,0.137756203380043,0.0161969701981134,0.153953173578156,-0.259021286282342,17,0.859111784113169,"",0.661679181990658,1.16643626546297,0.771806593975775
305,"rs4639533",-0.14287329404099,0.112422543961904,0.0890518878188658,0.20147443178077,0.05860113773978,17,0.859111784113169,"",0.866863898758916,1.22320496149036,1.06035222189879
305,"rs2515029",0.028432521249066,-0.0693023019759123,-0.0186864204158894,-0.0879887223918017,-0.0595562011427357,17,0.859111784113169,"",1.02884058361463,0.915771204373932,0.942182580365546
306,"rs929708",0.0774614952376589,0.000911598493293841,0.0310259803863264,0.0319375788796203,0.109399074117279,17,0.858414998712429,"",1.08054062569754,1.03245305641713,1.11560747158431
306,"rs11719939",0.175104673372571,0.00281589281798306,0.031850358033261,0.034666250851244,0.209770924223815,17,0.858414998712429,"",1.19137091489759,1.03527412927502,1.23339548656419
306,"rs4639533",0.0711109551459448,0.0383562743828315,0.0943564759296612,0.132712750312493,0.203823705458437,17,0.858414998712429,"",1.07370035183865,1.14192193449619,1.22608198284084
306,"rs2515029",-0.0577130176522641,0.0662137657221708,-0.0452713009391705,0.0209424647830004,-0.0367705528692637,17,0.858414998712429,"",0.943920797176843,1.02116329709543,0.963897273442049
307,"rs929708",-0.240218984829711,0.111934708618822,0.108667435463862,0.220602144082684,-0.0196168407470271,17,0.858125064420531,"",0.786455620358091,1.24682727426231,0.980574317459355
307,"rs11719939",0.163394375556228,0.0806503171568598,0.146383950159865,0.227034267316725,0.390428642872953,17,0.858125064420531,"",1.17750097573318,1.25487286832955,1.47761402687914
307,"rs4639533",-0.259583550901662,0.199196020876033,0.212549211359016,0.411745232235049,0.152161681333387,17,0.858125064420531,"",0.77137275641221,1.50944982817892,1.16434847462831
307,"rs2515029",-0.0509662331891336,0.0011845829996855,-0.0481104334359639,-0.0469258504362784,-0.097892083625412,17,0.858125064420531,"",0.950310758954324,0.954158145377581,0.906746751296219
308,"rs929708",-0.306406149979103,0.0390362220472779,0.067935779075344,0.106972001122622,-0.199434148856481,17,0.860510657653246,"",0.736087596774135,1.11290309400584,0.819194163909255
308,"rs11719939",-0.180473249677468,0.042602987201782,0.0618462638013028,0.104449251003085,-0.0760239986743827,17,0.860510657653246,"",0.834875013574124,1.11009905602311,0.92679396446592
308,"rs4639533",-0.247530932507436,0.0336217411525039,0.0651362690300207,0.0987580101825247,-0.148772922324911,17,0.860510657653246,"",0.78072607062243,1.10379915908051,0.861764780225271
308,"rs2515029",-0.0951139705117388,-0.0197529631504763,-0.0712960701269569,-0.0910490332774332,-0.186163003789172,17,0.860510657653246,"",0.909269298675353,0.912972943746095,0.830138268269584
309,"rs929708",-0.168344197759884,0.0475091241325522,0.0662524440024661,0.113761568135018,-0.0545826296248657,17,0.86008985970733,"",0.845062915858127,1.12048493371954,0.946880265264139
309,"rs11719939",0.0654811250575583,0.0346698821914649,0.0960283535321878,0.130698235723653,0.196179360781211,17,0.86008985970733,"",1.06767258486472,1.13962383165787,1.2167451221196
309,"rs4639533",-0.0414876530669018,0.045086534853348,0.035037026576262,0.08012356142961,0.0386359083627082,17,0.86008985970733,"",0.959361180436659,1.08342092844356,1.0393919808214
309,"rs2515029",-0.0951710078398825,0.0252764516244446,-0.0920625678807381,-0.0667861162562935,-0.161957124096176,17,0.86008985970733,"",0.909217437863009,0.935395245779899,0.850477668757239
310,"rs929708",-0.194988990737765,0.0277984594419954,0.0542563204259499,0.0820547798679453,-0.11293421086982,17,0.860340461414823,"",0.82284371690841,1.08551527258414,0.893209421653979
310,"rs11719939",0.0512125666305051,0.0265895403593938,0.0704491568799682,0.097038697239362,0.148251263869867,17,0.860340461414823,"",1.0525466057909,1.10190301340065,1.15980427666561
310,"rs4639533",-0.276041468294038,0.044677373178268,0.0123376368422273,0.0570150100204953,-0.219026458273543,17,0.860340461414823,"",0.758781464735934,1.05867170096017,0.803300463929041
310,"rs2515029",-0.0881190466315122,0.0288769714022227,-0.0548270029215212,-0.0259500315192985,-0.114069078150811,17,0.860340461414823,"",0.915651864964551,0.974383776869275,0.892196322481555
311,"rs929708",-0.143131994053196,0.0211231682434797,0.0331503179370551,0.0542734861805348,-0.088858507872661,17,0.856109497816182,"",0.86663967006296,1.05577330208346,0.91497502617889
311,"rs11719939",0.000872950837002328,0.0386714833872706,0.0223998139994606,0.0610712973867312,0.0619442482237335,17,0.856109497816182,"",1.00087333196948,1.06297469880373,1.06390302859094
311,"rs4639533",-0.364908640090801,-0.0389950595340591,0.0219238483249011,-0.0170712112091579,-0.381979851299959,17,0.856109497816182,"",0.69426007551816,0.98307367627707,0.682508804732034
311,"rs2515029",0.0554554633748441,0.0157311473790825,-0.0417148738784779,-0.0259837264993954,0.0294717368754487,17,0.856109497816182,"",1.05702193983418,0.974350945580435,1.0299103265767
312,"rs929708",-0.280757318594927,0.074614743839715,0.0256186272001237,0.100233371039839,-0.180523947555088,16,0.850181466251786,"",0.75521158905275,1.10542886305927,0.834832688255768
312,"rs11719939",-0.182555668052783,0.101644592780181,0.0503179435926946,0.151962536372876,-0.0305931316799073,16,0.850181466251786,"",0.833138263452561,1.16411662358405,0.969870102229079
312,"rs4639533",-0.0897998145065393,0.0123006295431768,-0.00525356973418655,0.00704705980899022,-0.082752754697549,16,0.850181466251786,"",0.914114159350308,1.00707194876527,0.920578727850842
312,"rs2515029",0.0742613304070801,-0.0486087114117719,-0.0614573023186033,-0.110066013730375,-0.035804683323295,16,0.850181466251786,"",1.07708824462975,0.895774999895356,0.9648287222205
313,"rs929708",-0.0179697551706089,0.0145691957875993,0.13291109469689,0.147480290484489,0.12951053531388,17,0.861583900459877,"",0.982190738100379,1.1589104430413,1.13827110344297
313,"rs11719939",0.0180986210931248,0.00687427689839185,0.137640089007761,0.144514365906152,0.162612986999277,17,0.861583900459877,"",1.01826339368705,1.15547829433726,1.17658124932359
313,"rs4639533",-0.14994672690813,0.00963573048968194,0.163778755366315,0.173414485855997,0.0234677589478669,17,0.861583900459877,"",0.860753830221535,1.1893589754061,1.02374529358916
313,"rs2515029",-0.194751719988894,0.018354997517602,-0.0781128238369383,-0.0597578263193364,-0.254509546308231,17,0.861583900459877,"",0.823038976817141,0.941992631786241,0.775296651834634
314,"rs929708",-0.00149998988254463,0.103591137355736,0.0521312517320476,0.155722389087783,0.154222399205239,16,0.855161840306533,"",0.998501134540001,1.16850176921668,1.16675034227486
314,"rs11719939",-0.0312351059980704,0.104993157077331,0.0805759315836605,0.185569088660992,0.154333982662921,16,0.855161840306533,"",0.969247670345512,1.20390337297394,1.1668805395761
314,"rs4639533",-0.286045598312393,0.255500985360229,0.142297070190283,0.397798055550512,0.111752457238119,16,0.855161840306533,"",0.751228360420438,1.48854339647593,1.11823601514928
314,"rs2515029",0.0363305149594477,0.0119708512128034,-0.0213593623648936,-0.00938851115209014,0.0269420038073576,16,0.855161840306533,"",1.03699853338444,0.990655423318144,1.02730822107026
315,"rs929708",0.291303523610839,0.00557122443078397,0.0181499639198854,0.0237211883506694,0.315024711961508,17,0.860668276894831,"",1.33817068871508,1.02400477362608,1.37029317317074
315,"rs11719939",0.385310796967183,-0.0111336349415827,0.0383821840958842,0.0272485491543015,0.412559346121484,17,0.860668276894831,"",1.47007114410105,1.02762318589834,1.51067919259834
315,"rs4639533",-0.0974170029400069,-0.0127809682132667,0.0774592204881881,0.0646782522749214,-0.0327387506650855,17,0.860668276894831,"",0.907177631507643,1.06681572362688,0.967791361414945
315,"rs2515029",0.227242202221134,0.0192028664007373,-0.101388154988796,-0.0821852885880588,0.145056913633075,17,0.860668276894831,"",1.25513382732977,0.921101273329417,1.15610536655228
316,"rs929708",-0.114651129648852,0.0321205886439058,0.0458752538584078,0.0779958425023136,-0.0366552871465385,17,0.860499272942056,"",0.891677169377085,1.08111816391447,0.96400838416141
316,"rs11719939",0.0457598370855114,0.0192772393022199,0.0362779951688039,0.0555552344710238,0.101315071556535,17,0.860499272942056,"",1.046822972709,1.05712740533292,1.10662525298276
316,"rs4639533",-0.105039625349853,0.0461948936748776,0.0514336138240307,0.0976285074989083,-0.00741111785094499,17,0.860499272942056,"",0.900288847618898,1.10255311880355,0.992616276766268
316,"rs2515029",-0.182030457186543,-0.0231557164823302,-0.0540584401854556,-0.0772141566677858,-0.259244613854328,17,0.860499272942056,"",0.833575951650845,0.925691589351274,0.771634247528672
317,"rs929708",-0.274806131637644,-0.00293196945153271,0.0705263729749202,0.0675944035233875,-0.207211728114256,16,0.853119741495296,"",0.759719394503749,1.06993126011116,0.812847529092285
317,"rs11719939",-0.2196596277784,-0.0156177224157101,0.0777271001697638,0.0621093777540536,-0.157550250024346,16,0.853119741495296,"",0.802791999561097,1.06407872490428,0.854233887256332
317,"rs4639533",0.0374773858985375,0.0891265150765019,0.112172043121714,0.201298558198216,0.238775944096753,16,0.853119741495296,"",1.03818851911585,1.22298985096827,1.26969402227046
317,"rs2515029",-0.19298941815402,0.0455062043384434,-0.090388473713003,-0.0448822693745597,-0.23787168752858,16,0.853119741495296,"",0.824490698726533,0.956110038640117,0.788303833817842
318,"rs929708",0.0094723254110195,-0.0214074126579965,0.0115558522275858,-0.00985156043041073,-0.000379235019391225,17,0.858944486085117,"",1.00951732987209,0.990196807228432,0.999620836881119
318,"rs11719939",0.0426263997718064,-0.0250339372885555,0.0225471958503074,-0.00248674143824812,0.0401396583335583,17,0.858944486085117,"",1.04354795226073,0.997516347941882,1.04095614224135
318,"rs4639533",-0.111303190980671,0.0664080926838266,0.0145064334181191,0.0809145261019457,-0.030388664878725,17,0.858944486085117,"",0.894667452701466,1.08427821512027,0.970068428741347
318,"rs2515029",0.0167073936160457,0.0141597173944608,-0.0705916474747875,-0.0564319300803267,-0.0397245364642809,17,0.858944486085117,"",1.0168477426495,0.945130817284371,0.961054138064089
319,"rs929708",-0.239877734184424,0.029198032544527,0.0693806727761797,0.0985787053207067,-0.141299028863717,17,0.853606346189583,"",0.786724044643404,1.10360126026746,0.868229647151173
319,"rs11719939",0.0432568470742617,0.013801014915504,0.0805671220911178,0.0943681370066218,0.137624984080883,17,0.853606346189583,"",1.04420606168207,1.09896424086384,1.14754512188186
319,"rs4639533",0.170236370739282,0.0633585720145448,0.0944780001469973,0.157836572161542,0.328072942900824,17,0.853606346189583,"",1.18558505581911,1.17097480918728,1.38829023451308
319,"rs2515029",-0.0263593155881867,0.00012946574861778,0.00384713038006051,0.00397659612867829,-0.0223827194595084,17,0.853606346189583,"",0.97398505871248,1.00398451327802,0.977865915111513
320,"rs929708",0.0658548327742926,-0.025204202104584,-0.024568195234108,-0.049772397338692,0.0160824354356005,17,0.858413083551519,"",1.06807165691214,0.95144595148937,1.0162124538696
320,"rs11719939",0.293073127389622,-0.0125047602295806,-0.0233864475507456,-0.0358912077803261,0.257181919609296,17,0.858413083551519,"",1.34054081709806,0.964745244550664,1.29328037842141
320,"rs4639533",-0.0509198105920626,0.0941501211619476,0.00425612314381492,0.0984062443057625,0.0474864337136998,17,0.858413083551519,"",0.950354875871782,1.10341094848517,1.04863197498319
320,"rs2515029",0.00811853686844982,-0.022612441044149,-0.0645438372397456,-0.0871562782838946,-0.0790377414154448,17,0.858413083551519,"",1.00815158155319,0.916533850103136,0.92400505052851
321,"rs929708",-0.302221870173596,0.0211501982195949,0.0425635920678469,0.0637137902874418,-0.238508079886154,17,0.859681485473583,"",0.739174046020849,1.06578731642334,0.787802322878344
321,"rs11719939",-0.0989363734188256,0.034371966374009,0.0348288266841674,0.0692007930581764,-0.0297355803606491,17,0.859681485473583,"",0.905800339168901,1.07165136770187,0.970702172335171
321,"rs4639533",-0.20044319381193,-0.0207611885130714,0.040000345377557,0.0192391568644855,-0.181204036947444,17,0.859681485473583,"",0.81836797707056,1.01942542205372,0.834265120420401
321,"rs2515029",0.197053120830257,-8.41352077318577e-05,-0.0712020218923822,-0.071286157100114,0.125766963730143,17,0.859681485473583,"",1.21780872999855,0.931195385826828,1.13401787019428
322,"rs929708",-0.100892796549163,0.10280511231336,0.0155542860560831,0.118359398369443,0.0174666018202801,16,0.852341426284278,"",0.904029942820762,1.12564859494721,1.0176200349264
322,"rs11719939",0.041217861126505,0.0666756016933988,-0.0115810012970004,0.0550946003963984,0.0963124615229034,16,0.852341426284278,"",1.0420791093456,1.05664056856422,1.10110306258783
322,"rs4639533",-0.146195357453723,0.0927447104507866,0.103191292741915,0.195936003192702,0.049740645738979,16,0.852341426284278,"",0.863988900025148,1.21644905398753,1.05099848009132
322,"rs2515029",-0.263090337873196,0.0160837247145009,0.0201753099561384,0.0362590346706393,-0.226831303202556,16,0.852341426284278,"",0.768672453939851,1.03692441107895,0.797055231614195
323,"rs929708",0.0770306784542575,0.0359009750855699,0.00446920688301058,0.0403701819685805,0.117400860422838,17,0.858330570704063,"",1.08007521092229,1.04119613489609,1.12457013500937
323,"rs11719939",0.21927988155879,0.0521339628530415,0.0209221246879811,0.0730560875410226,0.292335969099813,17,0.858330570704063,"",1.24517973076634,1.07579087368738,1.33955299045894
323,"rs4639533",0.142602297266474,0.0881663827243186,0.082002580644198,0.170168963368517,0.312771260634991,17,0.858330570704063,"",1.1532710513993,1.18550514134113,1.36720876079376
323,"rs2515029",-0.106499713757065,-0.0424573424052834,-0.0557007064322515,-0.0981580488375349,-0.2046577625946,17,0.858330570704063,"",0.898975305486524,0.906505620271822,0.814926166909113
324,"rs929708",-0.0363735345687813,-0.00553104795119031,0.0133955519472431,0.00786450399605275,-0.0285090305727286,16,0.857824809203352,"",0.96428003427589,1.00789551043773,0.971893517351414
324,"rs11719939",0.15201727537251,0.00576800109206198,0.0233655280149541,0.0291335291070161,0.181150804479527,16,0.857824809203352,"",1.16418034790757,1.02956206179971,1.19859591929843
324,"rs4639533",-0.0310432329436958,0.07416770022591,0.0488667167333341,0.123034416959244,0.0919911840155482,16,0.857824809203352,"",0.969433660699165,1.1309233432203,1.0963551565882
324,"rs2515029",-0.031714388694975,0.0257201783410183,-0.0354069730800719,-0.00968679473905361,-0.0414011834340286,16,0.857824809203352,"",0.968783238014181,0.990359971131492,0.959444139632398
325,"rs929708",-0.0954727630862141,0.105083387244416,0.0443542944521571,0.149437681696573,0.0539649186103591,17,0.85513501991704,"",0.908943118121869,1.16118110572071,1.05544757493798
325,"rs11719939",0.123103964999158,0.0595999279262953,0.051851669716948,0.111451597643243,0.234555562642402,17,0.85513501991704,"",1.13100199945728,1.11789963371912,1.26434672092889
325,"rs4639533",-0.298108199681048,0.125479494285112,0.105847750148331,0.231327244433443,-0.0667809552476053,17,0.85513501991704,"",0.74222102732454,1.2602715888381,0.935400073375347
325,"rs2515029",-0.0209611140579962,0.00643435848741749,-0.0550964927477698,-0.0486621342603523,-0.0696232483183484,17,0.85513501991704,"",0.979257043161681,0.952502893433579,0.932745167026713
326,"rs929708",0.159631566477581,0.0917483484080283,0.0136237590550583,0.105372107463087,0.265003673940668,17,0.858380898121058,"",1.17307858988633,1.11112399096938,1.30343576451524
326,"rs11719939",0.262496965917185,0.0820530752479042,0.0322182983354041,0.114271373583308,0.376768339500494,17,0.858380898121058,"",1.3001725233314,1.12105630867614,1.45756660964804
326,"rs4639533",-0.0790119819633407,0.0846572702682738,0.00852304993532281,0.0931803202035966,0.0141683382402559,17,0.858380898121058,"",0.924028852698917,1.09765964763489,1.01426918485796
326,"rs2515029",0.209947308324353,0.0257497363223114,-0.0195061261119571,0.0062436102103543,0.216190918534707,17,0.858380898121058,"",1.23361305710512,1.00626314217341,1.24133935106875
327,"rs929708",-0.290750603448598,-0.0700450056569119,0.0423838441141932,-0.0276611615427188,-0.318411764991317,16,0.853651281273536,"",0.74770212909947,0.972717905202321,0.727303248732951
327,"rs11719939",-0.125523704332022,-0.0361208629288815,0.0760181514775809,0.0398972885486993,-0.0856264157833222,16,0.853651281273536,"",0.882034856132141,1.04070387649714,0.91793709398232
327,"rs4639533",-0.0498370753565338,0.0135614818411969,0.0386412272112085,0.0522027090524054,0.00236563369587161,16,0.853651281273536,"",0.951384415841167,1.05358929295553,1.002368434015
327,"rs2515029",0.0996551068086414,0.0143772770527568,-0.0981694122195644,-0.0837921351668077,0.0158629716418337,16,0.853651281273536,"",1.10478981787393,0.919622393384477,1.01598945650002
328,"rs929708",-0.359917690552251,0.0653739774095068,0.0159064919513957,0.0812804693609024,-0.278637221191348,16,0.850632698106846,"",0.697733753787527,1.08467507203306,0.756814409649381
328,"rs11719939",-0.0260956219289247,0.078310417593848,-0.00415798127515885,0.0741524363186892,0.0480568143897645,16,0.850632698106846,"",0.974241926262362,1.07697096247301,1.04923026500834
328,"rs4639533",0.0806302708316254,0.111423690312115,-0.0412392688772031,0.0701844214349121,0.150814692266537,16,0.850632698106846,"",1.0839700471244,1.07270599299176,1.1627811657739
328,"rs2515029",0.13873324807777,-0.0412570640582064,-0.0452955513503163,-0.0865526154085228,0.052180632669247,16,0.850632698106846,"",1.14881760982129,0.917087294592604,1.05356603377135
329,"rs929708",-0.216181360730006,0.00629850678320904,-0.00224434410057805,0.00405416268263099,-0.212127198047375,17,0.859461642367727,"",0.805589186381147,1.00406239191729,0.808861805380555
329,"rs11719939",-0.0364852555108241,0.0278474761843245,-0.00028137294911199,0.0275661032352126,-0.00891915227561155,17,0.859461642367727,"",0.964172310019708,1.02794956365321,0.991120505371267
329,"rs4639533",-0.193495434205692,0.053165905118238,0.134948767538785,0.188114672657023,-0.00538076154866832,17,0.859461642367727,"",0.824073598737068,1.20697191409052,0.994633688819142
329,"rs2515029",-0.0235559848072067,0.0320469662951972,0.022016489764513,0.0540634560597102,0.0305074712525035,17,0.859461642367727,"",0.97671929169691,1.05555158117411,1.03097759271393
330,"rs929708",-0.247570369781202,0.0702880706971667,0.0266764253935148,0.0969644960906815,-0.150605873690521,17,0.860725505147746,"",0.780695281521769,1.10182125396468,0.860186654050623
330,"rs11719939",-0.145257033067991,0.0775930178276549,0.063481534951929,0.141074552779584,-0.00418248028840687,17,0.860725505147746,"",0.864799982348695,1.15151049309269,0.995826254100895
330,"rs4639533",-0.0496472749294959,0.0249469163550719,0.0379880041712745,0.0629349205263464,0.0132876455968505,17,0.860725505147746,"",0.951565006147087,1.06495753010051,1.01337631867648
330,"rs2515029",0.0966741757523058,0.0164599383961786,-0.0460879830938864,-0.0296280446977078,0.067046131054598,17,0.860725505147746,"",1.1015014192749,0.970806563049553,1.06934480704047
331,"rs929708",0.162280360763712,0.0609726143479731,0.0288883705693867,0.0898609849173598,0.252141345681072,17,0.855997576914627,"",1.17618995261317,1.09402218754881,1.2867779049308
331,"rs11719939",0.358180899545367,0.0707777830139119,0.048689325470824,0.119467108484736,0.477648008030103,17,0.855997576914627,"",1.43072441446746,1.12689617813479,1.61227787462751
331,"rs4639533",-0.443751827524442,0.118430480320236,0.0253542640042909,0.143784744324527,-0.299967083199916,17,0.855997576914627,"",0.641624634644217,1.1546355399199,0.740842606448335
331,"rs2515029",0.0763107246208683,-0.0333588168411428,-0.0433761756420362,-0.076734992483179,-0.000424267862310729,17,0.855997576914627,"",1.07929788648627,0.926135253892473,0.999575822126572
332,"rs929708",-0.133631252450605,-0.0166042215477798,0.00678149451955902,-0.00982272702822074,-0.143453979478826,16,0.85156598095634,"",0.874912627014776,0.990225358382833,0.866360669639373
332,"rs11719939",0.0727155463779701,-0.0455277580289698,-0.0286910980986567,-0.0742188561276265,-0.00150330974965646,16,0.85156598095634,"",1.07542458498378,0.928468470589675,0.998497819654426
332,"rs4639533",-0.480762341439831,0.150147894727988,0.069731287292429,0.219879182020417,-0.260883159419414,16,0.85156598095634,"",0.618311847346066,1.2459261912085,0.770370924942976
332,"rs2515029",-0.0529216283675933,-0.0227440259950844,-0.0376412565584972,-0.0603852825535816,-0.113306910921175,16,0.85156598095634,"",0.948454341484623,0.94140175802991,0.892876584484725
333,"rs929708",-0.49205262012221,0.127912444735797,0.0952134557263689,0.223125900462166,-0.268926719660045,16,0.85263834565379,"",0.611370194611633,1.24997793662966,0.764199254377525
333,"rs11719939",-0.268516294691913,0.146381351678858,0.0952766526946136,0.241658004373471,-0.0268582903184411,16,0.85263834565379,"",0.764512965205124,1.27335863525679,0.973499186009719
333,"rs4639533",-0.264209849422808,0.1115079023133,0.145640971509752,0.257148873823052,-0.00706097559975616,16,0.85263834565379,"",0.767812397761036,1.29323764166061,0.992963894518261
333,"rs2515029",-0.243546398091807,0.0232455515182071,-0.0411919502655853,-0.0179463987473782,-0.261492796839185,16,0.85263834565379,"",0.783843106364127,0.982213678830857,0.769901421128116
334,"rs929708",-0.595941423814384,0.00701102718246602,0.0971390463491044,0.10415007353157,-0.491791350282814,17,0.856454352537162,"",0.55104355607562,1.10976698907036,0.611529948072663
334,"rs11719939",-0.446660125262264,0.0496093297530449,0.0858490928481841,0.135458422601229,-0.311201702661035,17,0.856454352537162,"",0.639761310035487,1.14506158616251,0.732566100434643
334,"rs4639533",-0.357127883066119,-0.027339655559812,0.062924194003513,0.0355845384437009,-0.321543344622418,17,0.856454352537162,"",0.699683014403838,1.03622524529491,0.725029203229299
334,"rs2515029",0.149042146764263,0.00247091389323842,-0.0946927152869742,-0.0922218013937358,0.0568203453705271,17,0.856454352537162,"",1.16072190885084,0.911902865785927,1.0584656350616
335,"rs929708",-0.184959176584162,0.0411090366739477,0.0161636575720557,0.0572726942460034,-0.127686482338159,17,0.856890169178887,"",0.831138213060458,1.05894453910903,0.880129271965212
335,"rs11719939",-0.140837573318679,0.0188378514297575,0.0172251582774419,0.0360630097071994,-0.10477456361148,17,0.856890169178887,"",0.868630388991378,1.0367211679302,0.900527511374804
335,"rs4639533",-0.140592532593804,-0.0644144401794829,0.0668420248035725,0.0024275846240896,-0.138164947969715,17,0.856890169178887,"",0.868843264892112,1.00243053359345,0.870955017634876
335,"rs2515029",0.077278735061409,0.0910923243959585,-0.0412609262946491,0.0498313981013095,0.127110133162718,17,0.856890169178887,"",1.08034316394697,1.05109386501433,1.13554207173483
336,"rs929708",-0.20307343253537,0.0520372091848711,0.0353594193480254,0.0873966285328965,-0.115676804002473,17,0.856994171209963,"",0.816218302245545,1.09132944628601,0.890763067838135
336,"rs11719939",-0.0229327535022083,0.0741735925091841,0.0636580546902604,0.137831647199444,0.114898893697236,17,0.856994171209963,"",0.977328203462419,1.14778230164275,1.12176001483047
336,"rs4639533",-0.14695976912394,0.0882866788186765,0.0348477928414046,0.123134471660081,-0.0238252974638591,17,0.856994171209963,"",0.863328709187968,1.13103650307807,0.976456284246866
336,"rs2515029",0.0924615459812232,-0.0415087635145378,-0.0120031412909663,-0.0535119048055041,0.038949641175719,17,0.856994171209963,"",1.09687096165276,0.94789465643511,1.03971812334949
337,"rs929708",-0.0473405073454423,0.131305550980668,0.112703921123709,0.244009472104378,0.196668964758935,17,0.859064701102147,"",0.953762579127972,1.27635642021343,1.21734099122931
337,"rs11719939",0.156474964203379,0.121107821265715,0.114745932965314,0.235853754231029,0.392328718434408,17,0.859064701102147,"",1.16938148555552,1.26598915107094,1.4804242741765
337,"rs4639533",0.029243423301687,0.0696089531037226,0.0733850268753352,0.142993979979058,0.172237403280745,17,0.859064701102147,"",1.02967521091046,1.15372285620935,1.18795982529958
337,"rs2515029",0.319510023835955,-0.0414994269428107,-0.12657700466862,-0.16807643161143,0.151433592224525,17,0.859064701102147,"",1.3764531698377,0.845289225397972,1.16350103372869
338,"rs929708",-0.0807023852836322,0.111202163300485,0.0514839436592033,0.162686106959689,0.0819837216760565,16,0.850428940859375,"",0.922468190704007,1.17666728404335,1.08543814057206
338,"rs11719939",0.224261803307352,0.13271963125477,0.0211452474643029,0.153864878719073,0.378126682026425,16,0.850428940859375,"",1.25139859683753,1.1663332796839,1.45954782964136
338,"rs4639533",-0.0972039402654737,0.278686917688312,0.0550583678191549,0.333745285507466,0.236541345241993,16,0.850428940859375,"",0.907370937792534,1.39618746909603,1.26685993316785
338,"rs2515029",-0.0449905764355169,0.0120393276360653,-0.0771647824970546,-0.0651254548609893,-0.110116031296506,16,0.850428940859375,"",0.956006490779464,0.936949911082955,0.895730196530547
339,"rs929708",-0.0646975985487642,0.140240530562076,0.0157275333939224,0.155968063955999,0.0912704654072346,17,0.855575322327736,"",0.937350876788388,1.16878887600086,1.09556527769992
339,"rs11719939",0.126581959562446,0.0661779939139197,-0.0378444850195025,0.0283335088944172,0.154915468456863,17,0.855575322327736,"",1.13494246675224,1.02873872072881,1.1675592613475
339,"rs4639533",0.0938404675999484,0.229677688329817,0.0854242689772209,0.315101957307038,0.408942424906986,17,0.855575322327736,"",1.09838450402306,1.37039902602865,1.50522505451816
339,"rs2515029",-0.167830774755786,-0.00532099288791971,0.011109139253759,0.00578814636583925,-0.162042628389947,17,0.855575322327736,"",0.84549690199874,1.00580493005153,0.85040495237363
340,"rs929708",0.0913121869029608,-0.0400657831672557,0.0181023431395423,-0.0219634400277133,0.0693487468752475,17,0.85836417714461,"",1.0956109872755,0.978276000140875,1.07180993434227
340,"rs11719939",0.303705236963926,-0.0446693676556597,0.0108391477367587,-0.033830219918901,0.269875017045025,17,0.85836417714461,"",1.35486963173866,0.966735623157586,1.30980073773616
340,"rs4639533",-0.14633179486463,0.0123907111348599,0.0515833773433222,0.0639740884781821,-0.0823577063864478,17,0.85836417714461,"",0.86387102765786,1.06606477504294,0.920942472766192
340,"rs2515029",0.198681315172177,-0.0220262884063991,-0.0321727046863408,-0.05419899309274,0.144482322079437,17,0.85836417714461,"",1.21979317437443,0.947243592813847,1.15544126898424
341,"rs929708",-0.0469247571022858,0.0350370425180512,0.0511193305747538,0.0861563730928049,0.0392316159905191,17,0.860029265933949,"",0.954159188591686,1.08997675801621,1.04001133901254
341,"rs11719939",0.11950307363015,0.0034288243094091,0.0868595978174081,0.0902884221268172,0.209791495756967,17,0.860029265933949,"",1.12693670784852,1.09448991329432,1.23342085966131
341,"rs4639533",-0.378798391327164,0.0775554314420135,0.125393663251453,0.202949094693466,-0.175849296633698,17,0.860029265933949,"",0.684683636911718,1.22501010714525,0.838744375413821
341,"rs2515029",0.257983097186369,0.0542741776874635,-0.105418103873908,-0.0511439261864442,0.206839170999924,17,0.860029265933949,"",1.29431694084131,0.950141910389237,1.22978477082011
342,"rs929708",-0.229578359131584,0.0414648692568736,0.146900404920792,0.188365274177666,-0.0412130849539186,17,0.860270692396345,"",0.794868680977904,1.20727442099032,0.959624626590942
342,"rs11719939",0.0301189323613185,0.0327100856938968,0.0993426540433912,0.132052739737288,0.162171672098607,17,0.860270692396345,"",1.0305770956326,1.14116850260722,1.17606212104436
342,"rs4639533",-0.205364920880714,-0.0116508351315201,0.0465385405173448,0.0348877053858246,-0.170477215494889,17,0.860270692396345,"",0.814350088830812,1.03550342081337,0.843262302723978
342,"rs2515029",-0.307902637799992,0.0184317454725962,-0.0849628875993766,-0.0665311421267804,-0.374433779926773,17,0.860270692396345,"",0.73498687446464,0.935633777776895,0.687678545971783
343,"rs929708",-0.181805478280307,0.0598020156299217,0.115636490195092,0.175438505825014,-0.00636697245529302,17,0.857006927872346,"",0.833763509754229,1.1917686995649,0.993653253764469
343,"rs11719939",-0.0680580667536258,0.0432929412089173,0.0860922952816476,0.129385236490565,0.061327169736939,17,0.857006927872346,"",0.934206225679487,1.13812848834803,1.06324671943792
343,"rs4639533",0.00535069345707073,0.0199340019247973,0.0977491328315958,0.117683134756393,0.123033828213464,17,0.857006927872346,"",1.00536503398315,1.12488761710118,1.13092267739415
343,"rs2515029",0.0835083180319184,-0.000858855418181872,-0.131279323037129,-0.132138178455311,-0.0486298604233925,17,0.857006927872346,"",1.08709425774,0.876219912000077,0.952533634852735
344,"rs929708",-0.219888359041784,0.0534293377953941,0.053361023228403,0.106790361023797,-0.113097998017987,17,0.855837377459911,"",0.802608396931433,1.11270096453582,0.893063137410156
344,"rs11719939",-0.0444291648833878,0.00782231584875104,0.0211361909206924,0.0289585067694434,-0.0154706581139444,17,0.855837377459911,"",0.956543354553959,1.02938188120925,0.984648397768965
344,"rs4639533",-0.0616701886287649,0.0597606378605718,0.0694905472188689,0.129251185079441,0.0675809964506758,17,0.855837377459911,"",0.940192921978537,1.13797593084363,1.06991691556112
344,"rs2515029",0.0475849198944856,-0.0686044211913578,-0.105674562757415,-0.174278983948773,-0.126694064054287,17,0.855837377459911,"",1.04873525582724,0.840062501009753,0.881003161907336
345,"rs929708",0.175972345746294,0.0300929185035541,-0.0130564233955993,0.0170364951079549,0.193008840854249,17,0.85727286507494,"",1.19240508312203,1.01718244383096,1.21289351648652
345,"rs11719939",0.18789492980777,0.0157703240884881,-0.0167097288043948,-0.000939404715906714,0.186955525091863,17,0.85727286507494,"",1.20670671978149,0.999061036386568,1.20557366607953
345,"rs4639533",-0.27429695343669,0.0881484281785863,0.112309411635342,0.200457839813928,-0.073839113622762,17,0.85727286507494,"",0.760106325558342,1.22196209300481,0.928821116485465
345,"rs2515029",0.0790528927604416,0.00241337797699594,-0.0447726654682466,-0.0423592874912507,0.0366936052691909,17,0.85727286507494,"",1.08226156435811,0.958525332536227,1.03737512586753
346,"rs929708",-0.18165538050186,0.0519947824200773,-0.0104044258090962,0.0415903566109811,-0.140065023890879,16,0.851124110156629,"",0.833888665197336,1.04246735141302,0.869301708181602
346,"rs11719939",0.0385532601087447,0.0541580357571333,-0.00561207337496332,0.04854596238217,0.0870992224909147,16,0.851124110156629,"",1.03930608043881,1.04974361942895,1.09100492657434
346,"rs4639533",-0.219927081922447,0.11221991974744,0.0552265867453534,0.167446506492794,-0.0524805754296534,16,0.851124110156629,"",0.802577318223993,1.18228204408026,0.948872752322318
346,"rs2515029",0.18145046301612,0.0620860664457853,-0.048252811271925,0.0138332551738603,0.19528371818998,16,0.851124110156629,"",1.19895514261705,1.0139293773644,1.21565584124155
347,"rs929708",-0.311460124301164,0.0114926967585068,0.000578232961714386,0.0120709297202212,-0.299389194580942,17,0.859980663652606,"",0.73237681396038,1.01214407741631,0.741270854687026
347,"rs11719939",0.0210137903837819,-0.00229041550361955,-0.0095745601450562,-0.0118649756486757,0.0091488147351062,17,0.859980663652606,"",1.02123613477865,0.988205135611479,1.00919079306028
347,"rs4639533",-0.00258675339173033,0.0297292497529243,0.0438937240597319,0.0736229738126562,0.0710362204209259,17,0.859980663652606,"",0.997416589371902,1.07640089765559,1.07362011213649
347,"rs2515029",-0.0222664288604665,0.0460717697432669,0.0187228487471238,0.0647946184903907,0.0425281896299242,17,0.859980663652606,"",0.977979638336907,1.06693987215845,1.04344547030075
348,"rs929708",-0.141685531075525,0.0990409395332383,0.0170562933298168,0.116097232863055,-0.0255882982124703,16,0.850413923285335,"",0.867894139313628,1.1231050695458,0.974736307692228
348,"rs11719939",-0.0298239984121834,0.125905489922701,0.042647134190508,0.168552624113209,0.138728625701026,16,0.850413923285335,"",0.970616348534716,1.18359051060705,1.14881229956576
348,"rs4639533",-0.12735552060752,0.112366563813796,0.000396048431106377,0.112762612244902,-0.0145929083626179,16,0.850413923285335,"",0.880420609280339,1.11936617758227,0.985513052074787
348,"rs2515029",-0.191710205815747,0.0056833801365319,-0.025908916368847,-0.0202255362323151,-0.211935742048063,16,0.850413923285335,"",0.825546072280654,0.979977627918866,0.809016681651333
349,"rs929708",0.0549418113008336,-0.0608770079623703,0.0398621292766023,-0.021014878685768,0.0339269326150657,17,0.854643251230031,"",1.05647913774016,0.979204395186575,1.03450901509809
349,"rs11719939",0.103498554137209,0.00157039645719431,0.087635322966046,0.0892057194232403,0.19270427356045,17,0.854643251230031,"",1.10904418983818,1.09330554737994,1.21252416503958
349,"rs4639533",-0.159321837798547,0.110567672516973,0.0737176406098083,0.184285313126781,0.0249634753282345,17,0.854643251230031,"",0.852721876670551,1.20235882291808,1.0252776719101
349,"rs2515029",0.0510809127688218,-0.0112625947354186,-0.0736275102401259,-0.0848901049755445,-0.0338091922067227,17,0.854643251230031,"",1.052408043087,0.918613229878016,0.966755951609752
350,"rs929708",0.0135515126122922,0.0547049637582615,0.0230753500525292,0.0777803138107907,0.0913318264230829,17,0.857688796487676,"",1.01364375054288,1.0808851770398,1.09563250476083
350,"rs11719939",0.208918275391285,0.088331420598296,0.0148755444902172,0.103206965088513,0.312125240479799,17,0.857688796487676,"",1.23234428156057,1.1087208518411,1.36632580161335
350,"rs4639533",0.0137636665846257,-0.0186297472155155,0.00564927190317133,-0.0129804753123441,0.000783191272281537,17,0.857688796487676,"",1.0138588219044,0.98710340771786,1.00078349804665
350,"rs2515029",-0.0320593702287003,-0.00421476993112717,-0.0581766718222873,-0.0623914417534145,-0.0944508119821148,17,0.857688796487676,"",0.968449083328796,0.939515049384036,0.909872488349578
351,"rs929708",0.108489681778577,0.043028864866237,0.00181327936135742,0.0448421442275945,0.153331826006172,17,0.854372224066408,"",1.11459340785743,1.04586275140494,1.16571172823958
351,"rs11719939",0.214668785052524,0.0471504140668496,0.0354638598513286,0.0826142739181782,0.297283058970702,17,0.854372224066408,"",1.23945130417397,1.08612278185365,1.34619629846156
351,"rs4639533",-0.228604211772885,0.101740701473602,0.0509575422695312,0.152698243743133,-0.0759059680297519,17,0.854372224066408,"",0.795643377477003,1.16497338788913,0.926903361010931
351,"rs2515029",-0.035430484826008,-0.0491355792894035,-0.088479682166848,-0.137615261456252,-0.17304574628226,17,0.854372224066408,"",0.965189827236758,0.871433901467837,0.841099136805996
352,"rs929708",-0.362930535041247,0.123686705072068,0.097642006081097,0.221328711153165,-0.141601823888081,16,0.850528288096152,"",0.695634754060281,1.24773350708197,0.867966791331735
352,"rs11719939",-0.102490534727396,0.115368049446914,0.117821708120542,0.233189757567456,0.13069922284006,16,0.850528288096152,"",0.902586692941591,1.26262104849529,1.13962495659981
352,"rs4639533",-0.370487803291437,0.203290276989528,0.185961855536467,0.389252132525995,0.0187643292345588,16,0.850528288096152,"",0.690397470324826,1.47587662092615,1.01894148559897
352,"rs2515029",0.0992335175536029,-0.141844678991088,-0.150840553326876,-0.292685232317965,-0.193451714764362,16,0.850528288096152,"",1.10432414852513,0.746257001318523,0.824109627561994
353,"rs929708",-0.243869859351058,0.0388749085205798,0.0213751331125801,0.06025004163316,-0.183619817717898,16,0.850502994969348,"",0.783589604487115,1.06210208308582,0.832252151210158
353,"rs11719939",-0.176305837756668,0.0622822459481088,0.0227624587300728,0.0850447046781816,-0.0912611330784862,16,0.850502994969348,"",0.838361541511144,1.08876573853242,0.912779322900557
353,"rs4639533",-0.177221323982642,0.0106250305524824,0.0285372624419278,0.0391622929944103,-0.138059030988231,16,0.850502994969348,"",0.837594384282023,1.03993924480946,0.871047271446888
353,"rs2515029",-0.235890432538124,-0.0579176552723356,-0.0308519806701452,-0.0887696359424808,-0.324660068480604,16,0.850502994969348,"",0.789867212937528,0.915056345388977,0.722773005213191
354,"rs929708",-0.458644897237331,0.0608722494496225,0.0702704790268111,0.131142728476434,-0.327502168760897,16,0.85060730834435,"",0.632139679595064,1.14013049878853,0.720721728200744
354,"rs11719939",-0.304701243709,0.113442578056326,0.0922062274452293,0.205648805501555,-0.0990524382074454,16,0.85060730834435,"",0.737343627536338,1.22832174839697,0.905695213744801
354,"rs4639533",-0.00863832968072714,0.00375661443669489,-0.0174368087085829,-0.013680194271888,-0.0223185239526152,16,0.85060730834435,"",0.991398873487628,0.98641295433828,0.977928691724574
354,"rs2515029",-0.197837724163407,0.00835711884648622,-0.00156229817498835,0.00679482067149787,-0.191042903491909,16,0.85060730834435,"",0.820502990144232,1.00681795784009,0.826097144938706
355,"rs929708",-0.0361282211797475,0.0296422628572478,0.0778229704025289,0.107465233259777,0.0713370120800291,17,0.856601687628946,"",0.964516614095989,1.11345214897198,1.07394309668436
355,"rs11719939",0.102719970181553,0.0338629686191349,0.0827122978124057,0.116575266431541,0.219295236613094,17,0.856601687628946,"",1.10818104188604,1.12364207981422,1.24519885071552
355,"rs4639533",-0.0213001801197358,0.000408989611237312,0.0509991514867569,0.0514081410979942,0.0301079609782584,17,0.856601687628946,"",0.978925066616796,1.05275247716377,1.03056578883854
355,"rs2515029",-0.110829561443765,0.0419278735884246,0.00436824867610711,0.0462961222645317,-0.0645334391792328,17,0.856601687628946,"",0.895091293996729,1.04738451891531,0.937504764348048
356,"rs929708",-0.310355095546411,0.0188057122466365,0.108622080289842,0.127427792536479,-0.182927303009933,17,0.855538555370117,"",0.73318655871234,1.13590284461662,0.832828697676019
356,"rs11719939",-0.0491071414322291,-0.00462885820840841,0.119429561485406,0.114800703276998,0.0656935618447689,17,0.855538555370117,"",0.952079117113512,1.12164987415068,1.06789942189186
356,"rs4639533",-0.0497138109743965,0.0620875708850552,0.248118527031338,0.310206097916394,0.260492286941997,17,0.855538555370117,"",0.951501694881376,1.36370614216601,1.2975687055911
356,"rs2515029",-0.146271960293085,0.0561907845605017,-0.0740311226689706,-0.0178403381084689,-0.164112298401554,17,0.855538555370117,"",0.863922718557105,0.982317858565766,0.848646714859331
357,"rs929708",0.060571376327956,0.00658006797891486,0.09083447814923,0.0974145461281449,0.157985922456101,17,0.855672326873205,"",1.0624434281746,1.10231724026226,1.1711497076802
357,"rs11719939",0.19989909923756,0.02666479086262,0.109693943150381,0.136358734013001,0.336257833250561,17,0.855672326873205,"",1.22127952390794,1.14609296238594,1.39969986745695
357,"rs4639533",-0.139430397483845,0.0515974434343917,0.160395485024931,0.211992928459323,0.0725625309754774,17,0.855672326873205,"",0.869853565094257,1.23613914363936,1.07526004104726
357,"rs2515029",-0.247227522336777,0.00783563097597205,-0.00205296360307624,0.00578266737289581,-0.241444854963881,17,0.855672326873205,"",0.780962986792326,1.00579941926852,0.785492118585927
358,"rs929708",0.0933590267679699,0.0589671688201723,0.0610386379857114,0.120005806805884,0.213364833573854,17,0.853533899369248,"",1.09785582414786,1.12750339875374,1.2378361730683
358,"rs11719939",0.199043420251112,0.0782761737898696,0.0951290542500426,0.173405228039912,0.372448648291024,17,0.853533899369248,"",1.22023494765747,1.18934796459041,1.45128395131849
358,"rs4639533",-0.195216606063086,0.115418239963372,0.102949174735896,0.218367414699268,0.0231508086361816,17,0.853533899369248,"",0.822656446381727,1.24404406373593,1.02342086861528
358,"rs2515029",0.0321465373871727,0.00494476003753482,-0.0254768559316772,-0.0205320958941424,0.0116144414930302,17,0.853533899369248,"",1.03266881880883,0.979677252352522,1.01168215100076
359,"rs929708",-0.557963304353959,0.119183607083227,0.0485561923480579,0.167739799431285,-0.390223504922674,16,0.852325998048993,"",0.572373628391338,1.18262884991046,0.676905565863527
359,"rs11719939",-0.37893303611094,0.148226121975896,0.0694695732554609,0.217695695231357,-0.161237340879584,16,0.852325998048993,"",0.684591454037582,1.24320869571727,0.851090048673251
359,"rs4639533",-0.199157636856116,0.112872807632975,0.0141265845585427,0.126999392191518,-0.0721582446645982,16,0.852325998048993,"",0.819420712246428,1.1354163276656,0.930383655911971
359,"rs2515029",-0.165503512829696,0.00594647716750612,-0.0300396815366154,-0.0240932043691093,-0.189596717198805,16,0.852325998048993,"",0.84746688619285,0.976194719904653,0.827292699595497
360,"rs929708",0.102222506551542,-0.0203820061035307,0.018780627339319,-0.00160137876421176,0.10062112778733,16,0.852403286752053,"",1.10762989922031,0.998399902758602,1.10585758367408
360,"rs11719939",0.326681465909723,-0.0293520683115428,-0.000421055729530567,-0.0297731240410733,0.29690834186865,16,0.852403286752053,"",1.38635980398109,0.970665729287133,1.34569195018568
360,"rs4639533",-0.347349348753008,0.0885352400936664,0.0663235172506038,0.15485875734427,-0.192490591408738,16,0.852403286752053,"",0.706558449823551,1.16749304964026,0.824902079333589
360,"rs2515029",0.296371608426673,-0.0490838915885754,-0.0389703478700247,-0.0880542394586001,0.208317368968073,16,0.852403286752053,"",1.34496986611408,0.915711207696188,1.2316039804143
361,"rs929708",-0.326527284643804,-0.00228448732008623,0.0551291003128177,0.0528446129927315,-0.273682671651072,17,0.860848243572461,"",0.721424690964353,1.05426581318143,0.760573388468697
361,"rs11719939",-0.158426234228292,-0.00193505366611991,0.0585854428175249,0.056650389151405,-0.101775845076887,17,0.860848243572461,"",0.853485919516412,1.05828575753027,0.903231992876849
361,"rs4639533",-0.330339192243037,0.0804553855429523,0.088831173755481,0.169286559298433,-0.161052632944604,17,0.860848243572461,"",0.718679921430118,1.18445950818263,0.851247266277846
361,"rs2515029",0.00151725252303926,0.046564494235161,0.00397134294604626,0.0505358371812072,0.0520530897042465,17,0.860848243572461,"",1.001518404133,1.05183455746521,1.0534316674045
362,"rs929708",-0.305142819791038,-0.047470979726381,0.0511358947285737,0.0036649150021927,-0.301477904788845,17,0.86055316095949,"",0.737018106102704,1.00367163901498,0.739724170535819
362,"rs11719939",0.0516192727143249,-0.0257662636454571,0.0155870574362636,-0.0101792062091934,0.0414400665051315,17,0.86055316095949,"",1.05297476996156,0.989872426568258,1.042310690657
362,"rs4639533",-0.172345062180906,0.1348794542813,0.217914969585429,0.352794423866729,0.180449361685823,17,0.86055316095949,"",0.841688688119314,1.4230385705948,1.19775546762712
362,"rs2515029",-0.139042871183834,0.00745829101560452,-0.069368461825111,-0.0619101708095064,-0.20095304199334,17,0.86055316095949,"",0.870190721552167,0.939967319502172,0.817950839993052
363,"rs929708",0.029816084894417,0.0222122647472046,0.0165036798378166,0.0387159445850211,0.0685320294794381,17,0.859304514788245,"",1.03026503522548,1.0394751731582,1.07093492588984
363,"rs11719939",0.103724024933856,-0.0167056062631944,0.0304683792369036,0.0137627729737091,0.117486797907565,17,0.859304514788245,"",1.10929427510758,1.01385791590949,1.12466678189091
363,"rs4639533",-0.149271829174451,0.137297089657309,0.0793785036547662,0.216675593312076,0.067403764137625,17,0.859304514788245,"",0.861334947105984,1.24194114276722,1.06972730851415
363,"rs2515029",-0.170429831409538,-0.0138640639437059,-0.0877717543785373,-0.101635818322243,-0.272065649731782,17,0.859304514788245,"",0.843302260883587,0.903358478376972,0.761804247203657
364,"rs929708",-0.220353324443994,0.0618541329128194,0.153723795330835,0.215577928243655,-0.00477539620033895,17,0.858488023539069,"",0.802235298540981,1.24057865527203,0.995235987875729
364,"rs11719939",-0.0791708707777307,0.0446598386688996,0.146409110125965,0.191068948794864,0.111898078017134,17,0.858488023539069,"",0.923882046513289,1.21054291467904,1.11839886540584
364,"rs4639533",-0.379384773182194,-0.0135946511638797,0.081160641553523,0.0675659903896432,-0.311818782792551,17,0.858488023539069,"",0.684282268539663,1.06990086044305,0.732114187896507
364,"rs2515029",0.101567612425191,-0.0183121371830416,-0.0626113332987445,-0.0809234704817861,0.0206441419434046,17,0.858488023539069,"",1.10690475637695,0.92226426918412,1.02085870619642
365,"rs929708",-0.291478249812374,0.103052479207766,0.0349674526674648,0.138019931875231,-0.153458317937142,16,0.852425453536382,"",0.747158264258677,1.14799843180765,0.857736515681087
365,"rs11719939",-0.108098507223422,0.0910222829191188,0.0355731390239872,0.126595421943106,0.0184969147196843,16,0.852425453536382,"",0.897539177983243,1.1349577458826,1.01866904228518
365,"rs4639533",0.0414042192917224,0.0179156806325172,-0.0055653606697956,0.0123503199627216,0.053754539254444,16,0.852425453536382,"",1.04227332739293,1.01242690010266,1.0552255539121
365,"rs2515029",0.0949962990862816,-0.09621303447962,-0.0696369728884444,-0.165850007368064,-0.0708537082817828,16,0.852425453536382,"",1.09965478539109,0.847173294412247,0.931598167255964
366,"rs929708",0.0328388411209897,0.0172488533399142,0.0202014412590782,0.0374502945989924,0.0702891357199821,17,0.861200840414439,"",1.03338398681606,1.03816039362068,1.07281832651427
366,"rs11719939",0.239307642416119,0.100359658001904,0.0724525121811246,0.172812170183029,0.412119812599147,17,0.861200840414439,"",1.27036929595325,1.18864282155142,1.51001534435416
366,"rs4639533",-0.0876139164393075,0.0790398682458972,-0.0100343570734744,0.0690055111724228,-0.0186084052668848,17,0.861200840414439,"",0.916114505204033,1.07144211403431,0.981563662153301
366,"rs2515029",0.145212140894404,0.00717667440108455,-0.0221104801191982,-0.0149338057181136,0.130278335176291,17,0.861200840414439,"",1.15628483955133,0.985177150538754,1.13914540344034
367,"rs929708",-0.179409236358388,0.021666219095234,0.103456904370753,0.125123123465987,-0.0542861128924002,17,0.854757348833027,"",0.835763804467156,1.13328797882112,0.94716107273643
367,"rs11719939",-0.0655593232590654,0.0320616873819703,0.143674245290209,0.175735932672179,0.110176609413114,17,0.854757348833027,"",0.936543486299767,1.19212321629055,1.11647523308364
367,"rs4639533",-0.3554071091474,0.0349697042172832,0.158870819436689,0.193840523653972,-0.161566585493429,17,0.854757348833027,"",0.700888047183536,1.21390267875536,0.850809877983705
367,"rs2515029",0.160509076393711,0.118367202512548,-0.0743822603661375,0.0439849421464101,0.204494018540121,17,0.854757348833027,"",1.17410842976262,1.04496661981561,1.22690411714606
368,"rs929708",-0.08171228344273,0.0352615872892419,0.0737651035174393,0.109026690806681,0.0273144073639512,16,0.851404781614308,"",0.921537062028094,1.11519211532138,1.02769086555016
368,"rs11719939",0.185344405292697,0.000526063206646392,0.0470314807005446,0.047557543907191,0.232901949199888,16,0.851404781614308,"",1.20363290629482,1.04870654605718,1.26225770788121
368,"rs4639533",-0.214363590082501,0.00466986610451109,0.112841787097579,0.11751165320209,-0.0968519368804107,16,0.851404781614308,"",0.807054894515116,1.12469473616242,0.907690391655267
368,"rs2515029",0.0787393217196414,-0.0184761706043477,-0.0162867186664808,-0.0347628892708285,0.0439764324488128,16,0.851404781614308,"",1.08192225167505,0.965834398807944,1.04495772750351
369,"rs929708",-0.424265032192892,0.00261287061506958,0.102882237058036,0.105495107673105,-0.318769924519787,17,0.857475654919665,"",0.654250461494367,1.1112606678591,0.727042804787355
369,"rs11719939",-0.294010944786795,-0.0146853147088583,0.104822712343295,0.0901373976344365,-0.203873547152358,17,0.857475654919665,"",0.745268334595624,1.0943246309919,0.815565495246302
369,"rs4639533",-0.271297681526884,0.047681092347918,0.154890812247363,0.202571904595281,-0.068725776931603,17,0.857475654919665,"",0.762389513347997,1.22454813259424,0.933582654879723
369,"rs2515029",0.125680290757018,0.026245633288084,-0.0123027296797819,0.0139429036083021,0.13962319436532,17,0.857475654919665,"",1.13391958575326,1.01404055922861,1.1498404508575
370,"rs929708",-0.353099054894409,0.0165696046171747,0.141633064316874,0.158202668934049,-0.19489638596036,17,0.857741867638693,"",0.702507603114223,1.17140357776622,0.822919919695971
370,"rs11719939",-0.0296781803332005,0.00451596981978113,0.0968609634822296,0.101376933302011,0.0716987529688102,17,0.857741867638693,"",0.970757892265655,1.10669371287,1.07433165608933
370,"rs4639533",-0.0699147128645746,0.0516380699684593,0.0126265549106597,0.064264624879119,-0.00565008798545555,17,0.857741867638693,"",0.9324733444951,1.06637455066422,0.994365843742323
370,"rs2515029",-0.112365758180729,-0.0449417526380948,-0.112037430407706,-0.156979183045801,-0.26934494122653,17,0.857741867638693,"",0.893717313294147,0.854721851338124,0.763879716591707
371,"rs929708",-0.230123989804392,0.0129081063043858,0.0954527851981223,0.108360891502508,-0.121763098301884,17,0.858968598738747,"",0.794435094544494,1.11444986830817,0.885358086494504
371,"rs11719939",-0.059608180720919,0.00545638776584504,0.0790186235507735,0.0844750113166186,0.0248668305956996,17,0.858968598738747,"",0.942133607385255,1.08814565256508,1.02517858901172
371,"rs4639533",-0.139072367128064,0.11705442091352,0.146888575851856,0.263942996765376,0.124870629637312,17,0.858968598738747,"",0.870165054833709,1.30205397289732,1.13300186672264
371,"rs2515029",-0.0660866025513169,-0.0795835233334323,-0.0419455072402387,-0.121529030573671,-0.187615633124988,17,0.858968598738747,"",0.936049796480795,0.885565344505724,0.828933260495028
372,"rs929708",-0.124287457744721,-0.03373912550131,0.0392490440654287,0.00550991856411877,-0.118777539180602,17,0.861048919892885,"",0.883125943000164,1.00552512608331,0.888005325182683
372,"rs11719939",-0.029714546659484,-0.039318402177272,0.044850498611656,0.00553209643438396,-0.0241824502251001,17,0.861048919892885,"",0.970722590009313,1.0055474267364,0.976107602458754
372,"rs4639533",-0.189345507167453,0.0202290504622405,0.034859130790536,0.0550881812527765,-0.134257325914677,17,0.861048919892885,"",0.827500549926451,1.05663378585842,0.874365038868711
372,"rs2515029",0.216502628710224,-0.153800251434816,-0.137418897822688,-0.291219149257504,-0.0747165205472799,17,0.861048919892885,"",1.24172634948829,0.747351878461212,0.928006519824856
373,"rs929708",-0.39115808259585,0.0148594542914821,0.0730572831931213,0.0879167374846034,-0.303241345111247,17,0.860484538268245,"",0.676273240559402,1.09189720413545,0.738420860598434
373,"rs11719939",-0.151332009582756,0.0224325463336241,0.0619698243474282,0.0844023706810522,-0.066929638901704,17,0.860484538268245,"",0.859562268368957,1.08806661184411,0.935261005013246
373,"rs4639533",-0.305386564007867,0.0532823814671239,0.0608146811278375,0.114097062594961,-0.191289501412905,17,0.860484538268245,"",0.736838484093446,1.12086091327326,0.825893456215864
373,"rs2515029",0.2160255457909,-0.0472341663853159,-0.0671268603148766,-0.114361026700192,0.101664519090707,17,0.860484538268245,"",1.2411340843475,0.891935885078454,1.10701202802352
374,"rs929708",0.11892246598443,0.000147659055443491,-0.0236141094850629,-0.0234664504296194,0.0954560155548108,17,0.859646940123636,"",1.12628258969108,0.976806745565775,1.10016043102354
374,"rs11719939",0.394140833802209,-0.0248413909792121,-0.00676185668426839,-0.0316032476634805,0.362537586138728,17,0.859646940123636,"",1.48310940590405,0.968890915566135,1.43697123017113
374,"rs4639533",-0.57090763167194,0.198093879455631,0.116846939798213,0.314940819253844,-0.255966812418096,17,0.859646940123636,"",0.565012382768213,1.37017822038807,0.774167661118574
374,"rs2515029",0.122581703683911,-0.0770755889428825,-0.115705238128189,-0.192780827071071,-0.0701991233871607,17,0.859646940123636,"",1.13041147508294,0.824662698072403,0.932208176973899
375,"rs929708",-0.270458715414635,0.107049118012154,0.0113031067994918,0.118352224811646,-0.152106490602989,17,0.862379539385505,"",0.763029400698398,1.12564052007092,0.858896811431545
375,"rs11719939",0.0423481195619323,0.107550622338538,0.039963796459359,0.147514418797897,0.189862538359829,17,0.862379539385505,"",1.04325759391993,1.15894999537503,1.20908338364847
375,"rs4639533",-0.113549623000641,0.0158960104330228,0.0486073946834874,0.0645034051165102,-0.0490462178841309,17,0.862379539385505,"",0.892659898849372,1.0666292102352,0.952137122918339
375,"rs2515029",-0.0546966351674004,-0.0653927400454583,-0.075466800904563,-0.140859540950021,-0.195556176117422,17,0.862379539385505,"",0.946772321818974,0.868611307448809,0.822377144311523
376,"rs929708",-0.268315592391106,0.0748014677579742,0.0293211329295814,0.104122600687556,-0.16419299170355,17,0.852236968092517,"",0.764666420115099,1.10973650103377,0.84857823751655
376,"rs11719939",-0.0357465870760147,0.0449272134570151,0.02082192167753,0.0657491351345451,0.0300025480585304,17,0.852236968092517,"",0.964884776776793,1.06795877022496,1.03045715961533
376,"rs4639533",-0.117502671505317,0.0539448266099241,0.0718659512542733,0.125810777864197,0.0083081063588801,17,0.852236968092517,"",0.889138136406016,1.13406755729375,1.00834271445069
376,"rs2515029",-0.292637851728131,0.0144439935495935,-0.0253240881794028,-0.0108800946298093,-0.30351794635794,17,0.852236968092517,"",0.74629236025307,0.989178879524527,0.738216640712847
377,"rs929708",-0.19775863270217,0.0921465307721139,0.0693313986328565,0.16147792940497,-0.0362807032971996,17,0.860158178453857,"",0.820567887491051,1.17524651948214,0.964369553772673
377,"rs11719939",0.00895639177115951,0.106656651268132,0.0612719907993821,0.167928642067514,0.176885033838674,17,0.860158178453857,"",1.00899662025895,1.18285220174867,1.19349387383026
377,"rs4639533",0.284889913777773,0.00041005632831993,0.0103281700511705,0.0107382263794905,0.295628140157263,17,0.860158178453857,"",1.32961564770072,1.01079608805751,1.34397029531594
377,"rs2515029",0.0131253144084524,-0.00398537489803575,-0.00943859477647484,-0.0134239696745106,-0.000298655266058184,17,0.860158178453857,"",1.0132118294456,0.98666572998264,0.999701389326986
378,"rs929708",-0.12717888582182,0.0633424470544201,0.0837679540642189,0.147110401118639,0.0199315152968191,16,0.850214790756972,"",0.880576135921289,1.15848185366266,1.0201314742332
378,"rs11719939",-0.00606174194133608,0.013436813834974,0.0742542926503505,0.0876911064853245,0.0816293645439884,16,0.850214790756972,"",0.993956593349704,1.09165086606997,1.08505357596616
378,"rs4639533",0.187603161611554,0.128436118830446,0.0872823336524943,0.215718452482941,0.403321614094495,16,0.850214790756972,"",1.20635469249618,1.24075299889331,1.49678820244365
378,"rs2515029",-0.274769350114175,0.0490611740616556,-0.0682119864985365,-0.019150812436881,-0.293920162551056,16,0.850214790756972,"",0.759747338654399,0.981031399349772,0.74533599479239
379,"rs929708",-0.235432107739896,0.0139472772923718,0.0195024936883605,0.0334497709807323,-0.201982336759164,17,0.859373795924304,"",0.790229311641593,1.03401550483715,0.817109360614198
379,"rs11719939",-0.0597281560080688,0.0555831001930206,0.0204054830563919,0.0759885832494125,0.0162604272413436,17,0.859373795924304,"",0.942020581415473,1.078950255981,1.01639334745759
379,"rs4639533",-0.284077763430412,0.0702029865595479,0.0363408420959406,0.106543828655488,-0.177533934774923,17,0.859373795924304,"",0.752708109265592,1.11242668154302,0.837332584160846
379,"rs2515029",0.215396727168383,0.0570934304388869,-0.022074093133601,0.0350193373052858,0.250416064473669,17,0.859373795924304,"",1.24035388145098,1.03563973508772,1.28455976520092
380,"rs929708",0.0173192032208716,0.0525265332979093,-0.00380123837362496,0.0487252949242843,0.0660444981451559,17,0.856579303328258,"",1.01747005021256,1.04993188950176,1.06827425233112
380,"rs11719939",0.220169712285261,0.0458697045956758,0.00471705114413811,0.0505867557398139,0.270756468025075,17,0.856579303328258,"",1.24628822306287,1.05188811672834,1.31095577185831
380,"rs4639533",-0.0530964557184091,0.114071615070048,0.0206162667424007,0.134687881812448,0.0815914260940393,17,0.856579303328258,"",0.948288540218452,1.1441796093479,1.08501241149624
380,"rs2515029",0.319642778669063,-0.037488149146549,-0.0316754691466919,-0.0691636182932409,0.250479160375822,17,0.856579303328258,"",1.37663591277827,0.933173983252109,1.28464081821521
381,"rs929708",0.081379964430605,0.0258431656295897,0.0914698853251975,0.117313050954787,0.198693015385392,17,0.8577641794184,"",1.08478299722388,1.1244713914394,1.21980744629814
381,"rs11719939",0.245592301077757,0.0101934157810407,0.0857178745648072,0.095911290345848,0.341503591423605,17,0.8577641794184,"",1.27837827383783,1.10066142036914,1.40706164665139
381,"rs4639533",-0.268193547142069,0.0216327636844495,0.119263312893852,0.140896076578302,-0.127297470563767,17,0.8577641794184,"",0.764759749713873,1.15130499421302,0.880471719218682
381,"rs2515029",0.120344573233659,-0.00724200989050937,-0.048021175210177,-0.0552631851006863,0.0650813881329728,17,0.8577641794184,"",1.12788542375741,0.946236079941454,1.06724588199931
382,"rs929708",-0.0629233105542447,-0.00615141078283137,0.0179917190046176,0.0118403082217862,-0.0510830023324585,17,0.858053411245576,"",0.939015483504887,1.01191068214656,0.950199798459615
382,"rs11719939",0.230141609978366,-0.00770337683031828,0.0420503540951858,0.0343469772648675,0.264488587243234,17,0.858053411245576,"",1.25877825286985,1.03494364635093,1.30276455497237
382,"rs4639533",-0.16141853868389,-0.000171722175823571,0.0372900080021703,0.0371182858263467,-0.124300252857543,17,0.858053411245576,"",0.85093584699609,1.03781577247437,0.883114643376377
382,"rs2515029",0.123196843037586,0.0668536558779377,-0.0799488397272703,-0.0130951838493326,0.110101659188253,17,0.858053411245576,"",1.1311070495828,0.986990185024033,1.11639155614971
383,"rs929708",-0.335817678307101,0.0130141358586241,0.227557796372248,0.240571932230872,-0.0952457460762291,17,0.859404901708308,"",0.714753408988681,1.2719764266405,0.909149487094539
383,"rs11719939",-0.130294142581183,-0.0416805470169843,0.22045641556851,0.178775868551525,0.0484817259703421,17,0.859404901708308,"",0.877837183646607,1.19575270834484,1.04967618983124
383,"rs4639533",-0.202207498600415,0.132532354141264,0.268546480524567,0.401078834665831,0.198871336065416,17,0.859404901708308,"",0.81692539947735,1.49343499830834,1.22002498258649
383,"rs2515029",-0.0107193193488374,0.0614410204291033,-0.120786807847847,-0.0593457874187438,-0.0700651067675811,17,0.859404901708308,"",0.989337927821989,0.942380849369489,0.932333116734337
384,"rs929708",-0.0340455221508326,0.0734667801596092,-0.0144987281887264,0.0589680519708829,0.0249225298200503,17,0.859595598727672,"",0.966527505225164,1.06074135160323,1.02523569225424
384,"rs11719939",0.191524192355598,0.0574322362343786,-0.018135613210881,0.0392966230234976,0.230820815379095,17,0.859595598727672,"",1.21109413200549,1.0400789492615,1.25963351227304
384,"rs4639533",-0.0877052242554052,0.0381639092930885,-0.0208575280431811,0.0173063812499074,-0.0703988430054978,17,0.859595598727672,"",0.916030860608028,1.01745700432475,0.932022015303271
384,"rs2515029",-0.140600435497815,-0.0273373943280412,0.0115685339000101,-0.0157688604280311,-0.156369295925846,17,0.859595598727672,"",0.868836398534321,0.984354817113579,0.855243294180873
385,"rs929708",-0.196272177187577,-0.00200690859893947,0.00554143404189839,0.00353452544295892,-0.192737651744618,17,0.859616784475888,"",0.821788532144743,1.00354077924391,0.824698303922248
385,"rs11719939",-0.0135908718169611,0.0141575566121897,0.0203452292622488,0.0345027858744385,0.0209119140574773,17,0.859616784475888,"",0.986501067100099,1.03510491204441,1.02113210029237
385,"rs4639533",-0.429378880498746,0.13828385266435,0.159800113358587,0.298083966022937,-0.131294914475809,17,0.859616784475888,"",0.650913264113544,1.34727490844621,0.876959108314999
385,"rs2515029",-0.08405103219839,-0.0366068769191285,-0.0627895973742121,-0.0993964742933406,-0.183447506491731,17,0.859616784475888,"",0.919384336694068,0.905383675501722,0.832395569954788
386,"rs929708",-0.404964022780672,-0.0168626266680832,0.144124471614705,0.127261844946622,-0.277702177834049,17,0.85983224827368,"",0.667000807261145,1.13571435991697,0.757522394882694
386,"rs11719939",-0.220902604499545,-0.00405717334835484,0.126024406561147,0.121967233212792,-0.098935371286753,17,0.85983224827368,"",0.801794767690114,1.12971708397455,0.905801246900927
386,"rs4639533",-0.0455953697649718,-0.0142229329670856,0.151816298000415,0.137593365033329,0.0919979952683574,17,0.85983224827368,"",0.955428479237306,1.14750883817172,1.09636262416577
386,"rs2515029",-0.0130755172742144,0.0764030632320684,-0.0332134964518381,0.0431895667802303,0.030114049506016,17,0.85983224827368,"",0.98700959593152,1.04413580955453,1.03057206348605
387,"rs929708",0.00618272599853035,0.0586044025458039,0.10123748734663,0.159841889892434,0.166024615890965,17,0.857833845481086,"",1.00620187850013,1.17332534172918,1.18060216293971
387,"rs11719939",0.215237860456769,0.062626818925925,0.116153157969343,0.178779976895268,0.394017837352037,17,0.857833845481086,"",1.24015684616019,1.19575762091809,1.48292699992979
387,"rs4639533",-0.0965708545734213,0.102314269154618,0.151205395936251,0.253519665090868,0.156948810517447,17,0.857833845481086,"",0.907945563225012,1.28855271874244,1.16993572396373
387,"rs2515029",-0.213600656472652,0.028544645092109,-0.0845786141444827,-0.0560339690523736,-0.269634625525026,17,0.857833845481086,"",0.807670858759169,0.945507017367489,0.76365846468002
388,"rs929708",-0.0663580079091887,0.024064830194543,0.0183640356502455,0.0424288658447885,-0.0239291420644001,17,0.856070550297904,"",0.935795782022797,1.04334183649379,0.976354889798807
388,"rs11719939",-0.0245610798406817,0.020718377666333,0.0437413757814579,0.0644597534477909,0.0398986736071092,17,0.856070550297904,"",0.975738089171221,1.06658265110647,1.0407053179338
388,"rs4639533",-0.395460056839011,0.0465632373799474,-0.00442843037441174,0.0421348070055357,-0.353325249833475,17,0.856070550297904,"",0.673370179421538,1.04303507770918,0.70234871741999
388,"rs2515029",-0.103213782543446,-0.0606948415893541,-0.093368048432205,-0.154062890021559,-0.257276672565005,17,0.856070550297904,"",0.901934135096089,0.85721810885086,0.773154273595106
389,"rs929708",-0.109244505309581,0.0249483020653459,0.116710676805126,0.141658978870472,0.0324144735608912,17,0.860212319622552,"",0.896511188952258,1.15218366255852,1.03294554521171
389,"rs11719939",0.214430172747441,0.0603154581897151,0.16029468275698,0.220610140946695,0.435040313694136,17,0.860212319622552,"",1.23915559112303,1.24683724501034,1.545025343375
389,"rs4639533",-0.253835271741653,0.030220866707581,0.128434150828939,0.15865501753652,-0.0951802542051336,17,0.860212319622552,"",0.775819590930972,1.17193358040149,0.909209030945352
389,"rs2515029",-0.246740928348314,0.111075534033934,-0.0279653609936664,0.0831101730402675,-0.163630755308047,17,0.860212319622552,"",0.78134309115766,1.08666152275718,0.849055473233186
390,"rs929708",0.0299265173810032,0.02624871021051,-0.0325708146171033,-0.0063221044065933,0.0236044129744099,17,0.859132152796651,"",1.03037881623761,0.993697838047247,1.02388520206499
390,"rs11719939",-0.0096086427347143,0.0481692761819686,-0.0158661493973915,0.0323031267845772,0.0226944840498629,17,0.859132152796651,"",0.99043737277276,1.03283053645819,1.02295396304913
390,"rs4639533",-0.0227128287718672,0.095411254406296,0.0471551125454122,0.142566366951708,0.119853538179841,17,0.859132152796651,"",0.977543165740914,1.15322961475184,1.12733172843068
390,"rs2515029",0.0902810146094944,-0.0885260188553542,-0.0339194489029166,-0.122445467758271,-0.0321644531487763,17,0.859132152796651,"",1.09448180587135,0.884754151255229,0.968347321217998
391,"rs929708",-0.141843452841283,0.0506813915182208,0.00392710002654653,0.0546084915447673,-0.0872349612965153,17,0.858884644763426,"",0.867757090760417,1.05612705105366,0.916461737295704
391,"rs11719939",-0.0639076410572379,0.0759687128729424,0.0101060755253927,0.0860747883983351,0.0221671473410972,17,0.858884644763426,"",0.938091636681588,1.0898878362228,1.0224146640816
391,"rs4639533",-0.195182053464752,0.19694979767739,0.0668798169667526,0.263829614644143,0.0686475611793905,17,0.858884644763426,"",0.822684871790569,1.30190635162487,1.07105865996984
391,"rs2515029",-0.0415154600696668,-0.0155289767086899,-0.00544760005566954,-0.0209765767643594,-0.0624920368340263,17,0.858884644763426,"",0.959334503848561,0.979241901314636,0.939420543545398
392,"rs929708",-0.180488953256403,0.0286043909705914,0.0658203947305055,0.0944247857010968,-0.0860641675553059,17,0.85648492748973,"",0.834861903151388,1.09902649751672,0.917535353330616
392,"rs11719939",0.0554279170464306,-0.0451151452558135,0.0462416129714733,0.00112646771565977,0.0565543847620904,17,0.85648492748973,"",1.05699282316172,1.00112710241872,1.05818416232927
392,"rs4639533",-0.373661373438703,0.0289340997408708,0.127305383550894,0.156239483291765,-0.217421890146938,17,0.85648492748973,"",0.688209918533787,1.16910615095657,0.804590448907167
392,"rs2515029",0.193198297837629,-0.0447196744496042,-0.197591741022713,-0.242311415472317,-0.049113117634688,17,0.85648492748973,"",1.21312332940246,0.784811736974766,0.952073427312953
393,"rs929708",0.233916672413083,-0.00867946376961919,0.032149761090619,0.0234702973209998,0.257386969734083,17,0.853352985527296,"",1.26353920014845,1.02374789224,1.2935455929146
393,"rs11719939",0.234783904973864,0.00157920014327899,0.0139625865145909,0.0155417866578699,0.250325691631734,17,0.853352985527296,"",1.26463545777109,1.01566318834175,1.28444368112981
393,"rs4639533",-0.213407982282618,0.189139513488347,0.159996335715349,0.349135849203696,0.135727866921078,17,0.853352985527296,"",0.807826491080379,1.41784178993757,1.14537015807239
393,"rs2515029",0.125633017111049,0.0841867313589777,-0.0390108069302906,0.0451759244286871,0.170808941539736,17,0.853352985527296,"",1.13386598250722,1.04621189795028,1.18626408158014
394,"rs929708",-0.0742790298976655,0.0492892747515014,0.0639266149851516,0.113215889736653,0.0389368598389875,16,0.851624161333115,"",0.928412602822341,1.11987367608573,1.03970483444698
394,"rs11719939",0.134723790545277,0.0984521845382683,0.0781249147537188,0.176577099291987,0.311300889837264,16,0.851624161333115,"",1.14422069612549,1.19312641241519,1.36519993417941
394,"rs4639533",0.00356617574298068,0.129309646103348,0.0917324247065525,0.2210420708099,0.224608246552881,16,0.851624161333115,"",1.00357254211331,1.24737590757486,1.2518322105358
394,"rs2515029",-0.132506128937118,0.0912805356669126,-0.0574612098844469,0.0338193257824657,-0.0986868031546526,16,0.851624161333115,"",0.875897565768649,1.03439770084887,0.906026428210212
395,"rs929708",-0.19089992987063,0.0969314926677089,0.0690603333314174,0.165991825999126,-0.024908103871504,17,0.857381601198929,"",0.826215263482763,1.18056345175715,0.975399543351655
395,"rs11719939",-0.0697827259097724,0.0495900972171559,0.0811844417527866,0.130774538969943,0.0609918130601701,17,0.857381601198929,"",0.932596426934734,1.13971079197341,1.06289021233336
395,"rs4639533",-0.112638872233402,0.0959031929285324,0.0764861004577453,0.172389293386278,0.0597504211528752,17,0.857381601198929,"",0.893473259865496,1.18814027834698,1.06157156767217
395,"rs2515029",-0.260842703016196,-0.0411973427264637,-0.0745914992360831,-0.115788841962547,-0.376631544978743,17,0.857381601198929,"",0.770402092010192,0.890663274151551,0.686168849683002
396,"rs929708",0.0702715134310999,0.00464870100676657,0.0066848177283677,0.0113335187351343,0.0816050321662342,17,0.854734769389558,"",1.07279942116638,1.01139798637681,1.08502717435388
396,"rs11719939",0.387737957688265,-0.000655710664777526,-0.0384329262086766,-0.0390886368734541,0.348649320814811,17,0.854734769389558,"",1.47364357671947,0.961665466348349,1.41715213743718
396,"rs4639533",0.0882221576910701,0.0777672922413191,0.122784462681344,0.200551754922663,0.288773912613733,17,0.854734769389558,"",1.09223074253707,1.22207685909669,1.33478991524855
396,"rs2515029",0.0875558220060625,-0.0586170898884709,-0.102159565035372,-0.160776654923842,-0.0732208329177798,17,0.854734769389558,"Loglik converged before variable  24 ; coefficient may be infinite. ",1.09150319264021,0.851482224233697,0.929395566227464
397,"rs929708",-0.234081790583794,0.107295087597249,0.0949263834943159,0.202221471091565,-0.0318603194922286,17,0.853658019444011,"",0.791297092597584,1.22411908508237,0.968641873018896
397,"rs11719939",-0.13048873837293,0.118070433203806,0.0828093736380296,0.200879806841836,0.0703910684689052,17,0.853658019444011,"",0.877666376844512,1.22247782952166,1.07292768740902
397,"rs4639533",-0.174894074439217,0.136686557784696,0.24606417972724,0.382750737511936,0.20785666307272,17,0.853658019444011,"",0.8395459454345,1.46631248781331,1.23103670388364
397,"rs2515029",-0.0727744353763768,0.0875820149536844,-0.0427599411237819,0.0448220738299025,-0.0279523615464743,17,0.853658019444011,"",0.929810538737681,1.04584176073424,0.972434690982665
398,"rs929708",-0.17608281401028,0.0384829209573848,-0.00185626928602144,0.0366266516713634,-0.139456162338917,17,0.861956585036164,"",0.83854853689439,1.03730567219567,0.869831153731933
398,"rs11719939",0.108850599216558,0.0366320169663698,-0.0146323063768591,0.0219997105895107,0.130850309806068,17,0.861956585036164,"",1.11499575665756,1.02224348862241,1.13979715208481
398,"rs4639533",-0.153138694685601,0.0309699462834538,-0.0308879480491363,8.19982343175339e-05,-0.153056696451283,17,0.861956585036164,"",0.858010712032625,1.00008200159626,0.858081070280624
398,"rs2515029",0.204822815871056,0.0213865614984101,0.0484024575938226,0.0697890190922326,0.274611834963289,17,0.861956585036164,"",1.22730758627124,1.07228192637312,1.31601974285927
399,"rs929708",-0.211043918522656,0.0480914927126768,0.0761595122290352,0.124251004941712,-0.0867929135809437,17,0.858371781901182,"",0.809738503581524,1.13230004824035,0.916866946667425
399,"rs11719939",0.0626408886479313,0.0158586119154072,0.0885722989021891,0.104430910817596,0.167071799465528,17,0.858371781901182,"",1.0646444446683,1.11007869678721,1.18183911767914
399,"rs4639533",-0.367380609321288,0.130527564607071,0.203072957144861,0.333600521751932,-0.0337800875693563,17,0.858371781901182,"",0.692546005410643,1.3959853663835,0.966784089100609
399,"rs2515029",0.0546935278610498,0.0126547544504207,-0.108791076971743,-0.0961363225213221,-0.0414427946602723,17,0.858371781901182,"",1.05621686402624,0.908340180404492,0.95940421681586
400,"rs929708",-0.186706124761368,-0.0145882601002696,0.0488701793511764,0.0342819192509067,-0.152424205510461,17,0.861161841102949,"",0.829687525181357,1.03487631716291,0.85862397045569
400,"rs11719939",-0.135405420691501,-0.0405012172068918,0.0502779598902744,0.00977674268338263,-0.125628678008118,17,0.861161841102949,"",0.873361760973807,1.00982469116473,0.881942270550457
400,"rs4639533",-0.598410076971489,0.0617022550330784,0.0443218501740441,0.106024105207123,-0.492385971764367,17,0.861161841102949,"",0.549684898378518,1.11184867752617,0.611166427318262
400,"rs2515029",0.0459086676817469,0.000531427612504202,-0.0521913486808158,-0.0516599210683116,-0.00575125338656473,17,0.861161841102949,"",1.0469787835906,0.949651768492658,0.994265253411107
401,"rs929708",-0.149953171232054,0.157245015351124,0.0184609805434565,0.175705995894581,0.0257528246625272,16,0.850741757106408,"",0.860748283262908,1.19208752849715,1.02608729365304
401,"rs11719939",0.0183839167604749,0.138458741190944,-0.0195727961162608,0.118885945074683,0.137269861835158,16,0.850741757106408,"",1.01855394126551,1.12624145757737,1.14713767543204
401,"rs4639533",-0.130974375446149,0.09736578497198,-0.0529790230339203,0.0443867619380596,-0.0865876135080892,16,0.850741757106408,"",0.877240252993143,1.04538659245607,0.917055198841805
401,"rs2515029",-0.134025612389993,-0.0327565393593112,0.0306455324404124,-0.00211100691889882,-0.136136619308892,16,0.850741757106408,"",0.874567664548376,0.997891219689136,0.872723393476859
402,"rs929708",-0.251278597809785,0.126531081148803,0.16633049746026,0.292861578609063,0.0415829807992782,16,0.853604905781663,"",0.777805646421253,1.34025725731733,1.04245966239848
402,"rs11719939",-0.13571158815659,0.117518361920654,0.143539014455094,0.261057376375748,0.125345788219158,16,0.853604905781663,"",0.873094406946984,1.29830215516898,1.13354035020526
402,"rs4639533",0.0392119277932651,0.0920194571569898,0.12051724428353,0.21253670144052,0.251748629233785,16,0.853604905781663,"",1.03999086326572,1.23681150549621,1.28627266529797
402,"rs2515029",-0.196895855516155,-0.0183485051824937,-0.0908231089537302,-0.109171614136224,-0.306067469652379,16,0.853604905781663,"",0.821276160240804,0.896576539086444,0.736336937382904
403,"rs929708",-0.44623109527114,0.0444294679931352,0.0359962227608709,0.080425690754006,-0.365805404517134,17,0.861385406745917,"",0.640035845712461,1.08374831113017,0.693637766853652
403,"rs11719939",-0.275315188100567,0.0687774153078627,0.0556545268337861,0.124431942141649,-0.150883245958918,17,0.861385406745917,"",0.759332752855533,1.13250494197645,0.859948095213476
403,"rs4639533",-0.431819567748009,0.0567987875698029,0.0909582344610746,0.147757022030878,-0.284062545717131,17,0.861385406745917,"",0.649326525563397,1.1592311944993,0.752719563848939
403,"rs2515029",-0.12083967393701,-0.00913942052631842,-0.0555323166171082,-0.0646717371434266,-0.185511411080436,17,0.861385406745917,"",0.886176025317408,0.937375118312815,0.830679356577885
404,"rs929708",-0.27324308848617,-0.164611500878885,0.0985071935026609,-0.0661043073762244,-0.339347395862395,16,0.85459470112319,"",0.760907797220784,0.93603322402975,0.712234978621946
404,"rs11719939",-0.084218094354495,-0.19903029563118,0.0906453192068693,-0.108384976424311,-0.192603070778806,16,0.85459470112319,"",0.919230755193676,0.897282097476742,0.824809300085311
404,"rs4639533",-0.206312219031057,-0.0891650741644098,0.134884927513374,0.0457198533489646,-0.160592365682092,16,0.85459470112319,"",0.813579021770792,1.04678111765181,0.851639157707296
404,"rs2515029",0.150503191980373,0.000450299568756954,-0.0462582434795557,-0.0458079439107988,0.104695248069574,16,0.85459470112319,"",1.1624190155159,0.955225401429744,1.11037217072574
405,"rs929708",-0.102964424226979,0.0680637836600629,0.137912869059302,0.205976652719365,0.103012228492386,17,0.859307489954259,"",0.90215906791685,1.22872451628432,1.10850496433764
405,"rs11719939",-0.01450689783048,0.0550176208519041,0.126298241182998,0.181315862034902,0.166808964204422,17,0.859307489954259,"",0.98559782022225,1.19879377293892,1.18152852950461
405,"rs4639533",-0.436913223329713,0.0419433249214301,0.116472879819224,0.158416204740654,-0.278497018589058,17,0.859307489954259,"",0.646027489092757,1.17165374108252,0.756920524437676
405,"rs2515029",-0.150175466021669,0.0230774775091421,-0.0558705515242149,-0.0327930740150729,-0.182968540036742,17,0.859307489954259,"",0.860556964669719,0.967738789174068,0.832794355004785
406,"rs929708",-0.320872034474172,0.107251476843394,0.079032953902118,0.186284430745512,-0.13458760372866,17,0.86113852211821,"",0.725516086097622,1.20476488382307,0.874076303179171
406,"rs11719939",0.0360301755609914,0.0596983728476924,0.0650987421353154,0.124797114983008,0.160827290543999,17,0.86113852211821,"",1.03668712863462,1.13291857754361,1.17448210713051
406,"rs4639533",0.0800525098385743,0.008632381412845,0.0387632984335059,0.0473956798463509,0.127448189684925,17,0.86113852211821,"",1.0833439523975,1.04853681189431,1.13592601403186
406,"rs2515029",-0.0847171605260544,-0.0239639177656861,-0.0349141644082893,-0.0588780821739754,-0.14359524270003,17,0.86113852211821,"",0.918772112675904,0.942821708923435,0.866238293384291
407,"rs929708",0.100396953058128,-0.0114953297708653,-0.00739078803647592,-0.0188861178073412,0.0815108352507872,17,0.851728942153311,"",1.1056097061347,0.981291107462744,1.08492497295448
407,"rs11719939",0.116298639988014,0.0269909187073945,0.0161680709892381,0.0431589896966327,0.159457629684647,17,0.851728942153311,"",1.1233312936897,1.0441038834147,1.17287456610268
407,"rs4639533",-0.100820518787911,-0.0339462545102831,-0.0373467665175336,-0.0712930210278166,-0.172113539815728,17,0.851728942153311,"",0.904095286442551,0.931188994190958,0.841883580435225
407,"rs2515029",0.323682413149941,-0.0263574944900141,-0.0592955985839034,-0.0856530930739175,0.238029320076024,17,0.851728942153311,"",1.38220826623696,0.91791260623435,1.26874639202024
408,"rs929708",-0.175039800779973,0.0960227787670108,0.0835293311669174,0.179552109933928,0.00451230915395534,16,0.850374712395572,"",0.839423610389911,1.19668126142421,1.00452250495067
408,"rs11719939",-0.0867779248537262,0.0883074241168716,0.0850790896284848,0.173386513745356,0.0866085888916302,16,0.850374712395572,"",0.916880689438976,1.18932570699054,1.09046977419298
408,"rs4639533",-0.0319919248146146,0.031842695440998,0.0109575314516034,0.0428002268926014,0.0108083020779868,16,0.850374712395572,"",0.968514402980972,1.04372936496345,1.01086692278129
408,"rs2515029",0.0508670299738677,0.00209792474670486,-0.0392513291089906,-0.0371534043622857,0.013713625611582,16,0.850374712395572,"",1.05218297518325,0.963528314564527,1.0138080886918
409,"rs929708",-0.0625229255255978,0.0821624288794769,0.00942762410815263,0.0915900529876296,0.0290671274620318,17,0.857019685067167,"",0.939391526522124,1.0959154627106,1.02949369945491
409,"rs11719939",0.254793544418287,0.0615364888336027,-0.020409637128663,0.0411268517049398,0.295920396123227,17,0.857019685067167,"",1.29019522536864,1.04198427464412,1.34436313605505
409,"rs4639533",-0.262312958081308,0.146409106456544,0.0362778842658095,0.182686990722354,-0.0796259673589537,17,0.857019685067167,"",0.769270236694137,1.20043860084901,0.9234616866119
409,"rs2515029",-0.296934717288581,0.0892797929329916,0.0502181245438447,0.139497917476836,-0.157436799811745,17,0.857019685067167,"",0.743092521873169,1.14969641144616,0.854330805770061
410,"rs929708",-0.197360302137887,0.0690570302267025,0.021547980386606,0.0906050106133085,-0.106755291524578,17,0.852802158282536,"",0.820894809867973,1.09483647105465,0.898745576742929
410,"rs11719939",-0.0397666502634239,0.0981645689996665,0.0403415094459022,0.138506078445569,0.0987394281821448,17,0.852802158282536,"",0.96101366527539,1.14855666298812,1.10377864847468
410,"rs4639533",-0.0411707425676536,0.0961450236854013,0.058391267259953,0.154536290945354,0.113365548377701,17,0.852802158282536,"",0.959665260247808,1.16711663305489,1.12004128740017
410,"rs2515029",0.132358944526965,-0.00527441789922314,-0.090295655542216,-0.0955700734414392,0.0367888710855258,17,0.852802158282536,"",1.14151798737277,0.908854672847556,1.03747395696328
411,"rs929708",-0.377293429671929,-0.052192466681888,0.030731631651338,-0.02146083503055,-0.398754264702479,17,0.859174508266259,"",0.685714835293619,0.978767810129876,0.671155607713904
411,"rs11719939",-0.0374644805914039,-0.0214258293512026,0.0368555182264245,0.0154296888752218,-0.022034791716182,17,0.859174508266259,"",0.963228630424506,1.01554934113155,0.97820620098665
411,"rs4639533",0.0284827127666123,-0.117299683722275,0.0446499226789334,-0.0726497610433413,-0.0441670482767289,17,0.859174508266259,"",1.02889222398077,0.929926469473091,0.956794113314759
411,"rs2515029",0.0268990258338048,0.0425208164443439,-0.0441456749883852,-0.00162485854404126,0.0252741672897636,17,0.859174508266259,"",1.02726407039346,0.998376460823911,1.02559626693099
412,"rs929708",-0.286736554222658,0.0663078680261551,-0.012657442583245,0.0536504254429101,-0.233086128779747,17,0.856624597004322,"",0.7507094740293,1.05511569607661,0.792085349241733
412,"rs11719939",-0.139283680714927,0.0891017829617275,-0.00801961332368715,0.0810821696380404,-0.0582015110768864,17,0.856624597004322,"",0.869981196561369,1.08446000259169,0.943459810677662
412,"rs4639533",-0.283554757966021,0.0612478422376497,0.138921521616335,0.200169363853985,-0.0833853941120364,17,0.856624597004322,"",0.753101882683678,1.22160963715698,0.919996517647444
412,"rs2515029",-0.201655172352675,0.0101084629974355,-0.046163655095532,-0.0360551920980965,-0.237710364450771,17,0.856624597004322,"",0.817376733448253,0.964587054430618,0.788431015676971
413,"rs929708",-0.12943148540554,0.0538226550360901,0.0285907154767227,0.0824133705128128,-0.0470181148927276,17,0.860883470747838,"",0.878594782919368,1.0859045980058,0.954070114556052
413,"rs11719939",0.0610192506830804,0.0997835202601961,0.0381391147570174,0.137922635017213,0.198941885700294,17,0.860883470747838,"",1.06291937591429,1.14788674060092,1.22011105793981
413,"rs4639533",-0.286877403383395,0.150989554175128,0.0411987128214821,0.19218826699661,-0.0946891363867846,17,0.860883470747838,"",0.750603744676046,1.21189865600886,0.90965566936812
413,"rs2515029",-0.0836667324100952,0.00483948544126632,-0.0255409515884982,-0.0207014661472318,-0.104368198557327,17,0.860883470747838,"",0.919737723798967,0.979511338219201,0.900893528649008
414,"rs929708",-0.479626368566021,0.00292121066032305,0.0343644924624656,0.0372857031227887,-0.442340665443233,17,0.859657606573118,"",0.619014631928743,1.03798953533025,0.64253071015834
414,"rs11719939",-0.262106297304743,0.0326161360181271,0.0806001700097118,0.113216306027839,-0.148889991276904,17,0.859657606573118,"",0.769429231107029,1.11987414227937,0.861663900230658
414,"rs4639533",-0.223236166747569,-0.053707031011086,-0.035274127995188,-0.088981159006274,-0.312217325753843,17,0.859657606573118,"",0.799925911084254,0.914862810336542,0.73182246707556
414,"rs2515029",0.234428227666294,0.0502799901213557,-0.0258844711264705,0.0243955189948852,0.258823746661179,17,0.859657606573118,"",1.26418573561913,1.02469552429576,1.29540546516746
415,"rs929708",-0.394438213567056,-0.0374453565330552,0.0262062315576128,-0.0112391249754424,-0.405677338542498,17,0.857303417233163,"",0.674058609883029,0.988823798035848,0.666525194723301
415,"rs11719939",-0.0180224732291009,-0.0439802743328424,0.0261329108953781,-0.0178473634374642,-0.0358698366665651,17,0.857303417233163,"",0.982138960276423,0.982310957483873,0.964765862451349
415,"rs4639533",-0.156847753875247,0.0600603063236586,-0.0309170457397882,0.0291432605838704,-0.127704493291377,17,0.857303417233163,"",0.854834194104496,1.02957208100784,0.880113420140823
415,"rs2515029",-0.124221677939357,0.0729854073503047,0.0529646267390628,0.125950034089368,0.00172835615001071,17,0.857303417233163,"",0.883184036763483,1.13422549425747,1.00172985061837
416,"rs929708",-0.228833047418318,-0.0333532648203564,-0.0652305521625642,-0.0985838169829205,-0.327416864401239,17,0.86098070107706,"",0.795461326741826,0.906119741208434,0.720783211528621
416,"rs11719939",0.0864494588372517,-0.0604285225115849,-0.0333215114573504,-0.0937500339689353,-0.00730057513168353,17,0.86098070107706,"",1.09029626148443,0.910510330450967,0.992726009333642
416,"rs4639533",-0.313195644886389,0.072851205657801,0.145521666104722,0.218372871762523,-0.0948227731238655,17,0.86098070107706,"",0.731106861256901,1.2440508525816,0.909534114074906
416,"rs2515029",0.413722413531938,-0.0132696022117931,-0.171081890631734,-0.184351492843527,0.229370920688411,17,0.86098070107706,"",1.5124372364985,0.831643435731009,1.25780849968913
417,"rs929708",-0.210811430447157,0.0599070263427425,0.0701574472611906,0.130064473603933,-0.0807469568432239,17,0.857932077549478,"",0.809926780013043,1.13890181006177,0.922427075774359
417,"rs11719939",0.0721390581762584,0.0394796392385629,0.0423099273095039,0.0817895665480668,0.153928624724325,17,0.857932077549478,"",1.07480479406695,1.08522741764809,1.16640763114106
417,"rs4639533",-0.14822254430159,0.0694654055145247,0.0155996146373112,0.0850650201518359,-0.0631575241497545,17,0.857932077549478,"",0.862239207166684,1.08878785754877,0.938795579065566
417,"rs2515029",-0.252462942521622,-0.013974022902158,-0.0333168623047881,-0.0472908852069461,-0.299753827728568,17,0.857932077549478,"",0.776885001705042,0.953809908041037,0.741000612034747
418,"rs929708",-0.200023340875434,0.0612425147566348,0.0116368874978239,0.0728794022544587,-0.127143938620976,17,0.857200006192047,"",0.818711643408479,1.07560081405944,0.880606910130103
418,"rs11719939",-0.0338240295315867,0.056798025373807,0.0561557735075711,0.112953798881378,0.0791297693497914,17,0.857200006192047,"",0.966741607644047,1.11958020589577,1.08234476813413
418,"rs4639533",-0.165831375804888,-0.0285602595459103,0.00748402502093346,-0.0210762345249769,-0.186907610329865,17,0.857200006192047,"",0.847189078722046,0.97914431712224,0.829520371958717
418,"rs2515029",-0.0285411084464112,-0.0197054671403809,-0.0742804030430725,-0.0939858701834534,-0.122526978629865,17,0.857200006192047,"",0.97186234157396,0.910295624460073,0.884682037112297
419,"rs929708",-0.304466061569204,0.0558475350869773,0.0628565570407926,0.11870409212777,-0.185761969441434,16,0.853197424650871,"",0.7375170579815,1.12603666587093,0.830471248992423
419,"rs11719939",-0.0653708138591377,0.0338353256186192,0.0540739855105394,0.0879093111291586,0.0225384972700209,16,0.853197424650871,"",0.936720050191829,1.09188909534882,1.02279440819905
419,"rs4639533",-0.372605175435648,0.121330256527444,0.0704617930487724,0.191792049576217,-0.180813125859432,16,0.853197424650871,"",0.688937188478347,1.21141857576396,0.834591307657266
419,"rs2515029",-0.0993090475761038,-0.0430750646687268,-0.0522512444453967,-0.0953263091141235,-0.194635356690227,16,0.853197424650871,"",0.905462833684531,0.909076246200253,0.823134753919777
420,"rs929708",0.0253451350589977,0.047770709447342,0.0702589679581094,0.118029677405451,0.143374812464449,17,0.858129558582902,"",1.02566905379292,1.1252775061886,1.15416231502692
420,"rs11719939",0.132905908828328,0.0154240020907791,0.0556337980690327,0.0710578001598118,0.20396370898814,17,0.858129558582902,"",1.14214252774631,1.07364328082816,1.22625365066291
420,"rs4639533",-0.0271387905297071,0.0256508184191242,0.123787089733707,0.149437908152831,0.122299117623124,17,0.858129558582902,"",0.973226157576432,1.16118136867746,1.13009208168731
420,"rs2515029",0.0706743362569613,0.0536046922563732,0.00788760849697552,0.0614923007533487,0.13216663701031,17,0.858129558582902,"",1.07323165631204,1.06342230894663,1.14129848598996
421,"rs929708",-0.359407796067147,0.100020292462691,0.0448955131010577,0.144915805563749,-0.214491990503398,17,0.856883734591771,"",0.698089615098804,1.15594224226541,0.806951274979512
421,"rs11719939",-0.0577353361102486,0.0577679087225776,0.0366411953337151,0.0944091040562927,0.0366737679460441,17,0.856883734591771,"",0.943899730555279,1.09900926310869,1.03735454732605
421,"rs4639533",0.153185484273143,-0.0321192816447426,0.155625494523516,0.123506212878773,0.276691697151916,17,0.856883734591771,"",1.16554114844683,1.13145703412563,1.31875973097304
421,"rs2515029",0.181527125129579,0.0169134014369078,-0.100112024590391,-0.0831986231534836,0.0983285019760952,17,0.856883734591771,"",1.19904706057549,0.920168362326209,1.10332517008181
422,"rs929708",-0.152095656649868,0.032968207111646,0.0278596051740154,0.0608278122856614,-0.0912678443642064,16,0.852082266873422,"",0.858906116729742,1.06271591180842,0.912773196998278
422,"rs11719939",0.0405808583678814,0.0268466160074028,0.0676307789853458,0.0944773949927486,0.13505825336063,16,0.852082266873422,"",1.04141551345689,1.0990843180432,1.14460345940737
422,"rs4639533",-0.252478100089581,0.0802904043490082,0.0622406945332706,0.142531098882279,-0.109947001207302,16,0.852082266873422,"",0.776873226107077,1.15318894328692,0.89588161468232
422,"rs2515029",-0.0685983192227121,-0.0291771727142969,-0.0676954808812105,-0.0968726535955073,-0.16547097281822,16,0.852082266873422,"",0.93370165476954,0.907671587486808,0.847494463223728
423,"rs929708",-0.0529690026746926,0.0691344447854999,0.104063211462762,0.173197656248262,0.120228653573569,17,0.859793498440841,"",0.948409410181683,1.18910111512288,1.12775468724008
423,"rs11719939",0.247904423709991,0.0225599988092846,0.0847607621466099,0.107320760955894,0.355225184665886,17,0.859793498440841,"",1.28133746086068,1.11329129759432,1.4265018444578
423,"rs4639533",-0.423127322025092,0.159862670775794,0.0160102799000586,0.175872950675852,-0.247254371349239,17,0.859793498440841,"",0.654995232483125,1.19228656982471,0.780942018988844
423,"rs2515029",-0.153682624625493,-0.0145480416163511,-0.0735711454114539,-0.0881191870278049,-0.241801811653298,17,0.859793498440841,"",0.857544141220023,0.915651736410433,0.785211781956707
424,"rs929708",-0.250873285712675,0.0628275808096086,-9.18064557254636e-05,0.0627357743538831,-0.188137511358792,16,0.850074504119608,"",0.778120964355718,1.06474546900083,0.828500771132308
424,"rs11719939",-0.0198238192060542,0.0767201597623657,0.0171126649647056,0.0938328247270713,0.0740090055210172,16,0.850074504119608,"",0.980371380700659,1.098376109242,1.0768165027462
424,"rs4639533",0.0364885926877986,0.0186139349685286,-0.00414578257630442,0.0144681523922242,0.0509567450800228,16,0.850074504119608,"",1.03716247271414,1.01457332270363,1.05227737612509
424,"rs2515029",0.113811949153232,1.36315653134477e-05,-0.0424589567966807,-0.0424453252313673,0.0713666239218645,16,0.850074504119608,"",1.12054138631346,0.958442866730408,1.07397489858833
425,"rs929708",0.0802090284995933,-0.0368371415122114,0.0114226066009782,-0.0254145349112332,0.0547944935883601,17,0.859863526305286,"",1.08351352921298,0.974905695807181,1.05632351111387
425,"rs11719939",0.225338125465363,-0.0216639013248236,0.0419394213591868,0.0202755200343632,0.245613645499726,17,0.859863526305286,"",1.25274622998943,1.02048246466097,1.27840556037435
425,"rs4639533",-0.370911225175242,-0.00414351530519882,0.0849162291767402,0.0807727138715414,-0.2901385113037,17,0.859863526305286,"",0.690105202807964,1.08412446211049,0.748159931793838
425,"rs2515029",-0.067466088102386,0.0512931845744356,-0.0324266708336342,0.0188665137408014,-0.0485995743615846,17,0.859863526305286,"",0.934759419544268,1.01904561095147,0.952562483782132
426,"rs929708",-0.0606980605029147,0.0386524752688109,0.0364736443175419,0.0751261195863528,0.0144280590834381,16,0.850365640112923,"",0.941107354362423,1.07802010176073,1.01453264591755
426,"rs11719939",0.115149316912647,-0.0137837627365235,0.0254244977624406,0.0116407350259171,0.126790051938564,16,0.850365640112923,"",1.12204096475703,1.01170875204838,1.13517866420149
426,"rs4639533",-0.260322470512678,0.137342369306606,0.0617584247947229,0.199100794101329,-0.0612216764113482,16,0.850365640112923,"",0.770802984488842,1.22030495924298,0.940614704571025
426,"rs2515029",0.182468026643307,-0.0508871137528931,-0.0404917743553855,-0.0913788881082786,0.0910891385350281,16,0.850365640112923,"",1.2001757766919,0.912671844872358,1.09536664028451
427,"rs929708",-0.179539486273307,0.0174634836759554,0.0891314671965762,0.106594950872532,-0.0729445354007759,17,0.860321855437967,"",0.835654953391807,1.11248355271496,0.929652391393171
427,"rs11719939",-0.0853741982946852,-0.00386953390930057,0.0686092229123512,0.0647396890030506,-0.0206345092916346,17,0.860321855437967,"",0.918168642970016,1.06688126730783,0.979576925414162
427,"rs4639533",-0.38883739593423,-0.0376779076423889,0.213568481065529,0.17589057342314,-0.21294682251109,17,0.860321855437967,"",0.677844481321948,1.19230758137477,0.808199114073203
427,"rs2515029",0.132105342899349,0.0351062743386971,-0.0984951685598832,-0.0633888942211861,0.0687164486781627,17,0.860321855437967,"",1.14122853325779,0.938578394991294,1.07113244506337
428,"rs929708",-0.279718912134325,0.0325675351277445,0.0857059461289414,0.118273481256686,-0.16144543087764,17,0.86022956044612,"",0.755996212954704,1.12555188662446,0.850912963772115
428,"rs11719939",-0.0418845838286073,0.0221104353220032,0.0741273253813293,0.0962377607033325,0.0543531768747251,17,0.86022956044612,"",0.958980456038169,1.10102081235874,1.0558574407433
428,"rs4639533",-0.098233632130848,0.0098094550200324,0.0595692476476269,0.0693787026676593,-0.0288549294631888,17,0.86022956044612,"",0.906437106180928,1.07184204173907,0.97155739859702
428,"rs2515029",0.0409040447130175,0.0364955792632698,-0.0642535369603361,-0.0277579576970664,0.0131460870159511,17,0.86022956044612,"",1.04175213912393,0.972623754406623,1.01323287671585
429,"rs929708",-0.559614763599874,0.0593434067743277,0.0987350644842616,0.158078471258589,-0.401536292341285,16,0.853875216183795,"",0.57142915676347,1.17125810119895,0.669291029120498
429,"rs11719939",-0.133785186783567,0.0145148358542762,0.0616526180919668,0.076167453946243,-0.0576177328373244,16,0.853875216183795,"",0.874777958288472,1.07914326582652,0.944010742780477
429,"rs4639533",-0.39541692700201,0.131308055425841,0.141849022417526,0.273157077843366,-0.122259849158643,16,0.853875216183795,"",0.673399222393922,1.31410664565167,0.88491839332452
429,"rs2515029",-0.0727838995980288,-0.0278036518369874,-0.0502375601075707,-0.078041211944558,-0.150825111542587,16,0.853875216183795,"",0.929801738846291,0.924926307746355,0.85999808924724
430,"rs929708",-0.512700210960227,0.0232513644432058,0.136988768486738,0.160240132929944,-0.352460078030283,17,0.860312046793378,"",0.598876301248167,1.17379270343285,0.702956632663953
430,"rs11719939",-0.132595841353469,0.0190595286859252,0.132990168749764,0.15204969743569,0.0194538560822204,17,0.860312046793378,"",0.875818990406194,1.16421809364826,1.01964431539164
430,"rs4639533",-0.203976047564955,0.03004299815797,0.0616362550895105,0.0916792532474805,-0.112296794317474,17,0.860312046793378,"",0.815481903730695,1.0960132230147,0.893778949618044
430,"rs2515029",-0.00690917670790421,0.0640307852215603,0.00187829140033739,0.0659090766218977,0.0589998999139935,17,0.860312046793378,"",0.993114636778063,1.0681295947997,1.06077513457141
431,"rs929708",-0.22259569691211,0.059447688588632,0.096367340558368,0.155815029147,-0.0667806677651099,17,0.859833816255467,"",0.800438403601386,1.16861002430408,0.935400342286533
431,"rs11719939",0.00475689583268886,0.0460748553174813,0.0852396771122542,0.131314532429736,0.136071428262424,17,0.859833816255467,"",1.00476822782291,1.14032639454286,1.14576373058451
431,"rs4639533",-0.175611985506297,0.0534950470310494,0.121218046087266,0.174713093118315,-0.000898892387981742,17,0.859833816255467,"Loglik converged before variable  3 ; coefficient may be infinite. ",0.838943442406624,1.19090448889939,0.999101511494756
431,"rs2515029",0.135078762618431,-0.0259833894909854,-0.0186336515136332,-0.0446170410046186,0.0904617216138128,17,0.859833816255467,"",1.14462693461553,0.956363659779424,1.09467960427101
432,"rs929708",-0.330958591201467,0.0569408819694486,0.0591641651913908,0.116105047160839,-0.214853544040628,17,0.859945887517828,"",0.718234909669478,1.12311384585755,0.806659571628038
432,"rs11719939",-0.181852423213494,0.0980624873149079,0.0847925562059052,0.182855043520813,0.00100262030731893,17,0.859945887517828,"",0.833724369700691,1.20064035486745,1.00100312309908
432,"rs4639533",-0.185978911508252,0.0889066565873956,0.0378740851166139,0.126780741704009,-0.0591981698042428,17,0.859945887517828,"",0.830291104384412,1.13516809547107,0.942519971650622
432,"rs2515029",0.0725458146301888,-0.0315606702817742,-0.0254197875064785,-0.0569804577882527,0.0155653568419361,17,0.859945887517828,"",1.07524206677937,0.944612529004213,1.01568712799218
433,"rs929708",-0.106460734890504,0.0643745498820037,0.0442455825193944,0.108620132401398,0.00215939751089392,17,0.859023678263464,"",0.899010347207937,1.11473881674581,1.00216173068882
433,"rs11719939",0.00640967731664344,0.0772374869236986,0.0515771766901933,0.128814663613892,0.135224340930535,17,0.859023678263464,"",1.00643026325787,1.13747928832799,1.14479357960231
433,"rs4639533",-0.690831755891114,0.0694906231511569,0.119927802493602,0.189418425644759,-0.501413330246356,17,0.859023678263464,"",0.501159053667317,1.20854653356401,0.605674037073854
433,"rs2515029",-0.088897062035124,0.0361739157856713,0.00829102804653207,0.0444649438322034,-0.0444321182029206,17,0.859023678263464,"",0.914939750763093,1.04546832595498,0.956540529579958
434,"rs929708",0.0241726787289825,0.0465260221781509,0.0240371461166535,0.0705631682948044,0.0947358470237869,17,0.861767184442266,"",1.02446720631282,1.07311235396731,1.09936841532866
434,"rs11719939",0.28664911284047,0.0517706289868432,0.0299493699029974,0.0817199988898406,0.36836911173031,17,0.861767184442266,"",1.33195676494376,1.085151923544,1.44537544555617
434,"rs4639533",0.257292252605975,0.113332263468432,0.0684746241110801,0.181806887579512,0.439099140185487,17,0.861767184442266,"",1.29342307779319,1.19938255584605,1.55130907683386
434,"rs2515029",0.135423388038878,-0.00545062589615568,-0.0790936690173037,-0.0845442949134594,0.0508790931254182,17,0.861767184442266,"",1.14502147013371,0.918930950508401,1.05219566790249
435,"rs929708",0.16241008690605,0.0231437040157668,0.0478017650741727,0.0709454690899395,0.23335555599599,17,0.858635140676069,"",1.17634254509578,1.07352268410327,1.2628304064361
435,"rs11719939",0.359870146892204,0.00404609591798941,0.0489441467428686,0.052990242660858,0.412860389553062,17,0.858635140676069,"",1.43314330436512,1.0544193567419,1.51113404110763
435,"rs4639533",-0.272805216157904,-0.0399766597249669,0.0748851256837593,0.0349084659587924,-0.237896750199112,17,0.858635140676069,"",0.761241050645451,1.03552491868085,0.788284077066156
435,"rs2515029",0.215432217615093,0.00238506982419694,-0.0438214291086086,-0.0414363592844117,0.173995858330682,17,0.858635140676069,"",1.24039790294548,0.959410390962464,1.19005063701395
436,"rs929708",-0.150113682647759,-0.0229979716531258,-0.0109266648067854,-0.0339246364599112,-0.18403831910767,17,0.858262586721378,"",0.860610134424925,0.966644351632814,0.831903925399811
436,"rs11719939",0.145445342042472,-0.033524535676814,-0.0476357932111444,-0.0811603288879584,0.0642850131545138,17,0.858262586721378,"",1.15655451794684,0.9220458490076,1.06639629242387
436,"rs4639533",0.186540543117985,-0.0629429254145217,-0.00565183889627071,-0.0685947643107924,0.117945778807193,17,0.858262586721378,"",1.20507347853151,0.933704974002582,1.12518310094347
436,"rs2515029",-0.0819698425737586,-0.0184709186684008,0.00972480613792866,-0.00874611253047209,-0.0907159551042306,17,0.858262586721378,"",0.92129974230643,0.991292023450214,0.913277085755102
437,"rs929708",-0.192982682950755,0.0794535223179415,0.0519456645202498,0.131399186838191,-0.0615834961125641,17,0.860003491946179,"",0.824496251857679,1.14042293228535,0.940274433201813
437,"rs11719939",0.122947400668038,0.0370857145469888,0.0493496352558309,0.0864353498028197,0.209382750470858,17,0.860003491946179,"",1.1308249387468,1.09028087856545,1.23291680772058
437,"rs4639533",-0.344611718994112,0.0926811005674639,0.0373007640996258,0.12998186466709,-0.214629854327022,17,0.860003491946179,"",0.708495395372353,1.13880773048004,0.806840033259545
437,"rs2515029",-0.371076022567751,-0.00476257702976402,-0.107135744978065,-0.111898322007829,-0.482974344575581,17,0.860003491946179,"",0.68999148464047,0.894135166747028,0.616945651173037
438,"rs929708",0.1291868158601,0.0884371975108006,0.0465647425933726,0.135001940104173,0.264188755964273,17,0.85973816368633,"",1.13790268257883,1.14453900487406,1.3023740039623
438,"rs11719939",0.234807191469277,0.0897949719429453,0.0658719975351392,0.155666969478085,0.390474160947362,17,0.85973816368633,"",1.26466490704176,1.1684370130991,1.47768128655512
438,"rs4639533",-0.308931433792364,0.131074302942469,0.11170324329029,0.242777546232758,-0.0661538875596061,17,0.85973816368633,"",0.734231111743234,1.27478501184601,0.935986816481308
438,"rs2515029",0.0130446506273879,0.0179342699415079,0.00659480111111671,0.0245290710526246,0.0375737216800125,17,0.85973816368633,"",1.01313010324463,1.0248323836303,1.03828853863581
439,"rs929708",-0.373252671461164,0.184733769498031,0.113861790670165,0.298595560168196,-0.0746571112929684,16,0.850381129290734,"",0.68849124877465,1.34796434274166,0.928061653637908
439,"rs11719939",-0.307041711775185,0.18895560858407,0.171713982048894,0.360669590632964,0.0536278788577782,16,0.850381129290734,"",0.735619916254733,1.43428947989979,1.05509190708893
439,"rs4639533",-0.125414949923613,0.130214567436795,0.160360115018113,0.290574682454908,0.165159732531295,16,0.850381129290734,"",0.882130786527448,1.3371957301816,1.17958152120624
439,"rs2515029",0.106951407263326,-0.00257482537487398,-0.0887445659834951,-0.0913193913583691,0.0156320159049565,16,0.850381129290734,"",1.1128801752721,0.912726147496261,1.01575483500107
440,"rs929708",-0.0197153127056747,0.205942728230682,0.0738443084132734,0.279787036643955,0.26007172393828,16,0.851362407745461,"",0.98047776313974,1.3228480641742,1.29702311093526
440,"rs11719939",0.236349182092461,0.239844240270201,0.0845546167083009,0.324398856978501,0.560748039070962,16,0.851362407745461,"",1.26661651276204,1.38319889564188,1.75198256165423
440,"rs4639533",-0.224360450308171,0.17002905342349,0.0789968517444765,0.249025905167967,0.0246654548597958,16,0.851362407745461,"",0.799027072901897,1.28277526314805,1.02497216370415
440,"rs2515029",-0.0803825996541979,-0.0494390875676161,-0.041181490874372,-0.0906205784419881,-0.171003178096186,16,0.851362407745461,"",0.922763229947145,0.913364195229283,0.842818894907848
441,"rs929708",-0.189554556246372,0.0507912108563541,0.0623710673350915,0.113162278191446,-0.076392278054926,17,0.855449841863402,"",0.827327579778939,1.11981363953686,0.926452708201475
441,"rs11719939",0.040611010292142,0.0174373433720627,0.0444300549103527,0.0618673982824154,0.102478408574557,17,0.855449841863402,"",1.04144691461197,1.0638212708472,1.10791338022241
441,"rs4639533",0.0593797392485061,0.0528684528210068,0.0699313026597165,0.122799755480723,0.182179494729229,17,0.855449841863402,"",1.06117813522549,1.13065799021177,1.19982953763073
441,"rs2515029",0.170724116587624,-0.0207621640640035,-0.0665790630993058,-0.0873412271633093,0.083382889424315,17,0.855449841863402,"",1.18616346105386,0.916364353869166,1.08695791357183
442,"rs929708",-0.10613328812569,0.0567543765667132,0.0407974581432476,0.0975518347099608,-0.00858145341572941,16,0.852852539312751,"",0.899304773439493,1.10246858622168,0.991455262156248
442,"rs11719939",0.168402962107424,0.024067039769916,0.0404943631786142,0.0645614029485302,0.232964365055954,16,0.852852539312751,"",1.183413385332,1.06669107421093,1.26233649523539
442,"rs4639533",-0.146568606921495,0.0368580497896163,0.103487399191048,0.140345448980664,-0.00622315794083148,16,0.852852539312751,"",0.863666476803943,1.15067122841039,0.993796165800869
442,"rs2515029",-0.21226635357289,0.0375754242658667,-0.030693693184663,0.00688173108120367,-0.205384622491686,16,0.852852539312751,"",0.808749255622101,1.00690546460388,0.814334044980212
443,"rs929708",0.0474509444997873,0.03065186357667,0.0972670670353473,0.127918930612017,0.175369875111805,17,0.854311523296776,"",1.04859476051908,1.13646086677547,1.19168691043573
443,"rs11719939",0.124338482130145,0.0556849661719353,0.126744467471446,0.182429433643382,0.306767915773526,17,0.854311523296776,"",1.13239910299748,1.20012945920201,1.35902552308121
443,"rs4639533",-0.0276206164216022,0.0836909751935124,0.129438954676043,0.213129929869555,0.185509313447953,17,0.854311523296776,"",0.972757344967139,1.237545434915,1.20383141154412
443,"rs2515029",-0.0530299853067726,-0.0585329722161292,-0.127485392360308,-0.186018364576437,-0.23904834988321,17,0.854311523296776,"",0.948351575443036,0.830258347499041,0.787376811875447
444,"rs929708",-0.245940558439271,0.00872185808345574,0.0567451141734912,0.065466972256947,-0.180473586182324,16,0.854828561198358,"",0.781968704984305,1.06765747441444,0.834874732634674
444,"rs11719939",-0.0114987986024233,0.0103984084682989,0.0457734572594557,0.0561718657277546,0.0446730671253313,16,0.854828561198358,"",0.98856705990927,1.05777946415266,1.0456859349098
444,"rs4639533",-0.349970515308022,0.157025283860894,0.193298953063079,0.350324236923973,0.000353721615951375,16,0.854828561198358,"",0.704708867536292,1.41952773729118,1.00035378418282
444,"rs2515029",-0.184307790163598,0.00739190476721385,-0.0318657959422215,-0.0244738911750076,-0.208781681338605,16,0.854828561198358,"",0.831679781572096,0.975823166182085,0.811572397703307
445,"rs929708",-0.0204621482290898,0.119434587738618,0.0229356438476749,0.142370231586293,0.121908083357203,17,0.856190355982911,"",0.979745780885506,1.15300344782033,1.12965026334841
445,"rs11719939",0.162502762287862,0.0997853897942364,0.0361864164574161,0.135971806251653,0.298474568539514,17,0.856190355982911,"",1.17645156814209,1.14564959298321,1.34780126020644
445,"rs4639533",-0.189422651548702,0.120477387210112,0.0357992431824733,0.156276630392585,-0.0331460211561167,17,0.856190355982911,"",0.827436715370814,1.16914958066726,0.967397288804486
445,"rs2515029",0.0806549866708448,-0.0401973082594276,-0.0504068481256626,-0.0906041563850902,-0.00994916971424538,17,0.856190355982911,"",1.08399683868488,0.913379194671226,0.990100159544155
446,"rs929708",-0.1522722402724,0.0547166684831262,0.0869255503677683,0.141642218850894,-0.0106300214215051,17,0.861846923103112,"",0.858754461366556,1.1521643520996,0.989426277593042
446,"rs11719939",0.0727051854825333,0.053597821339909,0.0718529666978355,0.125450788037745,0.198155973520278,17,0.861846923103112,"",1.07541344267983,1.13365937798523,1.21915253450536
446,"rs4639533",-0.179390461487388,0.116178737472137,0.0817016745329853,0.197880412005122,0.0184899505177341,17,0.861846923103112,"",0.835779495972073,1.21881662926915,1.01866194809295
446,"rs2515029",-0.0883167158385661,-0.0585172415070592,-0.0968625974248704,-0.15537983893193,-0.243696554770496,17,0.861846923103112,"",0.915470886673973,0.856089939430258,0.783725415922886
447,"rs929708",-0.520847963122311,0.178627375546674,0.075907269434086,0.25453464498076,-0.266313318141551,17,0.861067972315503,"",0.594016630152118,1.28986123778696,0.766199025834047
447,"rs11719939",-0.370016820279358,0.166733166687941,0.104851502361554,0.271584669049495,-0.0984321512298627,17,0.861067972315503,"",0.690722712390663,1.31204195649906,0.906257178963381
447,"rs4639533",-0.210720016665829,-0.0152268313555715,-0.00553278035934013,-0.0207596117149116,-0.231479628380741,17,0.861067972315503,"",0.810000821866774,0.979454385632178,0.79335885734308
447,"rs2515029",-0.112641553722497,-0.0529679613841358,-0.102595128200431,-0.155563089584567,-0.268204643307063,17,0.861067972315503,"",0.893470864029906,0.855933074763356,0.76475126386059
448,"rs929708",-0.342661848548995,0.0380977985918563,0.0411228439088398,0.079220642500696,-0.263441206048298,17,0.854695647782595,"",0.709878217327999,1.08244312868268,0.7684027985482
448,"rs11719939",-0.112646195928355,0.012019859040122,0.040215641571685,0.052235500611807,-0.0604106953165477,17,0.854695647782595,"",0.893466716363854,1.05362384235788,0.941377834714158
448,"rs4639533",-0.063589269477908,0.125522154183726,0.0329185202796856,0.158440674463412,0.0948514049855037,17,0.854695647782595,"",0.938390345945261,1.17168241147551,1.09949546344248
448,"rs2515029",0.129149412419014,0.00405425001318916,-0.0711960991910355,-0.0671418491778463,0.0620075632411678,17,0.854695647782595,"",1.13786012189884,0.935062554074516,1.06397039176227
449,"rs929708",-0.155380194332437,0.0411254665008063,0.0222158533167906,0.063341319817597,-0.0920388745148397,17,0.857697712107573,"",0.856089635175513,1.06539041604226,0.91206969258911
449,"rs11719939",-0.0390053293068459,0.0364676805398015,0.0155572503402611,0.0520249308800626,0.0130196015732167,17,0.857697712107573,"",0.961745583695386,1.05340200442503,1.01310472561164
449,"rs4639533",-0.110124575899018,0.0485503204718974,0.048116831041496,0.0966671515133935,-0.0134574243856242,17,0.857697712107573,"",0.895722542904759,1.10149368209294,0.986632721917818
449,"rs2515029",0.0567346265797875,0.0570656595972787,-0.0524008524120745,0.00466480718520416,0.0613994337649917,17,0.857697712107573,"",1.05837490855586,1.00467570433602,1.06332355670493
450,"rs929708",-0.2143981575892,-0.0187732051089958,-0.0683610250708812,-0.087134230179877,-0.301532387769077,17,0.859912851350011,"",0.807026997121818,0.916554058159572,0.739683869256335
450,"rs11719939",-0.11542638397814,-0.0200576897171562,-0.0347324037669127,-0.0547900934840689,-0.170216477462208,17,0.859912851350011,"",0.89098616067955,0.946683842206151,0.843482201944624
450,"rs4639533",-0.211330184764789,0.0275080021876352,0.0226703559163592,0.0501783581039943,-0.161151826660795,17,0.859912851350011,"",0.809506735958198,1.05145861581787,0.851162832085846
450,"rs2515029",-0.0147641629571541,-0.0336840590176095,-0.0450854074390575,-0.078769466456667,-0.0935336294138211,17,0.859912851350011,"",0.98534429288745,0.924252971199318,0.910707390355517
451,"rs929708",-0.0898293203232367,0.0171242071965702,0.0362239898721777,0.0533481970687479,-0.0364811232544888,17,0.860727844505008,"",0.914087188063389,1.05479685835856,0.964176294235076
451,"rs11719939",0.125992118939327,0.000333820622196867,0.0106320513929589,0.0109658720151558,0.136957990954483,17,0.860727844505008,"",1.13427322897166,1.0110262175685,1.14677997237643
451,"rs4639533",-0.216570875952277,-0.0331532783707549,0.138172000577173,0.105018722206419,-0.111552153745858,17,0.860727844505008,"",0.805275458235066,1.11073140550369,0.894444741543061
451,"rs2515029",0.184712306194322,0.0242274424544374,-0.072759041476975,-0.0485315990225376,0.136180707171785,17,0.860727844505008,"",1.20287233142465,0.952627236740708,1.14588894523691
452,"rs929708",-0.196089132013207,0.0445219097875269,-0.00544046023475673,0.0390814495527701,-0.157007682460436,17,0.855768156591729,"",0.821938970337977,1.03985517594006,0.854697492612791
452,"rs11719939",-0.0200905265889661,0.0383692199714167,-0.00358813253679224,0.0347810874346245,0.0146905608456584,17,0.855768156591729,"",0.980109943280626,1.03539302344546,1.01479899748228
452,"rs4639533",-0.352517522617604,0.0765722890590431,0.106938889775942,0.183511178834985,-0.169006343782619,17,0.855768156591729,"",0.7029162527701,1.20142839590641,0.844503546022125
452,"rs2515029",-0.0330998511509347,0.0282905193731795,0.00251462339903567,0.0308051427722151,-0.00229470837871952,17,0.855768156591729,"",0.967441954573425,1.03128453106187,0.997707922451838
453,"rs929708",-0.267159774338583,0.0611564197269045,0.0351008240856158,0.0962572438125203,-0.170902530526062,16,0.85012880946452,"",0.765550746329279,1.10104226387641,0.842903726850668
453,"rs11719939",-0.0457294607324919,0.0696873391511745,0.0385355090854369,0.108222848236611,0.0624933875041195,16,0.85012880946452,"",0.955300373497232,1.11429603662663,1.06448741997591
453,"rs4639533",0.0361293853690552,0.102876001137925,-0.0105156256354453,0.0923603755024792,0.128489760871534,16,0.85012880946452,"",1.03678998326769,1.09675999630575,1.13710977821851
453,"rs2515029",0.12621730834842,-0.000616662963900581,-0.0228379891657204,-0.023454652129621,0.102762656218799,16,0.85012880946452,"",1.13452868405165,0.976818270292785,1.10822834675289
454,"rs929708",-0.0240407732343309,0.0436059367378781,0.056999977651949,0.100605914389827,0.0765651411554962,17,0.859177671338981,"",0.976245904243397,1.10584075995105,1.07957251264762
454,"rs11719939",0.170202464389627,0.097095667144287,0.0685224307323928,0.16561809787668,0.335820562266306,17,0.859177671338981,"",1.18554485763916,1.18012232443087,1.39908795311419
454,"rs4639533",0.00908315315296362,0.0737901675694501,0.0199694736236322,0.0937596411930823,0.102842794346046,17,0.859177671338981,"",1.00912453017161,1.09829572913797,1.10831716165584
454,"rs2515029",0.151295544257493,-0.0110508690935766,-0.0878561321800617,-0.0989070012736383,0.0523885429838544,17,0.859177671338981,"",1.16334042586239,0.905826944858705,1.05378510378956
455,"rs929708",-0.24588928954661,0.100254943908478,0.101194105324479,0.201449049232957,-0.0444402403136536,17,0.861125308995551,"",0.782008796681625,1.22317391382598,0.956532760483407
455,"rs11719939",0.0105765011443882,0.119555767668384,0.186921030804483,0.306476798472866,0.317053299617255,17,0.861125308995551,"",1.01063263004053,1.35862994482203,1.37307575438731
455,"rs4639533",-0.572100113405023,0.14317471011241,0.219422867259705,0.362597577372114,-0.209502536032909,17,0.861125308995551,"",0.564339017390547,1.43705743843341,0.810987582739286
455,"rs2515029",0.309727212792731,0.0525605081654556,-0.0377614563828423,0.0147990517826133,0.324526264575344,17,0.861125308995551,"",1.36305323992654,1.01490909994879,1.38337513691613
456,"rs929708",-0.218837683447683,0.0285613665183459,0.0631951011201475,0.0917564676384935,-0.127081215809189,16,0.85089592880328,"",0.803452121148315,1.09609785427559,0.880662146003841
456,"rs11719939",-0.0831399378601493,0.0255796126314792,0.0636846364138099,0.089264249045289,0.00612431118513973,16,0.85089592880328,"",0.920222364261013,1.09336954001313,1.00614310312186
456,"rs4639533",-0.0680792890297355,0.116518038784515,-0.00168795489190761,0.114830083892607,0.0467507948628717,16,0.85089592880328,"",0.934186399907397,1.1216828293986,1.04786084423382
456,"rs2515029",0.197186190927979,-0.048896418165403,-0.0794089630741998,-0.128305381239603,0.0688808096883757,16,0.85089592880328,"",1.217970794708,0.879584729451428,1.07130851194298
457,"rs929708",-0.149569653995877,0.0693275124626634,0.0550772676155519,0.124404780078215,-0.0251648739176613,16,0.854125692333052,"",0.861078458375425,1.13247418122315,0.975149122117598
457,"rs11719939",-0.0523042073145703,0.0979921199710083,0.0571832056577459,0.155175325628754,0.102871118314184,16,0.854125692333052,"",0.949040117979648,1.16786269941874,1.10834855404039
457,"rs4639533",-0.384031760643978,-0.0270703046177809,0.020715503918423,-0.00635480069935786,-0.390386561343336,16,0.854125692333052,"",0.681109794350324,0.993665348342964,0.676795201062919
457,"rs2515029",-0.098464822046595,-0.0550009631391955,-0.0829363294626971,-0.137937292601893,-0.236402114648488,16,0.854125692333052,"",0.906227571284831,0.871153317790963,0.789463155398427
458,"rs929708",-0.0698458561527643,0.015467853022446,0.0503446678592453,0.0658125208816913,-0.00403333527107302,17,0.851803071295306,"",0.932537553754047,1.06802646573497,0.995974787701072
458,"rs11719939",0.349893903559313,0.00762488862472594,0.0409697999298405,0.0485946885545664,0.39848859211388,17,0.851803071295306,"",1.41891699856381,1.04979477066371,1.48957164509813
458,"rs4639533",-0.0797639284647244,-0.0135190224610302,0.00870424109065546,-0.00481478137037475,-0.0845787098350991,17,0.851803071295306,"",0.92333429360432,0.995196791109012,0.918899326115926
458,"rs2515029",0.00202780800897286,-0.101821734120452,-0.187381174773694,-0.289202908894145,-0.287175100885173,17,0.851803071295306,"",1.00202986540206,0.748860239582499,0.75038032507381
459,"rs929708",-0.191316194708067,-0.0668296764401943,0.0265338223937281,-0.0402958540464662,-0.231612048754533,17,0.85932535442053,"",0.8258714106923,0.960505227753567,0.793253807422168
459,"rs11719939",-0.00333598332333303,-0.093339924305167,0.00550364575246494,-0.0878362785527021,-0.0911722618760351,17,0.85932535442053,"",0.996669574886617,0.915910818693465,0.912860446301269
459,"rs4639533",-0.0429290557133102,-0.0297406696910056,0.100024799497018,0.0702841298060124,0.0273550740927022,17,0.85932535442053,"",0.957979350817996,1.07281295609146,1.02773265922563
459,"rs2515029",0.0482519677714886,-0.0112831150306314,-0.0506140282921399,-0.0618971433227713,-0.0136451755512827,17,0.85932535442053,"",1.04943504582395,0.939979564993722,0.986447497862761
460,"rs929708",-0.508079168705504,0.0762246829959612,0.00367769949064504,0.0799023824866063,-0.428176786218897,16,0.850720868099861,"",0.601650138013991,1.08318132504637,0.651696193708326
460,"rs11719939",-0.234317451460287,0.0457829101432546,0.0165098925997175,0.0622928027429721,-0.172024648717315,16,0.850720868099861,"",0.791110636802207,1.06427392143402,0.84195841971765
460,"rs4639533",-0.322581772010443,0.0480286730640979,0.0580371627136054,0.106065835777703,-0.21651593623274,16,0.850720868099861,"",0.724276703823164,1.111895076574,0.805319701058224
460,"rs2515029",-0.177302950366528,-0.103640119339287,-0.0311872345178979,-0.134827353857185,-0.312130304223712,16,0.850720868099861,"",0.837526017271585,0.873866768392143,0.731886154157462
461,"rs929708",0.112625539094348,-0.0588045078009435,-0.0328819275609048,-0.0916864353618482,0.0209391037324993,17,0.859081957523441,"",1.11921275304912,0.912391198311309,1.02115986491978
461,"rs11719939",0.260314254767097,0.0105620374211946,0.011177890637162,0.0217399280583566,0.282054182825453,17,0.859081957523441,"",1.29733771717466,1.02197796211254,1.3258505563699
461,"rs4639533",-0.202854671051172,0.0363463339709052,0.11090059105001,0.147246925020916,-0.0556077460302559,17,0.859081957523441,"",0.816396878904909,1.15864002492287,0.945910100121337
461,"rs2515029",0.392349886378714,0.0102372659965594,-0.0280326286953945,-0.0177953626988351,0.374554523679879,17,0.859081957523441,"",1.48045561204676,0.982362039707371,1.45434339474648
462,"rs929708",0.0544416885470063,0.119984833576534,0.046179775184085,0.166164608760619,0.220606297307626,17,0.859395633617508,"",1.05595090058715,1.18076745039368,1.2468324526272
462,"rs11719939",0.280873933642447,0.123722682843407,0.0517024127627222,0.17542509560613,0.456299029248576,17,0.859395633617508,"",1.32428664541781,1.19175271779294,1.57822220881357
462,"rs4639533",-0.035880363389452,0.0904797057536844,0.0199459314663349,0.110425637220019,0.0745452738305673,17,0.859395633617508,"",0.964755706681918,1.1167533010843,1.07739412017694
462,"rs2515029",-0.0185835714075596,-0.0631343157203034,-0.0149382939832923,-0.0780726097035957,-0.0966561811111553,17,0.859395633617508,"",0.981588038469884,0.924897267588917,0.90786809467876
463,"rs929708",0.0458333461915972,-0.0118768634878393,0.0106231891890129,-0.00125367429882645,0.0445796718927707,16,0.850909242252196,"",1.04689992655832,0.9987471112225,1.04558827738917
463,"rs11719939",0.139723302962207,0.0303192006012154,0.0364013350925456,0.066720535693761,0.206443838655968,16,0.850909242252196,"",1.14995556553357,1.06899669000789,1.22929869321154
463,"rs4639533",-0.401365522308329,0.0350818605393451,0.012614692588042,0.0476965531273871,-0.353668969180942,16,0.850909242252196,"",0.669405333731221,1.04885233606921,0.70210734806118
463,"rs2515029",0.0849679711543109,0.00978290102272658,-0.0467359363130196,-0.036953035290293,0.0480149358640179,16,0.850909242252196,"",1.08868219690589,0.963721395181801,1.04918632571174
464,"rs929708",-0.132810193447296,-0.0413851362556663,0.026252214539086,-0.0151329217165803,-0.147943115163876,17,0.85875047999896,"",0.875631276890899,0.98498100553521,0.862480175590077
464,"rs11719939",0.235365095652087,-0.00953191588156238,0.0111451776807276,0.0016132617991652,0.236978357451252,17,0.85875047999896,"",1.26537066573781,1.00161456380605,1.26741368741594
464,"rs4639533",-0.413136877152532,0.0336653342667964,0.0151782030225864,0.0488435372893829,-0.364293339863149,17,0.85875047999896,"",0.661571722576593,1.05005604327154,0.694687385349113
464,"rs2515029",-0.0638276649472164,0.0108939736291845,-0.0603244663809987,-0.0494304927518142,-0.113258157699031,17,0.85875047999896,"",0.938166664601714,0.951771310842108,0.892920116156342
465,"rs929708",-0.0760032944283732,0.0495042952516136,0.0482162899133062,0.0977205851649198,0.0217172907365466,17,0.858548832703986,"",0.926813153234804,1.10265464399541,1.02195482753039
465,"rs11719939",0.119876441874174,0.0315546497836383,0.0605717299650148,0.0921263797486531,0.212002821622827,17,0.858548832703986,"",1.12735754878769,1.09650338914731,1.23615137302652
465,"rs4639533",-0.176657906307678,0.00131513398309753,0.029028309807482,0.0303434437905795,-0.146314462517099,17,0.858548832703986,"",0.83806643273031,1.03080849794457,0.863886000700491
465,"rs2515029",-0.104203687415863,-0.00590586972588178,-0.0652084189555653,-0.071114288681447,-0.17531797609731,17,0.858548832703986,"",0.901041747863265,0.931355442659223,0.839190135935631
466,"rs929708",-0.301747151733942,-0.0528659075750979,0.011982892860009,-0.0408830147150889,-0.34263016644903,16,0.856327608915143,"",0.739525028873034,0.959941422400186,0.709900708116919
466,"rs11719939",-0.117190864012574,-0.0521323467679159,0.0353781189512373,-0.0167542278166786,-0.133945091829253,16,0.856327608915143,"",0.889415419566268,0.983385343700123,0.874638088062363
466,"rs4639533",-0.283156479459718,0.0367210442745459,-0.0271139372379617,0.00960710703658414,-0.273549372423134,16,0.856327608915143,"",0.75340188671522,1.00965340342875,0.760674779071665
466,"rs2515029",0.0733650002866183,-0.0729622539594779,-0.0328913031673244,-0.105853557126802,-0.032488556840184,16,0.856327608915143,"",1.07612325053493,0.899556372050396,0.968033527130284
467,"rs929708",-0.296058388031298,0.038051493870815,0.0183574787308228,0.0564089726016378,-0.23964941542966,16,0.853368763458615,"",0.743744001004375,1.05803030067102,0.786903689004928
467,"rs11719939",-0.10630247166163,0.0804833467022424,0.0353046733955643,0.115788020097807,0.00948554843617719,16,0.853368763458615,"",0.89915263874774,1.12275784480751,1.0095306788334
467,"rs4639533",0.20629531430104,0.140101896169647,0.0742634244234726,0.214365320593119,0.420660634894159,16,0.853368763458615,"",1.22911612597429,1.23907523181917,1.52296734872427
467,"rs2515029",0.0168240640647632,-0.0477247125881874,0.00848211713671816,-0.0392425954514693,-0.0224185313867061,16,0.853368763458615,"",1.01696638565284,0.961517421097334,0.977830896475599
468,"rs929708",-0.0430630694053961,-0.0372499908358859,0.00747035816150166,-0.0297796326743842,-0.0728427020797803,17,0.858673430198316,"",0.957850977070363,0.970659411600394,0.929747065803981
468,"rs11719939",0.18919389263214,-0.00769558661741713,0.00767636478952817,-1.92218278889655e-05,0.189174670804251,17,0.858673430198316,"",1.20827520543214,0.999980778356849,1.20825198039731
468,"rs4639533",0.0281938740288553,0.0166928888203458,0.0406195978051471,0.0573124866254929,0.0855063606543482,17,0.858673430198316,"",1.0285950829645,1.05898667787039,1.08926848978239
468,"rs2515029",-0.0739103622228361,-0.0103089577931486,-0.013522604983436,-0.0238315627765847,-0.0977419249994207,17,0.858673430198316,"",0.928754941638656,0.976450166462048,0.906882917365515
469,"rs929708",-0.329046793465446,0.0269785892550248,0.00578598537588079,0.0327645746309056,-0.296282218834541,17,0.858227693007639,"",0.719609342944301,1.0333072438642,0.743577546816705
469,"rs11719939",-0.246991070804219,0.0197454458771003,0.0252742809533391,0.0450197268304394,-0.20197134397378,17,0.858227693007639,"",0.781147668520702,1.04604849492648,0.817118342971406
469,"rs4639533",-0.475449666275538,0.0559929006382545,0.0432517993933602,0.0992447000316147,-0.376204966243923,17,0.858227693007639,"",0.621605478590949,1.10433649767468,0.686461617162524
469,"rs2515029",0.0171153661093661,0.0257099499516316,-0.0251818161632387,0.000528133788392941,0.0176434998977591,17,0.858227693007639,"",1.01726267319276,1.0005282732756,1.01780006587727
470,"rs929708",-0.279415257509218,-0.00179647150164834,0.0221464759963916,0.0203500044947433,-0.259065253014475,17,0.855619466815723,"",0.756225809558602,1.02055847757754,0.771772660907967
470,"rs11719939",-0.11746436492547,0.00574241288595135,0.0406336120267392,0.0463760249126906,-0.0710883400127793,17,0.855619466815723,"",0.8891721968994,1.04746821105558,0.931379610406576
470,"rs4639533",-0.331779356077985,0.0722974227652895,0.0838226656096736,0.156120088374963,-0.175659267703022,17,0.855619466815723,"",0.717645649537622,1.1689665739575,0.838903776255497
470,"rs2515029",-0.0661181551797966,-0.0407042418742847,-0.0532224145674612,-0.0939266564417458,-0.160044811621542,17,0.855619466815723,"",0.936020262115274,0.910349528065959,0.852105603876815
471,"rs929708",0.0793593208657308,0.083853566678603,0.117436394822842,0.201289961501445,0.280649282367175,17,0.857979031059754,"",1.08259325053509,1.22297933734056,1.32398917614877
471,"rs11719939",0.35454765471227,0.124181231817,0.151042471561638,0.275223703378638,0.629771358090907,17,0.857979031059754,"",1.42553567407094,1.31682522017183,1.87718132787127
471,"rs4639533",-0.130589413080988,0.0336651948097079,0.00682194094461979,0.0404871357543276,-0.0901022773266606,17,0.857979031059754,"",0.87757802248585,1.04131791384689,0.913837715612842
471,"rs2515029",0.168367536510695,-0.0167368050157284,-0.0368902883549006,-0.053627093370629,0.114740443140066,17,0.857979031059754,"",1.18337146294922,0.947785476098029,1.12158228541214
472,"rs929708",-0.515938982919814,0.0543269246217753,0.0256012885602207,0.079928213181996,-0.436010769737818,16,0.850718568300836,"",0.596939815087715,1.0832093047346,0.646610762069562
472,"rs11719939",-0.331941922124142,0.068913827648258,0.0387713279603411,0.107685155608599,-0.224256766515543,16,0.850718568300836,"",0.71752899420419,1.11369704891239,0.799109923354278
472,"rs4639533",-0.417239302874109,0.0994658596431707,0.0449402095312137,0.144406069174384,-0.272833233699725,16,0.850718568300836,"",0.658863233212076,1.15535316658994,0.761219722841257
472,"rs2515029",-0.0673613060752494,-0.0129194444219858,-0.0368300550254235,-0.0497494994474094,-0.117110805522659,16,0.850718568300836,"",0.934857370662802,0.951467737844758,0.889486627672035
473,"rs929708",0.00434275410513323,0.0115603754686985,0.0802081283887967,0.0917685038574952,0.0961112579626284,17,0.856172984339229,"",1.00435219752695,1.09611104722881,1.10088153901782
473,"rs11719939",0.167576243106549,-0.00303316763573471,0.0813978482706123,0.0783646806348776,0.245940923741427,17,0.856172984339229,"",1.18243543929944,1.08151699506668,1.27882402317148
473,"rs4639533",-0.0702700803541647,0.0393315136839846,0.0411139837115772,0.0804454973955618,0.010175417041397,17,0.856172984339229,"",0.932142032655772,1.08376977675709,1.01022736263725
473,"rs2515029",-0.318741749205788,0.0459390798266718,-0.0172262253377411,0.0287128544889306,-0.290028894716857,17,0.856172984339229,"",0.727063289735254,1.02912904225912,0.748241947027007
474,"rs929708",-0.416676526014434,0.00657079078567853,0.0651073875278795,0.0716781783135581,-0.344998347700876,17,0.857069352189152,"",0.65923413054985,1.07430955231327,0.708221523660637
474,"rs11719939",-0.234479844548424,0.00957700154618811,0.079435054981562,0.0890120565277501,-0.145467788020674,17,0.857069352189152,"",0.790982176333667,1.09309383516304,0.864617740674177
474,"rs4639533",-0.257199329556476,0.0861014424792938,0.128566980016316,0.21466842249561,-0.0425309070608662,17,0.857069352189152,"",0.773214073985224,1.23945085480241,0.95836084494624
474,"rs2515029",0.273594338755986,0.0110542764562517,-0.0356738658582665,-0.0246195894020149,0.248974749353971,17,0.857069352189152,"",1.31468137876783,0.97568100083377,1.28270964341372
475,"rs929708",-0.157003459658669,-0.00150760215911259,0.00940436450022827,0.00789676234111568,-0.149106697317554,17,0.856840606513279,"",0.854701101838493,1.00792802400331,0.861477192689525
475,"rs11719939",-0.137847609910672,0.0650555848482626,0.0225774104225323,0.0876329952707949,-0.0502146146398774,17,0.856840606513279,"",0.871231448668409,1.09158743075547,0.951025298645316
475,"rs4639533",-0.30640919234351,0.0925133756207235,-0.019495794726887,0.0730175808938365,-0.233391611449674,17,0.856840606513279,"",0.736085357330836,1.07574944938532,0.791843417849243
475,"rs2515029",-0.0260788429801113,-0.0637913889895704,-0.0229574355321215,-0.0867488245216919,-0.112827667501803,17,0.856840606513279,"",0.974258273154916,0.916907371359699,0.893304592263914
476,"rs929708",0.0572407071671566,0.0284987817223384,0.0228097306219301,0.0513085123442685,0.108549219511425,17,0.857979499041517,"",1.0589106671083,1.05264759797106,1.11465977019749
476,"rs11719939",0.244591266693908,0.0221045707738905,0.0329729374928024,0.0550775082666929,0.299668774960601,17,0.857979499041517,"",1.27709921352864,1.05662250848091,1.34941177457763
476,"rs4639533",-0.39752073390791,-0.0529164896021296,0.0527030191149856,-0.000213470487144013,-0.397734204395054,17,0.857979499041517,"",0.671984009648574,0.999786552296059,0.671840576204629
476,"rs2515029",-0.0833172723451438,0.110228855985043,-0.0471686896444681,0.0630601663405749,-0.0202571060045689,17,0.857979499041517,"",0.920059191570466,1.06509091992657,0.979946690736682
477,"rs929708",-0.165521753025099,0.0106246575801751,0.111206812893013,0.121831470473188,-0.0436902825519116,17,0.861735460337895,"",0.847451428372225,1.12956372089898,0.957250388713287
477,"rs11719939",0.169398893072591,-0.0324310575406801,0.0651624350308885,0.0327313774902084,0.2021302705628,17,0.861735460337895,"",1.18459257046307,1.03327294158762,1.22400744986521
477,"rs4639533",-0.0976835107871978,0.0230944284680511,0.112965115252429,0.136059543720481,0.0383760329332827,17,0.861735460337895,"",0.906935893763984,1.14575011378832,1.03912190347879
477,"rs2515029",0.0799054404567548,0.0123143702708352,-0.0426220327636855,-0.0303076624928502,0.0495977779639046,17,0.861735460337895,"",1.08318463738759,0.970147009781119,1.05084833700242
478,"rs929708",-0.394263449505006,-0.0264658880253957,0.0987303325900011,0.0722644445646054,-0.321999004940401,16,0.851766367256856,"",0.674176421398062,1.07493956840751,0.724698911448153
478,"rs11719939",-0.420445394922358,0.00414635222016854,0.110977539021302,0.115123891241471,-0.305321503680888,16,0.851766367256856,"",0.656754239659454,1.12201243647509,0.736886424605648
478,"rs4639533",-0.0514360261159581,0.0356352863782496,0.124177214282015,0.159812500660265,0.108376474544307,16,0.851766367256856,"",0.949864414534417,1.17329085910501,1.11446723496237
478,"rs2515029",0.168532660894671,-0.066485735064692,-0.0975231930237485,-0.164008928088441,0.00452373280623056,16,0.851766367256856,"",1.18356688256688,0.848734444270199,1.00453398033201
479,"rs929708",-0.413107230600198,-0.00780915178499167,0.0146209454194836,0.00681179363449194,-0.406295436965706,17,0.859305512223095,"",0.661591336188026,1.00683504666906,0.666113343846715
479,"rs11719939",-0.241439958592378,-0.0112981598320831,0.031563659117531,0.020265499285448,-0.22117445930693,17,0.859305512223095,"",0.785495964656568,1.02047223871366,0.801576825553632
479,"rs4639533",-0.1626259208849,0.0351464219957826,0.0561946934312249,0.0913411154270075,-0.0712848054578925,17,0.859305512223095,"",0.849909062185812,1.09564268214273,0.931196644470678
479,"rs2515029",0.139623584970665,-0.0337052935210553,-0.0369073885749736,-0.0706126820960289,0.0690109028746364,17,0.859305512223095,"",1.14984089999142,0.931822733871003,1.0714478909467
480,"rs929708",-0.128795396435807,0.0531472681637929,0.0280632165226896,0.0812104846864825,-0.0475849117493245,16,0.850972100363825,"",0.879153825151097,1.08459916405752,0.953529503836849
480,"rs11719939",0.0772353094868959,0.0248763085950254,-0.00851265520495873,0.0163636533900667,0.0935989628769626,16,0.850972100363825,"",1.08029625044303,1.01649827124379,1.09811927100649
480,"rs4639533",-0.247586382700957,-0.0115046770054941,-0.0209958916621596,-0.0325005686676537,-0.280086951368611,16,0.850972100363825,"",0.780682780410963,0.968021899348407,0.755718027882016
480,"rs2515029",-0.0488903021772958,-0.0347409683519629,-0.0625707632456378,-0.0973117315976006,-0.146202033774896,16,0.850972100363825,"",0.952285587624552,0.907273136341585,0.863983131777017
481,"rs929708",-0.20225056681797,0.0338941826010776,0.0397937133658606,0.0736878959669382,-0.128562670851032,17,0.860339995701526,"",0.816890216714154,1.07647078218924,0.879358450549022
481,"rs11719939",0.05044866721081,0.0282379392503,0.0197549890632475,0.0479929283135475,0.0984415955243575,17,0.860339995701526,"",1.05174287307409,1.04916323594479,1.10344995609629
481,"rs4639533",-0.395128383661805,0.0208663036650937,0.0701816729187188,0.0910479765838124,-0.304080407077993,17,0.860339995701526,"",0.673593555290226,1.09532155378423,0.737801539599536
481,"rs2515029",-0.436149713343869,0.0907291026870485,0.015645692073535,0.106374794760583,-0.329774918583285,17,0.860339995701526,"",0.646520925879796,1.11223865961973,0.719085568016653
482,"rs929708",-0.00691769654373415,-0.0238223207836308,-0.0359391368496356,-0.0597614576332664,-0.0666791541770006,17,0.862105853892532,"",0.993106175640441,0.941989211121486,0.935495302951415
482,"rs11719939",0.181341425732946,-0.0278425929900443,-0.0209332213782239,-0.0487758143682682,0.132565611364678,17,0.862105853892532,"",1.19882441893266,0.952394618956307,1.14175392566489
482,"rs4639533",-0.0363125545143737,0.0078963725177276,-0.0572171039802871,-0.0493207314625595,-0.0856332859769332,17,0.862105853892532,"",0.964338837917751,0.951875784221723,0.917930787598425
482,"rs2515029",-0.244725851827193,0.0713607653173584,-0.0684952125525474,0.002865552764811,-0.241860299062382,17,0.862105853892532,"",0.782919144676511,1.00286966238564,0.785165858296989
483,"rs929708",-0.377705189840978,0.0189221323917141,0.0646903035345335,0.0836124359262476,-0.29409275391473,16,0.857750088824978,"",0.685432543359394,1.0872074495976,0.745207367336966
483,"rs11719939",-0.260727173045127,0.0634465016962203,0.0798516020213745,0.143298103717595,-0.117429069327532,16,0.857750088824978,"",0.770491101683138,1.15407378407766,0.889203581317622
483,"rs4639533",-0.326576860760367,0.114272141423961,0.085429129347906,0.199701270771867,-0.126875589988499,16,0.857750088824978,"",0.721388926416324,1.22103794395003,0.880843251499709
483,"rs2515029",0.299660482142045,-0.145743324054908,-0.134029836724288,-0.279773160779196,0.0198873213628493,16,0.857750088824978,"",1.34940058419703,0.75595520229702,1.02008639160638
484,"rs929708",0.128125738934485,-0.00532499042712017,0.0723138917529358,0.0669889013258157,0.195114640260301,16,0.851130454871234,"",1.13669592064559,1.06928361047834,1.21545031804392
484,"rs11719939",0.153402558054715,0.0172884594703695,0.0907989870975027,0.108087446567872,0.261490004622587,16,0.851130454871234,"",1.16579418433424,1.11414516929788,1.29886395887155
484,"rs4639533",-0.0341833064391208,-0.028846627212737,0.0981211197448895,0.0692744925321526,0.0350911860930318,16,0.851130454871234,"",0.966394342094849,1.07173035075443,1.03571414722041
484,"rs2515029",-0.156747751395762,-0.0213013588186008,-0.109918134195971,-0.131219493014572,-0.287967244410333,16,0.851130454871234,"",0.854919683917981,0.877025252346701,0.749786151524329
485,"rs929708",-0.0363019564169422,0.151342296374789,0.0386086356447334,0.189950932019523,0.15364897560258,17,0.85853794956931,"",0.96434905812887,1.20919026367731,1.16608149187582
485,"rs11719939",0.146715159558331,0.156703601844079,0.036610579309091,0.19331418115317,0.340029340711501,17,0.85853794956931,"",1.15802406396195,1.21326391830182,1.40498881333027
485,"rs4639533",-0.445986154772413,0.0870689093996866,0.0812229002428827,0.168291809642569,-0.277694345129843,17,0.85853794956931,"",0.640192635613028,1.18328185332747,0.75752832835478
485,"rs2515029",-0.407120227074293,0.120035901356125,0.0262036834208098,0.146239584776934,-0.260880642297359,17,0.85853794956931,"",0.665564166658602,1.15747346785606,0.770372864063063
486,"rs929708",-0.103224597964747,0.0618510017804021,0.0458398060877612,0.107690807868163,0.00446620990341595,17,0.85628871536207,"",0.901924380351183,1.11370334383497,1.0044761982834
486,"rs11719939",0.158039141987113,0.0329584711262916,-0.0044739803316332,0.0284844907946584,0.186523632781771,17,0.85628871536207,"",1.17121203737695,1.02889405338163,1.20505310050613
486,"rs4639533",-0.0332154378633162,0.0346410177448002,0.11211179371818,0.14675281146298,0.113537373599664,17,0.85628871536207,"",0.967330137600878,1.15806766659444,1.12023375527793
486,"rs2515029",-0.179029533189207,-0.00490682525518141,-0.0323776714732489,-0.0372844967284303,-0.216314029917638,17,0.85628871536207,"",0.836081206887937,0.963402011636779,0.805482316607545
487,"rs929708",-0.421181521562073,-0.064305008835235,0.0588993146146874,-0.00540569422054762,-0.426587215782621,17,0.857877252720634,"",0.656270963266032,0.994608890252887,0.652732934479221
487,"rs11719939",-0.292893400561876,-0.0469579036361828,0.0694336765172218,0.0224757728810389,-0.270417627680837,17,0.857877252720634,"",0.746101670477087,1.02273025605672,0.763060752491376
487,"rs4639533",-0.166938911644314,0.00444748023588456,0.0455668358113015,0.0500143160471861,-0.116924595597128,17,0.857877252720634,"",0.846251305858978,1.05128614653037,0.889652274332782
487,"rs2515029",-0.00073191220190433,-0.0297346130694623,-0.0566710494932823,-0.0864056625627446,-0.0871375747646489,17,0.857877252720634,"",0.999268355580496,0.91722207308317,0.916550992671953
488,"rs929708",-0.29034356444942,0.0254744084329918,0.0511512982145681,0.0766257066475599,-0.21371785780186,17,0.857999666054948,"",0.74800653497411,1.07963789946814,0.807576204207888
488,"rs11719939",-0.0900053428615528,0.0435875844177032,0.0773522439334915,0.120939828351195,0.0309344854896419,17,0.857999666054948,"",0.913926302276481,1.12855700318861,1.03141792883239
488,"rs4639533",-0.129906294504924,0.0946135686763054,0.0597372599364821,0.154350828612787,0.0244445341078637,17,0.857999666054948,"",0.878177717142915,1.16690019695274,1.02474575109357
488,"rs2515029",-0.118051465243415,0.0372031282311495,-0.0374686954492884,-0.000265567218138918,-0.118317032461554,17,0.857999666054948,"",0.88865031683286,0.999734468041713,0.888414351773999
489,"rs929708",-0.459604828657512,0.0848590247243246,0.14586979393694,0.230728818661265,-0.228876009996247,17,0.861652227822575,"",0.631533160009855,1.25951763545447,0.795427152406701
489,"rs11719939",-0.188195531009063,0.046844415503371,0.167284235447894,0.214128650951265,0.0259331199422022,17,0.861652227822575,"",0.828452703201773,1.23878201502695,1.02627230902682
489,"rs4639533",-0.654598305790877,0.0723922901058733,0.1239357192756,0.196328009381473,-0.458270296409404,17,0.861652227822575,"",0.519650761369304,1.2169260030224,0.632376524000692
489,"rs2515029",-0.309340460280482,0.0840931540222504,0.0217418479677084,0.105835001989959,-0.203505458290524,17,0.861652227822575,"",0.733930853181169,1.11163844324286,0.815865751078222
490,"rs929708",0.169768798744722,0.0303098213122586,0.0359058300709673,0.0662156513832259,0.235984450127948,17,0.860932599591018,"",1.18503083902807,1.06845710657615,1.26615462147144
490,"rs11719939",0.232851888531439,0.0318948400837347,0.0285670188265717,0.0604618589103063,0.293313747441746,17,0.860932599591018,"",1.26219451999823,1.06232707848522,1.34086341690978
490,"rs4639533",-0.265733152174635,-0.0407954468257781,0.104669152760353,0.0638737059345745,-0.20185944624006,17,0.860932599591018,"",0.766643677406103,1.06595776612018,0.817209781777967
490,"rs2515029",-0.112774672551599,-0.0389898751942946,-0.103387743009087,-0.142377618203381,-0.25515229075498,17,0.860932599591018,"",0.893351934150728,0.867293688757485,0.774798494328219
491,"rs929708",-0.038667584105399,-0.00810839197212145,0.119639235694584,0.111530843722463,0.0728632596170636,17,0.860875413263491,"",0.962070463511503,1.11798822639232,1.07558345116566
491,"rs11719939",0.0773870480176757,-0.0121728162901431,0.0988298512896428,0.0866570349994996,0.164044083017175,17,0.860875413263491,"",1.0804601854462,1.09052260448899,1.17826625547945
491,"rs4639533",-0.203086485908723,0.00150031093437442,0.0250145069959877,0.0265148179303621,-0.176571667978361,17,0.860875413263491,"",0.816207647912846,1.02686946322914,0.838138709295786
491,"rs2515029",-0.0699760634456959,0.0407614270218659,-0.0366648246683425,0.00409660235352345,-0.0658794610921724,17,0.860875413263491,"",0.932416138468365,1.00410500489899,0.936243711284674
492,"rs929708",-0.156625600407367,0.0812785540681454,0.0609343441660207,0.142212898234166,-0.0144127021732011,17,0.8573031057792,"",0.855024119580699,1.15282205619272,0.985690663629392
492,"rs11719939",0.0851579065953467,0.0748020532844583,0.0280187777971067,0.102820831081565,0.187978737676912,17,0.8573031057792,"",1.08888899587772,1.10829281966021,1.20680785553828
492,"rs4639533",-0.00600923190294917,0.0962281450701168,0.158554469383222,0.254782614453339,0.24877338255039,17,0.8573031057792,"",0.99400878741892,1.29018112365712,1.28245137427719
492,"rs2515029",0.0912810614192996,0.149995407736724,0.0411948924340897,0.191190300170813,0.282471361590113,17,0.8573031057792,"",1.09557688638432,1.21068982464107,1.32640378845744
493,"rs929708",-0.332811711494819,0.0788766353738984,0.0148015578308936,0.093678193204792,-0.239133518290027,16,0.85069720565576,"",0.716905166450582,1.09820627880311,0.787309755102415
493,"rs11719939",-0.219492610526819,0.0742494368308076,0.0328672517719427,0.10711668860275,-0.112375921924069,16,0.85069720565576,"",0.802926090871924,1.11306412879971,0.893708229826917
493,"rs4639533",-0.102706706233024,0.0652790874303608,0.0016569937567134,0.0669360811870742,-0.03577062504595,16,0.85069720565576,"",0.902391600504691,1.06922713226129,0.964861583184303
493,"rs2515029",-0.110837239661498,-0.0655529818536878,-0.0363501504765712,-0.101903132330259,-0.212740371991757,16,0.85069720565576,"",0.895084421317268,0.90311703027411,0.808365984424671
494,"rs929708",-0.036982001317191,0.0101368185279549,0.0374038530088054,0.0475406715367603,0.0105586702195693,17,0.854310432505805,"",0.963693480406238,1.04868885204114,1.01061460968674
494,"rs11719939",0.064234451323303,-0.0346264998354344,0.0644671885300982,0.0298406886946638,0.0940751400179669,17,0.854310432505805,"",1.06634237483762,1.03029038397244,1.09864229481754
494,"rs4639533",-0.136053522911744,0.0584598258672495,0.140345958136774,0.198805784004023,0.0627522610922788,17,0.854310432505805,"",0.872795916659729,1.21994501005514,1.06476302332554
494,"rs2515029",-0.177136423414917,-0.00740568721335911,-0.0612071770816891,-0.0686128642950482,-0.245749287709965,17,0.854310432505805,"",0.837665499539592,0.933688074110197,0.782118287013678
495,"rs929708",-0.321309870874255,0.0594323672727551,0.112794956578389,0.172227323851144,-0.149082547023111,16,0.852578076115259,"",0.72519849827711,1.1879478514025,0.861497997868609
495,"rs11719939",-0.176775723912084,0.0596374365236734,0.0926478883943013,0.152285324917975,-0.0244903989941098,16,0.852578076115259,"",0.837967699567239,1.16449244774791,0.975807057602741
495,"rs4639533",-0.0476088186889652,0.0780769204868858,-0.0142723459362503,0.0638045745506355,0.0161957558616703,16,0.852578076115259,"",0.953506708137044,1.06588407753171,1.01632761802295
495,"rs2515029",0.108728544895695,0.0192972821709389,-0.0360756929573319,-0.016778410786393,0.0919501341093016,16,0.852578076115259,"",1.11485967491257,0.983361562809686,1.09631015223553
496,"rs929708",0.0192544610179908,0.135787152213869,0.00875533664139221,0.144542488855262,0.163796949873252,17,0.86130612675455,"",1.01944102361625,1.15551079025146,1.17797510281357
496,"rs11719939",0.336413421017699,0.126967893898256,-0.018498731809798,0.108469162088457,0.444882583106157,17,0.86130612675455,"",1.39991766057653,1.11457053698074,1.5603069786776
496,"rs4639533",-0.0090921324565193,0.0238942538023635,0.0363555117725004,0.0602497655748638,0.0511576331183445,17,0.86130612675455,"",0.990949075994317,1.06210178988377,1.05248878729723
496,"rs2515029",-0.00331407907530099,-0.0312484332558827,-0.00480971248245951,-0.0360581457383422,-0.0393722248136432,17,0.86130612675455,"",0.996691406423292,0.964584205391681,0.961392788285529
497,"rs929708",-0.4047210627472,0.0596758498036215,0.0479821020600646,0.107657951863686,-0.297063110883514,17,0.860777502932894,"",0.667162881487585,1.11366675259405,0.742997119677565
497,"rs11719939",-0.0317344682338625,0.0103316624902239,0.0526567546397934,0.0629884171300172,0.0312539488961548,17,0.860777502932894,"",0.96876378548878,1.06501450323534,1.03174748175472
497,"rs4639533",-0.331314166399183,0.0695556230442608,0.0629181185005502,0.132473741544811,-0.198840424854372,17,0.860777502932894,"",0.717979568548641,1.14164903775549,0.819680683561661
497,"rs2515029",-0.216045150415458,-0.0331688683057839,-0.108877459876016,-0.1420463281818,-0.358091478597259,17,0.860777502932894,"",0.805698923411108,0.867581062101683,0.699009127707192
498,"rs929708",-0.48783824382913,0.0581906364084998,0.0268854532929337,0.0850760897014334,-0.402762154127697,17,0.85982054834904,"",0.613952175564219,1.08879991000667,0.668471073502722
498,"rs11719939",-0.237768953633275,0.0572664221651371,0.0238322548336575,0.0810986769987947,-0.156670276634481,17,0.85982054834904,"",0.788384823501496,1.08447790431193,0.854985921182232
498,"rs4639533",-0.313204662502688,0.0105971848239944,0.00150276440900379,0.0120999492329982,-0.30110471326969,17,0.85982054834904,"",0.731100268445478,1.01217344977048,0.740000280840585
498,"rs2515029",-0.0202735096975104,-0.0555353370938176,-0.0804479307299851,-0.135983267823803,-0.156256777521313,17,0.85982054834904,"",0.97993061612391,0.872857237167622,0.855339530205882
499,"rs929708",-0.113206881055649,0.0342214136471265,0.0220595905547111,0.0562810042018376,-0.0569258768538115,17,0.856240902541575,"",0.892965903276601,1.05789491488924,0.944664088245794
499,"rs11719939",-0.163062181618546,0.0556489530968982,0.0439499928914686,0.0995989459883668,-0.0634632356301797,17,0.856240902541575,"",0.849538361101853,1.10472777371376,0.93850862234449
499,"rs4639533",-0.446052312698014,0.0493470731266606,0.0501559502920324,0.0995030234186931,-0.346549289279321,17,0.856240902541575,"",0.64015028319726,1.10462181046913,0.707123964797687
499,"rs2515029",0.0744315626047418,-0.0283278656685775,-0.0830938527774682,-0.111421718446046,-0.036990155841304,17,0.856240902541575,"",1.07727161533606,0.89456141632018,0.963685621976555
500,"rs929708",-0.317270604827803,0.0275083358837634,0.0619393654494362,0.0894477013331996,-0.227822903494604,17,0.861441457585741,"",0.72813369197145,1.09357013955643,0.79626526314496
500,"rs11719939",-0.130176967779734,-0.0231239508364086,0.0668858256490583,0.0437618748126497,-0.0864150929670846,17,0.861441457585741,"",0.877940050070864,1.04473354789419,0.917213423348937
500,"rs4639533",-0.0488704693185886,0.0013748221689732,-0.0356747328215195,-0.0342999106525463,-0.0831703799711349,17,0.861441457585741,"",0.952304474357348,0.966281663012286,0.920194351176059
500,"rs2515029",-0.185569397654345,0.0589507910938206,0.00505223206526974,0.0640030231590904,-0.121566374495255,17,0.861441457585741,"",0.830631189724509,1.0660956217333,0.885532274640424
501,"rs929708",-0.159754257108534,0.0344617675409846,0.0180634206952793,0.0525251882362639,-0.10722906887227,17,0.860500537149381,"",0.852353222977263,1.0539291083596,0.898319872299854
501,"rs11719939",0.0366252819744527,0.048011101308366,0.0360365191834021,0.0840476204917681,0.120672902466221,17,0.860500537149381,"",1.03730425140227,1.08768068846484,1.12825580231273
501,"rs4639533",-0.35875182310232,0.0672008009928435,0.0686974319541462,0.13589823294699,-0.222853590155331,17,0.860500537149381,"",0.698547693240347,1.14556530685731,0.800232002561344
501,"rs2515029",0.0194922520323709,-0.0542032670251326,-0.0510647829255437,-0.105268049950676,-0.0857757979183054,17,0.860500537149381,"",1.01968346635556,0.900083222984012,0.917799980820824
502,"rs929708",-0.260025072866387,0.0272855403005175,0.0811478061296952,0.108433346430213,-0.151591726436174,17,0.859389520137849,"",0.771032253572537,1.11453061861816,0.85933905454875
502,"rs11719939",0.00736128763482982,-0.0428478644578294,0.0397235978774642,-0.00312426658036518,0.00423702105446464,17,0.859389520137849,"",1.00738844851811,0.996880608861752,1.00424600991902
502,"rs4639533",0.0167826213009288,0.00316913310512679,0.144565705746518,0.147734838851645,0.164517460152574,17,0.859389520137849,"",1.0169242406284,1.15920547935117,1.17882415182147
502,"rs2515029",0.144285708236066,-0.082425017269913,-0.13277594874414,-0.215200966014053,-0.0709152577779866,17,0.859389520137849,"",1.15521411556704,0.806379369044866,0.931540829622674
503,"rs929708",-0.22901650907046,0.0699550636234586,0.0456437154694346,0.115598779092893,-0.113417729977567,16,0.85100341063947,"",0.795315403478678,1.12254539308761,0.892777642226603
503,"rs11719939",-0.0740220330177314,0.0517387691872972,0.0181875795768793,0.0699263487641765,-0.0040956842535549,16,0.85100341063947,"",0.928651232626802,1.07242919261008,0.995912691622315
503,"rs4639533",-0.234173730375011,0.101638338214376,0.0735824401539598,0.175220778368336,-0.0589529520066745,16,0.85100341063947,"",0.791224344252385,1.19150924704299,0.942751122662246
503,"rs2515029",-0.0484850498682156,0.0252759109984935,-0.0289384714738994,-0.00366256047540589,-0.0521476103436215,16,0.85100341063947,"",0.952671581765066,0.996344138518227,0.949188746424511
504,"rs929708",0.134185160732027,-0.028161178500549,-0.0337452964697772,-0.0619064749703262,0.0722786857617006,16,0.850788310854633,"",1.14360455069766,0.93997079347664,1.07495487694278
504,"rs11719939",0.297636613622766,-0.0393927373382315,-0.0432599397794111,-0.0826526771176425,0.214983936505123,16,0.850788310854633,"",1.34667233657326,0.920670861752231,1.2398419806108
504,"rs4639533",-0.00312479791093822,0.00873701802991569,0.000279365255883159,0.00901638328579885,0.00589158537486063,16,0.850788310854633,"",0.996880079188748,1.00905715331018,1.00590897489782
504,"rs2515029",-0.0309736303878431,0.0293326738601354,-0.0161215573781302,0.0132111164820052,-0.0177625139058378,16,0.850788310854633,"",0.969501138107952,1.01329876885125,0.982394309644673
505,"rs929708",-0.252044465579862,0.0171718309416122,0.0228706067817568,0.040042437723369,-0.212002027856493,16,0.852433787797021,"",0.777210178199341,1.04085494476935,0.808963057103849
505,"rs11719939",-0.188489986193234,0.0196994071990955,0.0230292904492548,0.0427286976483503,-0.145761288544884,16,0.852433787797021,"",0.828208796919972,1.0436547104608,0.864364012150597
505,"rs4639533",-0.0138949469378878,0.0663788822052847,0.00176651355327919,0.0681453957585639,0.054250448820676,16,0.852433787797021,"",0.986201142270977,1.07052094636901,1.05574898013413
505,"rs2515029",-0.185033805917785,-0.00722613948874757,-0.0938730265769003,-0.101099166065648,-0.286132971983433,16,0.852433787797021,"",0.831076188083939,0.903843397847834,0.751162725708213
506,"rs929708",-0.0919619353654363,0.0634974316204274,0.050456414133279,0.113953845753706,0.0219919103882701,16,0.852252047738145,"",0.912139869155082,1.12070039860825,1.02223551494858
506,"rs11719939",0.0375410311528592,0.0638046019871829,0.0547451793857533,0.118549781372936,0.156090812525795,16,0.852252047738145,"",1.03825459699093,1.12586291970884,1.16893235196934
506,"rs4639533",-0.141932992775291,0.10202494246948,0.0813776143147652,0.183402556784246,0.041469564008955,16,0.852252047738145,"",0.867679395326249,1.20129790137765,1.04234143667405
506,"rs2515029",-0.147010289396158,0.0284798411540392,-0.0235715555849522,0.00490828556908703,-0.142102003827071,16,0.852252047738145,"",0.863285094688284,1.00492035093471,0.867532760310855
507,"rs929708",-0.0923799398466155,0.013708501984766,0.0665838797597406,0.0802923817445067,-0.0120875581021088,17,0.861429768069748,"",0.911758670279283,1.08360384734565,0.987985202965381
507,"rs11719939",0.0197268813833577,0.00606844770394812,0.0984192120447606,0.104487659748709,0.124214541132066,17,0.861429768069748,"",1.01992274209494,1.11014169435421,1.13225876101967
507,"rs4639533",-0.384630787657594,0.024467752339686,0.0696200183082866,0.0940877706479726,-0.290543017009621,17,0.861429768069748,"",0.680701913362332,1.09865617144951,0.747857358033018
507,"rs2515029",-0.00861929982783138,0.0546598428167295,-0.10330609723558,-0.0486462544188509,-0.0572655542466823,17,0.861429768069748,"",0.991417739841863,0.952518019148653,0.944343261703006
508,"rs929708",-0.287305123704051,0.0249446516809626,0.071768121114914,0.0967127727958766,-0.190592350908175,17,0.862613971067389,"",0.750282764851377,1.10154393479366,0.82646942900225
508,"rs11719939",-0.149225075176463,0.0173498955924485,0.063568287024335,0.0809181826167835,-0.0683068925596799,17,0.862613971067389,"",0.861375218899794,1.0842821798069,0.933973799980317
508,"rs4639533",0.0365738764961259,0.00159159116804762,0.0335685271105126,0.0351601182785603,0.0717339947746861,17,0.862613971067389,"",1.03725092965158,1.03578554372089,1.07436951814416
508,"rs2515029",-0.280819172170628,-0.0152271475531287,-0.0711602881794793,-0.086387435732608,-0.367206607903236,17,0.862613971067389,"",0.755164877960195,0.917238791286453,0.692666519882192
509,"rs929708",0.124711503999658,0.0577236118283973,0.0204271045420528,0.0781507163704501,0.202862220370108,17,0.859473340964795,"",1.13282159142173,1.08128561383291,1.22490368984361
509,"rs11719939",0.232535267993332,0.0266665272395308,0.00674374426143386,0.0334102715009646,0.265945539494297,17,0.859473340964795,"",1.26179494655003,1.03397466256927,1.30466400409068
509,"rs4639533",-0.074381939303992,0.0317102492131181,0.0728233208858322,0.10453357009895,0.0301516307949583,17,0.859473340964795,"",0.928317065348495,1.11019266251819,1.03061079444032
509,"rs2515029",-0.124105191048634,-0.0315379306619176,-0.106318042851213,-0.13785597351313,-0.261961164561764,17,0.859473340964795,"",0.883286922118143,0.871224162065395,0.769540908585701
510,"rs929708",-0.224571102730837,0.00179250364565456,0.0330817888541532,0.0348742924998078,-0.189696810231029,17,0.858357705139703,"",0.79885877364016,1.03548953181716,0.827209897504683
510,"rs11719939",-0.0228194129490181,-0.0141222569931761,0.0510632042092375,0.0369409472160615,0.0141215342670434,17,0.858357705139703,"",0.977438980659303,1.03763174398571,1.01422171414112
510,"rs4639533",-0.132814444442571,0.142535603635911,0.0981154246050879,0.240651028240999,0.107836583798428,17,0.858357705139703,"",0.87562755459439,1.27207703887978,1.11386570680998
510,"rs2515029",-0.0122081595405528,0.0042670733388075,-0.052239076643529,-0.0479720033047215,-0.0601801628452743,17,0.858357705139703,"",0.987866057713431,0.953160472047245,0.941594877889585
511,"rs929708",-0.175088586472767,0.0680084047152862,-0.055047650403865,0.0129607543114212,-0.162127832161346,17,0.860021341196969,"",0.839382659526447,1.01304510892678,0.850332497751219
511,"rs11719939",0.0348502812314297,0.0525181272491046,-0.0429265141097582,0.00959161313934642,0.0444418943707761,17,0.860021341196969,"",1.03546466869861,1.00963776008386,1.04544422875084
511,"rs4639533",-0.0178305984605457,0.0988499388945404,0.0168942084933933,0.115744147387934,0.097913548927388,17,0.860021341196969,"",0.98232742604245,1.12270858745886,1.10286743691422
511,"rs2515029",-0.0371865820497528,-0.0804390392846903,-0.0540040459282384,-0.134443085212929,-0.171629667262681,17,0.860021341196969,"",0.963496347453541,0.874202632517387,0.842291043364772
512,"rs929708",-0.344936746443297,0.0465949575209122,0.0740648100610032,0.120659767581915,-0.224276978861382,16,0.852968432756093,"",0.708265152340915,1.12824098290063,0.799093771631377
512,"rs11719939",-0.202766277336056,0.0920533362112939,0.111438947782742,0.203492283994036,0.000726006657979811,16,0.852968432756093,"",0.816469046447576,1.22567570028371,1.0007262702646
512,"rs4639533",-0.0439921707071062,0.133935887497785,0.0892558837326561,0.223191771230441,0.179199600523335,16,0.852968432756093,"",0.956961449775195,1.25006027634854,1.19625949436088
512,"rs2515029",0.0112838453284616,0.0171780381831755,-0.0248300403584049,-0.00765200217522936,0.00363184315323222,16,0.852968432756093,"",1.01134774804109,0.992377199861261,1.00363844628701
513,"rs929708",-0.265456700798441,0.0296349118287053,0.0195158519379805,0.0491507637666858,-0.216305937031756,17,0.856979980965508,"",0.766855646403982,1.05037869785216,0.80548883531039
513,"rs11719939",-0.0615521916152576,0.0337683991822779,0.0293009613657217,0.0630693605479996,0.00151716893274199,17,0.856979980965508,"",0.940303868481,1.06510071263843,1.00151832041578
513,"rs4639533",0.0588371796724838,0.0968511659506317,0.0357684521551767,0.132619618105808,0.191456797778292,17,0.856979980965508,"",1.0606025390281,1.14181558973871,1.21101251357874
513,"rs2515029",-0.0787960648205511,0.0169753732411051,-0.0453000644896904,-0.0283246912485853,-0.107120756069136,17,0.856979980965508,"",0.924228387909408,0.972072692059507,0.898417177112917
514,"rs929708",0.290670223347275,-0.01034784189631,0.0218192151881037,0.0114713732917936,0.302141596639069,17,0.858772946884729,"",1.33732349315813,1.01153742180851,1.35275275839312
514,"rs11719939",0.438467038537164,-0.0187114338774287,0.0203435264424327,0.00163209256500403,0.440099131102168,17,0.858772946884729,"",1.55032880165875,1.00163342515294,1.55286114771871
514,"rs4639533",-0.198814090838495,-0.0161022732463036,0.093856993402718,0.0777547201564144,-0.12105937068208,17,0.858772946884729,"",0.819702269330015,1.08085751359217,0.885981356713898
514,"rs2515029",-0.0985976317159571,0.0695015779353421,-0.0353541711535148,0.0341474067818273,-0.0644502249341298,17,0.858772946884729,"",0.906107223492574,1.0347371227562,0.937582781345312
515,"rs929708",-0.288031632147581,-0.039477392149513,0.0246337528875391,-0.0148436392619739,-0.302875271409555,17,0.854762122324066,"",0.749737876044804,0.985265984475948,0.738691226540191
515,"rs11719939",0.0270772052414831,-0.0871417606281537,0.0179207984334502,-0.0692209621947035,-0.0421437569532203,17,0.854762122324066,"",1.02744712400476,0.933120472949425,0.958731946281851
515,"rs4639533",-0.37764771698617,0.00536161650152268,0.0933877100239573,0.09874932652548,-0.27889839046069,17,0.854762122324066,"",0.685471938256497,1.10378957410879,0.756616778791663
515,"rs2515029",-0.0845241404000191,0.00244224310400451,-0.0939462229547388,-0.0915039798507343,-0.176028120250753,17,0.854762122324066,"",0.918949471301232,0.912557684301414,0.838594401520661
516,"rs929708",-0.22806077380826,0.0630450259741199,0.108933863531281,0.171978889505401,-0.0560818843028595,17,0.861634967599444,"",0.79607587780253,1.18765276101207,0.945461714247279
516,"rs11719939",-0.108656054198238,0.118993276844586,0.115323726883207,0.234317003727793,0.125660949529555,17,0.861634967599444,"",0.897038897207756,1.2640451357218,1.13389765456871
516,"rs4639533",-0.217203586938648,0.0224937278954167,0.082085442054414,0.104579169949831,-0.112624416988818,17,0.861634967599444,"",0.804766112756817,1.11024328829231,0.893486175333345
516,"rs2515029",0.290632119495393,0.024985323348785,-0.0346582919366882,-0.00967296858790315,0.280959150907489,17,0.861634967599444,"",1.33727253695264,0.990373664092806,1.32439950231247
517,"rs929708",0.0316216986040328,-0.0176949513100885,0.0341825302880707,0.0164875789779822,0.048109277582015,17,0.855664108315932,"",1.03212697636498,1.01662424919545,1.04928531242142
517,"rs11719939",0.258735148491275,-0.0171157200546953,0.0525331278431535,0.0354174077884582,0.294152556279733,17,0.855664108315932,"",1.29529069969805,1.03605207476214,1.34198861684226
517,"rs4639533",-0.149660614187423,0.0150114717569687,0.0511628328270518,0.0661743045840205,-0.083486309603402,17,0.855664108315932,"",0.861000138075984,1.06841293020799,0.919903680431246
517,"rs2515029",0.0189788191786646,-0.0489699713254631,-0.0562615933854985,-0.105231564710962,-0.086252745532297,17,0.855664108315932,"",1.01916006174161,0.900116063335256,0.917362342683379
518,"rs929708",-0.366095137747769,0.0838679960147848,0.0544531085608622,0.138321104575647,-0.227774033172122,17,0.856394636945752,"",0.693436826053591,1.14834422966525,0.79630417783603
518,"rs11719939",-0.156827295589371,0.134075995373221,0.0945938850393556,0.228669880412577,0.0718425848232059,17,0.856394636945752,"",0.854851682725708,1.25692703427904,1.07448619031687
518,"rs4639533",-0.355288783842373,0.148180566780115,0.039854743117025,0.18803530989714,-0.167253473945233,17,0.856394636945752,"",0.700970984882227,1.20687612926924,0.845985148964708
518,"rs2515029",-0.200243613638333,0.0914526758071942,0.0223103131373603,0.113762988944554,-0.0864806246937784,17,0.856394636945752,"",0.818531323393291,1.12048652571635,0.917153318738959
519,"rs929708",-0.215138103004554,-0.0459381493886032,0.0203729875596694,-0.0255651618289338,-0.240703264833488,17,0.859792013565122,"",0.806430062072143,0.974758859826176,0.786074847834995
519,"rs11719939",-0.00758030794165818,-0.0621055060535248,0.0116132928878351,-0.0504922131656897,-0.0580725211073479,17,0.859792013565122,"",0.99244835013452,0.950761332064464,0.943581515379076
519,"rs4639533",-0.221518398696352,0.036384528950874,0.0451223755567147,0.0815069045075887,-0.140011494188764,17,0.859792013565122,"",0.801301179115228,1.0849207084014,0.869348242888573
519,"rs2515029",0.151142062383386,-0.0652661955711905,-0.143965733834195,-0.209231929405386,-0.0580898670220001,17,0.859792013565122,"",1.16316188789513,0.81120707105017,0.943565148236595
520,"rs929708",-0.109258783650386,0.0305809585232721,0.0463285748047677,0.0769095333280398,-0.032349250322346,16,0.852254504622991,"",0.896498388351353,1.07994437299989,0.968168389903513
520,"rs11719939",0.103375160599641,0.0439832280183636,0.0301733691501288,0.0741565971684924,0.177531757768133,16,0.852254504622991,"",1.10890734939506,1.07697544359675,1.19426598452245
520,"rs4639533",-0.486099046294148,0.0585423540472244,0.00528231144346815,0.0638246654906925,-0.422274380803456,16,0.852254504622991,"",0.615020888756845,1.06590549235994,0.655554143242014
520,"rs2515029",-0.0890900398236492,0.0348777637361552,-0.0151785780224715,0.0196991857136837,-0.0693908541099655,16,0.852254504622991,"",0.914763204748634,1.01989449504275,0.932961956790794
521,"rs929708",0.0191647227074146,0.0624946467935022,0.0226174019239167,0.0851120487174189,0.104276771424833,17,0.858621950028186,"",1.01934954480569,1.08883906288398,1.10990760311745
521,"rs11719939",0.131574392960761,0.0484538350095152,0.0558191931361392,0.104273028145654,0.235847421106415,17,0.858621950028186,"",1.14062275887031,1.1099034484312,1.26598113342927
521,"rs4639533",-0.040238275483173,0.0138366592369284,0.0161564222854369,0.0299930815223652,-0.0102451939608078,17,0.858621950028186,"",0.960560533856825,1.03044740480153,0.989807109267539
521,"rs2515029",0.0648931999822338,0.0426708073474935,-0.0748775035674583,-0.0322066962199648,0.032686503762269,17,0.858621950028186,"",1.06704505786735,0.968306416117157,1.03322657581906
522,"rs929708",-0.131046098735591,-0.0681306401107581,0.0542062347097078,-0.0139244054010502,-0.144970504136641,17,0.859235274969011,"",0.877177336692877,0.986172090728865,0.865047808066392
522,"rs11719939",-0.0820887112713951,-0.0485294589741754,0.0638054565682117,0.0152759975940363,-0.0668127136773588,17,0.859235274969011,"",0.921190235114547,1.01539327204574,0.935370367009542
522,"rs4639533",0.00463888748046785,-0.0902823468018453,0.0343594405785252,-0.0559229062233201,-0.0512840187428522,17,0.859235274969011,"",1.00464966377589,0.945612033883335,0.950008811903331
522,"rs2515029",0.190749036001643,0.0650243767099858,-0.0501888798157188,0.014835496894267,0.20558453289591,17,0.859235274969011,"",1.21015570845331,1.01494608909829,1.22824280349466
523,"rs929708",-0.0722235220572518,0.0973024971252989,0.0248771826626992,0.122179679787998,0.0499561577307464,17,0.859843342717466,"",0.930322924874949,1.12995711399587,1.05122500727589
523,"rs11719939",0.0264245021032973,0.0814550647173534,0.0475052139901159,0.128960278707469,0.155384780810767,17,0.859843342717466,"",1.02677672485222,1.137644934541,1.16810733993273
523,"rs4639533",-0.111222915062014,-0.0120486921591456,0.0485973280636276,0.036548635904482,-0.0746742791575324,17,0.859843342717466,"",0.894739275835919,1.03722474915484,0.928045720937897
523,"rs2515029",-0.0394068673352385,-0.027813005887129,-0.123393480343114,-0.151206486230243,-0.190613353565481,17,0.859843342717466,"",0.961359483791978,0.85967017027854,0.82645207113034
524,"rs929708",-0.165985164913574,0.0208799049405415,0.0186324647299232,0.0395123696704647,-0.126472795243109,16,0.850328618997236,"",0.8470588002867,1.0403033670152,0.881198121998113
524,"rs11719939",0.123164606868901,-0.0232273318041207,-0.0250001015255035,-0.0482274333296241,0.0749371735392766,16,0.850328618997236,"",1.13107058761285,0.952917037335725,1.07781643336561
524,"rs4639533",-0.273067845910834,0.0164236730557131,0.0723764114344395,0.0888000844901526,-0.184267761420682,16,0.850328618997236,"",0.761041152347169,1.09286215439131,0.83171307333457
524,"rs2515029",-0.277439787905325,0.0394606527331826,0.0129721343199077,0.0524327870530903,-0.225007000852235,16,0.850328618997236,"",0.757721187209306,1.05383172856208,0.798510628484891
525,"rs929708",-0.102438747052153,0.0144204674048726,0.0860267599565498,0.100447227361422,-0.00199151969073098,16,0.851054927980988,"",0.902633437018497,1.10566529128963,0.998010462068819
525,"rs11719939",0.0228859490923228,-0.00738018496890188,0.0776524987612841,0.0702723137923822,0.093158262884705,16,0.851054927980988,"",1.02314984172446,1.07280027979384,1.09763543647302
525,"rs4639533",-0.261172020438892,0.036354761977185,0.0329010866592315,0.0692558486364165,-0.191916171802476,16,0.851054927980988,"",0.770148426949266,1.07171036971177,0.825376055378738
525,"rs2515029",-0.0448295883988603,-0.0107436738965544,-0.140667958981764,-0.151411632878318,-0.196241221277178,16,0.851054927980988,"",0.956160408776591,0.859493829913093,0.821813971750661
526,"rs929708",0.142112445249023,0.0542038771584649,0.00227206370864309,0.056475940867108,0.198588386116131,17,0.86085434795192,"",1.15270625759209,1.05810115749763,1.21967982541295
526,"rs11719939",0.279787271268324,0.0155009890152773,-0.0150160020241621,0.000484986991115226,0.280272258259439,17,0.86085434795192,"",1.32284837454663,1.00048510461632,1.32349009439981
526,"rs4639533",-0.520070702304521,0.0257020963299823,0.157354213787425,0.183056310117407,-0.337014392187114,17,0.86085434795192,"",0.594478515483282,1.20088202798496,0.713898565267051
526,"rs2515029",-0.0801589049597303,6.33449870253642e-05,-0.11030232856242,-0.110238983575394,-0.190397888535125,17,0.86085434795192,"",0.922969670274876,0.895620071231831,0.826630161836405
527,"rs929708",-0.464586718183031,-0.00266382681508858,-0.0203038670825404,-0.022967693897629,-0.48755441208066,17,0.859715355372921,"",0.628394755657929,0.977294055825103,0.614126459416162
527,"rs11719939",-0.217108362086105,0.0264847345313284,0.00559590472810326,0.0320806392594317,-0.185027722826674,17,0.859715355372921,"",0.80484275014007,1.03260077010926,0.831081243611488
527,"rs4639533",-0.337929590717807,0.0588633046053001,-0.0137752883892495,0.0450880162160506,-0.292841574501757,17,0.859715355372921,"",0.713245505234429,1.04611993137466,0.746140338989126
527,"rs2515029",-0.0405187996138074,-0.10735978666853,-0.069389009742542,-0.176748796411072,-0.217267596024879,17,0.859715355372921,"",0.960291111239682,0.837990264247122,0.804714602061903
528,"rs929708",-0.278623373621123,0.0501565437699745,0.0314395716617143,0.0815961154316888,-0.197027258189434,16,0.850881356744266,"",0.756824889762628,1.08501749949772,0.821168249447886
528,"rs11719939",-0.0322854687269617,0.0280073858483628,0.0177140762066526,0.0457214620550154,0.0134359933280537,16,0.850881356744266,"",0.968230143197363,1.04678280161628,1.01352666190547
528,"rs4639533",-0.0682196638549374,0.0373778906141767,0.0151029459722972,0.0524808365864739,-0.0157388272684635,16,0.850881356744266,"",0.934055272858487,1.05388236590144,0.984384380842816
528,"rs2515029",0.0847221312618204,-0.0489069731970976,-0.0382298804932165,-0.0871368536903141,-0.00241472242849376,16,0.850881356744266,"",1.08841458828743,0.916551653573589,0.997588190668464
529,"rs929708",-0.516663885434417,0.00746316298470443,0.00715142780181256,0.014614590786517,-0.5020492946479,17,0.859199940575799,"",0.596507248717859,1.01472190607078,0.605288972404025
529,"rs11719939",-0.356160767297713,0.0140062721778543,0.0246926393490269,0.0386989115268812,-0.317461855770832,17,0.859199940575799,"",0.700360016196741,1.03945746786793,0.727994449031806
529,"rs4639533",-0.201765610038248,0.0836413168440251,0.0938504353523449,0.17749175219637,-0.0242738578418776,17,0.859199940575799,"",0.817286469237947,1.19421820818457,0.976018382866833
529,"rs2515029",-0.267621240145753,0.0358606695274822,-0.0508579685230944,-0.0149972989956122,-0.282618539141365,17,0.859199940575799,"",0.765197552335938,0.985114600398327,0.753807280995195
530,"rs929708",0.0240370509589827,-0.0241715799353459,0.053109990115416,0.0289384101800701,0.0529754611390527,16,0.850732045406821,"",1.02432826953224,1.02936119435215,1.05440377093438
530,"rs11719939",0.00639718062623776,-0.0220604736878346,0.0461002274249414,0.0240397537371068,0.0304369343633445,16,0.850732045406821,"",1.00641768628904,1.02433103806802,1.03090487332647
530,"rs4639533",-0.0744023119248546,0.00771579606587017,0.0254069522743653,0.0331227483402355,-0.0412795635846191,16,0.850732045406821,"",0.928298153289527,1.0336774136412,0.95956083418022
530,"rs2515029",0.0414001516107083,-0.00323423594496748,-0.0408450366273649,-0.0440792725723324,-0.00267912096162411,16,0.850732045406821,"",1.04226908776612,0.956878100277971,0.997324464680102
531,"rs929708",-0.189048345596324,0.0429913641027919,0.0906608016635678,0.13365216576636,-0.0553961798299647,16,0.851146074764073,"",0.827746487829814,1.14299517764024,0.94611024389812
531,"rs11719939",0.00415841842054804,0.0193147187868758,0.0877119222107812,0.107026640997657,0.111185059418205,16,0.851146074764073,"",1.00416707663977,1.11296390455314,1.11760171044071
531,"rs4639533",-0.206063710575621,0.11736877600867,0.139769976622484,0.257138752631154,0.0510750420555332,16,0.851146074764073,"",0.813781228160826,1.29322455262051,1.05240186471925
531,"rs2515029",-0.0264213251376394,-0.0420150590760122,-0.0874894172321441,-0.129504476308156,-0.155925801445796,16,0.851146074764073,"",0.973924664210353,0.878530655833504,0.855622673981147
532,"rs929708",-0.238780786140953,0.0943148883934981,0.0527559110039963,0.147070799397494,-0.0917099867434585,17,0.859811592830314,"",0.787587513548606,1.15843597669575,0.912369710491055
532,"rs11719939",0.0587743317730144,0.0853901719483649,0.0462074376656129,0.131597609613978,0.190371941386992,17,0.859811592830314,"",1.06053588448092,1.14064924062076,1.20969945128423
532,"rs4639533",0.0365356562272939,0.129609858922562,-0.0369087574979972,0.092701101424565,0.129236757651859,17,0.859811592830314,"",1.0372112863998,1.09713375453774,1.13795951289674
532,"rs2515029",-0.303602029812311,0.031869950432382,0.0045022732263749,0.0363722236587569,-0.267229806153554,17,0.859811592830314,"",0.738154571517155,1.03704178614646,0.765497135298322
533,"rs929708",-0.454128364904852,-0.0435480898186657,0.0177164789710491,-0.0258316108476166,-0.479959975752469,16,0.855488742962106,"",0.635001216143381,0.974499170882992,0.618808158641416
533,"rs11719939",-0.215415167018975,-0.0572383139679139,0.016152970213761,-0.0410853437541529,-0.256500510773127,16,0.855488742962106,"",0.806206660271525,0.959747218021889,0.773754599346315
533,"rs4639533",-0.149906908621835,-0.062174718447573,-9.63883719727167e-05,-0.0622711068195457,-0.212178015441381,16,0.855488742962106,"",0.860788104646346,0.939628112667967,0.808820702175883
533,"rs2515029",0.211538782019438,0.0254700257710898,-0.00175350496373279,0.023716520807357,0.235255302826795,16,0.855488742962106,"",1.235577882905,1.0239999940506,1.26523174474378
534,"rs929708",-0.331108898749415,0.0597477869293977,-0.0293988773146583,0.0303489096147395,-0.300759989134676,16,0.851328527335114,"",0.718126961654259,1.03081413217796,0.740255420771227
534,"rs11719939",-0.160507860540273,0.111570242245745,0.00265901233850478,0.11422925458425,-0.0462786059560237,16,0.851328527335114,"",0.85171112863601,1.1210090919009,0.954775918874143
534,"rs4639533",-0.122059426646478,0.0217309849472473,-0.0607128315201571,-0.0389818465729098,-0.161041273219388,16,0.851328527335114,"",0.885095768666383,0.961768168376216,0.851256936267806
534,"rs2515029",0.101305450387315,-0.0264856096090074,-0.0120326510658668,-0.0385182606748742,0.062787189712441,16,0.851328527335114,"",1.10661460600515,0.962214133899932,1.06480021467826
535,"rs929708",-0.286719263475709,0.0569702283082546,0.0713312334752353,0.12830146178349,-0.158417801692219,17,0.85993113075974,"",0.750722454469068,1.13689568164199,0.85349311659756
535,"rs11719939",-0.193502974996151,0.0600925651633752,0.0686520649419072,0.128744630105282,-0.0647583448908683,17,0.85993113075974,"",0.824067384594167,1.13739962945188,0.937293937880788
535,"rs4639533",0.00613263782182335,0.0701941469021892,0.039056648988586,0.109250795890775,0.115383433712599,17,0.85993113075974,"",1.00615148094481,1.11544206355046,1.12230368414942
535,"rs2515029",-0.276540151940768,0.0772761579885152,-0.063027134277336,0.0142490237111792,-0.262291128229589,17,0.85993113075974,"",0.758403167161276,1.0143510249464,0.769287029932633
536,"rs929708",-0.25603209880159,0.110377916093704,-0.0225079119901445,0.0878700041035597,-0.16816209469803,17,0.860637461515249,"",0.774117120161598,1.09184617727969,0.845216818415202
536,"rs11719939",0.0469877088577106,0.100356503815472,-0.00331672621188867,0.097039777603583,0.144027486461294,17,0.860637461515249,"",1.04810912654208,1.10190420385788,1.15491585263853
536,"rs4639533",-0.16493502871286,0.147839340416409,0.0504108124533217,0.19825015286973,0.0333151241568702,17,0.860637461515249,"",0.84794879462286,1.21926735890491,1.03387628730641
536,"rs2515029",0.134676079415391,-0.0585841444315198,-0.0247028709173614,-0.0832870153488812,0.05138906406651,17,0.860637461515249,"",1.14416610536554,0.920087030219142,1.05273239396318
537,"rs929708",-0.0193309130951579,0.00421113816622224,0.0420404036973334,0.0462515418635556,0.0269206287683978,17,0.856947006805231,"",0.980854730858492,1.04733782713426,1.02728626255169
537,"rs11719939",0.14921073867986,0.0196784137481047,0.0692731575985764,0.0889515713466811,0.238162310026541,17,0.856947006805231,"",1.16091761367759,1.09302772118397,1.26891513376036
537,"rs4639533",-0.00189083751496089,0.077370453768984,0.0436419299372645,0.121012383706248,0.119121546191288,17,0.856947006805231,"",0.998110948992117,1.12863888901326,1.12650683258244
537,"rs2515029",0.016646741488336,-0.0523385637886262,0.0061656885323392,-0.046172875256287,-0.029526133767951,17,0.856947006805231,"",1.01678607054064,0.954876873337036,0.970905503890499
538,"rs929708",-0.059027064587084,0.0840969809348988,0.0311797502106544,0.115276731145553,0.0562496665584692,16,0.851252282955374,"",0.942681255532911,1.12218393785405,1.05786176347512
538,"rs11719939",0.208550827614321,0.0637873908703652,0.0450867716867918,0.108874162557157,0.317424990171478,16,0.851252282955374,"",1.23189154257792,1.11502202999189,1.37358620853507
538,"rs4639533",-0.312911215663849,0.0186200493717743,0.0668634002324539,0.0854834496042283,-0.227427766059621,16,0.851252282955374,"",0.731314838989112,1.08924353378331,0.796579959528671
538,"rs2515029",-0.069534275948794,0.00781834399765452,-0.0323767687514733,-0.0245584247538188,-0.0940927007026128,16,0.851252282955374,"",0.932828159266367,0.975740679844042,0.910198382300231
539,"rs929708",-0.075552675370758,0.0712724157150014,0.00329402569068369,0.0745664414056851,-0.000986233965072913,16,0.852219486330263,"",0.927230887016833,1.07741692623929,0.999014252203805
539,"rs11719939",-0.0812242493169407,0.0338791396056077,-0.00768187558108672,0.026197264024521,-0.0550269852924197,16,0.852219486330263,"",0.921986913325007,1.02654342858983,0.94645960711961
539,"rs4639533",-0.360223908168745,0.148219676048973,0.0822398138351451,0.230459489884119,-0.129764418284626,16,0.852219486330263,"",0.697520128130134,1.25917845678725,0.87830231851695
539,"rs2515029",0.0810115092209963,-0.0187076968636895,-0.00553881277207343,-0.0242465096357629,0.0567649995852334,16,0.852219486330263,"",1.08438337690287,0.976045075583736,1.05840705507091
540,"rs929708",-0.33637825442146,-0.00319248085866301,0.00782586731009103,0.00463338645142803,-0.331744867970032,16,0.850640341131772,"",0.714352847583013,1.00464413718412,0.717670400205054
540,"rs11719939",-0.108202957637149,0.0197034954048536,0.0231057492386289,0.0428092446434825,-0.0653937129936668,16,0.850640341131772,"",0.897445434540622,1.04373877709729,0.936698600358976
540,"rs4639533",-0.275448366580463,0.0555124716683409,0.0316254043072798,0.0871378759756207,-0.188310490604842,16,0.850640341131772,"",0.75923163280743,1.09104709853163,0.828357470087976
540,"rs2515029",0.0707996343511592,-0.0534807386465895,-0.0873626903624936,-0.140843429009083,-0.0700437946579239,16,0.850640341131772,"",1.07336613861822,0.868625302575637,0.932352986931695
541,"rs929708",-0.0374127939116922,-0.0152771046157256,-0.0385160263653239,-0.0537931309810495,-0.0912059248927417,17,0.861680275183461,"",0.963278417800877,0.94762812112617,0.912829717182035
541,"rs11719939",0.0620809501884758,-0.00446972901375129,-0.0391637848391345,-0.0436335138528858,0.01844743633559,17,0.861680275183461,"",1.0640484761665,0.957304732114984,1.01861864143393
541,"rs4639533",-0.297111248769589,-0.0381594549919199,-0.0436220666701883,-0.0817815216621082,-0.378892770431697,17,0.861680275183461,"",0.742961354227707,0.92147325865167,0.684619020132463
541,"rs2515029",-0.0022437354644127,0.0420733015566309,0.0774647848790968,0.119538086435728,0.117294350971315,17,0.861680275183461,"",0.997758779828436,1.12697616575514,1.12445036403957
542,"rs929708",-0.61764227814027,0.0576905031391762,0.024324697357399,0.0820152004965752,-0.535627077643695,17,0.860158067883538,"",0.53921425730713,1.08547230942227,0.585302145152585
542,"rs11719939",-0.53638185944139,0.0341815475903915,0.0310400697250602,0.0652216173154517,-0.471160242125938,17,0.860158067883538,"",0.58486053642735,1.06739555151062,0.62427753483667
542,"rs4639533",-0.0750161754568243,-0.0135518763730845,-0.00861126603891544,-0.0221631424119999,-0.0971793178688242,17,0.860158067883538,"",0.927728479775215,0.978080655597191,0.907393279714727
542,"rs2515029",-0.0970418157474839,-0.0212711414813158,-0.00600620508520647,-0.0272773465665223,-0.124319162314006,17,0.860158067883538,"",0.907518056793938,0.973091320558571,0.883097944316362
543,"rs929708",-0.0787294080585656,0.00675601649513557,0.0154893654667405,0.0222453819618761,-0.0564840260966895,16,0.852303707361336,"",0.924289996034358,1.02249465543413,0.945081581016367
543,"rs11719939",0.138110044334985,-0.0083468721429648,0.0161505181330575,0.00780364599009274,0.145913690325078,16,0.852303707361336,"",1.14810188543129,1.00783417379318,1.15709631513405
543,"rs4639533",-0.184497766672844,0.000493025738567865,0.0352520384170487,0.0357450641556166,-0.148752702517227,16,0.852303707361336,"",0.83152179695754,1.03639159944182,0.861782205119559
543,"rs2515029",0.11640796028131,-0.0153283965581426,-0.0624280962612529,-0.0777564928193955,0.0386514674619149,16,0.852303707361336,"",1.12345410330886,0.925189689448661,1.03940815295015
544,"rs929708",-0.298706455768543,0.113111399904019,0.037702681664252,0.150814081568271,-0.147892374200272,17,0.853864515703124,"",0.741777121874485,1.16278045566567,0.862523939775585
544,"rs11719939",-0.121860467901635,0.0523447065743057,0.0269175162036867,0.0792622227779923,-0.0425982451236426,17,0.853864515703124,"",0.885271883728818,1.08248813790387,0.958296312956255
544,"rs4639533",-0.150657675321925,0.127014877949527,0.0542921023684906,0.181306980318017,0.0306493049960924,17,0.853864515703124,"",0.860142096132728,1.19878312563931,1.03112383049594
544,"rs2515029",-0.120970193615144,0.0265882435918953,-0.0861587154858379,-0.0595704718939426,-0.180540665509087,17,0.853864515703124,"",0.88606036945566,0.94216913480829,0.834818731677953
545,"rs929708",-0.0639503032739312,0.110668934426775,0.0193221615427489,0.129991095969524,0.0660407926955928,17,0.855377412363759,"",0.938051616466587,1.13881824320713,1.06827029390209
545,"rs11719939",0.0928184194405263,0.123068853092526,0.0388571648597611,0.161926017952287,0.254744437392813,17,0.855377412363759,"",1.09726247564358,1.17577325199039,1.29013186927447
545,"rs4639533",-0.261193949153093,0.142512478779105,0.0859332611487077,0.228445739927813,-0.0327482092252795,17,0.855377412363759,"",0.770131538769689,1.25664533761525,0.96778220754539
545,"rs2515029",0.0585620031432177,-0.0137394751390663,-0.0638394973723722,-0.0775789725114385,-0.0190169693682208,17,0.855377412363759,"",1.06031072625433,0.925353943986077,0.981162712390187
546,"rs929708",0.119711638642305,0.0116116224388133,0.0074284535268158,0.0190400759656291,0.138751714607934,17,0.85784888885815,"",1.12717177192891,1.01922249412458,1.14883882469221
546,"rs11719939",0.234288789134314,0.0644745691554048,0.0308517331097911,0.0953263022651959,0.32961509139951,17,0.85784888885815,"",1.26400947170528,1.10001773484992,1.39043283589409
546,"rs4639533",-0.12799497628226,0.0660163200477698,0.0495828363194748,0.115599156367245,-0.012395819915015,17,0.85784888885815,"",0.879857799290776,1.12254581659527,0.987680691792585
546,"rs2515029",-0.0433247426503845,-0.0505611972608891,-0.0340846455650885,-0.0846458428259776,-0.127970585476362,17,0.85784888885815,"",0.957600365887528,0.918837639726466,0.879879259993297
547,"rs929708",-0.082931798341934,-0.027537162790742,0.0174946998656502,-0.0100424629250918,-0.0929742612670258,17,0.858680670100149,"",0.920413918834908,0.990007794229807,0.91121695356416
547,"rs11719939",0.103117606027949,-0.0293279376660539,0.030471207404486,0.0011432697384321,0.104260875766381,17,0.858680670100149,"",1.10862178201382,1.00114392352041,1.1098899605455
547,"rs4639533",-0.185502004714925,0.0721969402780619,0.0799473996096535,0.152144339887715,-0.0333576648272093,17,0.858680670100149,"",0.830687170288285,1.16432828331756,0.967192566955684
547,"rs2515029",0.126574799609314,-0.0447803215215243,-0.0364854980168748,-0.0812658195383991,0.0453089800709144,17,0.858680670100149,"",1.13493434064646,0.921948586921463,1.04635111160764
548,"rs929708",-0.390090353995457,0.0694176788642825,0.0434842661001148,0.112901944964397,-0.27718840903106,17,0.852400998708363,"",0.676995702468012,1.11952215278188,0.757911686251067
548,"rs11719939",-0.20982182016111,0.060517532198451,0.0594320398072771,0.119949572005728,-0.0898722481553822,17,0.852400998708363,"",0.810728688608542,1.12743999560818,0.91404794912424
548,"rs4639533",-0.0361014834060683,0.0417111404764269,-0.0196863147993552,0.0220248256770717,-0.0140766577289967,17,0.852400998708363,"",0.9645424034677,1.02226916267953,0.986021955161831
548,"rs2515029",0.179493130298856,-0.0239626758957598,-0.00866158007692829,-0.0326242559726881,0.146868874326167,17,0.852400998708363,"",1.19661068368146,0.967902174732823,1.15820208304382
549,"rs929708",-0.256267802325385,0.0502723406103895,0.0406142184511013,0.0908865590614908,-0.165381243263894,17,0.858444362794006,"",0.77393467953034,1.09514476396175,0.847570511936064
549,"rs11719939",-0.0710940315817945,0.0600663060659123,0.0520120951972022,0.112078401263114,0.04098436968132,17,0.858444362794006,"",0.931374309410329,1.11860055690383,1.04183582119232
549,"rs4639533",-0.0904412072011477,0.0719155309803027,0.0912480484026226,0.163163579382925,0.0727223721817776,17,0.858444362794006,"",0.913528041192508,1.17722924437241,1.07543192564606
549,"rs2515029",-0.0909832915400129,0.0295151769324035,-0.0788907315495803,-0.0493755546171768,-0.14035884615719,17,0.858444362794006,"",0.913032966146601,0.951823600818871,0.869046325503992
550,"rs929708",-0.222597786958674,0.00674215684705555,0.0229637762888153,0.0297059331358709,-0.192891853822803,17,0.856831529157752,"",0.800436730649599,1.03015155597017,0.824571143534357
550,"rs11719939",-0.177475398024742,-0.00135089933050582,0.038174114045621,0.0368232147151151,-0.140652183309627,17,0.856831529157752,"",0.837381600323753,1.03750958819642,0.868791439315155
550,"rs4639533",0.047888018635287,0.028572459425572,0.0494288970611291,0.0780013564867011,0.125889375121988,17,0.856831529157752,"",1.04905317434063,1.08112412519959,1.13415669539687
550,"rs2515029",-0.0765178422916426,-0.042849333025361,-0.0381790682717018,-0.0810284012970628,-0.157546243588705,17,0.856831529157752,"",0.926336386177412,0.922167500319561,0.854237309696279
551,"rs929708",-0.474685768948522,0.0728553434038151,0.178950603093552,0.251805946497367,-0.222879822451155,17,0.861549752121412,"",0.622080502766251,1.28634639304029,0.800211010914055
551,"rs11719939",-0.131286346445797,0.0142412532423283,0.233787836110302,0.24802908935263,0.116742742906833,17,0.861549752121412,"",0.876966622159147,1.28149720957605,1.12383027918829
551,"rs4639533",0.188841373684343,-0.0190574295825283,0.0944851483226616,0.0754277187401334,0.264269092424476,17,0.861549752121412,"",1.20784934059519,1.07834528074557,1.30247863628247
551,"rs2515029",-0.18598623914601,-0.0107014085038153,-0.170467716989009,-0.181169125492824,-0.367155364638834,17,0.861549752121412,"",0.830285020334256,0.834294246337705,0.692702015285255
552,"rs929708",0.121256143494588,0.0189745489982814,0.0358836764776642,0.0548582254759456,0.176114368970534,17,0.855266063186082,"",1.12891403932389,1.05639083475044,1.19257444436286
552,"rs11719939",0.479675213075334,-0.00383622755187941,0.00899603922923058,0.00515981167735118,0.484835024752686,17,0.855266063186082,"",1.6155496075856,1.0051731464307,1.6239070822717
552,"rs4639533",-0.0793723070834786,-0.00188331510992722,0.012427641707447,0.0105443265975198,-0.0688279804859588,17,0.855266063186082,"",0.923695961869624,1.01060011391671,0.933487244289844
552,"rs2515029",-0.0080376378312654,-0.0108491607360945,-0.0609171809288034,-0.0717663416648979,-0.0798039794961633,17,0.855266063186082,"",0.991994577609891,0.930748347514794,0.923297313854042
553,"rs929708",-0.366811108476241,-0.0365858213975892,0.0250871614886601,-0.0114986599089291,-0.37830976838517,17,0.860445363225608,"",0.692940523274424,0.988567197017099,0.685018270792959
553,"rs11719939",-0.0886114082517604,-0.0641002263795813,0.00020730376528278,-0.0638929226142985,-0.152504330866059,17,0.860445363225608,"",0.915201144096668,0.938105444031425,0.858555175660873
553,"rs4639533",-0.143815124518657,-0.105934643808021,0.0161260368855903,-0.0898086069224304,-0.233623731441087,17,0.860445363225608,"",0.866047844271893,0.91410612211378,0.791659636492379
553,"rs2515029",-0.00369026321358895,0.0154400077714887,-0.0201046507924243,-0.00466464302093562,-0.00835490623452457,17,0.860445363225608,"",0.996316537439732,0.995346219529784,0.991679898995641
554,"rs929708",0.0869611579708698,0.0314578428410864,-0.0130011652962475,0.0184566775448389,0.105417835515709,16,0.852863763207042,"",1.09085430790058,1.01862805474544,1.11117480166744
554,"rs11719939",0.327024638030331,0.00254168734109981,-0.0168941130668327,-0.0143524257257328,0.312672212304598,16,0.852863763207042,"",1.38683564565808,0.985750079351565,1.36707334775503
554,"rs4639533",-0.344560518497079,0.0980127744487932,0.00593981161850914,0.103952586067302,-0.240607932429777,16,0.852863763207042,"",0.708531671617414,1.10954784564151,0.786149789811879
554,"rs2515029",-0.248162978971641,0.0485394718690329,0.0116568352488111,0.060196307117844,-0.187966671853797,16,0.852863763207042,"",0.780232771380423,1.0620450130785,0.828642323884992
555,"rs929708",-0.105082847898096,0.00574336418386283,-0.0208002150867893,-0.0150568509029265,-0.120139698801022,17,0.857655781961337,"",0.900249935681692,0.985055936691736,0.886796543649604
555,"rs11719939",0.030281127394151,-0.0401778003543594,-0.0517324015532691,-0.0919102019076285,-0.0616290745134775,17,0.857655781961337,"",1.03074426367501,0.912187058525142,0.940231577973371
555,"rs4639533",-0.149769099559615,0.126950078999423,-0.013984776826611,0.112965302172812,-0.0368037973868029,17,0.857655781961337,"",0.860906737221952,1.11959308482724,0.963865229674878
555,"rs2515029",-0.0984658801544608,-0.0719094769210894,-0.0524471526069435,-0.124356629528033,-0.222822509682494,17,0.857655781961337,"",0.906226612398817,0.88306485771651,0.800256874536877
556,"rs929708",-0.347700179510721,0.0377058664444648,0.0413441074708169,0.0790499739152818,-0.268650205595439,17,0.860341974868645,"",0.706310610864538,1.08225840540879,0.764410595437563
556,"rs11719939",-0.0832217157497429,0.0253499327133016,0.0400750444828871,0.0654249771961888,-0.0177967385535542,17,0.860341974868645,"",0.920147113495073,1.06761263901537,0.982360688120853
556,"rs4639533",-0.337670470711752,0.0957316061299082,0.0883091080638548,0.184040714193763,-0.153629756517989,17,0.860341974868645,"",0.713430345360918,1.2020647631977,0.857589479154325
556,"rs2515029",0.313400731973571,-0.029922558503731,-0.0828428132041884,-0.112765371707919,0.200635360265652,17,0.860341974868645,"",1.36806965044679,0.893360243116058,1.22217903552284
557,"rs929708",-0.0906315442717249,0.0649065238009964,0.109648059824828,0.174554583625825,0.0839230393540997,17,0.857681145255094,"",0.913354179487946,1.19071573419335,1.08754519240756
557,"rs11719939",0.198395972950224,0.00585158151681643,0.0745919192975347,0.0804435008143511,0.278839473764575,17,0.857681145255094,"",1.2194451655329,1.08376761292488,1.32159517614237
557,"rs4639533",-0.199975986516819,0.0732518962922528,0.0889522660769189,0.162204162369172,-0.0377718241476471,17,0.857681145255094,"",0.818750413891212,1.17610033224161,0.962932633800414
557,"rs2515029",-0.279448247106101,-0.0130397764335491,-0.0968248216309797,-0.109864598064529,-0.38931284517063,17,0.857681145255094,"",0.756200862385493,0.895955441184649,0.677522277282807
558,"rs929708",-0.138122345949525,0.0228117685029945,-0.00108690943767101,0.0217248590653235,-0.116397486884202,17,0.860474579940605,"",0.870992122868494,1.02196256204979,0.890121341411868
558,"rs11719939",0.117757092730228,-0.00820271362559829,0.00959890799556367,0.00139619436996538,0.119153287100193,17,0.860474579940605,"",1.12497081458665,1.0013971695031,1.12654258950067
558,"rs4639533",-0.229617114256756,0.0391364942843255,0.0490352839427634,0.0881717782270888,-0.141445336029667,17,0.860474579940605,"",0.7948378763396,1.09217571792379,0.86810262822422
558,"rs2515029",0.21377219010589,-0.047314115732486,-0.0658226043266272,-0.113136720059113,0.100635470046777,17,0.860474579940605,"",1.2383405164358,0.89302855685214,1.10587344428419
559,"rs929708",-0.175822073631742,0.0808503730467684,0.086873384299275,0.167723757346043,-0.00809831628569874,16,0.850917898631554,"",0.838767208864389,1.18260987822982,0.991934386738278
559,"rs11719939",-0.117074415742942,0.118922187859687,0.107058275842047,0.225980463701734,0.108906047958792,16,0.850917898631554,"",0.88951899648342,1.25355117528931,1.11505758348396
559,"rs4639533",-0.304069141745098,0.113426655941259,0.0743144463495313,0.18774110229079,-0.116328039454308,16,0.850917898631554,"",0.737809851226306,1.20652110935943,0.890183160197876
559,"rs2515029",0.0998582801356454,0.00833170145156721,-0.0591362365041885,-0.0508045350526213,0.0490537450830241,16,0.850917898631554,"",1.10501430450094,0.950464434857373,1.0502767964368
560,"rs929708",-0.533640856499053,-0.0237676071619756,0.00782631634164468,-0.0159412908203309,-0.549582147319384,16,0.851063603950651,"",0.58646583994432,0.984185099058998,0.577190940780319
560,"rs11719939",-0.313481791820988,-0.00865351811656404,0.0133705641970841,0.00471704608052006,-0.308764745740468,16,0.851063603950651,"",0.730897687198373,1.00472818885582,0.73435350949773
560,"rs4639533",-0.163171605471024,0.0881681674976404,0.0124929467963483,0.100661114293989,-0.0625104911770352,16,0.851063603950651,"",0.849445406427376,1.10590180393981,0.939403207316423
560,"rs2515029",-0.153837074587386,-0.069565092971276,-0.0228317252179353,-0.0923968181892113,-0.246233892776598,16,0.851063603950651,"",0.857411703787831,0.91174328143395,0.781739360351391
561,"rs929708",-0.0335835319881156,0.00264682134109692,0.0827085174569194,0.0853553387980163,0.0517718068099007,17,0.859520097112666,"",0.966974134585815,1.08910399885419,1.05313539676598
561,"rs11719939",0.149009374236154,0.0542150387200911,0.0634887422687849,0.117703780988876,0.26671315522503,17,0.859520097112666,"",1.16068386968278,1.12491084203219,1.30566586917804
561,"rs4639533",-0.0625768226035522,0.0518424060853393,0.0448230474868736,0.0966654535722129,0.0340886309686608,17,0.859520097112666,"",0.939340897428181,1.10149181182305,1.03467630702766
561,"rs2515029",-0.183360424778975,0.0290268971676527,-0.0517174717410382,-0.0226905745733855,-0.20605099935236,17,0.859520097112666,"",0.832468059542923,0.977564920422615,0.813791572381446
562,"rs929708",-0.412832524652493,0.0537550583344803,0.0273141615255416,0.0810692198600219,-0.331763304792471,16,0.852461227689004,"",0.661773104228265,1.08444595916631,0.71765716876529
562,"rs11719939",-0.226402189933534,0.0707515183254743,0.0463528761979709,0.117104394523445,-0.109297795410089,16,0.852461227689004,"",0.797397331984879,1.12423678772836,0.896463415053842
562,"rs4639533",-0.239303213473957,0.080379213340674,0.0327774306228001,0.113156643963474,-0.126146569510483,16,0.852461227689004,"",0.787176163763936,1.1198073302693,0.881485638396124
562,"rs2515029",0.0274209510630366,-0.00883083503419438,-0.0116627898849943,-0.0204936249191887,0.00692732614384791,16,0.852461227689004,"",1.02780036536965,0.979714942216538,1.00695137556826
563,"rs929708",-0.49011628515829,0.0824599732725565,-0.010420615301081,0.0720393579714755,-0.418076927186815,16,0.851285454316127,"",0.612555158969075,1.07469764115055,0.658311584418665
563,"rs11719939",-0.204951264805596,0.0546620636944918,-0.0338825558493566,0.0207795078451352,-0.18417175696046,16,0.851285454316127,"",0.814687019374209,1.02099690500921,0.831792925332247
563,"rs4639533",-0.12617241838814,0.0681014430329054,-0.0417722968672853,0.0263291461656202,-0.0998432722225196,16,0.851285454316127,"",0.881462853276188,1.0266788202628,0.904979242307081
563,"rs2515029",0.117422690648744,-0.0115567327884862,-0.0536484995624413,-0.0652052323509275,0.0522174582978162,16,0.851285454316127,"",1.12459468489743,0.936875166552356,1.05360483271717
564,"rs929708",-0.134318989262606,0.0602499491637186,-0.00163196245392734,0.0586179867097912,-0.0757010025528144,17,0.856574800339179,"",0.874311124255397,1.06037008789209,0.927093363671723
564,"rs11719939",0.0990044218398716,0.0666488487826847,0.0120734191863453,0.07872226796903,0.177726689808902,17,0.856574800339179,"",1.10407118157406,1.08190380100012,1.19449880791967
564,"rs4639533",-0.296464273333736,0.111774544606242,0.0897817993544451,0.201556343960687,-0.0949079293730488,17,0.856574800339179,"",0.743442187500567,1.22330516097897,0.909456664858936
564,"rs2515029",0.19959265363106,0.0104801936871812,-0.0622580139810484,-0.0517778202938672,0.147814833337193,17,0.856574800339179,"",1.22090532550219,0.949539811884534,1.15929821310618
565,"rs929708",-0.448466096343465,0.0808337940582898,0.0446848919631536,0.125518686021443,-0.322947410322022,17,0.85770976132876,"",0.638606962283765,1.13373635378441,0.724011928920937
565,"rs11719939",-0.186087901839423,0.0493720743985018,0.0365960159185149,0.0859680903170167,-0.100119811522406,17,0.85770976132876,"",0.830200615613267,1.08977155348551,0.904729014581495
565,"rs4639533",-0.285117146476717,0.0546218777433671,0.0615413927358859,0.116163270479253,-0.168953875997464,17,0.85770976132876,"",0.751926163658904,1.1231792391763,0.844547856415163
565,"rs2515029",0.063088334844497,0.0437451687495931,-0.0182903297141307,0.0254548390354624,0.0885431738799594,17,0.85770976132876,"",1.06512092236688,1.02578157993883,1.0925814225714
566,"rs929708",-0.352283633265471,-0.024361839256447,0.0158376888113126,-0.00852415044513433,-0.360807783710605,17,0.859187931124127,"",0.70308067662481,0.991512077115799,0.697112982060246
566,"rs11719939",-0.21326990430207,-0.0485332949994916,0.00245435942058452,-0.0460789355789071,-0.259348839880977,17,0.859187931124127,"",0.807938041832074,0.95496657837582,0.771553827348036
566,"rs4639533",-0.217307927788927,0.0303629782340296,0.000504300914436021,0.0308672791484656,-0.186440648640462,17,0.859187931124127,"",0.804682147156933,1.03134861333642,0.829907816646874
566,"rs2515029",-0.19522025375658,0.0130530314310626,-0.0231905828250679,-0.0101375513940053,-0.205357805150586,17,0.859187931124127,"",0.822653445588633,0.989913660380034,0.814355883546891
567,"rs929708",0.390136890964465,-0.0605901210768392,0.0260193714931083,-0.0345707495837309,0.355566141380734,17,0.855209915882596,"",1.47718299304732,0.966019991756434,1.42698830276631
567,"rs11719939",0.564204477255345,-0.0936549388262747,-0.0101915909594003,-0.103846529785675,0.46035794746967,17,0.855209915882596,"",1.75804865858395,0.901363619274626,1.58464110176213
567,"rs4639533",-0.0222239774755305,0.0354303876053723,-0.0233675676843332,0.0120628199210391,-0.0101611575544914,17,0.855209915882596,"",0.978021155808225,1.01213586916438,0.989890292595113
567,"rs2515029",0.195474206608552,-0.0629741030065594,-0.0670336307019366,-0.130007733708496,0.0654664729000557,17,0.855209915882596,"",1.21588743165722,0.878088640012726,1.06765694127246
568,"rs929708",-0.0332520416681404,0.0268230209325818,0.0285681102595206,0.0553911311921024,0.022139089523962,17,0.860252616167587,"",0.967294730285346,1.05695394149285,1.02238597776036
568,"rs11719939",0.038264637327354,0.044099065233039,0.069954069211118,0.114053134444157,0.152317771771511,17,0.860252616167587,"",1.0390061563117,1.12081167700747,1.1645302324768
568,"rs4639533",0.00390795833628163,0.0818002935050744,0.0473507567472706,0.129151050252345,0.133059008588627,17,0.860252616167587,"",1.00391560436233,1.1378619855256,1.14231740287986
568,"rs2515029",0.190015040871782,0.0238483581886459,-0.00150386441502169,0.0223444937736242,0.212359534645406,17,0.860252616167587,"",1.20926778596219,1.02259600175416,1.23659240297504
569,"rs929708",-0.277253650979062,0.024097307309562,0.00905631284280746,0.0331536201523695,-0.244100030826693,16,0.8511880790067,"",0.757862240229238,1.03370932562871,0.783409265266827
569,"rs11719939",0.0179641830589506,0.0193088422784852,0.0249624595988664,0.0442713018773516,0.0622354849363022,16,0.8511880790067,"",1.01812650955956,1.04526589902441,1.06421292133536
569,"rs4639533",-0.395814615156079,-0.0682183696522825,-0.026778245896322,-0.0949966155486045,-0.490811230704684,16,0.8511880790067,"",0.673131472744177,0.909376012201937,0.612129614371717
569,"rs2515029",0.123876912450415,0.0366754835287949,-0.0172850739569636,0.0193904095718313,0.143267322022246,16,0.8511880790067,"",1.1318765425145,1.01957962457022,1.15403826027677
570,"rs929708",-0.0059980632802479,-0.0509291276108419,0.042586446248015,-0.00834268136282688,-0.0143407446430748,17,0.858719060503667,"",0.994019889190024,0.991692022229274,0.985761594046974
570,"rs11719939",0.20287174038356,0.0202473575500234,0.0172679951654792,0.0375153527155026,0.240387093099062,17,0.858719060503667,"",1.22491535099872,1.0382279365776,1.27174133734964
570,"rs4639533",-0.509146093954118,0.0768143470090339,0.116989909781515,0.193804256790549,-0.315341837163569,17,0.858719060503667,"",0.601008564607204,1.213858655111,0.729539447944295
570,"rs2515029",-0.0484443966302003,-0.00674617988067856,0.00942011429163229,0.00267393441095373,-0.0457704622192466,17,0.858719060503667,"",0.952710311736874,1.00267751256211,0.955261205564598
571,"rs929708",-0.379836804189694,0.0444372625479589,0.0314555127867592,0.0758927753347181,-0.303944028854976,17,0.857193656605113,"",0.683973021636262,1.07884688895868,0.73790216652395
571,"rs11719939",-0.0313915129282151,0.0344187999765242,0.0111150722590581,0.0455338722355822,0.0141423593073671,17,0.857193656605113,"",0.96909608514764,1.0465864542365,1.01424283556914
571,"rs4639533",-0.233055891401338,-0.0269896611290874,-0.0136969923768328,-0.0406866535059201,-0.273742544907258,17,0.857193656605113,"",0.792109300188276,0.96012993616641,0.760527851826589
571,"rs2515029",-0.0795056658116759,-0.0239724303877806,-0.0450369534163324,-0.069009383804113,-0.148515049615789,17,0.857193656605113,"",0.923572787164301,0.933317921964555,0.861987034499198
572,"rs929708",-0.249950135561667,-0.0016075345144826,0.0401080890061241,0.0385005544916415,-0.211449581070025,17,0.859372568348407,"",0.778839618503272,1.03925130461399,0.809410089614584
572,"rs11719939",-0.152437423787935,-0.016495461548148,0.0596450933585823,0.0431496318104343,-0.1092877919775,17,0.859372568348407,"",0.858612621000813,1.0440941128551,0.896472382810036
572,"rs4639533",0.0750136270211199,0.0423561237755453,-0.0611771956928547,-0.0188210719173094,0.0561925551038105,17,0.859372568348407,"",1.0778988393348,0.98135493849216,1.05780134917617
572,"rs2515029",0.0988231441826704,-0.0170249606075447,-0.083358515409501,-0.100383476017046,-0.0015603318343753,17,0.859372568348407,"",1.10387105627655,0.904490501108229,0.998440884850448
573,"rs929708",-0.25449138081189,0.0409303170128884,0.00503996574847335,0.0459702827613617,-0.208521098050528,17,0.861292345467737,"",0.775310735611045,1.04704329525913,0.811783907463971
573,"rs11719939",0.0303426157625802,0.090193117403361,0.0698512281487978,0.160044345552159,0.190386961314739,17,0.861292345467737,"",1.03080764440662,1.17356291213324,1.20971762101904
573,"rs4639533",-0.400838735400158,0.0393971855467308,-0.0340850164652631,0.00531216908146774,-0.395526566318691,17,0.861292345467737,"",0.66975806059508,1.005326303669,0.67332539541057
573,"rs2515029",0.0245978263105952,-0.0296211068405755,-0.0313192020062237,-0.0609403088467992,-0.036342482536204,17,0.861292345467737,"",1.02490284866761,0.940879400276276,0.964309977595826
574,"rs929708",0.142436420920975,0.0334470981062283,0.032193312582102,0.0656404106883303,0.208076831609305,17,0.861281930348539,"",1.15307976687715,1.06784266331103,1.23130776927216
574,"rs11719939",0.271143597867652,0.0662633178833204,0.0446468742331959,0.110910192116516,0.382053789984168,17,0.861281930348539,"",1.31146338020872,1.11729456048887,1.46529090098755
574,"rs4639533",-0.406959203874057,0.14984003713085,0.13649137832421,0.28633141545506,-0.120627788418997,17,0.861281930348539,"",0.665671346559674,1.33153367297322,0.886363813077633
574,"rs2515029",0.145434299831528,0.0350632456196813,-0.0533279104977917,-0.0182646648781105,0.127169634953418,17,0.861281930348539,"",1.15654174709839,0.981901123224314,1.13560964053172
575,"rs929708",-0.47562877161016,0.0692556242673131,0.0496070754575628,0.118862699724876,-0.356766071885284,16,0.850677533824776,"",0.621494155703262,1.126215278005,0.699936213343832
575,"rs11719939",-0.0827216282395818,0.0884023195389049,0.0631020853835077,0.151504404922413,0.0687827766828308,16,0.850677533824776,"",0.920607382651879,1.1635834272931,1.07120349349741
575,"rs4639533",-0.508145594554116,0.105070330597154,0.0818847273237356,0.18695505792089,-0.321190536633226,16,0.850677533824776,"",0.601610174220335,1.20557310287064,0.725285044453356
575,"rs2515029",-0.0237835662027124,0.00122992950626184,-0.0573436060087433,-0.0561136765024815,-0.0798972427051939,16,0.850677533824776,"",0.976497033849323,0.94543165641753,0.92321120819897
576,"rs929708",-0.267536132560803,0.0468557263249779,0.0119538768947579,0.0588096032197359,-0.208726529341067,17,0.858767527585991,"",0.765262679222984,1.06057329177556,0.811617158776508
576,"rs11719939",-0.0136912758762929,0.0701763096521551,0.0201898753660405,0.0903661850181956,0.0766749091419027,17,0.858767527585991,"",0.986402023360707,1.09457502730387,1.07969102165264
576,"rs4639533",-0.132527770731615,0.0772430327261956,0.0978269006211996,0.175069933347395,0.0425421626157802,17,0.858767527585991,"",0.87587860997865,1.19132952736092,1.04346005045141
576,"rs2515029",-0.0156159987631112,-0.0914458369242957,-0.151727872943127,-0.243173709867423,-0.258789708630534,17,0.858767527585991,"",0.984505298730937,0.784135289902933,0.771985347831357
577,"rs929708",-0.313674098711039,-0.000947463979737075,0.0674370774059097,0.0664896134261726,-0.247184485284867,17,0.861466088802776,"",0.730757144051343,1.06874986336817,0.780996597860184
577,"rs11719939",-0.186389852068152,-0.0123201724310358,0.0758829960520627,0.0635628236210269,-0.122827028447125,17,0.861466088802776,"",0.829949974190013,1.06562643020961,0.88441662824866
577,"rs4639533",0.0973234718618862,-0.000574780020969057,-0.0269564549891218,-0.0275312350100909,0.0697922368517954,17,0.861466088802776,"",1.10221685209987,0.972844295277503,1.07228537672409
577,"rs2515029",0.122533918671279,0.0144475175036559,-0.0391565737398085,-0.0247090562361527,0.0978248624351263,17,0.861466088802776,"",1.1303574596469,0.97559371364821,1.10276963180687
578,"rs929708",-0.226926670916183,0.0521789999736805,0.0215641961588515,0.0737431961325319,-0.153183474783651,17,0.860186133794544,"",0.796979221903615,1.07653031284776,0.857972291089065
578,"rs11719939",-0.0873096663027446,0.109069803841106,0.0445701994030235,0.153640003244129,0.0663303369413844,17,0.860186133794544,"",0.916393275573159,1.16607102942162,1.06857965020265
578,"rs4639533",-0.138438437658637,0.0107098451119141,0.0370661386391805,0.0477759837510946,-0.0906624539075427,17,0.860186133794544,"",0.87071685298731,1.04893565037325,0.913325948479193
578,"rs2515029",0.14124643085485,0.00894396529230177,-0.011249679489844,-0.00230571419754228,0.138940716657307,17,0.860186133794544,"",1.15170842950987,0.99769694191963,1.14905597810506
579,"rs929708",-0.304070497901897,0.0529507439793943,0.0701733975612425,0.123124141540637,-0.180946356361261,17,0.858604481891776,"",0.737808850641138,1.13102481939625,0.834480122045346
579,"rs11719939",-0.183434748847891,0.0856335596015046,0.0801400478567977,0.165773607458302,-0.017661141389589,17,0.858604481891776,"",0.832406189428743,1.18030585903013,0.982493902475693
579,"rs4639533",0.26900237933942,0.111053604368621,0.0521021878849495,0.163155792253571,0.432158171592991,17,0.858604481891776,"",1.30865825478494,1.17722007717169,1.5405787716893
579,"rs2515029",0.132150404155015,-0.0161960304337544,-0.0521022423660747,-0.0682982727998291,0.0638521313551854,17,0.858604481891776,"",1.14127995960716,0.933981850644877,1.06593476877781
580,"rs929708",-0.142569057501334,0.0660809743288088,0.0665367363611616,0.13261771068997,-0.0099513468113637,17,0.852821149630703,"",0.867127670554302,1.14181341182365,0.990098004002298
580,"rs11719939",-0.0665397391558515,0.0846343745494812,0.0718657309718868,0.156500105521368,0.0899603663655165,17,0.852821149630703,"",0.935625734140683,1.16941088571687,1.09413091846096
580,"rs4639533",-0.10815644888259,0.0585078632406919,0.0288671782508483,0.0873750414915401,-0.0207814073910502,17,0.852821149630703,"",0.897487174580698,1.09130588796639,0.97943303799424
580,"rs2515029",0.0422977644952915,0.0510738402700548,-0.0305168600586267,0.0205569802114281,0.0628547447067195,17,0.852821149630703,"",1.0432050619369,1.02076973026119,1.06487214968043
581,"rs929708",0.150244294000982,0.0587856840382919,0.0778494281365272,0.136635112174819,0.286879406175801,16,0.853503194117821,"",1.16211810653562,1.14640976122829,1.33226354103256
581,"rs11719939",0.250572528513785,0.0832606416754107,0.0745865789885806,0.157847220663991,0.408419749177776,16,0.853503194117821,"",1.28476076833603,1.17098727838179,1.5044385154855
581,"rs4639533",0.0873646516002645,-0.00386993939680084,-0.0595528683428783,-0.0634228077396791,0.0239418438605854,16,0.853503194117821,"",1.09129454947577,0.938546565035274,1.0242307508522
581,"rs2515029",0.031286644137578,0.0305113145749645,0.0353073485971421,0.0658186631721066,0.0971053073096846,16,0.853503194117821,"",1.03178121553919,1.06803302588384,1.10197641368243
582,"rs929708",-0.272832808813143,-0.00771617157868922,0.0517089465306306,0.0439927749519413,-0.228840033861202,17,0.855287935458903,"",0.761220046273371,1.04497480486798,0.795455769316114
582,"rs11719939",-0.138613670225607,-0.00721891900540664,0.0354605016032597,0.028241582597853,-0.110372087627754,17,0.855287935458903,"",0.870564288405589,1.0286441569346,0.895500868504335
582,"rs4639533",-0.184714487708268,0.0834510037039941,0.0728673179748992,0.156318321678893,-0.0283961660293752,17,0.855287935458903,"",0.831341608218776,1.16919832503327,0.972003215859858
582,"rs2515029",0.0673278805941989,-0.0438737780637833,-0.0720741913526114,-0.115947969416395,-0.0486200888221958,17,0.855287935458903,"",1.06964613689531,0.890521556448387,0.952542942677017
583,"rs929708",0.0736606091380058,0.0582246170747141,0.0934935061896828,0.151718123264397,0.225378732402403,16,0.85065443272141,"",1.0764414091159,1.16383213298948,1.25279710120957
583,"rs11719939",0.42325217925319,0.0449901078166647,0.114619391091742,0.159609498908406,0.582861678161596,16,0.85065443272141,"",1.52691930478876,1.17305270317903,1.7911568180187
583,"rs4639533",-0.260358171881079,0.102706671690373,0.0938445452552156,0.196551216945588,-0.0638069549354909,16,0.85065443272141,"",0.77077546625875,1.2171976604281,0.938186094245532
583,"rs2515029",-0.0959286414009712,0.035511549097043,-0.0200816189644685,0.0154299301325745,-0.0804987112683967,16,0.85065443272141,"",0.908528845101188,1.01554958614032,0.922656092639056
584,"rs929708",-0.0633807978439077,0.0846113789962256,0.127319069785549,0.211930448781774,0.148549650937866,16,0.851196766403597,"",0.938585994106848,1.23606191247697,1.16015039889981
584,"rs11719939",0.204100822637021,0.0861851120762751,0.141284948384474,0.227470060460749,0.43157088309777,16,0.851196766403597,"",1.22642179830281,1.25541985249951,1.5396742731275
584,"rs4639533",-0.165405684002604,0.209364477993834,0.131718083762543,0.341082561756377,0.175676877753773,16,0.851196766403597,"",0.84754979693979,1.40646935664912,1.19205281763
584,"rs2515029",-0.138382114735106,-0.0297963056747411,-0.114063944659143,-0.143860250333884,-0.28224236506899,16,0.851196766403597,"",0.870765895687139,0.866008764038665,0.75409089709104
585,"rs929708",0.0504946910079717,0.0324960769432229,-0.00818912778547773,0.0243069491577452,0.0748016401657169,17,0.858187529373243,"",1.05179127938866,1.0246047711991,1.07767036316723
585,"rs11719939",0.143897334514769,0.0239509088569034,0.00513325179106009,0.0290841606479634,0.172981495162733,17,0.858187529373243,"",1.15476554787367,1.02951123516185,1.18884410551377
585,"rs4639533",-0.163825949317728,0.080522507087983,0.0452100887878309,0.125732595875814,-0.0380933534419138,17,0.858187529373243,"",0.848889758864677,1.13397889710302,0.962623072519419
585,"rs2515029",-0.00477919955606119,0.0192593130473205,-0.071293644297737,-0.0520343312504165,-0.0568135308064777,17,0.858187529373243,"",0.995232202646438,0.949296275755284,0.944770223483992
586,"rs929708",-0.387829705736901,0.120374369760504,0.0733471514815293,0.193721521242034,-0.194108184494868,16,0.854801506173666,"",0.678527882831761,1.21375823000377,0.823568802074085
586,"rs11719939",-0.263102831138887,0.0704071640774742,0.0491877888883461,0.11959495296582,-0.143507878173067,16,0.854801506173666,"",0.768662850770642,1.12704025480142,0.866313975188934
586,"rs4639533",-0.228723620229182,0.102593571043116,0.0999416838287068,0.202535254871823,-0.0261883653573596,16,0.854801506173666,"",0.795548376601602,1.22450325406622,0.974151575915761
586,"rs2515029",-0.0606091388747351,-0.0156628047796229,0.0311006421192986,0.0154378373396756,-0.0451713015350594,16,0.854801506173666,"",0.941191042881469,1.01555761633297,0.955833732022646
587,"rs929708",-0.371503368757176,0.0635012583371643,0.0628843134749361,0.1263855718121,-0.245117796945076,17,0.859203471976405,"",0.689696682404566,1.1347195998393,0.782612343468604
587,"rs11719939",-0.17608215869231,0.034587572024407,0.0785918382303366,0.113179410254744,-0.0629027484375662,17,0.859203471976405,"",0.838549086410495,1.11983282441935,0.939034791849331
587,"rs4639533",-0.0665029892146071,0.102318223191782,0.016378876128629,0.118697099320411,0.0521941101058037,17,0.859203471976405,"",0.935660118963256,1.12602879174097,1.05358023323641
587,"rs2515029",-0.0157990877550552,-0.0137375764112053,-0.0231339656523863,-0.0368715420635916,-0.0526706298186469,17,0.859203471976405,"",0.984325063148308,0.96379993514813,0.948692432027018
588,"rs929708",-0.0990564273796853,0.0633235298227584,-0.0152162407874063,0.0481072890353521,-0.0509491383443332,17,0.857194806878506,"",0.905691600777803,1.04928322587068,0.950327004508118
588,"rs11719939",0.246812673089997,0.0128808622572488,-0.0270125883753826,-0.0141317261181338,0.232680946971863,17,0.857194806878506,"",1.27993932324104,0.985967658016148,1.26197877693874
588,"rs4639533",-0.105429796354307,0.150759021269863,0.0249735242658875,0.17573254553575,0.0703027491814432,17,0.857194806878506,"",0.899937649533034,1.19211917841341,1.07283293138462
588,"rs2515029",0.0721037156088144,0.0497474477146055,0.00533580218787546,0.055083249902481,0.127186965511295,17,0.857194806878506,"",1.07476680837728,1.05662857523994,1.13562932145086
589,"rs929708",-0.176838006601989,0.00566017983667323,0.0701680484167315,0.0758282282534047,-0.101009778348584,17,0.858035519914215,"",0.837915510310118,1.07877725478818,0.903924193956787
589,"rs11719939",-0.0804610293053914,0.00408241225168762,0.0648670673313726,0.0689494795830602,-0.0115115497223312,17,0.858035519914215,"",0.922690860786867,1.07138208111163,0.988554454652518
589,"rs4639533",-0.277595666781403,-0.0311139029754062,0.0954869236211707,0.0643730206457644,-0.213222646135638,17,0.858035519914215,"",0.757603083687425,1.06649014741615,0.807976224404734
589,"rs2515029",0.0013558274237358,0.0981722986984982,-0.0245837885562999,0.0735885101421982,0.074944337565934,17,0.858035519914215,"",1.00135674697327,1.07636380156901,1.07782415489893
590,"rs929708",-0.427496664660857,0.0693686821611098,0.0836085632563496,0.152977245417459,-0.274519419243397,16,0.850062102885352,"",0.65213957709917,1.165298462761,0.759937246699273
590,"rs11719939",-0.303738307828487,0.0522227520568442,0.0460524237784082,0.0982751758352523,-0.205463131993235,16,0.850062102885352,"",0.738053984130598,1.10326633557711,0.814270114529854
590,"rs4639533",0.0291777727255658,0.0837723314748882,0.0218167182235782,0.105589049698466,0.134766822424032,16,0.850062102885352,"",1.02960761435854,1.11136506684059,1.14426993515117
590,"rs2515029",-0.0362468336509563,0.0418898968244965,-0.0467025192605396,-0.00481262243604309,-0.0410594560869994,16,0.850062102885352,"",0.964402217181453,0.99519893967585,0.959772063960021
591,"rs929708",-0.229874181428023,0.0249120384315857,-0.00461961396618007,0.0202924244654056,-0.209581756962618,17,0.859192259863654,"",0.79463357587571,1.02049971548223,0.810923338093793
591,"rs11719939",-0.0190486517251101,-0.00659570009066313,-0.0165566997456673,-0.0231523998363304,-0.0422010515614405,17,0.859192259863654,"",0.981131627335393,0.977113560478929,0.958677017684172
591,"rs4639533",-0.327636256287122,0.0395480919389239,0.0153120499564839,0.0548601418954078,-0.272776114391714,17,0.859192259863654,"",0.720625094885919,1.05639285924034,0.761263204426877
591,"rs2515029",0.15570213354349,-0.0574123430788589,-0.0554226180507482,-0.112834961129607,0.0428671724138829,17,0.859192259863654,"",1.16847810081705,0.893298076856463,1.04379924030876
592,"rs929708",-0.181986590632911,-0.0119328249846621,0.150183813910834,0.138250988926172,-0.0437356017067387,17,0.862117817065042,"",0.833612518557061,1.14826371558645,0.957207007917711
592,"rs11719939",-0.0349443557901171,-0.0171502860048798,0.134115383046108,0.116965097041228,0.0820207412511107,17,0.862117817065042,"",0.965659148102932,1.12408019528113,1.08547832377455
592,"rs4639533",-0.338665620306711,0.0663742942806641,0.112154402238451,0.178528696519115,-0.160136923787596,17,0.862117817065042,"",0.712720728587685,1.19545718824131,0.852027118198734
592,"rs2515029",0.176994551831054,0.00612860345364292,-0.0856746787031714,-0.0795460752495285,0.0974484765815258,17,0.862117817065042,"",1.193624590041,0.923535466861207,1.10235464302053
593,"rs929708",-0.188540794488196,0.065142828099624,0.0258714522119908,0.0910142803116148,-0.0975265141765808,16,0.851418542431,"",0.828166718112113,1.09528464615284,0.907078290802985
593,"rs11719939",-0.059568127134244,0.036632368221106,0.0433649958428721,0.0799973640639782,0.0204292369297342,16,0.851418542431,"",0.942171343971096,1.08328421220332,1.02063934211427
593,"rs4639533",-0.429818587097756,0.075913145869993,0.0680501578516875,0.143963303721681,-0.285855283376076,16,0.851418542431,"",0.650627116171109,1.15484172935382,0.751371344003535
593,"rs2515029",0.0202893089324034,-0.00370234465684883,-0.0216409925300641,-0.0253433371869129,-0.00505402825450945,16,0.851418542431,"",1.02049653608664,0.974975109345163,0.994958721857437
594,"rs929708",-0.155007252337274,-0.0412811670008844,0.0247070350214127,-0.0165741319794717,-0.171581384316746,17,0.857424690425714,"",0.856408966494422,0.983562463255662,0.842331712639489
594,"rs11719939",-0.0672792989201683,-0.00777158612900426,0.0428408778073374,0.0350692916783331,-0.0322100072418352,17,0.857424690425714,"",0.934934038799802,1.0356914711136,0.968303210038744
594,"rs4639533",-0.511973611281274,0.0146610776289419,0.0780773954649255,0.0927384730938674,-0.419235138187406,17,0.857424690425714,"",0.599311602702184,1.09717475702376,0.657549562076289
594,"rs2515029",-0.170303507200422,-0.0320707040726109,9.90729632537562e-05,-0.0319716311093572,-0.202275138309779,17,0.857424690425714,"",0.843408797103649,0.968534057926239,0.816870144749485
595,"rs929708",-0.286983660528419,0.0491791427359054,0.0642972497957544,0.11347639253166,-0.173507267996759,17,0.861350593440908,"",0.750523991902318,1.12016544430997,0.840711040854556
595,"rs11719939",-0.0906802035906399,0.101443106579709,0.140274819204124,0.241717925783833,0.151037722193193,17,0.861350593440908,"",0.913309737376914,1.2734349389882,1.1630405296939
595,"rs4639533",-0.039321511737356,0.0422425755650646,0.0469294401557088,0.0891720157207734,0.0498505039834174,17,0.861350593440908,"",0.961441544707627,1.09326869955602,1.05111394728164
595,"rs2515029",0.0514361278936561,-0.0136011507048396,-0.100467412870996,-0.114068563575836,-0.0626324356821797,17,0.861350593440908,"",1.05278194074452,0.892196781583573,0.939288659241571
596,"rs929708",-0.0502891311200607,0.0612189363348745,0.0604223423705588,0.121641278705433,0.0713521475853726,17,0.860361973204211,"",0.950954434227812,1.12934890760662,1.07395935147885
596,"rs11719939",0.29615814806203,0.0678134422434905,0.0705686707685051,0.138382113011996,0.434540261074025,17,0.860361973204211,"",1.34468279899584,1.14841429048823,1.54425294254053
596,"rs4639533",-0.0920454766385863,0.132923957951756,0.106120453595597,0.239044411547353,0.146998934908766,17,0.860361973204211,"",0.912063671012011,1.27003493954821,1.15835272927786
596,"rs2515029",0.00489336801488256,-0.000193198517504648,-0.0592025302227057,-0.0593957287402104,-0.0545023607253278,17,0.860361973204211,"",1.00490536009272,0.94233378679974,0.946956273351527
597,"rs929708",-0.168139193084191,-0.0382975448240789,0.0543114782673581,0.0160139334432792,-0.152125259640912,17,0.854040860290272,"",0.845236175466041,1.01614284367613,0.858880690916002
597,"rs11719939",-0.0467337391285558,0.0119620145876875,0.0635762938315433,0.0755383084192308,0.028804569290675,17,0.854040860290272,"",0.954341467555232,1.07846454119849,1.02922343295365
597,"rs4639533",-0.285213234481004,0.0828951083352145,0.134260087059146,0.21715519539436,-0.068058039086644,17,0.854040860290272,"",0.751853916045587,1.24253692318271,0.934206251526154
597,"rs2515029",-0.148635613143268,0.00536481451959105,-0.0095259011702454,-0.00416108665065435,-0.152796699793922,17,0.854040860290272,"",0.86188311656616,0.99584755867493,0.85830419749555
598,"rs929708",-0.267912717819452,-0.00187291669449972,0.117690622439764,0.115817705745264,-0.152095012074188,17,0.862013939952319,"",0.764974546835604,1.12279117509579,0.858906670359915
598,"rs11719939",-0.0733083552398754,-0.0142421960451505,0.10685720248542,0.0926150064402699,0.0193066512003944,17,0.862013939952319,"",0.929314226928916,1.09703930089043,1.01949422981763
598,"rs4639533",-0.0243556100919722,0.0304500013563666,0.0677377955679709,0.0981877969243375,0.0738321868323653,17,0.862013939952319,"",0.975938594429386,1.1031699375779,1.07662611829653
598,"rs2515029",0.187399088815135,0.0184026041858124,-0.0413456666170116,-0.0229430624311993,0.164456026383936,17,0.862013939952319,"",1.20610853343865,0.9773181283073,1.17875173443572
599,"rs929708",-0.438214447945473,0.0659637324697689,0.0221101610179122,0.0880738934876811,-0.350140554457792,17,0.857398772194613,"",0.645187408906535,1.09206881582038,0.704589049626777
599,"rs11719939",-0.344446122389635,0.0728953760170072,0.0359443708409648,0.108839746857972,-0.235606375531663,17,0.857398772194613,"",0.708612729518914,1.11498365638945,0.790091612123108
599,"rs4639533",-0.516806423983272,0.0710238746301524,0.0637641737098195,0.134788048339972,-0.3820183756433,17,0.857398772194613,"",0.596422229499647,1.14429422358639,0.682482512034965
599,"rs2515029",-0.0820695397185894,0.0294352488289651,-0.0324686223307117,-0.00303337350174666,-0.085102913220336,17,0.857398772194613,"",0.921207895931076,0.996971222527322,0.918417762208226
600,"rs929708",0.0197912767250915,0.0615947557361917,0.0664339812640578,0.12802873700025,0.147820013725341,17,0.861141803120998,"",1.0199884224832,1.13658566429028,1.15930421873646
600,"rs11719939",0.0964793300589464,0.0432664508214736,0.0724936899954065,0.11576014081688,0.212239470875826,17,0.861141803120998,"",1.10128681737493,1.12272654356247,1.23644394194228
600,"rs4639533",-0.122231006041294,0.0531709345237195,0.0778075641125845,0.130978498636304,0.00874749259500986,17,0.861141803120998,"",0.884943917497679,1.13994327071363,1.00878586371044
600,"rs2515029",0.0356547960562975,0.000633775992942654,-0.00643933464135651,-0.00580555864841385,0.0298492374078836,17,0.861141803120998,"",1.03629805056429,0.994211261042222,1.03029919166712
601,"rs929708",-0.110273646462749,0.0385688082110542,0.0367876212144676,0.0753564294255218,-0.0349172170372275,17,0.856556919954809,"",0.895589026992234,1.07826840898969,0.965685355243541
601,"rs11719939",0.223266937745751,-0.00290710418946293,-0.00170364442859485,-0.00461074861805779,0.218656189127693,17,0.856556919954809,"",1.25015424255495,0.995399864565512,1.2444033637252
601,"rs4639533",-0.22291831478885,-0.0502010673396784,0.0316916981972599,-0.0185093691424185,-0.241427683931268,17,0.856556919954809,"",0.800180209514409,0.98166087722814,0.785505606412512
601,"rs2515029",0.177562168904953,0.0268648565395304,-0.0833946546685512,-0.0565297981290208,0.121032370775932,17,0.856556919954809,"",1.19430230406096,0.94503832370168,1.12866144742282
602,"rs929708",-0.121999586020432,-0.00347418935657298,-0.0121504264318017,-0.0156246157883747,-0.137624201808806,17,0.859980511090494,"",0.885148734936042,0.984496815260457,0.871426110576356
602,"rs11719939",0.130055825583101,-0.0232994074600235,0.00264908377859357,-0.02065032368143,0.109405501901671,17,0.859980511090494,"",1.13889196085778,0.979561434125321,1.11561464249165
602,"rs4639533",0.141059742559963,0.107560323449823,0.086701302239199,0.194261625689022,0.335321368248986,17,0.859980511090494,"",1.15149343909568,1.21441396328766,1.39838971107192
602,"rs2515029",0.200594382686971,-0.030609104998644,-0.0761608685113003,-0.106769973509944,0.0938244091770268,17,0.859980511090494,"",1.22212895461136,0.89873238147039,1.09836686584178
603,"rs929708",-0.278684528581973,0.0964146012529828,0.0892371440340622,0.185651745287045,-0.0930327832949279,17,0.857543907991566,"",0.756778607581332,1.20400288767756,0.911163628860529
603,"rs11719939",-0.0280129700342739,0.0742688507843682,0.0836625180784207,0.157931368862789,0.129918398828515,17,0.857543907991566,"",0.97237575497259,1.17108581899803,1.13873545738591
603,"rs4639533",-0.245706707420963,0.12749293029421,0.107110914045065,0.234603844339275,-0.0111028630816882,17,0.857543907991566,"",0.782151590545405,1.2644077672077,0.98895854621947
603,"rs2515029",0.0548975728133669,-0.0742426477250813,-0.109047890427244,-0.183290538152326,-0.128392965338959,17,0.857543907991566,"",1.05643240173484,0.83252623996039,0.879507695188629
604,"rs929708",-0.493597920716347,0.035292065436328,0.0402794913206691,0.0755715567569971,-0.41802636395935,16,0.851111192112229,"",0.610426173472732,1.07850039894793,0.658344871618598
604,"rs11719939",-0.258616639386144,0.0115838791377211,0.0437346793094239,0.0553185584471451,-0.203298080938999,16,0.851111192112229,"",0.772118966314478,1.05687723822734,0.816034960701396
604,"rs4639533",-0.073589473134441,0.038790111144082,0.111516611579551,0.150306722723632,0.0767172495891915,16,0.851111192112229,"",0.929053016787195,1.16219065834921,1.07973673722123
604,"rs2515029",0.0698544375640907,0.0339617292255518,-0.033238077556614,0.000723651668937751,0.0705780892330285,16,0.851111192112229,"",1.07235207571265,1.00072391356798,1.0731283659299
605,"rs929708",-0.125668687046451,-0.00315545727795773,0.0608376626319954,0.0576822053540377,-0.0679864816924133,16,0.853455267078892,"",0.88190698559421,1.05937827746487,0.934273103283027
605,"rs11719939",0.11297092683624,-0.00317212176907193,0.0702266419162486,0.0670545201471767,0.180025446983416,16,0.853455267078892,"",1.11959938217923,1.06935377791069,1.19724782907983
605,"rs4639533",-0.125060540521924,0.0350790965397738,0.0763886886333745,0.111467785173148,-0.0135927553487758,16,0.853455267078892,"",0.882443477378728,1.11791772989934,0.986499208995704
605,"rs2515029",0.353768858771544,-0.0303366195693611,-0.0474740384527116,-0.0778106580220727,0.275958200749472,16,0.853455267078892,"",1.42442590487258,0.925139577718785,1.31779278012552
606,"rs929708",-0.104569951346707,0.0981495789367022,0.110698452225933,0.208848031162635,0.104278079815928,17,0.861526106906493,"",0.900711789200505,1.23225771952736,1.10990905531162
606,"rs11719939",-0.000190298944298967,0.0947249824401543,0.125659207694831,0.220384190134985,0.220193891190686,17,0.861526106906493,"",0.999809719161397,1.24655555294823,1.24631835731225
606,"rs4639533",-0.153931098514492,0.0188253291843119,0.048406720339609,0.0672320495239209,-0.0866990489905713,17,0.861526106906493,"",0.857331090362149,1.06954363647264,0.916953012046982
606,"rs2515029",-0.000549030580047814,0.0573287657870309,-0.070397686384285,-0.0130689205972541,-0.0136179511773019,17,0.861526106906493,"",0.999451120109662,0.987016106936457,0.98647435364392
607,"rs929708",-0.232987032636987,0.132017385107436,0.0700232141650093,0.202040599272446,-0.0309464333645412,17,0.855528811593045,"",0.792163845733866,1.22389769645872,0.969527506011559
607,"rs11719939",0.0685710959471804,0.125855214212136,0.0646854286450521,0.190540642857188,0.259111738804368,17,0.855528811593045,"",1.07097676435182,1.20990354657526,1.29577858548896
607,"rs4639533",0.169977426971719,0.0422096273240854,0.0511163825078882,0.0933260098319736,0.263303436803693,17,0.855528811593045,"",1.18527809570241,1.09781957691077,1.30122149754563
607,"rs2515029",-0.154105255266257,-0.0711767981305134,-0.163912763006275,-0.235089561136788,-0.389194816403045,17,0.855528811593045,"",0.857181793365182,0.790500048375299,0.677602249121602
608,"rs929708",0.19027321248559,0.0806324667505786,0.0821010649205351,0.162733531671114,0.353006744156704,17,0.8582021525546,"",1.20958002488189,1.17672308847298,1.42334074263424
608,"rs11719939",0.201072355796256,0.0871820137963525,0.0716910402635856,0.158873054059938,0.359945409856194,17,0.8582021525546,"",1.22271323901273,1.17218913258388,1.43325117103716
608,"rs4639533",-0.250151265328421,0.0584255207831114,0.0578990270913562,0.116324547874468,-0.133826717453953,17,0.8582021525546,"",0.778682986424678,1.12336039720631,0.874741628927823
608,"rs2515029",0.122071567498809,0.0533288445903353,-0.0373437547652121,0.0159850898251232,0.138056657323932,17,0.8582021525546,"",1.12983495834897,1.01611353486265,1.14804059333936
609,"rs929708",-0.134021028378858,0.00174553641631836,0.0478717924423673,0.0496173288586856,-0.0844036995201727,17,0.858882420507642,"",0.874571673585477,1.05086888222852,0.919060157049501
609,"rs11719939",0.0106690664472102,0.0502788658156809,0.0942547739779087,0.14453363979359,0.1552027062408,17,0.858882420507642,"",1.01072618388582,1.15550056511046,1.16789467665201
609,"rs4639533",-0.16121892053411,0.0923640914465673,0.117187390006312,0.209551481452879,0.0483325609187692,17,0.858882420507642,"",0.851105726190369,1.23312485653595,1.04951962650542
609,"rs2515029",0.157525237210702,0.0443102305790765,-0.0901746106574479,-0.0458643800783714,0.111660857132331,17,0.858882420507642,"",1.17061030054771,0.955171493690106,1.11813358930318
610,"rs929708",-0.292307602921124,0.153882089609971,0.0675588340103893,0.22144092362036,-0.0708666793007636,17,0.85726947500716,"",0.74653886311612,1.247873526193,0.931586083556823
610,"rs11719939",-0.0295012912519069,0.123410227195836,0.0360079754079557,0.159418202603792,0.129916911351885,17,0.85726947500716,"",0.970929623925657,1.17282832399393,1.13873376354479
610,"rs4639533",-0.224074013930614,0.127516436367344,0.0368376529895149,0.164354089356858,-0.0597199245737553,17,0.85726947500716,"",0.799255976103766,1.17863158211234,0.942028335627925
610,"rs2515029",-0.116620077901666,-0.0110072480385712,-0.0358155208474537,-0.0468227688860249,-0.163442846787691,17,0.85726947500716,"",0.889923230446496,0.954256506547917,0.84921503298171
611,"rs929708",-0.0524631341925366,0.0587121197067381,0.0169403213009591,0.0756524410076972,0.0231893068151606,17,0.8583515274515,"",0.948889301981308,1.07858763617259,1.02346026921347
611,"rs11719939",0.184421763684024,0.0663447156703856,0.0125760716253869,0.0789207872957725,0.263342550979796,17,0.8583515274515,"",1.20252289664319,1.08211860113458,1.30127239474783
611,"rs4639533",-0.190148560692915,0.095244257874809,-0.00148497506780348,0.0937592828070056,-0.0963892778859091,17,0.8583515274515,"",0.826836289446569,1.09829533552414,0.908110439941255
611,"rs2515029",0.127625132786099,-0.0179991374734177,-0.0935583145507097,-0.111557452024127,0.0160676807619717,17,0.8583515274515,"",1.13612702608681,0.894440002538478,1.01619746009712
612,"rs929708",0.248186080721479,0.0687231087308335,-0.00172588961012213,0.0669972191207114,0.31518329984219,16,0.853356598188362,"",1.28169840937006,1.06929250459709,1.37051050229342
612,"rs11719939",0.474667435649006,0.0803329071937012,0.0272300717538525,0.107562978947554,0.58223041459656,16,0.853356598188362,"",1.60747951820037,1.11356098943735,1.79002648278748
612,"rs4639533",-0.40651885947131,0.0998724671430687,-0.0542105172821111,0.0456619498609576,-0.360856909610352,16,0.853356598188362,"",0.665964535758574,1.04672050712871,0.697078736598954
612,"rs2515029",-0.16315621916103,0.0377000518972538,-0.054224125968545,-0.0165240740712911,-0.179680293232321,16,0.853356598188362,"",0.849458476358271,0.98361169956746,0.835537295642744
613,"rs929708",-0.0378928502077586,0.0465368564904204,0.084552093415786,0.131088949906206,0.0931960996984477,16,0.853175978785947,"",0.962816100909493,1.14006918584911,1.0976769682863
613,"rs11719939",0.150561731230674,0.0456629074392595,0.0736403220875882,0.119303229526848,0.269864960757522,16,0.853175978785947,"",1.16248706464535,1.12671151869478,1.3097875660696
613,"rs4639533",-0.419920277845054,0.0662432465142258,0.064588861151477,0.130832107665703,-0.289088170179351,16,0.853175978785947,"",0.657099203091459,1.13977640552588,0.7489461677735
613,"rs2515029",0.00127801187640565,0.00559227794380518,-0.0615456339179374,-0.0559533559741322,-0.0546753440977266,16,0.853175978785947,"",1.00127882888159,0.945583240670914,0.946792479829035
614,"rs929708",-0.130175421766374,0.11651155398738,0.0522139815460419,0.168725535533422,0.0385501137670483,16,0.850149033026912,"",0.87794140737896,1.18379518461792,1.03930281043189
614,"rs11719939",0.140668183601088,0.117299077080014,0.0970646083970272,0.214363685477041,0.355031869078128,16,0.850149033026912,"",1.15104264978457,1.239073205789,1.42622610606843
614,"rs4639533",-0.198600434878804,0.236367144511878,0.0943913940692218,0.3307585385811,0.132158103702295,16,0.850149033026912,"",0.819877422315602,1.39202363172366,1.14128874698
614,"rs2515029",0.00246994723062735,-0.0492404318317362,-0.0687994514626304,-0.118039883294367,-0.115569936063739,16,0.850149033026912,"",1.00247300006322,0.888660609195153,0.89085826693787
615,"rs929708",-0.167281957810642,-0.00197539379707125,0.0225773770439457,0.0206019832468745,-0.146679974563767,16,0.85159661155456,"",0.845961052380771,1.02081566903122,0.863570297660434
615,"rs11719939",0.0753782537295393,-0.00986726100636329,0.035288486988053,0.0254212259816897,0.100799479711229,16,0.85159661155456,"",1.07829194170405,1.0257471008669,1.10605483309107
615,"rs4639533",0.0279258528091848,0.108935667910059,0.0466205756853481,0.155556243595407,0.183482096404592,16,0.85159661155456,"",1.02831943459727,1.16830764404185,1.20139345595678
615,"rs2515029",-0.0953753619528585,-0.0198299055541385,0.0156014436133876,-0.0042284619407509,-0.0996038238936094,16,0.85159661155456,"",0.909031654523433,0.995780465417011,0.90519596402014
616,"rs929708",-0.13189371088346,0.122400811239578,0.0608553924030643,0.183256203642643,0.0513624927591832,17,0.858369412840757,"",0.876434145539881,1.2011221005206,1.05270442185884
616,"rs11719939",-0.00482680593644896,0.103317789690648,0.0693767475945352,0.172694537285183,0.167867731348734,17,0.858369412840757,"",0.995184824371388,1.18850300627542,1.18278015556507
616,"rs4639533",-0.371513346635712,0.116995897491389,0.102743372488861,0.21973926998025,-0.151774076655461,17,0.858369412840757,"",0.689689800729175,1.24575188332736,0.859182368170043
616,"rs2515029",0.00500791323100582,-0.0646353699444271,-0.0311858109891706,-0.0958211809335977,-0.0908132677025919,17,0.858369412840757,"",1.00502047378711,0.908626481281426,0.913188216712972
617,"rs929708",-0.0049905889080759,0.0521987874233336,0.0633407256139542,0.115539513037288,0.110548924129212,16,0.851113739732912,"",0.995021843390653,1.12247886622133,1.1168909906346
617,"rs11719939",0.102091609649181,0.00563075691226786,0.0430449257798412,0.048675682692109,0.15076729234129,16,0.851113739732912,"",1.10748492338619,1.0498798013292,1.16272605133978
617,"rs4639533",-0.0457534422656326,0.0744895543638316,0.0409181698156702,0.115407724179502,0.0696542819138692,16,0.851113739732912,"",0.955277464204367,1.12233094576101,1.07213745986467
617,"rs2515029",-0.212408577670852,0.0616005061890377,-0.0213043380281476,0.04029616816089,-0.172112409509962,16,0.851113739732912,"",0.808634240167921,1.04111907485738,0.841884532021628
618,"rs929708",0.011295747970599,0.0887370610415622,0.0264253735488209,0.115162434590383,0.126458182560982,17,0.856502609915846,"",1.01135978582305,1.12205568342535,1.13480199567059
618,"rs11719939",0.145897296879735,0.049837459285707,0.018730548873995,0.068568008159702,0.214465305039437,17,0.856502609915846,"",1.15707734649433,1.07097345740828,1.23919912626383
618,"rs4639533",-0.103509570083673,0.0710533677451515,0.0932359140846236,0.164289281829775,0.060779711746102,17,0.856502609915846,"",0.901667393668162,1.17855520038924,1.06266479582903
618,"rs2515029",-0.140045329744714,0.0259350948214644,-0.105219739860039,-0.0792846450385747,-0.219329974783288,17,0.856502609915846,"",0.86931882850509,0.923776938495747,0.803056685973141
619,"rs929708",-0.0166194740332519,0.0764180434215074,0.00498527909259521,0.0814033225141026,0.0647838484808507,17,0.858028272859602,"",0.983517867524595,1.08480833597163,1.06692838126773
619,"rs11719939",0.0659739971952334,0.0702331133728791,0.00699573401656217,0.0772288473894413,0.143202844584675,17,0.858028272859602,"",1.06819894063636,1.08028926948594,1.1539638532457
619,"rs4639533",-0.189527061256574,0.0632307262993534,0.00938291326902092,0.0726136395683744,-0.1169134216882,17,0.858028272859602,"",0.827350327455026,1.07531499747932,0.889662215281812
619,"rs2515029",0.0863053988307967,-0.0379371267103065,-0.0583109843302595,-0.096248111040566,-0.0099427122097693,17,0.858028272859602,"",1.09013920471103,0.908238644076159,0.990106553141011
620,"rs929708",-0.0715582430889692,0.126735003870587,0.0305103230590307,0.157245326929618,0.0856870838406486,16,0.85334982949904,"",0.930942055074895,1.17028268054369,1.0894653636439
620,"rs11719939",0.13393034719332,0.0741049018207102,0.02175197188858,0.0958568737092902,0.22978722090261,16,0.85334982949904,"",1.14331318189915,1.10060152770625,1.25833223464489
620,"rs4639533",0.0629764075554655,0.154621954254627,0.0355878018918552,0.190209756146483,0.253186163701948,16,0.85334982949904,"",1.06500171294107,1.20950327179692,1.28812305627154
620,"rs2515029",0.239836180787182,-0.041145886990118,0.005025038966594,-0.036120848023524,0.203715332763658,16,0.85334982949904,"",1.27104091234346,0.964523725653882,1.22594911623202
621,"rs929708",0.14677137471829,-0.0242996695165962,0.0509645285629974,0.0266648590464012,0.173436233764691,17,0.859140855971021,"",1.15808916429973,1.02702354742863,1.18938484175777
621,"rs11719939",0.108279220804867,-0.0454664175319884,0.0724383939780885,0.0269719764461001,0.135251197250967,17,0.859140855971021,"",1.11435885412659,1.0273390126699,1.14482432495837
621,"rs4639533",-0.176724838439709,-0.0114799682086282,0.0740385300656829,0.0625585618570547,-0.114166276582655,17,0.859140855971021,"",0.838010341034373,1.06455679951557,0.892109606612504
621,"rs2515029",0.101608280696144,-0.0430694812863206,-0.0757985176361986,-0.118867998922519,-0.0172597182263748,17,0.859140855971021,"",1.10694977319488,0.887925000083295,0.982888377456264
622,"rs929708",-0.225909087414035,0.0613127241737417,0.0283347274190507,0.0896474515927924,-0.136261635821242,17,0.852997158105264,"",0.797790627577877,1.09378860229396,0.872614295461628
622,"rs11719939",0.0299961600316823,0.0634980238287093,0.00694375931476408,0.0704417831434734,0.100437943175156,17,0.852997158105264,"",1.03045057704835,1.07298210196732,1.10565502613477
622,"rs4639533",0.0602094035301093,0.0330817510872611,0.0834464753415583,0.116528226428819,0.176737629958929,17,0.852997158105264,"",1.06205892214891,1.12358922493089,1.19331796116823
622,"rs2515029",0.0699637149399912,0.0299204407607392,-0.101648495925567,-0.0717280551648273,-0.00176434022483614,17,0.852997158105264,"",1.07246926593653,0.930783983293647,0.998237215308414
623,"rs929708",0.161940171100748,0.0553841395364125,-0.00171675241062388,0.0536673871257886,0.215607558226537,17,0.860756134527604,"",1.17578989300154,1.05513359276623,1.24061541414093
623,"rs11719939",0.269041235809047,0.0299400193950503,-0.00246916755809965,0.0274708518369506,0.296512087645997,17,0.860756134527604,"",1.3087091056126,1.02785165468299,1.3451588197026
623,"rs4639533",0.231481903214544,0.100258675510427,0.0178192931385876,0.118077968649014,0.349559871863559,17,0.860756134527604,"",1.2604665159791,1.12533184855085,1.41844311446321
623,"rs2515029",-0.0192346837800407,-0.0228124426369466,-0.0694987628875234,-0.09231120552447,-0.111545889304511,17,0.860756134527604,"",0.980949122379014,0.911821341547253,0.894450344757234
624,"rs929708",0.170507649994663,0.00730343897145855,-0.0274446723955284,-0.0201412334240699,0.150366416570593,17,0.857406845175803,"",1.18590672407924,0.980060246267348,1.1622600360512
624,"rs11719939",0.386003166446803,-0.0266750597207482,-0.0565908787255022,-0.0832659384462504,0.302737228000553,17,0.857406845175803,"",1.47108932893347,0.920106423008259,1.3535587403706
624,"rs4639533",-0.0307279943816394,0.0204525889422057,0.0301077703857023,0.050560359327908,0.0198323649462686,17,0.857406845175803,"",0.96973931174634,1.05186035102279,1.0200303328541
624,"rs2515029",-0.260485961933198,-0.0735195893445095,-0.0160172595397779,-0.0895368488842875,-0.350022810817485,17,0.857406845175803,"",0.770676975114973,0.914354571557718,0.70467201539065
625,"rs929708",-0.227248636500776,0.0197116069339574,0.0687618082999633,0.0884734152339208,-0.138775221266855,17,0.860085074012673,"",0.796722663326259,1.09250520822901,0.870423659198027
625,"rs11719939",-0.216246232949351,0.0279384374076713,0.0865565947503246,0.114495032157996,-0.101751200791355,17,0.860085074012673,"",0.805536927717832,1.12130707057376,0.90325425265827
625,"rs4639533",0.0223912047185746,0.10832947041616,0.135575220146802,0.243904690562962,0.266295895281537,17,0.860085074012673,"",1.02264376929533,1.27622268862675,1.30512118075748
625,"rs2515029",0.0505489352207027,0.0235222151443799,-0.066578111830198,-0.0430558966858182,0.00749303853488455,17,0.860085074012673,"",1.05184833452601,0.957857847491459,1.00752118159656
626,"rs929708",-0.294924354711407,-0.002891885301816,-0.0159766347690176,-0.0188685200708336,-0.31379287478224,16,0.850634385733046,"",0.744587909902947,0.981308376117035,0.730670352743238
626,"rs11719939",0.0123854606763987,-0.00495496015113033,-0.00190579621488722,-0.00686075636601755,0.00552470431038116,16,0.850634385733046,"",1.01246247813159,0.99316272489252,1.0055399936326
626,"rs4639533",0.0323332054043138,0.0556847879628917,0.0353801111231266,0.0910648990860182,0.123398104490332,16,0.850634385733046,"",1.03286160304236,1.09534008952248,1.13133472074075
626,"rs2515029",-0.0535583462545453,-0.0176714660926618,-0.0473952144692456,-0.0650666805619074,-0.118625026816453,16,0.850634385733046,"",0.947850635855924,0.937004981275594,0.88814076730224
627,"rs929708",-0.144331233525892,-0.00670125285412051,0.0616677425342309,0.0549664896801104,-0.0893647438457814,17,0.859153860886351,"",0.865600984502863,1.05650521025473,0.914511950128898
627,"rs11719939",0.22114336860127,-0.0237636770957339,0.034375118270032,0.0106114411742981,0.231754809775568,17,0.859153860886351,"",1.24750227039934,1.01066794219175,1.26081055250404
627,"rs4639533",-0.213387679094189,0.0540239683043024,0.0857167252298166,0.139740693534119,-0.0736469855600697,17,0.859153860886351,"",0.807842892700348,1.14997556409242,0.928999586231137
627,"rs2515029",0.0574682960920029,-0.0139923534492479,-0.0978620281883709,-0.111854381637619,-0.054386085545616,17,0.859153860886351,"",1.05915169087467,0.894174456240464,0.947066387264024
628,"rs929708",-0.268045758905153,-0.0399030279373263,-0.0129069567849187,-0.052809984722245,-0.320855743627398,16,0.852340013984659,"",0.764872780561057,0.948560236295884,0.725527905465286
628,"rs11719939",-0.0642056696471018,0.0075904142277979,0.0324892194861565,0.0400796337139544,-0.0241260359331474,16,0.852340013984659,"",0.937812100210944,1.04089366112011,0.976162670431313
628,"rs4639533",-0.167642440143948,0.117498580860067,0.00699059964002899,0.124489180500096,-0.0431532596438517,16,0.852340013984659,"",0.845656153325386,1.13256976655547,0.957764592157932
628,"rs2515029",0.108870331985217,0.031468681373114,-0.0625825737568647,-0.0311138923837508,0.077756439601466,16,0.852340013984659,"",1.11501775882797,0.969365163479546,1.08085937206887
629,"rs929708",0.0167653115629059,0.0354577118872785,0.0505559573149643,0.0860136692022427,0.102778980765149,17,0.857893430572321,"",1.01690663808856,1.08982122519005,1.10824643822557
629,"rs11719939",0.0808262671462928,0.0297130094881086,0.0826548513265119,0.11236786081462,0.193194127960913,17,0.857893430572321,"",1.08418252208032,1.11892439338587,1.21311827083828
629,"rs4639533",-0.155051823794699,0.0133165089278764,0.0189150779536056,0.032231586881482,-0.122820236913217,17,0.857893430572321,"",0.856370795949298,1.03275665050462,0.884422634814576
629,"rs2515029",0.0727422128919333,-0.0885222311742658,-0.0570165076196915,-0.145538738793957,-0.0727965259020241,17,0.857893430572321,"",1.07545326319086,0.864556397553078,0.929789998960996
630,"rs929708",0.0324522755627426,0.0572851227000865,0.0382487574008766,0.0955338801009631,0.127986155663706,17,0.858214776146013,"",1.03298459335917,1.10024609785136,1.13653726798399
630,"rs11719939",0.168863573062946,0.0206030647031685,0.0406795728464738,0.0612826375496423,0.230146210612588,17,0.858214776146013,"",1.18395860405942,1.06319937179012,1.25878404406148
630,"rs4639533",-0.181462864948113,0.103146192976188,0.0996026968799292,0.202748889856117,0.0212860249080045,17,0.858214776146013,"",0.834049217189362,1.22476487874477,1.0215141883581
630,"rs2515029",0.153721834065825,0.00377515655396437,-0.140515016791491,-0.136739860237526,0.0169819738282987,17,0.858214776146013,"",1.16616645387639,0.872197089766466,1.01712698725427
631,"rs929708",0.147649954952686,0.0903288803033712,0.0454988372890697,0.135827717592441,0.283477672545127,17,0.857487218279519,"",1.15910708564646,1.14548452976158,1.32773923494506
631,"rs11719939",0.244597146281494,0.0523063339222848,0.0343071960102754,0.0866135299325602,0.331210676214054,17,0.857487218279519,"",1.2771067223674,1.09047516226208,1.39265316029958
631,"rs4639533",-0.257306134716764,0.161709111667975,0.0767432192519094,0.238452330919884,-0.0188538037968796,17,0.857487218279519,"",0.773131495142117,1.26928319903176,0.981322817426192
631,"rs2515029",0.231311791596896,-0.0775454050638921,-0.0635473129176675,-0.14109271798156,0.0902190736153363,17,0.857487218279519,"",1.26025211421771,0.868408790854604,1.09441401467976
632,"rs929708",0.273832519257884,-0.0756662165206155,-0.0565912571609217,-0.132257473681537,0.141575045576347,17,0.857045229560021,"",1.31499454753233,0.876115389382099,1.15208696004662
632,"rs11719939",0.510084006987744,-0.112556479772284,-0.0588497495557444,-0.171406229328028,0.338677777659715,17,0.857045229560021,"",1.66543109691918,0.842479264162928,1.40309116504653
632,"rs4639533",0.18018820459219,-0.0205752725161489,-0.0195101287327472,-0.0400854012488961,0.140102803343294,17,0.857045229560021,"",1.19744270613203,0.960707390037892,1.15039205692801
632,"rs2515029",0.0602020411652111,0.0300026967483223,-0.0506925024268578,-0.0206898056785356,0.0395122354866755,17,0.857045229560021,"",1.06205110291237,0.979522759847088,1.04030322742337
633,"rs929708",-0.289638544071699,0.020546466312022,0.0709922991835704,0.0915387654955925,-0.198099778576107,17,0.859137639689549,"",0.748534080767351,1.09585925739636,0.820288001885573
633,"rs11719939",-0.18205212505322,0.024273157914565,0.0932184668789541,0.117491624793519,-0.0645605002597014,17,0.859137639689549,"",0.833557890033938,1.1246722105423,0.937479394799446
633,"rs4639533",0.178198563894757,0.0907599719348284,0.0780489547961919,0.16880892673102,0.347007490625778,17,0.859137639689549,"",1.19506259396026,1.1838939068323,1.41482732327275
633,"rs2515029",-0.163706315781033,0.0520376602651556,-0.0188670943302023,0.0331705659349532,-0.13053574984608,17,0.859137639689549,"",0.848991320623769,1.03372684279061,0.877625117425043
634,"rs929708",0.0637994579374399,0.0299942496343944,0.132440580300809,0.162434829935204,0.226234287872644,17,0.86124551699351,"",1.06587862382913,1.17637165173376,1.25386939726158
634,"rs11719939",0.215189473634093,0.00801939039480198,0.0736126209142913,0.0816320113090933,0.296821484943186,17,0.86124551699351,"",1.24009684036254,1.08505644785191,1.34557507259615
634,"rs4639533",-0.069144815512211,0.00367863581991505,0.032236276689249,0.035914912509164,-0.033229903003047,17,0.86124551699351,"",0.933191529683139,1.03656764379861,0.967316145136474
634,"rs2515029",-0.0672861987076502,-0.00373135856274944,-0.0864295822904797,-0.0901609408532291,-0.157447139560879,17,0.86124551699351,"",0.934927587975879,0.913784108242147,0.85432197224952
635,"rs929708",-0.114531231585111,0.00892418478988984,0.122183169029484,0.131107353819374,0.0165761222342628,16,0.852322433852716,"",0.891784086152605,1.14009016777649,1.01671426840212
635,"rs11719939",0.0928699094170395,0.0181674120631156,0.123999385286095,0.142166797349211,0.23503670676625,16,0.852322433852716,"",1.09731897511724,1.15276891130076,1.26495520029556
635,"rs4639533",-0.0543340193643275,0.0317702846790581,0.111727887275164,0.143498171954222,0.0891641525898944,16,0.852322433852716,"",0.947115698677953,1.15430470068334,1.09326010307495
635,"rs2515029",0.12012436899416,-0.0665530709714811,-0.111839997574943,-0.178393068546424,-0.0582686995522636,16,0.852322433852716,"",1.12763708594895,0.836613512393464,0.943396423180881
636,"rs929708",-0.14052380661094,0.0436714603071805,0.0458370458615404,0.0895085061687209,-0.0510153004422187,17,0.858129802020736,"",0.868902979051381,1.09363663593053,0.950264130959768
636,"rs11719939",0.0665845326623693,0.0533751654205945,0.0281079016227917,0.0814830670433862,0.148067599705756,17,0.858129802020736,"",1.06885131310357,1.08489484695109,1.15959128174297
636,"rs4639533",-0.126173857063936,0.135057964962296,0.168880796345063,0.303938761307359,0.177764904243423,17,0.858129802020736,"",0.881461585137827,1.3551860637257,1.19454445588835
636,"rs2515029",-0.0340971890454708,-0.0171929776375864,-0.0228165071490664,-0.0400094847866528,-0.0741066738321236,17,0.858129802020736,"",0.966477569040421,0.960780326312691,0.928572634156552
637,"rs929708",-0.0976840654629126,0.0673545982364449,0.0327573989697597,0.100111997206205,0.00242793174329196,17,0.859048729226542,"",0.906935390708808,1.1052947010624,1.0024308815564
637,"rs11719939",0.198988537980987,0.0634683330413658,0.0481266082957238,0.11159494133709,0.310583479318076,17,0.859048729226542,"",1.22016798023113,1.11805988906749,1.36422087662092
637,"rs4639533",-0.162285713046208,0.113852637944134,0.147270310542617,0.261122948486751,0.0988372354405435,17,0.859048729226542,"",0.850198257101342,1.29838729037324,1.10388661131786
637,"rs2515029",-0.148123140425999,0.061871023564886,-0.0671166151644328,-0.00524559159954673,-0.153368732025546,17,0.859048729226542,"",0.862324921345653,0.994768142491097,0.857813360230797
638,"rs929708",-0.41024015428495,0.106687643355494,0.116980539689472,0.223668183044965,-0.186571971239985,16,0.854438849108817,"",0.663490890821218,1.25065596171756,0.829798838150854
638,"rs11719939",-0.124366905488359,0.050869434809027,0.0512456652889782,0.102115100098005,-0.0222518053903541,16,0.854438849108817,"",0.88305578342369,1.10751093900967,0.977993939897488
638,"rs4639533",-0.301579874853934,0.050368136965136,0.0450943612850979,0.0954624982502339,-0.2061173766037,16,0.854438849108817,"",0.739648744659658,1.10016756305165,0.813737556926426
638,"rs2515029",-0.105376342056916,0.0433707322739303,-0.00472019929089144,0.0386505329830389,-0.066725809073877,16,0.854438849108817,"",0.899985756353533,1.03940718164564,0.935451658532648
639,"rs929708",-0.490878670664404,0.0546138647995487,0.0141475834956078,0.0687614482951564,-0.422117222369247,16,0.851169771500834,"",0.612088333767177,1.07118064669766,0.65565717720082
639,"rs11719939",-0.266438502979182,0.0408400766093662,0.0161595848755972,0.0569996614849634,-0.209438841494219,16,0.851169771500834,"",0.7661031153368,1.05865545202465,0.811039239864373
639,"rs4639533",-0.128511323002018,-0.0125581132917749,0.077985150552412,0.0654270372606371,-0.0630842857413808,16,0.851169771500834,"",0.879403604873249,1.06761483836848,0.938864337477413
639,"rs2515029",-0.03832410636919,0.00422369981256447,-0.0861882896369829,-0.0819645898244184,-0.120288696193608,16,0.851169771500834,"",0.962400970053954,0.921304581675754,0.886664423119897
640,"rs929708",-0.162194143669236,0.0795069370071018,0.00381587300556503,0.0833228100126668,-0.0788713336565689,17,0.857004699539074,"",0.850276112790592,1.08689261174156,0.924158824932431
640,"rs11719939",0.104002159479623,0.113662422373752,0.02692418312251,0.140586605496262,0.244588764975885,17,0.857004699539074,"",1.10960285107774,1.15094875373661,1.27709601859052
640,"rs4639533",0.0766259863912507,0.0946552739015289,0.0643948711538802,0.159050145055409,0.23567613144666,17,0.857004699539074,"",1.07963820149007,1.17239673510597,1.26576430252264
640,"rs2515029",0.0737565044471348,0.0214295211631095,-0.0218916426954714,-0.00046212153236198,0.0732943829147728,17,0.857004699539074,"",1.07654463974718,0.999537985229347,1.07604726022235
641,"rs929708",-0.412462195735685,0.0916678869316501,0.0605620859847399,0.15222997291639,-0.260232222819295,16,0.851821154652153,"",0.66201822332967,1.16442799254398,0.770872550819298
641,"rs11719939",-0.111886074974036,0.0998742728488888,0.0616411578200136,0.161515430668902,0.0496293556948667,16,0.851821154652153,"",0.894146117317687,1.17529059353847,1.05088152093242
641,"rs4639533",0.0542381601593489,0.0509893663526107,-0.0271720092051143,0.0238173571474964,0.0780555173068453,16,0.851821154652153,"",1.05573600647218,1.02410325566848,1.0811826813546
641,"rs2515029",0.100947071167401,-0.0408928288277121,-0.0787510717272339,-0.119643900554946,-0.018696829387545,16,0.851821154652153,"",1.10621808938181,0.887236324832933,0.981476872086827
642,"rs929708",0.116924354629411,0.0495852007492783,0.054673081842352,0.10425828259163,0.221182637221041,16,0.850538836463443,"",1.12403439847584,1.1098870824106,1.24755125905351
642,"rs11719939",0.237640531425757,0.0376004312662548,0.0511813000719677,0.0887817313382225,0.32642226276398,16,0.850538836463443,"",1.26825321370023,1.09284209711021,1.38600050172692
642,"rs4639533",-0.12067486610737,0.0740567123907337,0.0932878125985534,0.167344524989287,0.0466696588819176,16,0.850538836463443,"",0.886322086100469,1.18216147932763,1.04777582846528
642,"rs2515029",-0.0920330423870469,0.0393280461919852,-0.0412829976479409,-0.00195495145595564,-0.0939879938430025,16,0.850538836463443,"",0.912075011911624,0.998046958217,0.91029369130413
643,"rs929708",0.127782699331645,-0.0550594577471896,-0.0423628229040529,-0.0974222806512424,0.0303604186804025,17,0.856045733741433,"",1.13630605580179,0.907172843698699,1.03082599595376
643,"rs11719939",0.180427013120864,-0.0630149009816005,-0.0092954175552156,-0.072310318536816,0.108116694584048,17,0.856045733741433,"",1.19772869981036,0.930242179624465,1.11417775631036
643,"rs4639533",0.159930054619289,-0.00802396907163145,-0.0451481380595876,-0.053172107131219,0.10675794748807,17,0.856045733741433,"",1.17342879219772,0.948216803564157,1.11266489854787
643,"rs2515029",0.163688012179327,0.00575644642902148,-0.045103742350481,-0.0393472959214596,0.124340716257868,17,0.856045733741433,"",1.17784678391188,0.961416755041425,1.13240163292454
644,"rs929708",0.051759781478599,0.0133287618155193,0.0380832534829817,0.051412015298501,0.1031717967771,16,0.855531377493618,"",1.05312273254008,1.05275655574585,1.10868186068655
644,"rs11719939",0.261386067947228,-0.00585367775993626,0.0373919607541197,0.0315382829941834,0.292924350941412,16,0.855531377493618,"",1.29872896628539,1.03204088445456,1.34034139103193
644,"rs4639533",-0.271684834938272,0.0573510497083883,0.0886548883386283,0.146005938047017,-0.125678896891255,16,0.855531377493618,"",0.762094408776154,1.15720305955657,0.881897981506721
644,"rs2515029",-0.144713270343169,0.00636929993085539,-0.065782117365484,-0.0594128174346286,-0.204126087777798,16,0.855531377493618,"",0.865270356217821,0.942317683683208,0.815359557830922
645,"rs929708",-0.00711336148116379,-0.00471627666756922,0.0678410713074409,0.0631247946398716,0.0560114331587079,16,0.850162737686315,"",0.992911878591903,1.06515975716571,1.0576097754879
645,"rs11719939",0.0567672372669034,0.0470984160508559,0.11808352352445,0.165181939575305,0.221949176842209,16,0.850162737686315,"",1.05840942345163,1.17960771651585,1.24850792313663
645,"rs4639533",0.180065768630176,0.0240759685343207,0.0707394057098125,0.0948153742441332,0.274881142874309,16,0.850162737686315,"",1.19729610505715,1.09945584851948,1.31637420511468
645,"rs2515029",-0.081871690848097,0.0186497184940233,-0.0729642895227569,-0.0543145710287336,-0.136186261876831,16,0.850162737686315,"",0.921390173903925,0.947134118681026,0.872680070321851
646,"rs929708",-0.0143413300738892,-0.0106138475751295,0.00764113567648674,-0.00297271189864281,-0.017314041972532,17,0.858768325699271,"",0.98576101695193,0.997031702234308,0.982834984727805
646,"rs11719939",0.149272200487106,0.0187684838377888,-0.00167715979207737,0.0170913240457115,0.166363524532817,17,0.858768325699271,"",1.16098896796495,1.01723821639282,1.18100234702441
646,"rs4639533",-0.328588950836234,0.0732528767526345,0.0981882949278156,0.17144117168045,-0.157147779155784,17,0.858768325699271,"",0.719938886211602,1.18701431062108,0.854577760705772
646,"rs2515029",0.283929955862361,-0.0930854182913074,-0.0540016237231933,-0.147087042014501,0.13684291384786,17,0.858768325699271,"",1.32833988507244,0.863218837839616,1.14664801184824
647,"rs929708",-0.337240811849905,-0.0176372215953465,0.0480237304819373,0.0303865088865907,-0.306854302963315,17,0.860223813006423,"",0.713736942892569,1.03085289076738,0.735757790828279
647,"rs11719939",-0.189117385371503,0.0392314401367339,0.0942269294225521,0.133458369559286,-0.0556590158122174,17,0.860223813006423,"",0.827689342371066,1.14277369097244,0.945861604759933
647,"rs4639533",0.018019319262569,0.0924889923827097,0.0787380216691614,0.171227014051871,0.18924633331444,17,0.860223813006423,"",1.01818264673768,1.18676012966959,1.20833856986974
647,"rs2515029",0.0717658601375368,-0.0620524951203966,-0.0878280791795585,-0.149880574299955,-0.0781147141624183,17,0.860223813006423,"",1.07440375386416,0.860810773215844,0.924858326109809
648,"rs929708",-0.214785273683181,0.0564190112648463,0.0452026729653074,0.101621684230154,-0.113163589453027,16,0.850646001201933,"",0.80671464444523,1.10696461033324,0.893004562038434
648,"rs11719939",-0.0420010588296781,0.117181239960552,0.0611465054736178,0.178327745434169,0.136326686604491,16,0.850646001201933,"",0.958868765293241,1.19521698395779,1.14605623366512
648,"rs4639533",-0.16684701365703,0.0225508138897087,0.00764778064366658,0.0301985945333752,-0.136648419123654,16,0.850646001201933,"",0.84632907822423,1.03065919691265,0.87227684808641
648,"rs2515029",-0.12904630339504,0.143598566949479,0.0455788800199752,0.189177446969454,0.0601311435744148,16,0.850646001201933,"",0.878933267009075,1.20825533470907,1.06197580871699
649,"rs929708",-0.0820749946532617,0.0469379640913069,-0.0116661199101165,0.0352718441811904,-0.0468031504720712,16,0.851505604304636,"",0.92120287081589,1.03590127426062,0.95427522773072
649,"rs11719939",0.0524048447925718,0.0721744716814933,0.0266268381859365,0.0988013098674297,0.151206154660002,16,0.851505604304636,"",1.05380228253277,1.10384695427105,1.16323643997768
649,"rs4639533",-0.331544381719011,0.17180935933467,0.0881987979803526,0.260008157315023,-0.071536224403988,16,0.851505604304636,"",0.717814297677311,1.2969406661762,0.930962553420414
649,"rs2515029",-0.0616330605067344,0.00633058300334666,-0.0323525030919797,-0.0260219200886331,-0.0876549805953674,16,0.851505604304636,"",0.940227830224111,0.974313732331304,0.916076886507418
650,"rs929708",-0.209061770092049,0.0396940471051816,0.019143781630219,0.0588378287354006,-0.150223941356648,17,0.855992220325059,"",0.811345117232943,1.0606032274261,0.860515249893665
650,"rs11719939",-0.136377785889587,0.0695709115959808,0.0428611735239413,0.112432085119922,-0.0239457007696645,17,0.855992220325059,"",0.872512947137493,1.11899625783542,0.976338722759806
650,"rs4639533",-0.214473388405975,-0.034485608867199,0.0908177776124767,0.0563321687452777,-0.158141219660698,17,0.855992220325059,"",0.806966286105363,1.05794904298428,0.853729210105744
650,"rs2515029",-0.162567681757833,0.0338048174803468,-0.0389071443659237,-0.00510232688557689,-0.16767000864341,17,0.855992220325059,"",0.849958561589067,0.994910667873683,0.845632840175533
651,"rs929708",0.159458509477314,0.0560433288768765,0.056546455672595,0.112589784549472,0.272048294026786,17,0.857393477897978,"",1.17287559798958,1.1191727368219,1.31265039295361
651,"rs11719939",0.331014169055355,0.0254302202159112,0.0599950506796447,0.0854252708955559,0.416439439950911,17,0.857393477897978,"",1.39237952087093,1.08918016484446,1.51655215606826
651,"rs4639533",-0.232734895737033,0.125025098086474,0.126747586693569,0.251772684780043,0.0190377890430098,17,0.857393477897978,"",0.792363604652424,1.28630360766174,1.01922016324427
651,"rs2515029",-0.206653007147926,-0.0495804141347282,-0.0777188384506503,-0.127299252585378,-0.333952259733304,17,0.857393477897978,"",0.8133018109458,0.880470150200448,0.716087967641745
652,"rs929708",-0.237261347320126,0.0643130869204951,0.0231178844977634,0.0874309714182586,-0.149830375901867,17,0.858578118455787,"",0.788785114201544,1.09136692633166,0.860853985622304
652,"rs11719939",0.040474960204026,0.071033910220854,0.0794584266384599,0.150492336859314,0.19096729706334,17,0.858578118455787,"",1.04130523530543,1.16240639738525,1.21041986714978
652,"rs4639533",0.0556162418368711,0.0588561203521552,0.121739229460782,0.180595349812937,0.236211591649808,17,0.858578118455787,"",1.05719189985859,1.1979303384688,1.26644225042407
652,"rs2515029",0.00542240920721596,0.0232515145255719,-0.115502505654876,-0.092250991129304,-0.086828581922088,17,0.858578118455787,"",1.00543713707617,0.911876247970896,0.916834244127613
653,"rs929708",-0.0776317487197023,-0.0615681456906531,0.110942973996908,0.0493748283062546,-0.0282569204134477,17,0.861810329186501,"",0.925305108602296,1.05061407684052,0.972138572470022
653,"rs11719939",0.131926659316419,-0.102131156574683,0.107720065464097,0.00558890888941377,0.137515568205833,17,0.861810329186501,"",1.14102463267191,1.00560455597717,1.14741956909705
653,"rs4639533",-0.0210571696271891,-0.137514520265582,0.117181395077347,-0.0203331251882347,-0.0413902948154238,17,0.861810329186501,"",0.979162984586511,0.979872198820659,0.959454586710584
653,"rs2515029",0.0593712031890358,-0.0177438841091134,-0.108857989615532,-0.126601873724645,-0.0672306705356093,17,0.861810329186501,"",1.06116907698448,0.881084385623211,0.934979504237224
654,"rs929708",-0.163675146429582,0.076099008582652,0.0473636603467791,0.123462668929431,-0.0402124775001511,17,0.861755058020649,"",0.849017783545034,1.1314077670905,0.960585314700815
654,"rs11719939",0.21242145335423,0.0560622887976612,0.0339607416178361,0.0900230304154973,0.302444483769727,17,0.861755058020649,"",1.23666897355052,1.09419948328377,1.35316255185205
654,"rs4639533",0.0496599859945973,0.0614699158239174,-0.0121855347264991,0.0492843810974183,0.0989443670920156,17,0.861755058020649,"",1.05091371024137,1.05051905602696,1.10400487884855
654,"rs2515029",0.0661025740540708,-0.0440118733485049,-0.0755437181194084,-0.119555591467913,-0.0534530174138425,17,0.861755058020649,"",1.06833629513087,0.887314679322417,0.947950477122548
655,"rs929708",0.194513895977764,-0.0136015308464679,-0.00681857621145738,-0.0204201070579253,0.174093788919839,17,0.857127262859895,"",1.21472036249491,0.979786971411421,1.19016718508067
655,"rs11719939",0.414684634688977,-0.0159364788435825,-0.0478356389224873,-0.0637721177660698,0.350912516922907,17,0.857127262859895,"",1.51389323599057,0.938218778562757,1.42036306274549
655,"rs4639533",-0.272579215733583,0.0276856862911491,0.0565314267427148,0.0842171130338639,-0.188362102699719,17,0.857127262859895,"",0.76141311088802,1.0878650578539,0.828314717926911
655,"rs2515029",-0.361753426061133,-0.0152321705795697,-0.0685634535520242,-0.0837956241315938,-0.445549050192727,17,0.857127262859895,"",0.696454074096047,0.919619184859927,0.640472527912582
656,"rs929708",0.0417946060339459,0.00581938311719269,0.00126437942685768,0.00708376254405036,0.0488783685779963,17,0.856206481667156,"",1.04268029651422,1.00710891173851,1.05009261871362
656,"rs11719939",0.336308921966891,0.0061976291150451,-0.0186875096227314,-0.0124898805076863,0.323819041459205,17,0.856206481667156,"",1.39977137815311,0.987587794330409,1.38239712791706
656,"rs4639533",-0.0865803086474087,0.025964616482805,0.0516108212149841,0.0775754376977891,-0.00900487094961959,17,0.856206481667156,"",0.917061897826736,1.08066375216924,0.991035551476884
656,"rs2515029",0.200810479111638,-0.0471404861987603,-0.0399453946037049,-0.0870858808024652,0.113724598309173,17,0.856206481667156,"",1.22239308084627,0.916598374048963,1.12044351035239
657,"rs929708",-0.277052803543451,-0.078625919288814,0.0203241823383831,-0.0583017369504309,-0.335354540493882,17,0.853286048744758,"",0.758014470203723,0.943365256332457,0.715084514987447
657,"rs11719939",-0.225594359862093,-0.0177221974386671,0.0582605066236782,0.0405383091850111,-0.185056050677082,17,0.853286048744758,"",0.798041753785152,1.04137120302045,0.831057701199797
657,"rs4639533",-0.309695580122395,0.0435498387822798,0.117452566723458,0.161002405505738,-0.148693174616657,17,0.853286048744758,"",0.733670266045182,1.1746877945287,0.861833506731902
657,"rs2515029",-0.0674808362721964,0.0709834965344367,-0.0430619468283848,0.0279215497060519,-0.0395592865661446,17,0.853286048744758,"",0.934745633655276,1.02831500964221,0.961212965285237
658,"rs929708",-0.222858600476597,0.0321515070851908,0.0449241764565055,0.0770756835416963,-0.145782916934901,17,0.859996251495612,"",0.800227993151967,1.08012382089544,0.864345317550793
658,"rs11719939",0.061921818138556,0.0288719431737501,0.013843218003063,0.0427151611768131,0.104636979315369,17,0.859996251495612,"",1.06387916542302,1.04364058315413,1.1103074726076
658,"rs4639533",-0.242495689269703,-0.0141773174369194,0.0454620002191301,0.0312846827822107,-0.211211006487493,17,0.859996251495612,"",0.784667130059802,1.03177919185155,0.809603217325577
658,"rs2515029",-0.0756634593132891,-0.00524161520314944,-0.0119516892576512,-0.0171933044608006,-0.0928567637740897,17,0.859996251495612,"",0.927128170413313,0.982953656942254,0.911324025561947
659,"rs929708",-0.0542848514300403,0.0223421786420765,0.0730561373997646,0.0953983160418411,0.0411134646118009,17,0.861344745776313,"",0.947162267545226,1.10009695413379,1.04197032559696
659,"rs11719939",0.0365286991768055,0.0897364000974308,0.0533548503222571,0.143091250419688,0.179619949596493,17,0.861344745776313,"",1.03720407049361,1.15383508479811,1.19676244663094
659,"rs4639533",-0.377038279852992,0.149555504129671,0.121702501290305,0.271258005419977,-0.105780274433016,17,0.861344745776313,"",0.685889817632093,1.31161343010727,0.89962229638008
659,"rs2515029",0.0143265690085712,-0.0225752374655442,-0.0560982186755711,-0.0786734561411153,-0.0643468871325441,17,0.861344745776313,"",1.01442968614815,0.924341713278742,0.937679674094996
660,"rs929708",-0.104237659939978,0.110261146550684,0.112426371570683,0.222687518121367,0.118449858181389,16,0.853297276644726,"",0.901011137720712,1.24943008846811,1.12575042551314
660,"rs11719939",0.0167913599804179,0.122991257704622,0.125287421870466,0.248278679575088,0.265070039555506,16,0.853297276644726,"",1.01693312724224,1.28181709866861,1.30352227070164
660,"rs4639533",-0.119803980101196,0.0351357552649391,0.109524264374122,0.144660019639061,0.0248560395378657,16,0.853297276644726,"",0.887094307811951,1.15564660632146,1.02516752630997
660,"rs2515029",-0.118648206481644,0.0822495355704217,-0.113458157522018,-0.0312086219515965,-0.149856828433241,16,0.853297276644726,"",0.888120180735207,0.969273340285779,0.860831214156424
661,"rs929708",-0.356805231489195,-0.0202394636647187,-0.0119250049764511,-0.0321644686411699,-0.388969700130365,17,0.861292172824339,"",0.699908804655614,0.96834730621598,0.677754805585111
661,"rs11719939",-0.124529897315604,-0.0191046495587171,-7.73121225828187e-05,-0.0191819616812999,-0.143711858996904,17,0.861292172824339,"",0.882911864277133,0.981000841438861,0.86613728177222
661,"rs4639533",-0.425033096426166,0.146916599427718,0.0830038194007757,0.229920418828494,-0.195112677597672,17,0.861292172824339,"",0.653748148044481,1.25849985305158,0.822741948246724
661,"rs2515029",-0.120800864746254,0.0340776838996864,-0.0292679814143742,0.00480970248531214,-0.115991162260941,17,0.861292172824339,"",0.886210417759185,1.00482128767063,0.89048309311991
662,"rs929708",-0.24915024098931,0.06043526493825,0.101481179694965,0.161916444633215,-0.0872337963560948,17,0.855829585445568,"",0.77946285731629,1.17576199599177,0.916462804919648
662,"rs11719939",-0.126588781952894,0.0379949011801366,0.111517984748328,0.149512885928465,0.0229241039755703,17,0.855829585445568,"",0.881095920654387,1.16126843473756,1.02318888063197
662,"rs4639533",0.0492596305128901,0.0335788818937023,0.0158923917081539,0.0494712736018562,0.0987309041147462,17,0.855829585445568,"",1.05049305538803,1.05071540851213,1.10376923983119
662,"rs2515029",0.125518481751738,-0.0474724087036581,-0.0848424221996239,-0.132314830903282,-0.00679634915154362,17,0.855829585445568,"",1.13373612219645,0.876065139278553,0.993226693797157
663,"rs929708",-0.218686564296526,-0.0740325136589965,-0.057848084032401,-0.131880597691398,-0.350567161987923,16,0.850964225051298,"",0.803573547325537,0.876445638464515,0.704288530738926
663,"rs11719939",0.0453454360617771,-0.0532027339791916,0.0378682859455471,-0.0153344480336445,0.0300109880281326,16,0.850964225051298,"",1.04638925806954,0.984782525940889,1.03046585667913
663,"rs4639533",-0.138968855096892,0.023980173878514,0.0433766658259046,0.0673568397044186,-0.0716120153924735,16,0.850964225051298,"",0.870255132047947,1.06967711334421,0.930891997522031
663,"rs2515029",0.0325249572304048,0.0239312257037838,-0.0571434322588375,-0.0332122065550538,-0.000687249324648982,16,0.850964225051298,"",1.03305967513058,0.967333263347794,0.999312986777078
664,"rs929708",-0.234478638700312,-0.0962770334657666,0.00357343356187509,-0.0927035999038915,-0.327182238604203,17,0.857676727971114,"",0.790983130138606,0.911463618166706,0.72095234570496
664,"rs11719939",0.0510114327946781,-0.117026355148334,0.0251162819880215,-0.0919100731603122,-0.0408986403656341,17,0.857676727971114,"",1.05233492434355,0.912187175966785,0.959926422808165
664,"rs4639533",-0.326607260652755,0.0505651158516778,0.14998547392719,0.200550589778868,-0.126056670873887,17,0.857676727971114,"",0.721366996603924,1.22207543520225,0.881564886315282
664,"rs2515029",-0.0279541787681942,-0.0094216582251867,-0.0329861315434031,-0.0424077897685898,-0.070361968536784,17,0.857676727971114,"",0.972432923854829,0.958478843002145,0.93205638375357
665,"rs929708",-0.174252491410988,0.0345925793431258,0.0879885184134267,0.122581097756553,-0.0516713936544352,17,0.858059317480267,"",0.840084756692106,1.13041079013591,0.949640873593454
665,"rs11719939",-0.0029209324399754,0.0408052252560237,0.133164744733475,0.173969969989499,0.171049037549524,17,0.858059317480267,"",0.997083329332724,1.19001982897582,1.18654893304717
665,"rs4639533",-0.274935271409296,0.0912919375834615,0.107995667094419,0.199287604677881,-0.0756476667314151,17,0.858059317480267,"",0.759621290849301,1.22053294641053,0.927142812276468
665,"rs2515029",0.100795243924596,-0.0135287129996114,-0.172950576925291,-0.186479289924902,-0.0856840460003061,17,0.858059317480267,"",1.10605014808871,0.829875748562452,0.917884194592733
666,"rs929708",-0.425335311889367,0.110915735259084,0.027164949385189,0.138080684644273,-0.287254627245094,17,0.855801733691254,"",0.653550605096874,1.14806817800985,0.750320652430805
666,"rs11719939",-0.151775200126396,0.138665310033024,0.0524212105890916,0.191086520622116,0.0393113204957203,17,0.855801733691254,"",0.859181402904167,1.21056418631691,1.0400942359053
666,"rs4639533",-0.0882968881445886,0.0402724703775452,0.111448516889474,0.151720987267019,0.0634240991224302,17,0.855801733691254,"",0.915489038530513,1.16383546621254,1.06547861197063
666,"rs2515029",-0.06368344407035,-0.0395675903234913,-0.113960900885571,-0.153528491209063,-0.217211935279413,17,0.855801733691254,"",0.938301977577973,0.857676327615157,0.804759394323116
667,"rs929708",-0.367850510060172,0.0265335681255302,0.0837023195895787,0.110235887715109,-0.257614622345063,17,0.858641931121237,"",0.692220653978416,1.11654141780132,0.772893030424416
667,"rs11719939",-0.19794855635759,0.0158606654918413,0.102854159046505,0.118714824538347,-0.0792337318192428,17,0.858641931121237,"",0.820412057036752,1.1260487510236,0.923823972150938
667,"rs4639533",-0.384673822202029,0.0982004770946413,0.0852121104197692,0.183412587514411,-0.201261234687619,17,0.858641931121237,"",0.680672620295906,1.20130995133318,0.817698792361502
667,"rs2515029",0.145230423876906,-0.0560404947278829,-0.186917403545706,-0.242957898273589,-0.097727474396683,17,0.858641931121237,"",1.15630598008007,0.784304533651353,0.906896022464972
668,"rs929708",-0.168339398155693,0.0715024831561285,-0.0107414283775272,0.0607610547786013,-0.107578343377092,16,0.850210110745372,"",0.845066971835373,1.06264496991141,0.89800616685913
668,"rs11719939",0.0498826233815455,0.124280067364372,-0.0121892941396099,0.112090773224762,0.161973396606308,16,0.850210110745372,"",1.05114770897119,1.11861439627263,1.17582895986417
668,"rs4639533",-0.320129342846413,-0.012785596064164,0.00322684663676536,-0.00955874942739865,-0.329688092273811,16,0.850210110745372,"",0.726055120964135,0.990486790201767,0.719148006273322
668,"rs2515029",-0.153741514022697,-0.0150788889739861,0.0161927355173881,0.00111384654340204,-0.152627667479295,16,0.850210110745372,"",0.857493642449406,1.00111446710084,0.858449290903099
669,"rs929708",0.314618922999407,0.0079194160008053,0.119608639903717,0.127528055904522,0.442146978903929,16,0.850434312704699,"",1.36973723613041,1.13601673977125,1.55604442933216
669,"rs11719939",0.361647755842155,0.0204671826995398,0.150040294104533,0.170507476804073,0.532155232646227,16,0.850434312704699,"",1.43569313836195,1.18590651869137,1.70259785162391
669,"rs4639533",-0.449862604914462,0.0399442895207363,0.120258049934749,0.160202339455485,-0.289660265458976,16,0.850434312704699,"",0.637715764614867,1.17374834256658,0.748517821745277
669,"rs2515029",-0.0617819522001539,0.0430778700324365,-0.08550455929007,-0.0424266892576335,-0.104208641457787,16,0.850434312704699,"",0.940087848531583,0.958460728412932,0.901037284075727
670,"rs929708",-0.224739230987786,-0.00312760060007018,0.0785664334268707,0.0754388328268005,-0.149300398160986,17,0.860091022990768,"",0.798724474197082,1.07835726563508,0.86131033999098
670,"rs11719939",0.0805542879683852,-0.0168462556538697,0.0504854360367797,0.0336391803829099,0.114193468351295,17,0.860091022990768,"",1.08388768710556,1.03421137564507,1.1209689759262
670,"rs4639533",-0.470012328951887,0.0292001960755358,0.00257970333401769,0.0317798994095534,-0.438232429542334,17,0.860091022990768,"",0.624994562707307,1.0322902726005,0.645175807510954
670,"rs2515029",0.217760837644094,-0.0728878290569727,-0.156955758206611,-0.229843587263583,-0.0120827496194889,17,0.860091022990768,"",1.2432896839691,0.794657887397893,0.98798995368648
671,"rs929708",-0.106706774992159,0.0161456683922035,-0.0392208853342179,-0.0230752169420144,-0.129781991934173,17,0.85926763189578,"",0.898789181819615,0.977188979842107,0.878286883675432
671,"rs11719939",-0.0016948288643534,0.0315081858665045,-0.0134051896338798,0.0181029962326247,0.0164081673682712,17,0.85926763189578,"",0.998306606547046,1.0182678487412,1.01654352063278
671,"rs4639533",-0.155930862335688,0.0782272338914299,0.0283041253288279,0.106531359220258,-0.0493995031154303,17,0.85926763189578,"",0.855618343779962,1.11241281029705,0.951800806345977
671,"rs2515029",-0.0735961172942411,0.0286398463970961,-0.0175347446240591,0.0111051017730369,-0.0624910155212041,17,0.85926763189578,"",0.929046844030995,1.01116699230377,0.939421502988134
672,"rs929708",-0.109319028715629,-0.0322944012016164,-0.00770930074362121,-0.0400037019452376,-0.149322730660867,17,0.861562341916351,"",0.89644438037433,0.960785882369018,0.861291104992698
672,"rs11719939",0.133299850455799,-0.0542423020085271,-0.00236704170755532,-0.0566093437160824,0.0766905067397163,17,0.861562341916351,"",1.14259255386868,0.944963153063211,1.0797078623703
672,"rs4639533",-0.289115900140905,0.0756459966371954,0.0166874652294842,0.0923334618666796,-0.196782438274225,17,0.861562341916351,"",0.748925399813011,1.09673047890386,0.821369312400192
672,"rs2515029",0.0593473475975457,0.0213393162026343,0.0138683575085258,0.0352076737111601,0.0945550213087058,17,0.861562341916351,"",1.06114376247043,1.03583480212174,1.09916963922128
673,"rs929708",-0.257623146696604,-0.0266590122401725,0.113460815506986,0.0868018032668138,-0.17082134342979,17,0.860344932310197,"",0.772886442040602,1.09068048898497,0.842972162534697
673,"rs11719939",-0.0431392109992245,-0.0634833978317394,0.122630738620125,0.0591473407883856,0.016008129789161,17,0.860344932310197,"",0.957778047546839,1.06093154771534,1.01613694635165
673,"rs4639533",-0.302069261317891,-0.0148485095044011,0.0720481155224555,0.0571996060180545,-0.244869655299837,17,0.860344932310197,"",0.7392868591341,1.05886714555749,0.782806566279484
673,"rs2515029",0.0830296003205712,0.0480654441636623,-0.147149123208418,-0.0990836790447561,-0.0160540787241849,17,0.860344932310197,"",1.08657397101009,0.905666919509946,0.984074101144399
674,"rs929708",0.0463663995958553,0.0443386610925394,0.0843446150250179,0.128683276117557,0.175049675713413,17,0.857918723931124,"",1.0474581288907,1.1373298475897,1.19130539408785
674,"rs11719939",0.421568453478976,0.0230543556685503,0.0775179422877458,0.100572297956296,0.522140751435272,17,0.857918723931124,"",1.52435055454249,1.10580358615348,1.68563230976813
674,"rs4639533",-0.31815730123661,0.0686909355787808,0.135226964912854,0.203917900491635,-0.114239400744975,17,0.857918723931124,"",0.72748834459753,1.22619747911342,0.892044374229883
674,"rs2515029",0.235397728937027,-0.0326343122543685,-0.136596376611878,-0.169230688866246,0.066167040070781,17,0.857918723931124,"",1.26541195961307,0.844314107054114,1.06840516873631
675,"rs929708",0.127125551820968,0.0234225870204415,0.0436590729546253,0.0670816599750668,0.194207211796035,17,0.855957305193859,"",1.13555958040494,1.069382800382,1.21434788409405
675,"rs11719939",0.351166689214054,-0.0375111711619927,0.0116262381397515,-0.0258849330222413,0.325281756191812,17,0.855957305193859,"",1.42072412556355,0.97444720985338,1.38442066012678
675,"rs4639533",-0.149361940110807,-0.0383191869973539,0.0389062228701044,0.000587035872750483,-0.148774904238056,17,0.855957305193859,"",0.86125733490429,1.00058720821203,0.861763072284017
675,"rs2515029",0.0955877894370076,-0.0437753505055131,-0.08103334495104,-0.124808695456553,-0.0292209060195455,17,0.855957305193859,"",1.10030541298678,0.882665744401226,0.971201896422677
676,"rs929708",-0.00998866942127094,0.0139034361192461,0.0390107255260792,0.0529141616453254,0.0429254922240544,17,0.853961695324766,"",0.990061051650308,1.05433913849802,1.04386011625743
676,"rs11719939",0.207999947732198,-0.0104608977641251,0.0565478276718185,0.0460869299076935,0.254086877639891,17,0.853961695324766,"",1.23121310519606,1.04716543699522,1.28928380933687
676,"rs4639533",0.072217717896223,0.110304964014184,0.104331936605097,0.214636900619281,0.286854618515504,17,0.853961695324766,"",1.07488934123625,1.23941178560162,1.33223051774577
676,"rs2515029",0.0968592743480937,-0.0608378848230289,-0.11656246307258,-0.177400347895609,-0.0805410735475151,17,0.853961695324766,"",1.10170532451157,0.837444448279335,0.922617007652
677,"rs929708",-0.205650285678895,0.0914834359238015,-0.0237356325521128,0.0677478033716887,-0.137902482307207,17,0.86020438680318,"",0.814117735136423,1.07009539999335,0.871183643422491
677,"rs11719939",-0.00469792415134437,0.0775402434124405,-0.00508439523476718,0.0724558481776733,0.0677579240263289,17,0.86020438680318,"",0.995313093833683,1.07514533541638,1.07010623011413
677,"rs4639533",-0.0917209920735079,0.0914629414716774,0.0200805776824395,0.111543519154117,0.019822527080609,17,0.86020438680318,"",0.912359669616515,1.11800239746548,1.02002029798208
677,"rs2515029",-0.108033841869063,0.0222560581277883,0.0507546741423726,0.0730107322701609,-0.0350231095989017,17,0.86020438680318,"",0.897597219548858,1.0757420820074,0.96558310176154
678,"rs929708",0.0275176987450539,-0.0299742083290587,0.0313251701621271,0.00135096183306836,0.0288686605781222,18,0.861067575897228,"",1.02789980748289,1.00135187479308,1.02928939932245
678,"rs11719939",0.138411842875877,0.00942814693322827,0.0250422946399012,0.0344704415731295,0.172882284449007,18,0.861067575897228,"",1.14844843319629,1.03507143284069,1.18872616529212
678,"rs4639533",-0.160195037302254,0.0060329936422628,0.0657265292017437,0.0717595228440065,-0.0884355144582479,18,0.861067575897228,"",0.851977605347008,1.07439694507377,0.915362136456093
678,"rs2515029",0.160793115380886,0.0361124477467117,-0.0899605985846172,-0.0538481508379055,0.10694496454298,18,0.861067575897228,"",1.17444196969878,0.947575984196889,1.11287300531945
679,"rs929708",0.0574691473538473,0.0435407097370556,0.0794111787144205,0.122951888451476,0.180421035805323,17,0.859985665307807,"",1.05915259249047,1.13083001365562,1.19772154062938
679,"rs11719939",0.247187981290701,0.0255926186422559,0.0590372601504061,0.084629878792662,0.331817860083363,17,0.859985665307807,"",1.28041978512046,1.08831418398554,1.39349901360231
679,"rs4639533",-0.282610190393097,0.0644533618562149,0.129969629043699,0.194422990899913,-0.0881871994931837,17,0.859985665307807,"",0.753813574368698,1.2146099432647,0.915589462796126
679,"rs2515029",-0.299793405086656,0.0450436782786359,-0.0129458534418843,0.0320978248367517,-0.267695580249904,17,0.859985665307807,"",0.740971285768513,1.03261851610212,0.765140669584562
680,"rs929708",-0.377395612738316,0.0856681702275514,0.0521288109037044,0.137796981131256,-0.23959863160706,16,0.851452517697854,"",0.685644770428863,1.14774251323287,0.786943651997001
680,"rs11719939",-0.206867594495948,0.0492654452013731,0.0311999937166717,0.0804654389180448,-0.126402155577903,16,0.851452517697854,"",0.813127305391059,1.08379138899195,0.881260371737056
680,"rs4639533",-0.159667201889114,0.0713050941521145,0.0934130283926282,0.164718122544743,0.00505092065562851,16,0.851452517697854,"",0.852427428004032,1.17906072123022,1.00506369805886
680,"rs2515029",-0.135292268675122,0.0302613567123538,0.0238787259917127,0.0541400827040665,-0.0811521859710557,16,0.851452517697854,"",0.873460589209291,1.05563246764871,0.922053357180898
681,"rs929708",-0.225123245340589,0.0260070737925426,-0.000919824971884578,0.025087248820658,-0.200035996519931,17,0.859675486595414,"",0.798417811420278,1.02540458196214,0.818701282150539
681,"rs11719939",-0.240916647683657,0.0222725165963322,0.0215913117361237,0.0438638283324559,-0.197052819351201,17,0.859675486595414,"",0.78590713083812,1.04484006758659,0.821147259701687
681,"rs4639533",-0.1512817668931,0.0490633413646888,0.01781674416166,0.0668800855263488,-0.0844016813667514,17,0.859675486595414,"",0.859605456174174,1.06916726185781,0.919062011855773
681,"rs2515029",0.0418372614288432,-0.0160083086014227,-0.0477670203057255,-0.0637753289071481,-0.021938067478305,17,0.859675486595414,"",1.0427247734026,0.938215765814734,0.978300821811916
682,"rs929708",-0.137233387531846,0.0636293275734676,0.0775635598420862,0.141192887415554,0.00395949988370792,17,0.859521786371305,"",0.871766742899338,1.15164676473037,1.00396734905956
682,"rs11719939",0.0679240674380751,0.0945121647490146,0.112427297505391,0.206939462254406,0.274863529692481,17,0.859521786371305,"",1.07028403598436,1.22990811366252,1.31635101978064
682,"rs4639533",-0.0955894574000505,-0.00303835962602816,0.0314292867757133,0.0283909271496851,-0.0671985302503654,17,0.859521786371305,"",0.908837055816938,1.02879779080712,0.935009555228109
682,"rs2515029",0.188629410981452,-0.00340243554327791,-0.0423092711384562,-0.0457117066817341,0.142917704299718,17,0.859521786371305,"",1.2075933487156,0.955317334099111,1.1536348585708
683,"rs929708",-0.134942231907216,0.0525574266582358,0.072084034303104,0.12464146096134,-0.0103007709458768,17,0.860692972404183,"",0.873766386047777,1.13274224793435,0.989752100301236
683,"rs11719939",-0.0847981946656419,0.0732444838366637,0.0812546359363035,0.154499119772967,0.0697009251073252,17,0.860692972404183,"",0.918697663784768,1.16707325076762,1.07218746894591
683,"rs4639533",-0.208489474898643,0.0407171618691724,0.0163340148977814,0.0570511767669538,-0.151438298131689,17,0.860692972404183,"",0.811809579035681,1.05870999036356,0.859470911597911
683,"rs2515029",-0.128146979727211,-0.0305092587071885,-0.0740347848684163,-0.104544043575605,-0.232691023302816,17,0.860692972404183,"",0.879724068038279,0.900735124937656,0.792398368335122
684,"rs929708",0.206503235111026,0.00437612354753339,0.00992196703808161,0.014298090585615,0.220801325696641,17,0.857681296807085,"",1.22937171136461,1.01440079720184,1.24707564406565
684,"rs11719939",0.308480683418075,0.0598439562790451,0.040944466303199,0.100788422582244,0.409269106000319,17,0.857681296807085,"",1.36135521256412,1.10604260336773,1.50571686341264
684,"rs4639533",-0.195327596994704,0.112998276539151,0.0784078001078016,0.191406076646953,-0.00392152034775115,17,0.857681296807085,"",0.822565144043302,1.2109510912117,0.996086158771947
684,"rs2515029",0.211480452371494,0.00405626040314152,-0.0729089990102822,-0.0688527386071407,0.142627713764354,17,0.857681296807085,"",1.23550581418398,0.933464133185623,1.15330036388304
685,"rs929708",-0.520514037129359,0.000823181979508327,0.0429012390655789,0.0437244210450873,-0.476789616084272,17,0.857174786045456,"",0.594215020867236,1.04469441941948,0.620773116235232
685,"rs11719939",-0.239140593940595,0.0214760068445569,0.077068826874066,0.098544833718623,-0.140595760221972,17,0.857174786045456,"",0.787304184393407,1.10356388015778,0.868840460593642
685,"rs4639533",0.0890188349422497,0.0528487780638569,0.0427903779094161,0.0956391559732731,0.184657990915523,17,0.857174786045456,"",1.09310124463126,1.1003619333163,1.2028069988529
685,"rs2515029",0.027345355513714,0.0447869747740789,-0.0176896406874195,0.0270973340866594,0.0544426896003735,17,0.857174786045456,"",1.02772267117314,1.027467805537,1.05595195765088
686,"rs929708",-0.380868870924978,0.0219338754470167,0.0682047855401528,0.0901386609871695,-0.290730209937808,17,0.858517593780419,"",0.683267479978463,1.09432601351078,0.747717377526391
686,"rs11719939",-0.236220751711701,0.0774281982839754,0.0596435995936165,0.137071797877592,-0.0991489538341095,17,0.858517593780419,"",0.789606347739274,1.14691049130341,0.90560780422194
686,"rs4639533",-0.304692045728629,-0.0255252725995366,0.090067698019808,0.0645424254202714,-0.240149620308357,17,0.858517593780419,"",0.737350409639742,1.06667083124301,0.786510174367798
686,"rs2515029",0.325553639238091,0.00411968383212626,-0.0268111445229874,-0.0226914606908612,0.30286217854723,17,0.858517593780419,"",1.38479711180629,0.977564054185639,1.35372787884192
687,"rs929708",-0.0118520011663651,-0.040934686024373,-0.00575775877144065,-0.0466924447958137,-0.0585444459621788,17,0.860665525731888,"",0.988217957144706,0.954380877263036,0.94313632086685
687,"rs11719939",0.309223496354505,-0.0537321465046844,-0.020691655345837,-0.0744238018505214,0.234799694503983,17,0.860665525731888,"",1.3623668204983,0.928278204445567,1.26465542592838
687,"rs4639533",-0.165333600045465,0.101146671922403,0.0654980264859675,0.166644698408371,0.00131109836290522,17,0.860665525731888,"",0.847610893885053,1.18133446072002,1.00131195822811
687,"rs2515029",0.0484622644328301,-0.0149668541774229,-0.0391968239724644,-0.0541636781498873,-0.00570141371705724,17,0.860665525731888,"",1.04965576171747,0.947277045257877,0.994314808497635
688,"rs929708",-0.426648938034946,0.0137428036130425,0.0126486140320301,0.0263914176450726,-0.400257520389873,17,0.859350898558435,"",0.652692647575651,1.0267427550625,0.670147447180861
688,"rs11719939",-0.154654946508655,0.00827987157631227,0.0107520316251533,0.0190319032014656,-0.13562304330719,17,0.859350898558435,"",0.856710737519723,1.01921416429355,0.873171718382474
688,"rs4639533",-0.213306329864586,0.0613700499719228,0.0538829222123278,0.115252972184251,-0.0980533576803353,17,0.859350898558435,"",0.807908612770411,1.12215727624602,0.906600528362149
688,"rs2515029",-0.626031250303887,0.0757124653268473,-0.0327156054020034,0.0429968599248439,-0.583034390379043,17,0.859350898558435,"",0.534709724529518,1.04393461681231,0.558201991382539
689,"rs929708",-0.364810356896974,-0.00891098193863292,0.00448251484746595,-0.00442846709116697,-0.369238823988141,17,0.856830302325245,"",0.694328312968971,0.995581324110551,0.691260301193093
689,"rs11719939",-0.0619551289149384,-0.0653337023434799,-0.0323947513289182,-0.0977284536723981,-0.159683582587337,17,0.856830302325245,"",0.939925061302251,0.906895134364156,0.852413464761942
689,"rs4639533",-0.21342403300773,-0.00467602056344852,0.0185578943627441,0.0138818737992956,-0.199542159208435,17,0.856830302325245,"",0.80781352498349,1.01397867441538,0.819105687237577
689,"rs2515029",-0.24732572487252,0.00718977031844374,-0.0332724189697158,-0.0260826486512721,-0.273408373523792,17,0.856830302325245,"",0.780886298012279,0.974254565455358,0.760782040939996
690,"rs929708",-0.254904275813185,0.0295919923593774,0.0436577906082265,0.073249782967604,-0.181654492845581,16,0.850243633213932,"",0.774990679763137,1.07599926964159,0.833889405404173
690,"rs11719939",0.127118425573961,0.0170335652272813,0.0410582221970381,0.0580917874243194,0.18521021299828,16,0.850243633213932,"",1.13555148815571,1.05981226868441,1.20347139887026
690,"rs4639533",-0.376645131665712,0.139394568603573,0.148255110848803,0.287649679452376,-0.0889954522133356,16,0.850243633213932,"",0.686159526984967,1.33329014336699,0.914849734106412
690,"rs2515029",0.0373921804774986,0.0142554964928724,-0.0404384608572701,-0.0261829643643977,0.0112092161131009,16,0.850243633213932,"",1.03810006359446,0.974156837315775,1.01127227476848
691,"rs929708",-0.0370093444951948,-0.00026446347381902,0.0361492749071648,0.0358848114333458,-0.00112453306184904,17,0.858619150092453,"",0.963667130324111,1.03653644246697,0.998876098988512
691,"rs11719939",0.203458098855945,-0.0501642080211596,0.0238437025594918,-0.0263205054616678,0.177137593394277,17,0.858619150092453,"",1.22563380110681,0.974022859929367,1.19379534018015
691,"rs4639533",-0.205548160124666,0.0690294851354871,0.0901328674332088,0.159162352568696,-0.0463858075559698,17,0.858619150092453,"",0.81420088160695,1.17252829420903,0.954673570854083
691,"rs2515029",0.105171521949076,-0.0878302733290377,-0.088102136741617,-0.175932410070655,-0.0707608881215785,17,0.858619150092453,"",1.11090113794382,0.838674667382929,0.931684642360349
692,"rs929708",-0.579492590642628,0.0365516212903138,0.0499882808937124,0.0865399021840263,-0.492952688458602,17,0.86012277616113,"",0.560182536324875,1.09039487598674,0.610820167225899
692,"rs11719939",-0.406065167721268,0.055157452882251,0.0517927789209371,0.106950231803188,-0.29911493591808,17,0.86012277616113,"",0.66626674692444,1.11287886712659,0.741474182521387
692,"rs4639533",-0.259765252867968,0.0341796122543058,0.0567344645399579,0.0909140767942637,-0.168851176073704,17,0.86012277616113,"",0.771232609198513,1.09517490027735,0.844634595869621
692,"rs2515029",-0.0978883691146869,0.0602437297777448,-0.019927982698203,0.0403157470795418,-0.0575726220351451,17,0.86012277616113,"",0.906750119423007,1.0411394590426,0.944053328822888
693,"rs929708",-0.00614804930568439,0.0454368936839071,0.0282252935243011,0.0736621872082082,0.0675141379025238,17,0.858226484041685,"",0.993870811277721,1.07644310781736,1.06984538486075
693,"rs11719939",0.263210850370186,0.0428899461612342,0.0239256204775264,0.0668155666387606,0.330026417008946,17,0.858226484041685,"",1.30110102766499,1.06909828260068,1.39100487416663
693,"rs4639533",-0.318666797679292,0.118519327745157,0.231426187528167,0.349945515273324,0.0312787175940323,17,0.858226484041685,"",0.727117786280953,1.41899023319201,1.03177303711287
693,"rs2515029",-0.139112264660773,0.0113387076626815,-0.0644540372258264,-0.053115329563145,-0.192227594223917,17,0.858226484041685,"",0.870130338087533,0.948270642536678,0.825119054788922
694,"rs929708",-0.138929622987107,-0.0391413176023649,-0.039078616093681,-0.0782199336960459,-0.217149556683153,17,0.861018478013683,"",0.870289274662568,0.924761018067508,0.804809595650189
694,"rs11719939",0.15161935149788,-0.0290010614553008,-0.0306700126166422,-0.059671074071943,0.0919482774259369,17,0.861018478013683,"",1.16371718491069,0.942074355308875,1.09630811673659
694,"rs4639533",-0.261927878645638,0.0596263187943869,0.111854778890218,0.171481097684605,-0.0904467809610332,17,0.861018478013683,"",0.769566523886152,1.18706170430549,0.913522949420748
694,"rs2515029",0.086484038550827,0.00764564429882816,-0.0239210313976802,-0.016275387098852,0.070208651451975,17,0.861018478013683,"",1.09033396426874,0.983856341401439,1.07273198499117
695,"rs929708",-0.474617446122962,0.0486743216722103,0.0519210478444936,0.100595369516704,-0.374022076606258,17,0.855647333925544,"",0.622123006515898,1.10582909906202,0.687961723801233
695,"rs11719939",-0.323711774120927,0.079174600357835,0.0621682936242963,0.141342893982131,-0.182368880138796,17,0.855647333925544,"",0.723458731861331,1.15181953226527,0.833293898145742
695,"rs4639533",-0.590822696213821,0.0619579542030608,0.0723666065267678,0.134324560729829,-0.456498135483992,17,0.855647333925544,"",0.553871429317113,1.1437639802815,0.633498190559943
695,"rs2515029",-0.299855351792188,0.0665043169067967,0.0224239054386609,0.0889282223454576,-0.21092712944673,17,0.855647333925544,"",0.740925386460136,1.09300220037632,0.809833077715603
696,"rs929708",-0.301506805332272,0.0582139202422802,0.0165049797115306,0.0747188999538107,-0.226787905378461,17,0.858701450592296,"",0.739702792414226,1.07758120018175,0.797089822827517
696,"rs11719939",-0.0660824196984922,0.0493228529965763,0.00782091159545517,0.0571437645920315,-0.00893865510646075,17,0.858701450592296,"",0.936053711847519,1.05880801855699,0.99110117590419
696,"rs4639533",0.0194260174148735,0.0343056392099433,0.0190930036748395,0.0533986428847828,0.0728246602996563,17,0.858701450592296,"",1.01961593024784,1.05485006978897,1.07554193517988
696,"rs2515029",-0.0982568324183182,-0.0633511629656198,-0.147145225907365,-0.210496388872984,-0.308753221291303,17,0.858701450592296,"",0.906416076823436,0.810181980818104,0.734361972566186
697,"rs929708",0.0219297326273253,0.026224974963657,0.0348478181003229,0.0610727930639799,0.0830025256913052,17,0.859641802006128,"",1.02217195660908,1.06297628867199,1.0865445528209
697,"rs11719939",0.159834127533332,0.000857138156705626,0.0196411204997966,0.0204982586565022,0.180332386189834,17,0.859641802006128,"",1.17331623399188,1.02070979083529,1.1976153677815
697,"rs4639533",-0.0262640529204477,0.111308316218517,0.120865590046055,0.232173906264572,0.205909853344124,17,0.859641802006128,"",0.974077847547097,1.26133906452092,1.22864244099561
697,"rs2515029",0.130396585657183,-0.0364704680562447,-0.0107549492868387,-0.0472254173430834,0.0831711683140994,17,0.859641802006128,"",1.13928011589685,0.953872353982327,1.08672780599579
698,"rs929708",-0.0157165120030305,0.0330394674519691,0.0351478031635621,0.0681872706155313,0.0524707586125008,17,0.854613087355521,"",0.984406347886662,1.07056577521912,1.0538717449559
698,"rs11719939",0.0337397007513652,0.0360757959116585,0.0327178331665957,0.0687936290782541,0.102533329829619,17,0.854613087355521,"",1.0343153401788,1.07121511868438,1.1079742298867
698,"rs4639533",-0.371903244769742,0.0512000975897374,0.0145965025702584,0.0657966001599958,-0.306106644609746,17,0.854613087355521,"",0.689420944379512,1.0680094621182,0.736308091979787
698,"rs2515029",0.186228296205581,-0.0194393228329065,-0.0516384426291251,-0.0710777654620316,0.115150530743549,17,0.854613087355521,"",1.20469725679872,0.931389459379606,1.12204232672585
699,"rs929708",-0.0856095623750017,0.0105911545828698,0.0194732485648919,0.0300644031477617,-0.0555451592272401,17,0.860215717213884,"",0.917952564481342,1.03052090060622,0.945969303463099
699,"rs11719939",0.0197762215185968,0.0172342493168443,0.0286673167553626,0.0459015660722069,0.0656777875908037,17,0.860215717213884,"",1.01997306646247,1.04697134838249,1.06788257670803
699,"rs4639533",-0.419129356746508,0.0988883596796895,0.0876520482273644,0.186540407907054,-0.232588948839454,17,0.860215717213884,"",0.657619122295453,1.20507331559242,0.792479256101557
699,"rs2515029",0.227979718089684,-0.0427436646180549,-0.0506242733858126,-0.0933679380038675,0.134611780085816,17,0.860215717213884,"",1.25605984988077,0.910858299248888,1.14409253861721
700,"rs929708",-0.247826883954396,0.0554238617597284,0.0194194501034757,0.074843311863204,-0.172983572091192,17,0.860485221717748,"",0.780495047799605,1.07771527245632,0.841151433090157
700,"rs11719939",-0.155278730441895,0.074207932640703,0.00789539678772957,0.0821033294284326,-0.0731754010134623,17,0.860485221717748,"",0.856176501767387,1.08556797515286,0.929437791397079
700,"rs4639533",-0.237075349887891,0.0729097675969319,0.0578581057265013,0.130767873323433,-0.106307476564458,17,0.860485221717748,"",0.788931839852245,1.13970319508947,0.899148138587417
700,"rs2515029",0.0434959257130028,0.000461067341569365,-0.0806892287027826,-0.0802281613612132,-0.0367322356482105,17,0.860485221717748,"",1.04445573889092,0.922905750930273,0.963934208014558
701,"rs929708",-0.159924153920971,0.0112108733554766,0.0761547555416062,0.0873656288970828,-0.0725585250238878,17,0.860963297944796,"",0.852208423182469,1.09129561599499,0.930011316133027
701,"rs11719939",-0.0789055491153963,0.00180651484087089,0.0347714821826547,0.0365779970235256,-0.0423275520918707,17,0.860963297944796,"",0.924127204955156,1.03725520368127,0.958555752203159
701,"rs4639533",-0.133406266225569,-0.0044675461157232,0.011414050375175,0.00694650425945179,-0.126459761966117,17,0.860963297944796,"",0.87510949244914,1.00697068718333,0.881209606972165
701,"rs2515029",-0.20648169364841,0.020570391224207,-0.0635241934007656,-0.0429538021765585,-0.249435495824969,17,0.860963297944796,"",0.813441152460395,0.957955644510523,0.779240543476581
702,"rs929708",-0.45309052488461,-0.0365873157127493,-0.0055351525307953,-0.0421224682435446,-0.495212993128155,17,0.860809418150011,"",0.635660587920422,0.958752356665166,0.609441086707869
702,"rs11719939",-0.0247262847158858,-0.00476049391298052,-0.0255301595784305,-0.030290653491411,-0.0550169382072968,17,0.860809418150011,"",0.975576905796473,0.97016351115334,0.946469116327618
702,"rs4639533",0.0187445474882939,0.0641767854028202,0.0546126797590763,0.118789465161896,0.13753401265019,17,0.860809418150011,"",1.0189213293564,1.12613280314134,1.14744073280862
702,"rs2515029",0.327286444452724,-0.040189523794524,-0.0206172979354293,-0.0608068217299533,0.266479622722771,17,0.860809418150011,"",1.38719877566973,0.941005003937767,1.30536098936156
703,"rs929708",0.0242932183760043,0.117513808152225,0.103268108799429,0.220781916951654,0.245075135327658,17,0.861190835560297,"",1.02459070267121,1.24705144012738,1.27771731130726
703,"rs11719939",0.0878957827046433,0.170907943385438,0.14002978535632,0.310937728741758,0.398833511446402,17,0.861190835560297,"",1.09187432390953,1.3647042366902,1.49008551577258
703,"rs4639533",-0.575444122180234,-0.0269451205130899,0.0101388319492944,-0.0168062885637955,-0.592250410744029,17,0.861190835560297,"",0.562455014580802,0.983334149257048,0.553081223258173
703,"rs2515029",-0.106902619567256,0.0041647795893605,-0.0195094855447506,-0.0153447059553901,-0.122247325522646,17,0.861190835560297,"",0.898613176069648,0.984772424170613,0.884929475789761
704,"rs929708",-0.0458322082551353,-0.0137713276020128,0.014920784915816,0.00114945731380316,-0.0446827509413321,18,0.862528655362222,"",0.95520222379288,1.00115011819305,0.956300819248511
704,"rs11719939",0.0264201433806847,-0.0172487943731264,0.0270210411869281,0.0097722468138017,0.0361923901944863,18,0.862528655362222,"",1.02677224942704,1.00982015113482,1.03685530809746
704,"rs4639533",-0.0341173128304038,-0.0390074975104411,0.0682534651968534,0.0292459676864124,-0.00487134514399141,18,0.862528655362222,"",0.966458120049373,1.02967783080367,0.995140500615032
704,"rs2515029",-0.0285214363834352,0.0611931399395669,-0.0178887163589423,0.0433044235806246,0.0147829871971893,18,0.862528655362222,"",0.9718814602992,1.04425574254022,1.01489279598582
705,"rs929708",-0.114844983921648,0.0235933847879195,-0.0252595856629792,-0.00166620087505972,-0.116511184796707,17,0.858728819268137,"",0.891504330701147,0.998335186466981,0.89002014222665
705,"rs11719939",0.0836711416938083,0.0162035870602729,0.0156258946657036,0.0318294817259765,0.115500623419785,17,0.858728819268137,"",1.08727127681892,1.03234145721235,1.12243521429638
705,"rs4639533",-0.030540339001301,0.0501177035650515,-0.0397266950864325,0.0103910084786191,-0.020149330522682,17,0.858728819268137,"",0.969921305621246,1.01044518248548,0.980052310655016
705,"rs2515029",-0.184121552311414,-0.0252408115554241,-0.0204122060808141,-0.0456530176362382,-0.229774569947653,17,0.858728819268137,"",0.83183468625243,0.955373402406877,0.794712734445041
706,"rs929708",-0.19721481355207,0.142949364926459,0.0867936344841456,0.229742999410605,0.0325281858585348,17,0.859899370059126,"",0.821014249381297,1.25827659054638,1.03306301050149
706,"rs11719939",-0.142345414051288,0.160445680484626,0.0970161187549796,0.257461799239605,0.115116385188318,17,0.859899370059126,"",0.867321619665091,1.29364239191335,1.12200401462171
706,"rs4639533",-0.350181365018414,0.0554599165751501,0.00354190371256097,0.059001820287711,-0.291179544730703,17,0.859899370059126,"",0.704560295539393,1.06077717165805,0.747381477564838
706,"rs2515029",0.242953345852739,-0.0306391046371654,-0.0580944519688448,-0.0887335566060101,0.154219789246729,17,0.859899370059126,"",1.27500913826674,0.915089360610332,1.16674729710884
707,"rs929708",-0.241402173108808,0.0758364546664515,0.0856866447474906,0.161523099413942,-0.0798790736948655,16,0.854842131690792,"",0.785525645562185,1.17529960657694,0.92322798218533
707,"rs11719939",-0.00701551720320274,0.051461084962638,0.085430491658766,0.136891576621404,0.129876059418201,16,0.854842131690792,"",0.99300903409072,1.14670381227847,1.13868724501879
707,"rs4639533",-0.126522364783981,0.0698262677384404,-0.00914399096454885,0.0606822767738915,-0.0658400880100893,16,0.854842131690792,"",0.881154442494384,1.06256126015826,0.936280574810879
707,"rs2515029",-0.0987088441160188,0.0474973925121138,-0.0462585020615719,0.00123889045054189,-0.0974699536654769,16,0.854842131690792,"",0.906006458736785,1.00123965819233,0.907129597065665
708,"rs929708",-0.211553632792147,0.0852603663402249,0.0771423089762931,0.162402675316518,-0.0491509574756285,17,0.859707529160413,"",0.80932587348235,1.17633382656,0.952037401687506
708,"rs11719939",-0.0439782568095445,0.0868551990325096,0.0559303425345818,0.142785541567091,0.0988072847575469,17,0.859707529160413,"",0.95697476493141,1.15348240111026,1.10385354965501
708,"rs4639533",-0.243115391042817,0.180686776331625,0.0559105401171692,0.236597316448794,-0.0065180745940227,17,0.859707529160413,"",0.784181021084854,1.26693084283159,0.993503121975572
708,"rs2515029",0.0818110133412656,-0.0491432091910751,-0.0244291960927089,-0.0735724052837841,0.00823860805748153,17,0.859707529160413,"",1.08525069254567,0.92906887386066,1.00827263877991
709,"rs929708",-0.37533944729904,0.0286945956072016,0.00636775609763912,0.0350623517048407,-0.340277095594199,17,0.86058794188522,"",0.687056019893418,1.03568428346718,0.71157312166513
709,"rs11719939",-0.283183804369087,0.0763377604315941,0.0178087729767667,0.0941465334083607,-0.189037270960726,17,0.86058794188522,"",0.753381300358209,1.09872073341577,0.827755654871295
709,"rs4639533",0.0716514355761152,0.199441622319238,0.110401240456914,0.309842862776152,0.381494298352267,17,0.86058794188522,"",1.07428082271914,1.36321088612686,1.46447131228804
709,"rs2515029",0.0663554304299036,0.00889843205224772,0.0115991551153111,0.0204975871675588,0.0868530175974624,17,0.86058794188522,"",1.06860646493027,1.02070910544018,1.09073634888657
710,"rs929708",-0.250411991706594,-0.111055053267362,0.0381782764970228,-0.0728767767703395,-0.323288768476933,17,0.854749356918144,"",0.778479989694334,0.929715385500166,0.723764823722833
710,"rs11719939",-0.0368269304291842,-0.129166405028577,0.0067446894935301,-0.122421715535046,-0.159248645964231,17,0.854749356918144,"",0.963842932797569,0.884775166382905,0.852784291232956
710,"rs4639533",-0.391993867635106,0.0158536459416213,0.0655836092340057,0.081437255175627,-0.310556612459479,17,0.854749356918144,"",0.675708257637519,1.08484514703026,0.733038824106336
710,"rs2515029",0.224041916930307,-0.0298825333543347,-0.0246492983012273,-0.054531831655562,0.169510085274745,17,0.854749356918144,"",1.25112346158419,0.946928366080489,1.18472429524289
711,"rs929708",-0.0406683074495416,0.0741860149317151,0.0513242672096406,0.125510282141356,0.0848419746918141,17,0.856824356731,"",0.960147550925929,1.13372682604008,1.08854503544141
711,"rs11719939",0.115491789102856,0.0827657765543273,0.0364084801847954,0.119174256739123,0.234666045841978,17,0.856824356731,"",1.12242529839177,1.1265662129397,1.26448641771692
711,"rs4639533",0.100907325866104,0.0697118606565132,0.0986722871301276,0.168384147786641,0.269291473652745,17,0.856824356731,"",1.10617412328428,1.1833911204224,1.30903663513565
711,"rs2515029",0.0361894333697614,0.0306412861097715,-0.0147591401463222,0.0158821459634493,0.0520715793332107,17,0.856824356731,"",1.03685224230258,1.01600893759538,1.05345114514524
712,"rs929708",-0.450451769454479,0.0228299791707865,0.0538119218122487,0.0766419009830352,-0.373809868471443,16,0.851717974422923,"",0.63734015575832,1.07965538362805,0.688107730366807
712,"rs11719939",-0.20031030306615,0.01856565068263,0.0401944957029556,0.0587601463855856,-0.141550156680564,16,0.851717974422923,"",0.818476737827845,1.06052084047522,0.8680116379106
712,"rs4639533",0.0202672727584565,0.0204438407677508,0.0721286200608652,0.092572460828616,0.112839733587073,16,0.851717974422923,"",1.02047404849523,1.09699262767524,1.11945250793318
712,"rs2515029",0.192350043297611,-0.0481518097473005,-0.028510985068394,-0.0766627948156945,0.115687248481916,16,0.851717974422923,"",1.21209472835012,0.926202121111379,1.1226447083858
713,"rs929708",0.0523536824257043,0.183278897472485,0.0698448026917904,0.253123700164275,0.30547738258998,17,0.860069112763523,"",1.05374836889297,1.28804259806137,1.35727278677183
713,"rs11719939",0.248903168431479,0.182366298270378,0.0832866626261351,0.265652960896513,0.514556129327991,17,0.860069112763523,"",1.28261782916027,1.30428234316141,1.67289578759776
713,"rs4639533",-0.0956711411072713,0.0976054762244466,0.0635008865307772,0.161106362755224,0.0654352216479525,17,0.860069112763523,"",0.908762821668861,1.17480991818854,1.06762357617758
713,"rs2515029",0.0678129935541777,0.0329827074171726,-0.032661682169377,0.000321025247795634,0.0681340188019733,17,0.860069112763523,"",1.07016516198163,1.00032107678191,1.07050876716796
714,"rs929708",-0.103176009835581,0.0827854354127213,0.0387744845461141,0.121559919958835,0.0183839101232549,17,0.860678435623275,"",0.901968204234126,1.12925702893264,1.01855393450514
714,"rs11719939",-0.110639388829145,0.0763595287229084,0.0735635116407665,0.149923040363675,0.0392836515345295,17,0.860678435623275,"",0.895261532035225,1.16174483182805,1.04006545797639
714,"rs4639533",-0.307156805265645,0.116910602911955,0.0306073222093776,0.147517925121332,-0.159638880144313,17,0.860678435623275,"",0.735535256062932,1.15895405903569,0.852451570577988
714,"rs2515029",0.283444470335684,-0.00600916620523037,-0.061580515769031,-0.0675896819742614,0.215854788361423,17,0.860678435623275,"",1.32769515180073,0.934643896147474,1.24092216957514
715,"rs929708",-0.0162790207341068,0.00253334516920648,0.0823629629382871,0.0848963081074935,0.0686172873733867,17,0.854063329072006,"",0.983852766432847,1.08860418141809,1.07102623543856
715,"rs11719939",-0.0149665947749142,0.0682607693730056,0.131274748137426,0.199535517510431,0.184568922735517,17,0.854063329072006,"",0.985144848038794,1.22083556970104,1.20269987179349
715,"rs4639533",-0.156767697353278,0.00450191841214011,0.0811079682149088,0.0856098866270489,-0.0711578107262296,17,0.854063329072006,"",0.854902631896345,1.08938126319971,0.931314909047999
715,"rs2515029",-0.148382020116127,0.0539120059927437,-0.0380399543356177,0.015872051657126,-0.132509968459001,17,0.854063329072006,"",0.862101711830677,1.0159986817417,0.875894202747235
716,"rs929708",-0.0942613763374878,-0.0449928951622438,0.0419302458004037,-0.00306264936184008,-0.0973240256993279,17,0.859505187345025,"",0.910044866957747,0.99694203576453,0.907261982301917
716,"rs11719939",0.151925352281657,-0.0868351692535147,0.0648720648732668,-0.0219631043802479,0.129962247901409,17,0.859505187345025,"",1.16407333777011,0.97827632849679,1.13878539097475
716,"rs4639533",-0.410038013681626,0.0884099892366368,0.126572326181315,0.214982315417951,-0.195055698263675,17,0.859505187345025,"",0.663625022826494,1.23983997072049,0.822788828870588
716,"rs2515029",0.179070017250352,0.00195721411428415,-0.0228824993563069,-0.0209252852420228,0.158144732008329,17,0.859505187345025,"",1.19610448918352,0.979292129410617,1.17133571221012
717,"rs929708",-0.375521114481779,0.0242404929714863,0.0833200927147598,0.107560585686246,-0.267960528795533,16,0.85241600653611,"",0.686931215698657,1.11355832439811,0.764937973530152
717,"rs11719939",-0.103033321134744,-0.00691489948139784,0.0585376394748716,0.0516227399934738,-0.0514105811412705,16,0.85241600653611,"",0.902096914087886,1.05297842092535,0.949888584117897
717,"rs4639533",-0.0983422947612855,0.075347330849233,0.187915069798731,0.263262400647964,0.164920105886679,16,0.85241600653611,"",0.906338615691859,1.30116810151321,1.17929889590789
717,"rs2515029",-0.0120558471425151,0.0768169436297447,-0.0100752358436651,0.0667417077860797,0.0546858606435645,16,0.85241600653611,"",0.988016533420989,1.06901932314409,1.05620876581288
718,"rs929708",-0.550884783596843,0.0553674448341121,0.04855008299922,0.103917527833332,-0.446967255763511,17,0.858377697066206,"",0.576439560415747,1.10950894753539,0.639564849994637
718,"rs11719939",-0.308176228268464,0.0371870632829169,0.0510135644138741,0.088200627696791,-0.219975600571673,17,0.858377697066206,"",0.734785816566351,1.09220722706858,0.802538379201255
718,"rs4639533",-0.0356945391600725,0.0741725696628736,0.0782639495489494,0.152436519211823,0.11674198005175,17,0.858377697066206,"",0.964934998325501,1.16466852567189,1.12382942186897
718,"rs2515029",0.0168120382443917,0.029572239763749,-0.0405585896868393,-0.0109863499230902,0.00582568832130145,17,0.858377697066206,"",1.0169541558713,0.989073779616386,1.00584269064422
719,"rs929708",-0.168518550841124,0.0437449660103262,0.0529606465189308,0.0967056125292571,-0.0718129383118671,16,0.850074791212209,"",0.844915589378692,1.10153604747363,0.930704978773055
719,"rs11719939",0.0427305965976098,0.0046107895684848,0.056053292245929,0.0606640818144138,0.103394678412024,16,0.850074791212209,"",1.04365669231002,1.06254192707507,1.10892899305188
719,"rs4639533",-0.408786886537643,0.0384692327541134,0.0663011061762844,0.104770338930398,-0.304016547607245,16,0.850074791212209,"",0.664455821715127,1.11045555265845,0.737848656719793
719,"rs2515029",0.0342834882958688,-0.0598963626616671,-0.100569753520549,-0.160466116182216,-0.126182627886347,16,0.850074791212209,"",1.03487794093165,0.851746683512428,0.881453854028707
720,"rs929708",-0.0950042524022972,0.031559205190882,0.0227541045073407,0.0543133096982227,-0.0406909427040745,17,0.860768910928439,"",0.909369067456898,1.05581534752742,0.960125817987691
720,"rs11719939",0.0222063202404132,0.0379720210595406,0.0591650147224164,0.097137035781957,0.11934335602237,17,0.860768910928439,"",1.02245471581277,1.1020113782652,1.12675673058658
720,"rs4639533",-0.148496400817376,0.0475597508021417,-0.0130953584082687,0.034464392393873,-0.114032008423503,17,0.860768910928439,"",0.862003109671529,1.03506517152698,0.892229396568954
720,"rs2515029",-0.0209799993035217,-0.0121532442014775,-0.0247751723609206,-0.036928416562398,-0.0579084158659197,17,0.860768910928439,"",0.979238549826615,0.963745121068645,0.943736374757735
721,"rs929708",-0.111498740609383,0.1010060835413,0.123234933068952,0.224241016610252,0.112742276000869,17,0.855698456457709,"",0.894492517918042,1.25137258466431,1.11934341410998
721,"rs11719939",-0.0850378757763416,0.0769539554752043,0.117971762708259,0.194925718183463,0.109887842407122,17,0.855698456457709,"",0.918477495694435,1.21522071433483,1.11615287841826
721,"rs4639533",-0.164686428493151,0.0346039039086548,0.0600244077147949,0.0946283116234497,-0.0700581168697011,17,0.855698456457709,"",0.848159621084172,1.09925020066224,0.932339633670389
721,"rs2515029",0.0426523368929275,-0.0738372841442973,-0.10180592440505,-0.175643208549347,-0.13299087165642,17,0.855698456457709,"",1.04357501924138,0.838917248448334,0.875473083691399
722,"rs929708",-0.0959924576121806,0.0376636575509525,-0.0364939652042676,0.0011696923466849,-0.0948227652654957,17,0.859329404971859,"",0.908470868082476,1.00117037670358,0.909534121222361
722,"rs11719939",0.104374673580428,0.0174441543178904,-0.0487434334695378,-0.0312992791516474,0.0730753944287807,17,0.859329404971859,"",1.11001627078362,0.969185472661641,1.07581164406153
722,"rs4639533",0.0387118832978766,0.0213111931255874,0.0665146340722047,0.0878258271977921,0.126537710495669,17,0.859329404971859,"",1.03947095155961,1.09179794395941,1.13489224771832
722,"rs2515029",0.136800143799636,-0.00250725053803325,-0.0693257320911848,-0.071832982629218,0.0649671611704185,17,0.859329404971859,"",1.14659897070623,0.930686323614066,1.06712398070625
723,"rs929708",-0.115612383455424,0.00197504190333498,0.106761570403179,0.108736612306514,-0.00687577114891003,17,0.860239956341192,"",0.890820453130633,1.11486866897985,0.99314781288178
723,"rs11719939",-0.1434732744436,0.00886183559239352,0.0983603899237097,0.107222225516103,-0.0362510489274964,17,0.860239956341192,"",0.866343953402041,1.11318160435112,0.96439815196798
723,"rs4639533",0.00165863095358607,-0.0127137496823482,0.129728121492838,0.117014371810489,0.118673002764076,17,0.860239956341192,"",1.00166000724272,1.12413558543804,1.12600165865167
723,"rs2515029",0.0783084660585808,0.0215261464241881,-0.0329981230599921,-0.011471976635804,0.0668364894227767,17,0.860239956341192,"",1.08145619975585,0.988593575577551,1.06912065134715
724,"rs929708",-0.196176227841247,0.036482837313537,0.0458325605108243,0.0823153978243613,-0.113860830016886,17,0.856511716696608,"",0.82186738600015,1.08579821422437,0.892382140048216
724,"rs11719939",0.0266980752897722,-0.020387800274377,0.0397188581584605,0.0193310578840835,0.0460291331738557,17,0.856511716696608,"",1.0270576618593,1.01951911259447,1.04710491600214
724,"rs4639533",-0.181028751220584,0.0177744270130465,0.0663504218296581,0.0841248488427046,-0.0969039023778796,17,0.856511716696608,"",0.834411368005611,1.08776469149443,0.907643224298065
724,"rs2515029",-0.0116553356620256,-0.0329903794614053,-0.0318198026033049,-0.0648101820647101,-0.0764655177267358,17,0.856511716696608,"",0.98841232463971,0.937245352471265,0.926384857593887
725,"rs929708",0.030521290327788,-0.00593445267715363,0.14194154740813,0.136007094730976,0.166528385058764,17,0.856058814800138,"",1.03099183996934,1.14569002192852,1.18119706374259
725,"rs11719939",0.343400383891769,-0.0618909433318643,0.14652578561848,0.0846348422866159,0.428035226178385,17,0.856058814800138,"",1.40973308336458,1.08831958583982,1.53424012543203
725,"rs4639533",-0.0625799560760039,0.0147466381884457,0.0954203926813644,0.11016703086981,0.0475870747938062,17,0.856058814800138,"",0.939337954033968,1.11646453892849,1.04873751574857
725,"rs2515029",-0.0972340277144028,-0.0166756692543946,-0.106931620833583,-0.123607290087977,-0.22084131780238,17,0.856058814800138,"",0.90734363772648,0.883726821029159,0.801843908549055
726,"rs929708",0.02806891297617,0.0247699684742465,0.0768349519272198,0.101604920401466,0.129673833377636,17,0.860718900992402,"",1.0284665566707,1.10694605352369,1.13845699608773
726,"rs11719939",0.246684433260363,0.026278371689231,0.0864118421671648,0.112690213856396,0.359374647116759,17,0.860718900992402,"",1.27977519456443,1.11928514020839,1.43243335808326
726,"rs4639533",-0.522278731234035,0.0915295081003059,0.139865070281828,0.231394578382134,-0.2908841528519,17,0.860718900992402,"",0.593167337814941,1.26035645075762,0.747602280593783
726,"rs2515029",0.0268636184514413,-0.0312419100004151,-0.0840407489676666,-0.115282658968082,-0.0884190405166404,17,0.860718900992402,"",1.02722769830566,0.891114226877393,0.91537721620269
727,"rs929708",-0.33532102016605,0.0507958467069017,0.0749811128349173,0.125776959541819,-0.209544060624231,17,0.857242661084497,"",0.71510848525656,1.13402920568,0.810953907510525
727,"rs11719939",-0.0974287551964656,0.0559976638673519,0.0553826503913398,0.111380314258692,0.0139515590622261,17,0.857242661084497,"",0.907166970186111,1.11781994888977,1.01404933624793
727,"rs4639533",-0.101414305613571,0.0560566034398108,0.121859586895803,0.177916190335614,0.076501884722043,17,0.857242661084497,"",0.903558605924999,1.19472518752177,1.07950422490066
727,"rs2515029",-0.111747643280993,0.0398824380275953,-0.135357130204153,-0.0954746921765574,-0.207222335457551,17,0.857242661084497,"",0.89426990404634,0.908941364690169,0.812838906985227
728,"rs929708",0.0101253764761699,0.0342906043615438,0.0147935718974358,0.0490841762589796,0.0592095527351496,17,0.860754639969178,"",1.01017681155382,1.0503087580811,1.06099755238543
728,"rs11719939",0.000220973307475916,0.00547105126402639,-0.0178562810837997,-0.0123852298197733,-0.0121642565122974,17,0.860754639969178,"",1.00022099772388,0.987691151480564,0.987909428976934
728,"rs4639533",-0.01669883906819,0.063479431563919,0.0706069978765414,0.13408642944046,0.11738759037227,17,0.860754639969178,"",0.983439813692091,1.143491646717,1.12455521200583
728,"rs2515029",-0.087466095275664,0.00611087931091673,0.0112287518534638,0.0173396311643805,-0.0701264641112835,17,0.860754639969178,"",0.916249936325769,1.01749083524556,0.9322759130058
729,"rs929708",-0.202518729779347,0.106910507215416,0.0998346933969907,0.206745200612406,0.0042264708330593,17,0.861298059763711,"",0.816671186383744,1.22966921289823,1.00423541495716
729,"rs11719939",0.0575545375495101,0.0780943634053049,0.0854109995791576,0.163505362984462,0.221059900533973,17,0.861298059763711,"",1.05924303759909,1.17763167079084,1.24739814814138
729,"rs4639533",-0.27662829119013,0.132091145944098,0.136174641009174,0.268265786953272,-0.0083625042368573,17,0.861298059763711,"",0.75833632502116,1.30769466200951,0.99167236423808
729,"rs2515029",-0.140722655192381,0.0510140483920584,-0.0471262163418769,0.00388783205018148,-0.136834823142199,17,0.861298059763711,"",0.868730216103989,1.00389539947298,0.872114267329967
730,"rs929708",-0.166851885775978,0.029687777013975,0.033603507727737,0.063291284741712,-0.103560601034266,17,0.857619564012157,"",0.846324954818336,1.06533711048553,0.901621381897967
730,"rs11719939",0.0613911092946378,0.0286103597322871,0.0341553861777053,0.0627657459099924,0.12415685520463,17,0.857619564012157,"",1.06331470513635,1.06477738155763,1.1321934475068
730,"rs4639533",-0.223484823038009,0.0609425303675844,0.042957893616275,0.103900423983859,-0.11958439905415,17,0.857619564012157,"",0.799727029202217,1.10948997082365,0.887289118296451
730,"rs2515029",-0.0824151088051153,0.00342707766616697,-0.0508757809610313,-0.0474487032948643,-0.12986381209998,17,0.857619564012157,"",0.920889609958042,0.953659391462545,0.878215025036767
731,"rs929708",-0.0760453185707561,0.0666016204674107,0.0645917914858238,0.131193411953235,0.0551480933824784,16,0.852279196524008,"",0.926774205525268,1.14018828603063,1.05669709293526
731,"rs11719939",0.0925500035336097,0.0833836302140203,0.0674931775189296,0.15087680773295,0.24342681126656,16,0.852279196524008,"",1.0969679924648,1.16285339471159,1.27561295392765
731,"rs4639533",-0.0071711131658836,0.0595428354257443,0.0710212198249523,0.130564055250697,0.123392942084813,16,0.852279196524008,"",0.992854537913912,1.13947092665181,1.13132888034722
731,"rs2515029",-0.0602908549569263,-0.0503293928601774,-0.0240416215882486,-0.074371014448426,-0.134661869405352,16,0.852279196524008,"",0.941490656532578,0.928327207133752,0.874011391721411
732,"rs929708",-0.45050327207874,0.0386209514152548,0.0315735049367549,0.0701944563520097,-0.380308815726731,17,0.860356691971448,"",0.637307331913016,1.07271675756148,0.683650254659888
732,"rs11719939",-0.246552993773005,0.0123649396997669,0.0511550187402349,0.0635199584400018,-0.183033035333003,17,0.860356691971448,"",0.781489946338819,1.06558075291876,0.83274064541816
732,"rs4639533",-0.180398102485373,0.0525230816614509,0.048173256509,0.100696338170451,-0.0797017643149225,17,0.860356691971448,"",0.834937754444514,1.1059407587744,0.92339169367976
732,"rs2515029",0.14025729170379,-0.101783120771553,-0.062949041559386,-0.164732162330939,-0.0244748706271497,17,0.860356691971448,"",1.15056979283952,0.848120832376628,0.975822210410462
733,"rs929708",0.259275243842804,-0.034609503023331,-0.0145274539098314,-0.0491369569331624,0.210138286909641,17,0.86046975538213,"",1.29599046913793,0.952050730820885,1.23384867327967
733,"rs11719939",0.359354008517533,-0.060921378767181,0.0133394993771545,-0.0475818793900266,0.311772129127507,17,0.86046975538213,"",1.43240379497034,0.95353239528529,1.36584342163381
733,"rs4639533",-0.209365270492763,-0.00174535580199243,0.121382188327922,0.119636832525929,-0.0897284379668336,17,0.86046975538213,"",0.811098911028476,1.12708745573989,0.914179407984481
733,"rs2515029",-0.194997382994243,0.0544768325352359,-0.0805872386588569,-0.0261104061236211,-0.221107789117864,17,0.86046975538213,"",0.822836811421873,0.974227522986514,0.801630268613653
734,"rs929708",-0.142401896333109,0.0215487357117511,0.0703783514747778,0.0919270871865288,-0.0504748091465802,17,0.859082769555499,"",0.867272632744399,1.09628488595127,0.950777879276849
734,"rs11719939",0.038981072984558,0.00578019793659196,0.0528470134923436,0.0586272114289355,0.0976082844134935,17,0.859082769555499,"",1.0397508040844,1.06037986955345,1.10253082200311
734,"rs4639533",-0.434611300891137,0.0792046706667395,0.0632554174789157,0.142460088145655,-0.292151212745482,17,0.859082769555499,"",0.6475163071803,1.15310705739801,0.746655623589904
734,"rs2515029",-0.197734813645741,0.0524870540631902,-0.036678198447339,0.0158088556158512,-0.181925958029889,17,0.859082769555499,"",0.820587432876643,1.01593447667585,0.833663064186313
735,"rs929708",-0.00582754481293311,0.0331169769421192,0.0567320522326853,0.0898490291748045,0.0840214843618714,16,0.850971526947127,"",0.994189402390164,1.09400910777938,1.08765226107258
735,"rs11719939",0.110403800354327,0.0345855437469978,0.0632622747091295,0.0978478184561273,0.208251618810454,16,0.850971526947127,"",1.11672891495871,1.10279494730027,1.23152300492057
735,"rs4639533",-0.0725637780873716,0.0338694229636833,0.0197257790364144,0.0535952020000977,-0.0189685760872739,16,0.850971526947127,"",0.930006430737375,1.05505743056414,0.981210195221898
735,"rs2515029",0.132628723108203,-0.0325540134538184,-0.0223931099682511,-0.0549471234220695,0.0776815996861338,16,0.850971526947127,"",1.14182598601972,0.946535196172347,1.08077848367186
736,"rs929708",-0.205210459302762,0.13064965791481,0.0134109206653358,0.144060578580145,-0.0611498807226165,17,0.860538205279146,"",0.814475884345575,1.15495407188356,0.940682239075885
736,"rs11719939",-0.020041884075903,0.111440981913786,0.0266016027891792,0.138042584702965,0.118000700627062,17,0.860538205279146,"",0.98015761945088,1.14802443751292,1.12524489974409
736,"rs4639533",-0.286017953556405,0.204446884903684,0.0800252781394611,0.284472163043145,-0.0015457905132602,17,0.860538205279146,"",0.751249128232212,1.32906031579035,0.99845540360553
736,"rs2515029",0.235867248485196,-0.0562183144138854,-0.0405754829131936,-0.096793797327079,0.139073451158117,17,0.860538205279146,"",1.26600623476558,0.907743165903322,1.14920850759945
737,"rs929708",-0.235285180047758,0.0271494870402621,0.0629660431859455,0.0901155302262076,-0.14516964982155,17,0.858207852271836,"",0.790345426740665,1.0943007012101,0.864875554680504
737,"rs11719939",-0.0220756070646914,-0.00502272998261741,0.0328553632089787,0.0278326332263613,0.0057570261616699,17,0.858207852271836,"",0.978166275974424,1.02822357955642,1.00577362968379
737,"rs4639533",-0.334750589741772,0.106097980444881,0.0849192131497168,0.191017193594598,-0.143733396147174,17,0.858207852271836,"",0.715516521260221,1.21048026440931,0.866118627844305
737,"rs2515029",0.00951022559062694,0.0338037495541656,-0.00570724496920298,0.0280965045849627,0.0376067301755896,17,0.858207852271836,"",1.00955559148527,1.02849493410908,1.03832281154409
738,"rs929708",0.0995709311591945,-0.00867140397272724,-0.0356847866175801,-0.0443561905903073,0.0552147405688872,17,0.86175456811691,"",1.10469682538741,0.956613160176036,1.05676752117029
738,"rs11719939",0.221627385318827,-0.0258141773569132,-0.0589185975416015,-0.0847327748985147,0.136894610420312,17,0.86175456811691,"",1.24810622850452,0.918757766737932,1.14670729115252
738,"rs4639533",-0.306766901960444,0.0120281194972976,0.0246986535527595,0.036726773050057,-0.270040128910387,17,0.86175456811691,"",0.735822099607352,1.037409533869,0.763348861364172
738,"rs2515029",-0.0882805866271379,0.0374988607386937,-0.0701023256628167,-0.032603464924123,-0.120884051551261,17,0.86175456811691,"",0.915503962512692,0.967922298643142,0.88613669981219
739,"rs929708",-0.349484725612014,-0.0243802746188526,-0.018240181503652,-0.0426204561225046,-0.392105181734519,17,0.859329878988898,"",0.705051291008989,0.958275028474314,0.675633045967491
739,"rs11719939",-0.285075604873663,-0.0455403388570173,0.00989560367453267,-0.0356447351824846,-0.320720340056148,17,0.859329878988898,"",0.751957400525931,0.964983057123281,0.725626151185988
739,"rs4639533",-0.390195366840647,0.0662979387085464,0.133169306609242,0.199467245317788,-0.190728121522858,17,0.859329878988898,"",0.676924612955837,1.22075222342499,0.82635722635694
739,"rs2515029",0.343168947583836,-0.0373168598117502,-0.0662864830251806,-0.103603342836931,0.239565604746905,17,0.859329878988898,"",1.40940685769628,0.901582845798341,1.27069704564951
740,"rs929708",-0.2176075720256,0.0378540320604237,0.0994765752601617,0.137330607320585,-0.0802769647050144,17,0.85707261885493,"",0.804441064910441,1.14720736098351,0.922860711142669
740,"rs11719939",0.0641355037524726,0.020073165729441,0.0851329899133129,0.105206155642754,0.169341659395226,17,0.85707261885493,"",1.06623686806987,1.1109396132198,1.18452477381423
740,"rs4639533",-0.0326447615375475,0.0222422855039075,0.139268936364095,0.161511221868003,0.128866460330455,17,0.85707261885493,"",0.967882327555491,1.17528564698477,1.13753820754618
740,"rs2515029",-0.062750899239673,-0.0318064366666881,-0.0982092610936023,-0.13001569776029,-0.192766596999963,17,0.85707261885493,"",0.939177394356032,0.878081646897164,0.824674433164732
741,"rs929708",-0.365682002077856,0.0275716835561453,0.0312397307554148,0.0588114143115601,-0.306870587766296,16,0.850689173389094,"",0.693723368727689,1.06057521257292,0.735745809255172
741,"rs11719939",-0.115476264685447,0.0373498612473022,0.0428346457242235,0.0801845069715257,-0.0352917577139213,16,0.850689173389094,"",0.890941718768061,1.08348696013132,0.965323734522177
741,"rs4639533",-0.0734146019163311,0.210995213660596,0.0581532879726038,0.269148501633199,0.195733899716868,16,0.850689173389094,"",0.929215495625951,1.30884949290263,1.2162032302473
741,"rs2515029",-0.159442260578733,0.032154966320833,0.00280899839282577,0.0349639647136588,-0.124478295865074,16,0.850689173389094,"",0.852619195714124,1.03558239061927,0.882957424985508
742,"rs929708",0.0358217131820568,0.0141770557060968,0.0939855546386686,0.108162610344765,0.143984323526822,17,0.855095693864509,"",1.03647104089344,1.11422891580412,1.15486600415707
742,"rs11719939",0.256390276864137,-0.00947062802746596,0.107283402938892,0.0978127749114264,0.354203051775563,17,0.855095693864509,"",1.29225696753373,1.10275630213337,1.42504451492358
742,"rs4639533",-0.354968567069509,0.0889035911629336,0.262271971253791,0.351175562416725,-0.0037930046527842,17,0.855095693864509,"",0.701195483491068,1.42073673199259,0.996214179703062
742,"rs2515029",-0.0126975826049707,-0.023061385216147,-0.0718088234882173,-0.0948702087043642,-0.107567791309335,17,0.855095693864509,"",0.987382691575148,0.909490970819492,0.898015642731044
743,"rs929708",0.116159700647964,0.0961698051237597,0.0470998604340814,0.143269665557841,0.259429366205805,17,0.854515950334097,"",1.12317522962307,1.15404096480968,1.29619022564454
743,"rs11719939",0.211520265500998,0.0948240453495026,0.0488988495114834,0.143722894860986,0.355243160361984,17,0.854515950334097,"",1.23555500451616,1.15456412853957,1.42652748705191
743,"rs4639533",-0.0929868395492329,0.0504749752688542,0.0500595190152624,0.100534494284117,0.00754765473488368,17,0.854515950334097,"",0.911205492092249,1.10576178350736,1.00757621007763
743,"rs2515029",-0.0936289821387272,0.00450537788050664,0.00828775946253849,0.0127931373430451,-0.080835844795682,17,0.854515950334097,"",0.910620556064263,1.01287531960698,0.922345086764273
744,"rs929708",-0.212921679042312,0.0380006964704322,0.0196655157035078,0.05766621217394,-0.155255466868372,17,0.860401653891104,"",0.808219435257866,1.05936133477277,0.856196419724065
744,"rs11719939",0.112664318111498,0.0564560087717302,0.0117161314871746,0.0681721402589048,0.180836458370402,17,0.860401653891104,"",1.11925615586122,1.07054957729968,1.1982192045473
744,"rs4639533",-0.477329732297674,0.0759726005635178,0.0671267095003601,0.143099310063878,-0.334230422233796,17,0.860401653891104,"",0.62043791714169,1.15384438433582,0.715888806522954
744,"rs2515029",0.28043935695088,-0.0308789151068932,-0.0239600890995839,-0.0548390042064771,0.225600352744402,17,0.860401653891104,"",1.32371126634098,0.946637540347874,1.25307477729979
745,"rs929708",-0.281661750197688,-0.0186305624809506,0.087940897653434,0.0693103351724835,-0.212351415025205,16,0.853270822452391,"",0.754528860611967,1.07176876508835,0.808680465161609
745,"rs11719939",-0.135296205118654,-0.0472868824076718,0.0261067385393236,-0.0211801438683481,-0.156476348987002,16,0.853270822452391,"",0.873457150887772,0.979042580164984,0.85515174266872
745,"rs4639533",-0.215487439622034,0.0874548697862999,0.137887350211097,0.225342219997397,0.00985478037536208,16,0.853270822452391,"",0.806148395723074,1.2527513594095,1.00990349862787
745,"rs2515029",-0.0442843576114305,0.0420775356481558,-0.0330544854678937,0.0090230501802621,-0.0352613074311684,16,0.853270822452391,"",0.956681879017074,1.00906388061015,0.965353129350379
746,"rs929708",-0.14347704337575,0.142451598200929,0.0502548222457935,0.192706420446722,0.0492293770709727,17,0.856393006064738,"",0.866340688216615,1.21252676819386,1.05046127483813
746,"rs11719939",0.00363059882909176,0.11601590354306,0.0365809369571242,0.152596840500184,0.156227439329276,17,0.856393006064738,"",1.00363719743624,1.16485526179893,1.16909207037073
746,"rs4639533",0.114878989170362,0.0372800446156247,0.0304366797071024,0.0677167243227272,0.182595713493089,17,0.856393006064738,"",1.12173768695032,1.07006214296282,1.20032903314022
746,"rs2515029",0.15718897229399,0.00440991155659754,-0.0728446784096419,-0.0684347668530444,0.0887542054409461,17,0.856393006064738,"",1.17021673154793,0.93385437637639,1.09281201606491
747,"rs929708",-0.274971633249591,0.0727878665455463,0.0481274397359847,0.120915306281531,-0.15405632696806,16,0.850645762165862,"",0.759593670123412,1.12852932897447,0.857223734837631
747,"rs11719939",-0.162905805084315,0.0847263570579676,0.0669691201115001,0.151695477169468,-0.011210327914847,16,0.850645762165862,"",0.849671219354145,1.16380577703495,0.988852273664683
747,"rs4639533",0.0162654748267208,0.139004589772639,0.058517418167244,0.197522007939883,0.213787482766604,16,0.850645762165862,"",1.01639847780274,1.21837987870571,1.23835945410197
747,"rs2515029",0.0784551841488304,-0.127178455771814,-0.111467906614957,-0.238646362386771,-0.16019117823794,16,0.850645762165862,"",1.08161488058456,0.787693391134996,0.851980893189725
748,"rs929708",-0.155862669861872,0.0868567008929537,0.141888460959754,0.228745161852707,0.0728824919908355,17,0.860776053261312,"",0.855676692500916,1.25702166111809,1.07560413738754
748,"rs11719939",0.192679787142468,0.0505461249820484,0.120764390127527,0.171310515109575,0.363990302252043,17,0.860776053261312,"",1.21249447502956,1.18685922953308,1.4390602584467
748,"rs4639533",-0.354095596282977,-0.00434291467173816,0.102106235899603,0.0977633212278652,-0.256332275055112,17,0.860776053261312,"",0.701807873924392,1.10270176812063,0.773884783457405
748,"rs2515029",0.151350963450576,0.000237904227981174,-0.0453374483088462,-0.045099544080865,0.106251419369711,17,0.860776053261312,"",1.16340489903659,0.955902322678805,1.11210144520497
749,"rs929708",-0.528706581546972,0.107715919183212,0.0736380822559371,0.181354001439149,-0.347352580107823,16,0.852401335316306,"",0.589366774767857,1.19883949509114,0.706556166686191
749,"rs11719939",-0.383801850090997,0.155954346453131,0.114256610506431,0.270210956959562,-0.113590893131435,16,0.852401335316306,"",0.681266406682508,1.31024082600153,0.892623059418782
749,"rs4639533",-0.435715245724741,0.0892837654998671,0.0379199223871061,0.127203687886973,-0.308511557837767,16,0.852401335316306,"",0.646801879315345,1.13564831202979,0.734539462462168
749,"rs2515029",0.232318724157243,-0.0590945130365467,-0.102687126723776,-0.161781639760322,0.0705370843969208,16,0.852401335316306,"",1.26152174221337,0.85062692736199,1.0730843633793
750,"rs929708",0.0120926032822236,0.0752944628556474,0.0827547449408757,0.158049207796523,0.170141811078747,16,0.85536583301388,"",1.01216601442145,1.17122382663343,1.18547295259901
750,"rs11719939",0.137260792376813,0.0540311585975065,0.0802313410780349,0.134262499675541,0.271523292052354,16,0.85536583301388,"",1.14712727156186,1.14369299928563,1.31196142977492
750,"rs4639533",-0.187167404424906,0.10682949671778,0.0917084257169652,0.198537922434746,0.0113705180098397,16,0.85536583301388,"",0.82930489545534,1.21961827743183,1.01143540806102
750,"rs2515029",0.0674955904680647,-0.0343362056688505,-0.122716955456081,-0.157053161124932,-0.089557570656867,16,0.85536583301388,"",1.06982554215761,0.854658622996155,0.914335624706536
751,"rs929708",-0.651771200341704,0.0143163096002514,0.0940445381872404,0.108360847787492,-0.543410352554212,16,0.853604910405461,"",0.52112194748771,1.11444981958998,0.580764260362058
751,"rs11719939",-0.45075166318,0.0412007085648349,0.0902731059323745,0.131473814497209,-0.319277848682791,16,0.853604910405461,"",0.637149050101711,1.14050804255482,0.726673615947168
751,"rs4639533",-0.173961597151898,0.0527168829214079,0.0479109878284961,0.100627870749904,-0.0733337264019939,16,0.853604910405461,"",0.840329168072187,1.10586504045552,0.929290649446101
751,"rs2515029",0.0243307729656535,0.0200832990185113,-0.0321868666769827,-0.0121035676584714,0.0122272053071821,16,0.853604910405461,"",1.02462918147713,0.987969385887202,1.01230226318606
752,"rs929708",-0.0485960775392003,-0.0127900614242049,0.0551210161291588,0.0423309547049539,-0.00626512283424641,17,0.859142287312702,"",0.952565814729772,1.04323968670622,0.993754462125746
752,"rs11719939",-0.042179710089764,0.00733661557301098,0.0613650274476578,0.0687016430206688,0.0265219329309048,17,0.859142287312702,"",0.958697477480912,1.07111658636065,1.02687676943192
752,"rs4639533",0.019001500805595,0.12607606727687,0.0935455317825286,0.219621599059399,0.238623099864994,17,0.859142287312702,"",1.01918317821208,1.24560530318038,1.26949997169319
752,"rs2515029",0.144680096487651,0.00900610610968606,-0.00435072152652933,0.00465538458315673,0.149335481070808,17,0.859142287312702,"",1.15566980829631,1.00466623772127,1.16106243834912
753,"rs929708",0.0127159805096805,0.0315446215860927,0.0314811104582587,0.0630257320443514,0.0757417125540318,16,0.855034494907733,"",1.01279717236956,1.06505424490177,1.0786839276567
753,"rs11719939",0.340043667130536,-0.011135660179563,-0.00397334452609874,-0.0151090047056617,0.324934662424874,16,0.855034494907733,"",1.40500894193294,0.985004563618393,1.38394021972859
753,"rs4639533",-0.192851450746192,0.0945111998751436,0.091028779141916,0.18553997901706,-0.00731147172913255,16,0.855034494907733,"",0.824604459418468,1.2038683282855,0.992715192056877
753,"rs2515029",0.135604798384342,-0.0517832680969128,-0.0697834210016711,-0.121566689098584,0.0140381092857579,16,0.855034494907733,"",1.14522920771647,0.885531996049067,1.01413710624286
754,"rs929708",0.0133425325734157,-0.0108891094707341,-0.0264192349356627,-0.0373083444063968,-0.0239658118329811,17,0.856479812152589,"",1.0134319413652,0.9633790370098,0.976319087747376
754,"rs11719939",0.22771662105446,-0.0249447736400887,-0.0147506530004941,-0.0396954266405828,0.188021194413877,17,0.856479812152589,"",1.25572942772665,0.961082114587806,1.20685909374967
754,"rs4639533",-0.17181755410649,0.089020793844632,-0.00185891344134657,0.0871618804032854,-0.0846556737032041,17,0.856479812152589,"",0.84213280282519,1.09107328880712,0.91882860679084
754,"rs2515029",0.075791990549889,0.0079541983930005,0.014184164549879,0.0221383629428795,0.0979303534927685,17,0.856479812152589,"",1.07873816308616,1.02238523491432,1.10288597027789
755,"rs929708",-0.404483335339814,0.0848559128441211,0.136602287243489,0.22145820008761,-0.183025135252204,16,0.850556606904851,"",0.667321503243328,1.24789508522533,0.83274722416253
755,"rs11719939",-0.211853216510038,0.0894567649460782,0.136293996434317,0.225750761380395,0.013897544870357,16,0.850556606904851,"",0.809083448943222,1.25326326474256,1.01399456467175
755,"rs4639533",0.058810608309797,0.126757292578581,0.108575736350351,0.235333028928933,0.29414363723873,16,0.850556606904851,"",1.06057435774777,1.26533009009755,1.34197664764414
755,"rs2515029",0.066579903421616,-0.0477445132616094,-0.120159524734715,-0.167904037996324,-0.101324134574708,16,0.850556606904851,"",1.06884636514497,0.845434960424882,0.903640084416614
756,"rs929708",-0.296243938546832,0.124925056094228,0.0596493076925148,0.184574363786743,-0.111669574760089,16,0.851437462409278,"",0.74360601172395,1.2027064157629,0.89433972110026
756,"rs11719939",-0.00210033483753316,0.140542881171071,0.069523902172055,0.210066783343127,0.207966448505593,16,0.851437462409278,"",0.997901869322254,1.2337604518531,1.23117186120008
756,"rs4639533",-0.227119203278383,0.111650281302737,0.0530188378685334,0.164669119171271,-0.0624500841071123,16,0.851437462409278,"",0.796825792381946,1.17900294469298,0.939459955625635
756,"rs2515029",-0.0317801924884417,-0.00457041747689064,-0.0478162156113246,-0.0523866330882152,-0.084166825576657,16,0.851437462409278,"",0.96871949049951,0.948961895837508,0.91927788423916
757,"rs929708",-0.125004900996599,0.0266053047069021,0.0414816120426105,0.0680869167495126,-0.0569179842470867,16,0.850092496057975,"",0.882492577480876,1.07045834519534,0.944671544137352
757,"rs11719939",0.0298196365176773,-0.0400207393783207,0.0309310146170325,-0.00908972476128817,0.0207299117563891,16,0.850092496057975,"",1.03026869434524,0.990951461900553,1.02094626881179
757,"rs4639533",-0.145804508879687,0.0678584556499735,0.056983906463952,0.124842362113925,-0.0209621467657612,16,0.850092496057975,"",0.864326654855903,1.13296984001854,0.979256031875851
757,"rs2515029",0.245263936244785,0.0168345584445239,-0.0490778229194191,-0.0322432644748951,0.21302067176989,16,0.850092496057975,"",1.27795856828151,0.968271007488702,1.23741023043876
758,"rs929708",-0.284533842390073,0.0499944524458854,0.0671211206357729,0.117115573081658,-0.167418269308414,16,0.85119813193682,"",0.752364893206951,1.12424935514498,0.845845746021633
758,"rs11719939",-0.130239740675272,0.032365612879006,0.076392446831863,0.108758059710869,-0.0214816809644034,16,0.85119813193682,"",0.87788494096151,1.11489258027542,0.97874740701351
758,"rs4639533",-0.342505480688174,0.0142563197495498,0.0693259399988743,0.0835822597484241,-0.25892322093975,16,0.85119813193682,"",0.709989228145322,1.08717464232728,0.771882285165108
758,"rs2515029",-0.156829223001168,0.0599217631571993,-0.0968084042397248,-0.0368866410825255,-0.193715864083693,16,0.85119813193682,"",0.854850035076079,0.963785382824523,0.823891968313356
759,"rs929708",-0.0942227930068161,0.116823893526222,0.0547703779663288,0.171594271492551,0.0773714784857345,17,0.860702161552089,"",0.910079980197164,1.18719605620125,1.08044336331778
759,"rs11719939",0.237119092024655,0.103474324696098,0.0264460359939838,0.129920360690082,0.367039452714737,17,0.860702161552089,"",1.26759206889249,1.13873769142943,1.44345486620488
759,"rs4639533",-0.462052915644655,0.108081629892501,0.0613105503640967,0.169392180256598,-0.292660735388057,17,0.860702161552089,"",0.629989002785684,1.18458461853781,0.746275282547894
759,"rs2515029",0.0354003766746226,0.00728981538640677,-0.00435653880513305,0.00293327658127372,0.0383336532558963,17,0.860702161552089,"",1.03603442979157,1.00293758284648,1.03907786676089
760,"rs929708",-0.110864758738442,0.0150234924486399,-0.0178608084018162,-0.00283731595317629,-0.113702074691619,17,0.855656401252862,"",0.895059789759126,0.997166705423528,0.892523821711183
760,"rs11719939",0.369345597582501,-0.000775376607272172,-0.0036233305276784,-0.00439870713495057,0.364946890447551,17,0.855656401252862,"",1.44678752355475,0.995610953008042,1.44043750512649
760,"rs4639533",-0.128549855413061,0.043574336369887,0.0288388202593995,0.0724131566292865,-0.0561366987837747,17,0.855656401252862,"",0.87936971998491,1.07509943677702,0.945409890674542
760,"rs2515029",-0.0277199285520436,-0.0277641790596364,-0.0221997055972308,-0.0499638846568672,-0.0776838132089108,17,0.855656401252862,"",0.972660743159753,0.951263779098138,0.92525693431855
761,"rs929708",-0.294169225797748,0.0707261587333651,0.102647891106719,0.173374049840085,-0.120795175957663,16,0.853950415279358,"",0.745150382105259,1.18931088343997,0.886215459237238
761,"rs11719939",-0.178197665787789,0.0873834308944558,0.0968592289438579,0.184242659838314,0.00604499405052489,16,0.853950415279358,"",0.836777004954626,1.20230753945408,1.00606330189875
761,"rs4639533",-0.55863451363475,0.0793952590944922,0.0315653852026416,0.110960644297134,-0.447673869337616,16,0.853950415279358,"",0.571989574804466,1.11735093185786,0.639113084420751
761,"rs2515029",0.0996737576097631,0.0405180863618137,-0.102202688844767,-0.0616846024829534,0.0379891551268098,16,0.853950415279358,"",1.10481042328125,0.940179370272517,1.03871996803108
762,"rs929708",-0.148341342317304,0.1317316514202,0.03276436103126,0.16449601245146,0.0161546701341563,16,0.850556463916545,"",0.862136780943939,1.17879886902453,1.01628586232116
762,"rs11719939",0.0739922879938986,0.115014057742636,0.0433623480731853,0.158376405815821,0.23236869380972,16,0.850556463916545,"",1.07679850118759,1.17160711145126,1.26158478159143
762,"rs4639533",-0.23294194072703,0.162621775478784,0.0693116763716659,0.23193345185045,-0.00100848887657962,16,0.850556463916545,"",0.792199566720026,1.26103580643649,0.998992019477423
762,"rs2515029",0.0873638959178741,-0.0333027585338711,-0.0306140645106482,-0.0639168230445193,0.0234470728733549,16,0.850556463916545,"",1.09129372480401,0.938083023175656,1.02372411653677
763,"rs929708",-0.45045745558313,-0.0269016395157195,0.026466673564058,-0.000434965951661551,-0.450892421534792,17,0.858603589654679,"",0.637336531770503,0.999565128632314,0.637059372361256
763,"rs11719939",-0.135541947687244,-0.046447968034539,0.0216976033495976,-0.0247503646849414,-0.160292312372185,17,0.858603589654679,"",0.87324253165558,0.97555341421761,0.85189473319663
763,"rs4639533",-0.2114799508164,0.0418644406666412,-0.0124547317025503,0.0294097089640909,-0.182070241852309,17,0.858603589654679,"",0.809385508408714,1.02984644537149,0.833542788769909
763,"rs2515029",0.0639701794650264,-0.0382839013702285,-0.0699132816336836,-0.108197183003912,-0.0442270035388857,17,0.858603589654679,"",1.06606060778986,0.89745061697382,0.956736750192493
764,"rs929708",-0.168968586696521,0.0167683594958932,0.0208784964738192,0.0376468559697123,-0.131321730726809,17,0.857131647769245,"",0.84453543261719,1.03836447590736,0.876935591874746
764,"rs11719939",0.0268739303057705,-0.0210759701485829,0.0577363145228244,0.0366603443742415,0.063534274680012,17,0.857131647769245,"",1.02723829098266,1.03734062241626,1.06559600813777
764,"rs4639533",-0.329155072017677,0.0807906015041604,0.110500170244005,0.191290771748165,-0.137864300269512,17,0.857131647769245,"",0.71953142890476,1.21081147066831,0.871216907624246
764,"rs2515029",-0.106341685114789,0.0122839740607431,-0.0250747098878866,-0.0127907358271435,-0.119132420941933,17,0.857131647769245,"",0.89911738055916,0.987290717979795,0.887690244200365
765,"rs929708",-0.0798061518867089,-0.00640569424923683,0.0771382079073369,0.0707325136581001,-0.00907363822860881,17,0.854396753171129,"",0.923295308093865,1.07329409595689,0.990967403001847
765,"rs11719939",0.068804878930338,-0.0220893880827236,0.0847890592134409,0.0626996711307173,0.131504550061055,17,0.854396753171129,"",1.0712271697638,1.06470702895146,1.14054309725129
765,"rs4639533",-0.0597890787624595,0.061366509048065,0.00326075807021798,0.064627267118283,0.00483818835582352,17,0.854396753171129,"",0.941963192675118,1.06676133324667,1.0048499112874
765,"rs2515029",0.0859667435703071,0.0017133685665146,-0.0976988953011979,-0.0959855267346832,-0.0100187831643761,17,0.854396753171129,"",1.08977008584024,0.908477164604592,0.990031237655047
766,"rs929708",-0.141286644314463,0.0390296651495761,0.0284555956486841,0.0674852607982602,-0.0738013835162029,17,0.856967664354624,"",0.868240399850585,1.06981449127009,0.928856161666289
766,"rs11719939",0.128835206816351,0.0130092658210827,0.0171601899297273,0.03016945575081,0.159004662567161,17,0.856967664354624,"",1.13750265603532,1.03062916519596,1.17234341279787
766,"rs4639533",-0.298453324821778,0.106108626280175,0.0332447890893881,0.139353415369563,-0.159099909452215,17,0.856967664354624,"",0.741964912386426,1.14953028989473,0.852911140827285
766,"rs2515029",-0.0116539452590708,-0.0469146015632532,-0.00158063039879999,-0.0484952319620532,-0.060149177221124,17,0.856967664354624,"",0.988413698932082,0.952661881623008,0.941624054246595
767,"rs929708",-0.0238779241901979,0.0409927465079959,0.0463942461724974,0.0873869926804932,0.0635090684902954,17,0.85894003693618,"",0.976404897901373,1.0913189304472,1.06556914886114
767,"rs11719939",0.140795311361378,0.0708301780027498,0.060189730936408,0.131019908939158,0.271815220300536,17,0.85894003693618,"",1.1511889885603,1.13999047708711,1.31234448428629
767,"rs4639533",-0.300537681736449,0.121203770318808,0.137892049299393,0.259095819618201,-0.0414418621182479,17,0.85894003693618,"",0.740420003321123,1.29575795791261,0.959405111501028
767,"rs2515029",-0.0471387717094241,-0.0241732617312798,-0.0797344411095366,-0.103907702840816,-0.151046474550241,17,0.85894003693618,"",0.953955006437553,0.901308481794723,0.859807738552706
768,"rs929708",0.0872208169736677,-0.00887270405364279,0.0263695345194882,0.0174968304658454,0.104717647439513,16,0.851022009045621,"",1.09113759481977,1.01765079666669,1.11039704264132
768,"rs11719939",0.280485965246953,0.00770821379974199,0.0353919312746774,0.0431001450744194,0.323586110321372,16,0.851022009045621,"",1.32377296370539,1.0440424453238,1.38207516208051
768,"rs4639533",-0.174166208697504,0.136811116524281,0.0450426627912113,0.181853779315493,0.00768757061798844,16,0.851022009045621,"",0.840157244611652,1.19943879829484,1.0077171958557
768,"rs2515029",-0.0250011929288209,0.0618679280442027,-0.0327767184301326,0.0290912096140701,0.00409001668524923,16,0.851022009045621,"",0.975308748553723,1.02951849217723,1.00409839221829
769,"rs929708",-0.601163916277354,0.0342073836318223,0.10480422159157,0.139011605223393,-0.462152311053961,16,0.852147760590968,"",0.548173236891257,1.14913743592287,0.629926387882762
769,"rs11719939",-0.0943056200259699,0.00393299903427197,0.0805980915945075,0.0845310906287795,-0.0097745293971904,16,0.852147760590968,"",0.910004604106844,1.08820667673589,0.990273086049465
769,"rs4639533",-0.436605588507787,0.0894558900798933,0.08367968094757,0.173135571027463,-0.263470017480324,16,0.852147760590968,"",0.646226260217216,1.18902729180929,0.768380660082123
769,"rs2515029",-0.101733835250677,-0.016299061471518,-0.0279850101053709,-0.0442840715768889,-0.146017906827566,16,0.852147760590968,"",0.903269938292931,0.956682152661176,0.864142229000209
770,"rs929708",-0.603304849645311,0.0874480715480986,0.113680191951875,0.201128263499974,-0.402176586145337,16,0.851877745019469,"",0.547000889923144,1.22278160001317,0.668862623388849
770,"rs11719939",-0.283961335477817,0.071779606359867,0.129478915314952,0.201258521674819,-0.0827028138029985,16,0.851877745019469,"",0.752795750631508,1.22294088768665,0.920624703524038
770,"rs4639533",-0.167904765030438,0.0511035825007573,0.0538960005647104,0.104999583065468,-0.0629051819649704,16,0.851877745019469,"",0.845434345765048,1.11071014726219,0.939032506685213
770,"rs2515029",0.157053907433396,-0.0604400583723723,-0.109805003542084,-0.170245061914456,-0.0131911544810599,16,0.851877745019469,"",1.17005868706158,0.84345809181249,0.986895467497591
771,"rs929708",0.315597307315829,0.0538368929562537,0.0260842855575865,0.0799211785138402,0.39551848582967,17,0.860060081572413,"",1.37107802135453,1.0832016847434,1.48515402264587
771,"rs11719939",0.552872683905712,0.0545316127605274,0.0567526169799171,0.111284229740445,0.664156913646157,17,0.860060081572413,"",1.73823926444249,1.11771254885832,1.94285183878563
771,"rs4639533",-0.167186898345192,0.0839436510078431,0.0392840925007142,0.123227743508557,-0.0439591548366351,17,0.860060081572413,"",0.846041472808502,1.13114200186337,0.956993045212039
771,"rs2515029",0.112930651445704,-0.0896327175143361,-0.0613111575285638,-0.1509438750429,-0.038013223597196,17,0.860060081572413,"",1.11955429078491,0.859895958928696,0.962700210447225
772,"rs929708",0.0512859096488541,-0.0474076688725975,0.070463870308711,0.0230562014361135,0.0743421110849676,17,0.859721177663937,"",1.05262380556692,1.02332405021234,1.07717525606267
772,"rs11719939",0.0828680376333385,-0.0141373974668017,0.116378056303037,0.102240658836235,0.185108696469574,17,0.859721177663937,"",1.08639843537984,1.10765000541606,1.20334923283249
772,"rs4639533",-0.31166669951617,0.0198683006231219,0.075214324409906,0.095082625033028,-0.216584074483142,17,0.859721177663937,"",0.732225538687969,1.09974971822906,0.805264829852215
772,"rs2515029",0.0334026500830399,-0.0680050917592388,-0.0127533444196435,-0.0807584361788822,-0.0473557860958423,17,0.859721177663937,"",1.03396678224627,0.922416486985112,0.953748006938908
773,"rs929708",-0.0515105048851357,-0.0120130660932345,0.0637624724666451,0.0517494063734106,0.000238901488274885,17,0.860060748621076,"",0.949793672436362,1.05311180633763,1.00023893002751
773,"rs11719939",0.0291857664962567,-0.0409164142338725,0.090465443115534,0.0495490288816615,0.0787347953779182,17,0.860060748621076,"",1.02961584483861,1.05079711035905,1.0819173545363
773,"rs4639533",-0.30117509936273,0.0287782612831244,0.155847682789263,0.184625944072387,-0.116549155290343,17,0.860060748621076,"",0.73994819694498,1.20276845330332,0.889986348364093
773,"rs2515029",0.0323156717392463,0.0328566819848466,-0.0923065889107371,-0.0594499069258905,-0.0271342351866443,17,0.860060748621076,"",1.03284349335172,0.942282734247846,0.973230590965556
774,"rs929708",-0.165708929340357,-0.00616018850609876,0.079217454431318,0.0730572659252192,-0.0926516634151379,17,0.852232253779592,"",0.847292820380795,1.07579214138309,0.911510957615972
774,"rs11719939",-0.0517557170304423,0.0112450041399833,0.089585837875355,0.100830842015338,0.049075124984896,17,0.852232253779592,"",0.949560800045081,1.10608952206307,1.05029925149169
774,"rs4639533",0.0419144759908804,-0.0155865081063425,0.088921637354667,0.0733351292483244,0.115249605239205,17,0.852232253779592,"",1.04280529004779,1.0760911060962,1.1221534980105
774,"rs2515029",-0.00348859869161184,0.0232048594625734,-0.0949206694711329,-0.0717158100085595,-0.0752044087001713,17,0.852232253779592,"",0.996517479398743,0.930795380958757,0.927553866869014
775,"rs929708",0.0545480792783972,-0.0179664807639576,0.0126024709616686,-0.00536400980228893,0.0491840694761082,17,0.860026426157869,"",1.05606324995214,0.994650350809995,1.05041368204244
775,"rs11719939",0.246953047635713,-0.0202732630760587,-0.00895270062857389,-0.0292259637046326,0.21772708393108,17,0.860026426157869,"",1.28011900675328,0.971196984401751,1.24324771903416
775,"rs4639533",-0.227061437269713,0.0363972654120808,0.0227416662683562,0.059138931680437,-0.167922505589276,17,0.860026426157869,"",0.796871823157071,1.06092262626494,0.845419347420333
775,"rs2515029",0.139227032124084,0.0349895124317032,-0.0074260558692395,0.0275634565624637,0.166790488686548,17,0.860026426157869,"",1.14938501770609,1.02794684301071,1.18150670035479
776,"rs929708",-0.242235782762754,0.136683785739396,0.0767865718775606,0.213470357616956,-0.0287654251457977,17,0.856167099708134,"",0.784871096657669,1.23796680143807,0.971644361070488
776,"rs11719939",-0.134774323317286,0.137548687731466,0.0783381022310829,0.215886789962549,0.0811124666452635,17,0.856167099708134,"",0.873913111247453,1.24096188170687,1.08449285898194
776,"rs4639533",-0.187734583120363,0.0305497986615875,0.0243850430989639,0.0549348417605514,-0.132799741359812,17,0.856167099708134,"",0.828834664751623,1.05647177459191,0.875640429113438
776,"rs2515029",-0.0762113114515304,-0.0210745984147906,-0.127303918715406,-0.148378517130197,-0.224589828581727,17,0.856167099708134,"",0.926620380372359,0.862104731766133,0.798843814469945
777,"rs929708",-0.0479899508023685,0.0577938099568026,0.0113231764766667,0.0691169864334693,0.0211270356311008,16,0.855162867554979,"",0.953143365355427,1.07156155998117,1.02135179146597
777,"rs11719939",0.10427757883147,0.0355580632035383,0.032787236212269,0.0683452994158073,0.172622878247277,16,0.855162867554979,"",1.10990849926457,1.07073496881257,1.18841784234486
777,"rs4639533",-0.432066602369895,0.0920182194350193,0.00883163088046631,0.100849850315486,-0.331216752054409,16,0.855162867554979,"",0.649166139241976,1.10611054714452,0.718049513464636
777,"rs2515029",-0.0693740048875999,-0.0571104846667115,-0.043946875150604,-0.101057359817315,-0.170431364704915,16,0.855162867554979,"",0.932977676606696,0.903881184939241,0.84330096785312
778,"rs929708",-0.370478855561388,0.104906334175646,0.10939753162887,0.214303865804516,-0.156174989756872,16,0.854318369326924,"",0.690403647842654,1.23899908705249,0.855409489374758
778,"rs11719939",-0.129881254342425,0.0755734179429195,0.0788462280749465,0.154419646017866,0.0245383916754414,16,0.854318369326924,"",0.878199707130971,1.16698050275947,1.02484193575092
778,"rs4639533",-0.244053990595756,0.037760698426706,0.0445016073562978,0.0822623057830038,-0.161791684812752,16,0.854318369326924,"",0.783445334440628,1.08574056851095,0.850618382812822
778,"rs2515029",0.11579502064633,-0.0361066445716034,-0.0574006462244166,-0.09350729079602,0.0222877298503096,16,0.854318369326924,"",1.1227657047558,0.910731377445292,1.02253795684058
779,"rs929708",-0.151651644933019,0.0538323305051298,0.0133988880230268,0.0672312185281567,-0.0844204264048619,16,0.850485242141496,"",0.859287565786902,1.06954274768677,0.919044784164802
779,"rs11719939",-0.00564107112113741,0.0696064086571163,0.0624228378082772,0.132029246465393,0.126388175344256,16,0.850485242141496,"",0.994374809844641,1.14114169314024,1.13472255412211
779,"rs4639533",-0.137076259456636,0.0888293319381696,0.0372929490569303,0.1261222809951,-0.0109539784615365,16,0.850485242141496,"",0.87190373269187,1.13442087791589,0.989105797898453
779,"rs2515029",0.0928610867566643,-0.0573666675621456,-0.0792747949192121,-0.136641462481358,-0.0437803757246934,16,0.850485242141496,"",1.09730929388731,0.872282916225532,0.9571641508734
780,"rs929708",-0.0537227836684847,0.0668972893542588,0.0490293089121236,0.115926598266382,0.0622038145978977,17,0.859623410481337,"",0.947694786562642,1.12291344531457,1.06417921788571
780,"rs11719939",0.132695995452017,0.0357125200604276,0.0570423560543943,0.0927548761148219,0.225450871566839,17,0.859623410481337,"",1.14190280191379,1.09719275415189,1.25288748020555
780,"rs4639533",0.0113206407374409,0.0596912809969973,0.0569011632051711,0.116592444202168,0.127913084939609,17,0.859623410481337,"",1.01138496167974,1.12366138164592,1.13645422341696
780,"rs2515029",-0.000858783163042622,-0.0656044684414181,-0.0994484838632627,-0.165052952304681,-0.165911735467723,17,0.859623410481337,"",0.999141585485681,0.847848807350863,0.847121001628685
781,"rs929708",-0.0526932892826712,0.0568523681043909,0.0345504192311069,0.0914027873354978,0.0387094980528266,17,0.860464135067373,"",0.948670935408536,1.0957102546016,1.03946847216963
781,"rs11719939",0.192952959476209,0.0906697346672937,0.054431099449019,0.145100834116313,0.338053793592522,17,0.860464135067373,"",1.21282574021913,1.15615614437374,1.40221593160898
781,"rs4639533",0.0419957113102207,0.0271840766655604,0.188081970207363,0.215266046872923,0.257261758183144,17,0.860464135067373,"",1.04289000610946,1.24019180222979,1.29338363620433
781,"rs2515029",-0.211586156098833,0.0399903381356765,-0.0178673397472526,0.0221229983884239,-0.189463157710409,17,0.860464135067373,"",0.809299551956791,1.02236952654138,0.827403199764217
782,"rs929708",-0.166343725696192,-0.00369185976693339,0.0200743092302448,0.0163824494633114,-0.149961276232881,16,0.850627686544889,"",0.846755132665249,1.01651737759931,0.860741306925632
782,"rs11719939",-0.0496654758279927,-0.0500495914615454,0.0223066939815096,-0.0277428974800358,-0.0774083733080285,16,0.850627686544889,"",0.95154768696661,0.972638402441755,0.92551182209835
782,"rs4639533",-0.200486007232807,0.0826477589573388,0.115404561533929,0.198052320491268,-0.00243368674153893,16,0.850627686544889,"",0.818332940687944,1.21902617220137,0.997569272273114
782,"rs2515029",-0.148355092209611,0.0310191578878607,-0.050169435730791,-0.0191502778429303,-0.167505370052541,16,0.850627686544889,"",0.862124926737544,0.981031923803363,0.845772075436166
783,"rs929708",0.115799439584452,0.00836344137142354,0.0624187279337588,0.0707821693051824,0.186581608889634,17,0.856077492959437,"",1.12277066619893,1.07334739239296,1.20512296681993
783,"rs11719939",0.260163988996466,0.00658355262857198,0.0781818013985228,0.0847653540270948,0.344929343023561,17,0.856077492959437,"",1.2971427863689,1.08846163359241,1.4118901562537
783,"rs4639533",-0.228269819030403,0.11197146187043,0.0846214082677404,0.196592870138171,-0.0316769488922327,17,0.856077492959437,"",0.79590947933682,1.21724836165259,0.968819509746511
783,"rs2515029",-0.0484035002672852,0.0239880097324829,0.0664595292813868,0.0904475390138697,0.0420440387465845,17,0.856077492959437,"",0.952749274920257,1.09466407897821,1.04294040752774
784,"rs929708",-0.0175999327648464,0.0037713912733009,-0.0139443226378522,-0.0101729313645513,-0.0277728641293977,17,0.858839787209661,"",0.982554041416774,0.989878637883438,0.972609256164503
784,"rs11719939",0.192161804229746,-0.00053632360696544,-0.00571167011457138,-0.00624799372153682,0.185913810508209,17,0.858839787209661,"",1.2118665862416,0.993771484403721,1.20431845630858
784,"rs4639533",-0.210879781068668,0.00706267664557162,0.0430412344141235,0.0501039110596951,-0.160775870008973,17,0.858839787209661,"",0.809871422906118,1.05138034074543,0.851482892575018
784,"rs2515029",0.108298506047636,-0.025404934716806,-0.035453717258795,-0.060858651975601,0.0474398540720352,17,0.858839787209661,"",1.11438034501485,0.940956232681182,1.04858313121913
785,"rs929708",-0.389498159741165,0.149902755118492,0.0388587420319389,0.188761497150431,-0.200736662590734,17,0.858105891360007,"",0.677396734165808,1.20775286562947,0.8181278468568
785,"rs11719939",-0.183984449719846,0.159059224398494,0.0556015908484565,0.214660815246951,0.0306763655271044,17,0.858105891360007,"",0.831948740762077,1.23944142602742,1.03115173363187
785,"rs4639533",-0.0406632930549862,0.117898681697543,0.042289998783743,0.160188680481286,0.1195253874263,17,0.858105891360007,"",0.960152365496652,1.17373231047774,1.12696185436505
785,"rs2515029",-0.0357612670117685,-0.0123579555220563,-0.0334086847470356,-0.0457666402690919,-0.0815279072808604,17,0.858105891360007,"",0.964870612434227,0.955264856532288,0.921706987159202
786,"rs929708",-0.184966610518134,0.0703423745292123,0.0673038785208407,0.137646253050053,-0.0473203574680807,17,0.85698355236462,"",0.831132034456827,1.14756952924324,0.953781797520597
786,"rs11719939",-0.12913323426905,0.0981556986349319,0.083439545397115,0.181595244032047,0.0524620097629971,17,0.85698355236462,"",0.87885686389292,1.19912874112723,1.05386252483094
786,"rs4639533",-0.0739538359577336,0.00776671744795045,0.0258563698614374,0.0336230873093879,-0.0403307486483458,17,0.85698355236462,"",0.928714566070183,1.03419473213929,0.960471711890806
786,"rs2515029",-0.0368687924515605,-0.014502393080837,-0.0638173075433901,-0.0783197006242271,-0.115188493075788,17,0.85698355236462,"",0.96380258522767,0.924668762103557,0.891198143394678
787,"rs929708",-0.235299847422398,-0.0119125600001465,0.00807907160950821,-0.00383348839063832,-0.239133335813037,17,0.859373748824014,"",0.79033383453321,0.996173850045717,0.787309898768342
787,"rs11719939",-0.086983618222833,0.0243365670019264,0.0123252869962022,0.0366618539981286,-0.0503217642247044,17,0.859373748824014,"",0.916692112556069,1.03734218841162,0.950923402138588
787,"rs4639533",-0.283342639538334,0.112246157541549,0.0346582928800137,0.146904450421563,-0.136438189116771,17,0.859373748824014,"",0.753261646414738,1.15824328808456,0.872460246131398
787,"rs2515029",0.0169898918809435,0.0459935353451552,-0.0255495306786762,0.020444004666479,0.0374338965474225,17,0.859373748824014,"",1.01713504095119,1.02065441475868,1.03814336995258
788,"rs929708",-0.362375584834194,0.0649725086629264,0.023996010533177,0.0889685191961034,-0.27340706563809,17,0.854721696333597,"",0.696020903848122,1.09304624581018,0.760783035956601
788,"rs11719939",-0.139151151655569,0.0766768390705363,0.0440907091868646,0.120767548257401,-0.0183836033981686,17,0.854721696333597,"",0.870096501991499,1.12836259202931,0.981784344302768
788,"rs4639533",0.0539103749792217,0.0150626760279682,0.0643561097403596,0.0794187857683278,0.13332916074755,17,0.854721696333597,"",1.05539000856472,1.08265762875139,1.14262604408059
788,"rs2515029",-0.0518678010132686,0.0335279466211492,0.0081452431623813,0.0416731897835305,-0.010194611229738,17,0.854721696333597,"",0.949454375453034,1.04255370586747,0.989857177680645
789,"rs929708",-0.246658964483203,0.00300259422326482,0.042239333781147,0.0452419280044118,-0.201417036478791,16,0.85118548500113,"",0.781407135682022,1.04628095395546,0.817571403348988
789,"rs11719939",-0.107191929041686,-0.00519637787497012,0.0435528177565644,0.0383564398815943,-0.0688354891600916,16,0.85118548500113,"",0.898353236367285,1.03910154410908,0.933480235064634
789,"rs4639533",0.0800846366419198,0.12195398422092,0.0996041171688024,0.221558101389723,0.301642738031642,16,0.85118548500113,"",1.0833787573347,1.24801975779662,1.35207809433085
789,"rs2515029",0.0248855675147695,-0.0145079713421378,-0.0474378446421842,-0.0619458159843219,-0.0370602484695524,16,0.85118548500113,"",1.02519779787993,0.939933814799892,0.963618077085733
790,"rs929708",-0.11325441670559,-0.00809878418846273,0.0021536229001921,-0.00594516128827064,-0.119199577993861,17,0.857669654938029,"",0.892923456570887,0.994072476213195,0.887630631542267
790,"rs11719939",0.0941810060127596,0.0213027787001346,0.00124451580548353,0.0225472945056181,0.116728300518378,17,0.857669654938029,"",1.0987586098338,1.02280340600201,1.12381404851204
790,"rs4639533",-0.475324691199329,-0.0175962713259289,0.0761403102620436,0.0585440389361147,-0.416780652263214,17,0.857669654938029,"",0.621683168637566,1.06029167878394,0.659165490546442
790,"rs2515029",0.00178023896772451,0.00902731389380133,0.0081847691617973,0.0172120830555986,0.0189923220233231,17,0.857669654938029,"",1.00178182453387,1.01736106449001,1.01917382339452
791,"rs929708",-0.195420164637973,0.0913897129060622,0.0810645374656905,0.172454250371753,-0.0229659142662204,17,0.85921313132905,"",0.822489004650559,1.18821745886446,0.977295795049848
791,"rs11719939",-0.110926794840577,0.111424805939359,0.0550944327523354,0.166519238691695,0.0555924438511174,17,0.85921313132905,"",0.895004265460865,1.18118626013007,1.05716674112018
791,"rs4639533",-0.31592232523547,0.0384683693311809,0.154180331944463,0.192648701275644,-0.123273623959827,17,0.85921313132905,"",0.729116081888143,1.21245678417361,0.884021739935363
791,"rs2515029",0.110690714652188,-0.0146243842718631,-0.093823205461309,-0.108447589733172,0.00224312491901589,17,0.85921313132905,"",1.1170493664201,0.897225917434464,1.00224564260586
792,"rs929708",-0.4190475622257,0.0278665075385214,0.0441965178764169,0.0720630254149383,-0.346984536810762,16,0.852669443999849,"",0.657672914136344,1.07472307679721,0.706816257806797
792,"rs11719939",-0.070765177916538,0.0140408022772567,0.0845764509107589,0.0986172531880156,0.0278520752714776,16,0.852669443999849,"",0.931680645632839,1.10364380256235,1.02824357051997
792,"rs4639533",-0.598792183126758,0.0600501297561036,0.00307850564421306,0.0631286354003167,-0.535663547726442,16,0.852669443999849,"",0.549474900518682,1.06516384819703,0.58528079952416
792,"rs2515029",-0.10907666778021,0.0477676323139317,-0.0562350050844681,-0.00846737277053645,-0.117544040550746,16,0.852669443999849,"",0.896661669803079,0.991568374464075,0.889101354370882
793,"rs929708",-0.349480069610866,0.0275557128015353,0.0450137322178495,0.0725694450193848,-0.276910624591481,17,0.854418947447174,"",0.705054573736252,1.07526747546809,0.758122251568613
793,"rs11719939",-0.0789716552350199,0.0226017556922798,0.0494038472759369,0.0720056029682167,-0.00696605226680325,17,0.854418947447174,"",0.92406611651078,1.07466136534042,0.993058154434293
793,"rs4639533",0.0456378474401272,-0.0156504237436404,-0.034082546428237,-0.0497329701718773,-0.00409512273175015,17,0.854418947447174,"",1.04669527893459,0.951483465047136,0.995913250849164
793,"rs2515029",0.104504061318973,0.0338082104660164,-0.0316731125809572,0.00213509788505923,0.106639159204032,17,0.854418947447174,"",1.11015990257054,1.00213737882961,1.11253273484377
794,"rs929708",0.157172914136939,-0.080707890197277,0.00115955538761301,-0.079548334809664,0.0776245793272748,17,0.853674259006395,"",1.17019794017475,0.92353338007964,1.08071685905182
794,"rs11719939",0.267087794132801,-0.0816773550807854,-0.00457611611630755,-0.0862534711970929,0.180834322935708,17,0.853674259006395,"",1.30615511405255,0.917361676986063,1.19821664583117
794,"rs4639533",-0.181558412997778,0.00414731518215554,0.129731566590055,0.13387888177221,-0.0476795312255676,17,0.853674259006395,"",0.83396952922041,1.1432543423189,0.95343928564288
794,"rs2515029",0.0662009029424114,-0.0191298116964509,-0.0395798751641434,-0.0587096868605942,0.00749121608181715,17,0.853674259006395,"",1.06844134861596,0.942980489049111,1.00751934543817
795,"rs929708",-0.19904423825907,0.07068983045754,0.0120061194491006,0.0826959499066406,-0.116348288352429,17,0.857521645394123,"",0.819513638674351,1.08621149562829,0.89016513515225
795,"rs11719939",-0.142269271276061,0.0479481207983533,0.0228960869243608,0.0708442077227141,-0.0714250635533467,17,0.857521645394123,"",0.867387662454535,1.07341398323222,0.931066045761809
795,"rs4639533",-0.310028444469061,0.0556422328119028,0.0353623721482681,0.0910046049601709,-0.21902383950889,17,0.857521645394123,"",0.733426094011744,1.09527404894022,0.803302567586656
795,"rs2515029",-0.057492651641216,-0.0117762475421965,-0.0238079291432167,-0.0355841766854131,-0.0930768283266291,17,0.857521645394123,"",0.944128828158299,0.965041496816412,0.91112349751341
796,"rs929708",0.00510619702041173,-0.012056884858538,0.00641944492300302,-0.00563743993553499,-0.000531242915123259,17,0.861007238948342,"",1.00511925586196,0.99437842061069,0.99946889816941
796,"rs11719939",0.116630165771814,0.0102256836382793,0.036492936755141,0.0467186203934203,0.163348786165235,17,0.861007238948342,"",1.12370376871643,1.04782713040946,1.17744729540444
796,"rs4639533",-0.180546276257688,0.0719280134832503,0.0116992250666006,0.0836272385498509,-0.0969190377078374,17,0.861007238948342,"",0.834814047733061,1.08722354323937,0.907629486922341
796,"rs2515029",0.372352048687728,-0.0660046765001837,-0.0582883815102351,-0.124293058010419,0.248058990677309,17,0.861007238948342,"",1.45114376463563,0.883120997274087,1.28153552861309
797,"rs929708",-0.280681237906936,0.0333515163858085,0.0512278820094819,0.0845793983952904,-0.196101839511646,17,0.858873099272506,"",0.755269048255764,1.0882592468397,0.821928525616157
797,"rs11719939",-0.068206913592119,0.0408708783387797,0.0824865941919693,0.123357472530749,0.05515055893863,17,0.858873099272506,"",0.934067182384628,1.13128875332798,1.05669969828449
797,"rs4639533",-0.101575104183741,0.0449692416627249,0.151295792226312,0.196265033889037,0.0946899297052957,17,0.858873099272506,"",0.903413326673762,1.21684936892116,1.09931793643793
797,"rs2515029",-0.184013742155316,0.0296228638812499,-0.100887036315899,-0.0712641724346492,-0.255277914589965,17,0.858873099272506,"",0.831924371314196,0.931215858070904,0.774701167283447
798,"rs929708",-0.0273608449455585,0.0539954522330972,0.0303421590452462,0.0843376112783434,0.0569767663327849,16,0.851419150452696,"",0.973010072402742,1.08799615158172,1.05863121422444
798,"rs11719939",0.204512872256451,0.051091947165854,0.0467150804650372,0.0978070276308912,0.302319899887342,16,0.851419150452696,"",1.22692724906631,1.10274996430175,1.35299398010872
798,"rs4639533",0.0509662780486861,0.0979950535391116,-0.0262627624260762,0.0717322911130353,0.122698569161721,16,0.851419150452696,"",1.05228740750016,1.07436768778357,1.13054358887972
798,"rs2515029",-0.0824269356876216,-0.0798323033822196,-0.0457940941504715,-0.125626397532691,-0.208053333220313,16,0.851419150452696,"",0.920878718769229,0.881944281800426,0.812163720250224
799,"rs929708",0.0141005702717693,-0.033621547020035,0.0207935879848346,-0.0128279590352004,0.00127261123656893,17,0.85425117757822,"",1.01420045222477,0.987253968535957,1.00127342134987
799,"rs11719939",0.102833869091473,-0.0292518217431613,0.0197985682710407,-0.00945325347212058,0.0933806156193528,17,0.85425117757822,"",1.10830726968717,0.990591288063843,1.09787952584993
799,"rs4639533",0.113883404807832,0.0266399781034902,0.0108001046488567,0.0374400827523469,0.151323487560179,17,0.85425117757822,"",1.12062145819248,1.03814979214007,1.16337293389023
799,"rs2515029",-0.107829942544482,-0.0115016326051169,-0.0623806903811503,-0.0738823229862672,-0.181712265530749,17,0.85425117757822,"",0.89778025767571,0.928780983583276,0.833841230765693
800,"rs929708",-0.0676889500250793,0.084522066236007,0.0958434048056915,0.180365471041699,0.112676521016619,17,0.86038018721454,"",0.934551120474601,1.197654991364,1.11926981412123
800,"rs11719939",0.0770305268530035,0.0832107171696447,0.106825177624418,0.190035894794062,0.267066421647066,17,0.86038018721454,"",1.08007504718155,1.20929300420156,1.30612719856932
800,"rs4639533",-0.260805068639174,0.00816130410628194,0.0709736503903955,0.0791349544966774,-0.181670114142497,17,0.86038018721454,"",0.770431086158566,1.08235038026529,0.833876379071921
800,"rs2515029",-0.141854501001756,0.0309536272305508,-0.054929778894228,-0.0239761516636772,-0.165830652665433,17,0.86038018721454,"",0.867747503693786,0.976308992825493,0.847189691358116
801,"rs929708",-0.354978539478638,0.0489182953885853,0.0887856450379861,0.137703940426571,-0.217274599052066,17,0.855947686612776,"",0.701188490917694,1.14763573142825,0.8047089666434
801,"rs11719939",-0.0723382383311318,0.00603680300791162,0.0380078195932163,0.0440446226011279,-0.0282936157300038,17,0.855947686612776,"",0.930216207816711,1.04502898575964,0.972102900191876
801,"rs4639533",-0.454424068667108,0.0186829579092524,-0.0171153111171774,0.00156764679207499,-0.452856421875033,17,0.855947686612776,"",0.634813471654474,1.00156887619265,0.635809415396924
801,"rs2515029",-0.0128218813855638,0.0412034664823488,-0.0750203699332906,-0.0338169034509418,-0.0466387848365056,17,0.855947686612776,"",0.987259968737914,0.966748496747252,0.954432090676116
802,"rs929708",-0.346779121855385,0.0964554216513386,0.0645611648860995,0.161016586537438,-0.185762535317947,16,0.851066632877764,"",0.706961463350039,1.17470445293167,0.830470779048381
802,"rs11719939",0.0532465024027031,0.0398537849871609,0.094544441821118,0.134398226808279,0.187644729210982,16,0.851066632877764,"",1.05468959659837,1.1438482399921,1.20640483880703
802,"rs4639533",-0.0690806691497594,-0.0173715937119765,0.0785726398385587,0.0612010461265822,-0.00787962302317714,16,0.851066632877764,"",0.933251392445208,1.06311262737923,0.992151339827746
802,"rs2515029",0.231208267915874,-0.0161909517246654,-0.0555374549477503,-0.0717284066724158,0.159479861243458,16,0.851066632877764,"",1.26012165503275,0.930783656116072,1.17290064122242
803,"rs929708",-0.269107056184706,0.0546372305953148,0.00482221936966716,0.059459449964982,-0.209647606219724,16,0.850207878738669,"",0.764061453765457,1.06126272586631,0.810869941152503
803,"rs11719939",0.0753181541360115,0.00896494943078767,0.017344595564824,0.0263095449956117,0.101627699131623,16,0.850207878738669,"",1.07822713874399,1.02665869635393,1.10697126863633
803,"rs4639533",-0.0970758558928215,0.0941801838593258,0.00255466741131317,0.096734851270639,-0.000341004622182506,16,0.850207878738669,"",0.907487165273167,1.1015682554721,0.999659053513285
803,"rs2515029",0.0840726616567689,0.0271112662940473,-0.00659087978103282,0.0205203865130145,0.104593048169783,16,0.850207878738669,"",1.08770792559746,1.02073237720497,1.11025869659978
804,"rs929708",-0.0187756863369669,0.0303592718615015,0.0410973810811569,0.0714566529426583,0.0526809666056914,17,0.858341422713542,"",0.981399478866303,1.07407159184935,1.05409330050605
804,"rs11719939",0.328047168950445,0.0643822456533363,0.0706398095483245,0.135022055201661,0.463069224152106,17,0.858341422713542,"",1.38825445325058,1.14456202761927,1.58894333186397
804,"rs4639533",0.112288529367071,0.0909148360280959,0.0977811096285571,0.188695945656653,0.300984475023724,17,0.858341422713542,"",1.11883563101491,1.20767369821981,1.35118836420788
804,"rs2515029",-0.0333055798008203,-0.0369816787477816,-0.0566966460207627,-0.0936783247685443,-0.126983904569365,17,0.858341422713542,"",0.967242944518004,0.910575624759785,0.880747848498976
805,"rs929708",-0.201995789549799,0.00601492376925172,0.0612702657850241,0.0672851895542759,-0.134710599995523,17,0.85799392597182,"",0.817098368286983,1.06960047356409,0.873968801668204
805,"rs11719939",-0.103084632300548,-0.0131466169835638,0.0785389076124073,0.0653922906288435,-0.0376923416717045,17,0.85799392597182,"",0.902050627631072,1.06757774299327,0.963009173112041
805,"rs4639533",-0.0791837124687745,0.0705723341672716,0.138069347701688,0.208641681868959,0.129457969400185,17,0.85799392597182,"",0.923870182381665,1.23200347025029,1.13821127075498
805,"rs2515029",-0.399524797400495,0.0294930921262711,-0.0629818590051269,-0.0334887668788558,-0.433013564279351,17,0.85799392597182,"",0.670638659561008,0.967065774337387,0.648551694608953
806,"rs929708",0.193520026276336,0.0597514819112362,0.0781882353267059,0.137939717237942,0.331459743514279,17,0.851567659984355,"",1.21351368846862,1.14790634922307,1.39300006786224
806,"rs11719939",0.46113984802473,0.0997614808362484,0.0676568411932671,0.167418322029515,0.628558170054245,17,0.851567659984355,"",1.58588061804525,1.18224872256498,1.87490533482457
806,"rs4639533",-0.0161711156103067,0.0430135946526017,0.0665913992638099,0.109604993916412,0.0934338783061049,17,0.851567659984355,"",0.983958934915368,1.11583722090492,1.09793800342053
806,"rs2515029",-0.0838556743278432,0.0529181657865168,-0.0761802354947609,-0.0232620697082441,-0.107117744036087,17,0.851567659984355,"",0.919563963205454,0.977006406435799,0.898419883179222
807,"rs929708",0.0485758854947447,0.0301917460287103,0.072731941361483,0.102923687390193,0.151499572884938,17,0.856661709058935,"",1.04977503149542,1.10840682043126,1.16357780482796
807,"rs11719939",0.175676385955308,0.00329342064153172,0.0682943563789635,0.0715877770204952,0.247264162975804,17,0.856661709058935,"",1.19205223138039,1.0742124377303,1.28051733337298
807,"rs4639533",-0.534242037747954,-0.0188950051426835,0.0694947838231676,0.0505997786804841,-0.483642259067469,17,0.856661709058935,"",0.586113373636908,1.05190181549407,0.616533721814018
807,"rs2515029",-0.106316334695383,0.032824960404831,-0.0537471728651434,-0.0209222124603124,-0.127238547155695,17,0.856661709058935,"",0.899140173850761,0.979295138566184,0.880523601141604
808,"rs929708",-0.0186594787838676,-0.0667265808768072,0.065284622001888,-0.00144195887491924,-0.0201014376587869,17,0.856239879907041,"",0.981513531525117,0.998559080248262,0.980099249290944
808,"rs11719939",0.0597713778727407,-0.062867283545031,0.0626201141329732,-0.000247169412057727,0.059524208460683,17,0.856239879907041,"",1.06159381496325,0.999752861131785,1.06133145386932
808,"rs4639533",0.0582441061541,0.00399309979201135,0.0785591904493332,0.0825522902413445,0.140796396395445,17,0.856239879907041,"",1.05997371023795,1.08605546205652,1.15119023764025
808,"rs2515029",0.130968104607371,0.072708632673911,-0.00736522066555271,0.0653434120083582,0.196311516615729,17,0.856239879907041,"",1.13993142217187,1.06752556254119,1.21690593271241
809,"rs929708",-0.307392608351983,-0.0188448424514312,0.0429743113545269,0.0241294689030957,-0.283263139448887,16,0.851283547613933,"",0.735361835026853,1.02442294021958,0.753321533163474
809,"rs11719939",-0.0474286366124643,-0.0402039202120587,0.0336719455385744,-0.00653197467348433,-0.0539606112859487,16,0.851283547613933,"",0.953678528434678,0.99348931229921,0.947469425369091
809,"rs4639533",-0.0870267032063639,-0.0641513941224522,0.0294792413412826,-0.0346721527811696,-0.121698855987534,16,0.851283547613933,"",0.916652617742319,0.965922039206915,0.885414965774017
809,"rs2515029",0.161802633514501,0.0229192785643033,-0.084277804442461,-0.0613585258781577,0.100444107636344,16,0.851283547613933,"",1.17562818881818,0.940485990757641,1.10566184192328
810,"rs929708",-0.0514128873983713,0.0537893833554945,0.0651202290986352,0.11890961245413,0.0674967250557584,17,0.860747619975232,"",0.949886393433131,1.12626811307673,1.06982675596919
810,"rs11719939",0.0108244409072654,0.0275842074091134,0.0466924353248667,0.0742766427339801,0.0851010836412455,17,0.860747619975232,"",1.01088323712162,1.07710473748332,1.08882712374618
810,"rs4639533",-0.193243897919817,0.000156158637963334,-0.0030658102667201,-0.00290965162875676,-0.196153549548574,17,0.860747619975232,"",0.824280909221343,0.997094577304975,0.821886024760615
810,"rs2515029",-0.366028316066307,-0.0324778507476607,-0.0792733044253729,-0.111751155173034,-0.47777947123934,17,0.860747619975232,"",0.693483164216475,0.894266763472497,0.620158944786534
811,"rs929708",0.0323647612301536,-0.0142518831758378,0.00266182160980888,-0.0115900615660289,0.0207746996641247,17,0.86204544734946,"",1.03289419635748,0.988476844466387,1.02099199588308
811,"rs11719939",0.187422056135103,-0.00539389848753054,0.00887640250780818,0.00348250402027764,0.190904560155381,17,0.86204544734946,"",1.20613623483736,1.00348857498274,1.21034393153199
811,"rs4639533",-0.138870392295713,0.0911626205929263,0.0370175296334551,0.128180150226381,-0.0106902420693318,17,0.86204544734946,"",0.870340824024655,1.1367577714218,0.989366695495683
811,"rs2515029",0.136610347591567,-0.0530428959612407,-0.0137712920800697,-0.0668141880413104,0.0697961595502563,17,0.86204544734946,"",1.14638137121985,0.935368987934208,1.07228958298454
812,"rs929708",-0.205372074286687,0.0276679454407408,0.0624191853756947,0.0900871308164355,-0.115284943470252,17,0.854337866355178,"",0.814344263474858,1.09426962415736,0.891112191127333
812,"rs11719939",0.0898001503609591,0.0125972123602627,0.0523506681826987,0.0649478805429614,0.154748030903921,17,0.854337866355178,"",1.0939556352187,1.06710340608468,1.16736378444741
812,"rs4639533",-0.40674176877174,0.0418401347604375,0.0691740745858036,0.111014209346241,-0.295727559425499,17,0.854337866355178,"",0.665816102613975,1.11741078441838,0.743990093500272
812,"rs2515029",-0.275092146678658,0.0105377708085357,-0.13990185900144,-0.129364088192905,-0.404456234871563,17,0.854337866355178,"",0.75950213440128,0.878653999754275,0.667339588213594
813,"rs929708",0.0106873653981538,0.0667807824573595,0.0447085396390929,0.111489322096452,0.122176687494606,17,0.859121378518795,"",1.0107446792839,1.11794180666701,1.12995373283772
813,"rs11719939",0.218739438942082,0.0237032714273635,0.0178963003789485,0.0415995718063119,0.260339010748394,17,0.859121378518795,"",1.24450696438656,1.04247695799755,1.29736983444047
813,"rs4639533",-0.0379843203274726,0.0439069018196401,0.124958695373627,0.168865597193267,0.130881276865795,17,0.859121378518795,"",0.962728036033194,1.18396100054835,1.13983244879781
813,"rs2515029",0.170489618539235,-0.0389633454537385,-0.0787065747252553,-0.117669920178994,0.052819698360241,17,0.859121378518795,"",1.18588534064779,0.888989441666832,1.05423954686336
814,"rs929708",-0.240100551055424,0.112967629207386,0.0831836701085847,0.19615129931597,-0.0439492517394539,17,0.861979719815429,"",0.78654876878137,1.21671097894771,0.957002522454095
814,"rs11719939",-0.0611650163135699,0.0956127765356854,0.089429144627246,0.185041921162931,0.123876904849361,17,0.861979719815429,"",0.940668001402045,1.20326888150124,1.13187653391105
814,"rs4639533",-0.847034683844412,0.0787298358069267,0.103659102911249,0.182388938718175,-0.664645745126237,17,0.861979719815429,"",0.428684233361475,1.20008086103332,0.514455743883848
814,"rs2515029",-0.0571988298605175,-0.0238619761192898,-0.0602641124209637,-0.0841260885402535,-0.141324918400771,17,0.861979719815429,"",0.944406274529695,0.919315333658579,0.868207169378522
815,"rs929708",-0.179652479355883,-0.0520156624099992,0.0381262182011565,-0.0138894442088427,-0.193541923564725,17,0.861226437956647,"",0.835560535497038,0.986206569083578,0.824035288974171
815,"rs11719939",0.0112218294808034,-0.0103548243704746,0.0838669732309265,0.0735121488604519,0.0847339783412552,17,0.861226437956647,"",1.01128503039798,1.07628161218758,1.0884274828979
815,"rs4639533",-0.252421978758669,0.00179796140441906,0.128920409944244,0.130718371348663,-0.121703607410006,17,0.861226437956647,"",0.77691682648992,1.13964677892703,0.885410758803446
815,"rs2515029",0.117435574371246,-0.0315305841176849,-0.0668821011262553,-0.0984126852439403,0.0190228891273061,17,0.861226437956647,"",1.12460917395661,0.906274820324572,1.01920497706289
816,"rs929708",-0.368444997922902,0.0744735421997966,0.04453568923455,0.119009231434347,-0.249435766488555,17,0.855433853286775,"",0.691809259497923,1.1263803163463,0.779240332564569
816,"rs11719939",-0.0765366804488927,0.0383274526867972,0.0310935657066179,0.0694210183934152,-0.00711566205547748,17,0.855433853286775,"",0.926318935871269,1.07188739847261,0.992909594326967
816,"rs4639533",-0.112796151978843,0.0336592095037178,0.0446971121791686,0.0783563216828864,-0.0344398302959568,17,0.855433853286775,"",0.893332745668934,1.08150795475583,0.966146470684815
816,"rs2515029",0.0871107970749728,-0.0368601011574384,-0.0366011010289331,-0.0734612021863716,0.0136495948886012,17,0.855433853286775,"",1.09101755457565,0.929172194941849,1.01374317590515
817,"rs929708",0.0908947961484951,0.05763205794169,0.027697991362168,0.085330049303858,0.176224845452353,17,0.860231697174922,"",1.0951537848016,1.08907645631324,1.19270620306977
817,"rs11719939",0.328777058834227,0.0514106689645927,0.0283284043739478,0.0797390733385405,0.408516132172768,17,0.860231697174922,"",1.38926809601092,1.08300444607035,1.50458352476351
817,"rs4639533",-0.174840448808323,0.00713846100145193,-0.0295793521721602,-0.0224408911707082,-0.197281339979031,17,0.860231697174922,"",0.839590967822655,0.977809032632399,0.82095963205357
817,"rs2515029",0.0489941381105847,0.00126655664854931,-0.00581493777483823,-0.00454838112628892,0.0444457569842958,17,0.860231697174922,"",1.05021419448251,0.995461947094318,1.04544826690565
818,"rs929708",0.280191203318415,0.114859742174677,0.0545002551237082,0.169359997298385,0.449551200616799,17,0.861509958192442,"",1.32338282333575,1.18454649571399,1.56760848587044
818,"rs11719939",0.45898758025471,0.0873997627232481,0.0532755546719737,0.140675317395222,0.599662897649932,17,0.861509958192442,"",1.58247104877313,1.15105086111516,1.82150466338012
818,"rs4639533",-0.0539598082770986,-0.00205135028154909,0.0273855655684803,0.0253342152869312,-0.0286255929901674,17,0.861509958192442,"",0.94747018619573,1.02565785378179,0.971780237695742
818,"rs2515029",-0.331939098047062,0.106219830963949,-0.0285969041590518,0.0776229268048971,-0.254316171242165,17,0.861509958192442,"",0.717531020564238,1.0807150731445,0.775446589372526
819,"rs929708",0.0134516503322829,0.103621897780848,0.0642229512501344,0.167844849030983,0.181296499363266,16,0.854835663080524,"",1.01354253082093,1.18275309112337,1.19877056131346
819,"rs11719939",0.217627423441387,0.118428169577696,0.0648023469385586,0.183230516516255,0.400857939957642,16,0.854835663080524,"",1.24312382253156,1.20109124754166,1.49310514285319
819,"rs4639533",-0.0535124627459208,0.19220599172658,0.0306864364968113,0.222892428223391,0.16937996547747,16,0.854835663080524,"",0.947894127566518,1.24968613554743,1.18457014918671
819,"rs2515029",-0.0658099974802885,-0.0245405845817442,-0.0632936621479971,-0.0878342467297413,-0.15364424421003,16,0.854835663080524,"",0.936308748413294,0.915912679663987,0.857577054752054
820,"rs929708",-0.211728214439975,-0.037383422321795,0.0731521216454062,0.0357686993236112,-0.175959515116364,17,0.860689018695296,"",0.809184592370631,1.03641609502086,0.838651935375812
820,"rs11719939",-0.0294651630832596,-0.0333077741555204,0.0479305681845359,0.0146227940290155,-0.0148423690542441,17,0.860689018695296,"",0.970964702468512,1.01473023011479,0.985267235969213
820,"rs4639533",0.0280216196390667,0.0478349180455988,-0.0501225148301784,-0.00228759678457955,0.0257340228544871,17,0.860689018695296,"",1.02841791820528,0.997715017770882,1.02606800153808
820,"rs2515029",-0.155170397502192,0.0114241855180063,-0.0361217586446203,-0.024697573126614,-0.179867970628806,17,0.860689018695296,"",0.856269258908964,0.975604916562011,0.835380498892495
821,"rs929708",-0.41610353490036,0.0227367449083928,0.0718320334694306,0.0945687783778234,-0.321534756522537,17,0.859501254896795,"",0.659611974088906,1.09918476067799,0.72503542987925
821,"rs11719939",-0.202518516941978,0.0325315821243094,0.0828817607816623,0.115413342905972,-0.0871051740360062,17,0.859501254896795,"",0.816671360201909,1.12233725184932,0.91658069007306
821,"rs4639533",-0.571848869982988,0.0822838006855454,0.131944045678651,0.214227846364196,-0.357621023618792,17,0.859501254896795,"",0.564480821669414,1.23890490261531,0.699338057398554
821,"rs2515029",-0.193595112212572,0.00337429514577185,-0.0777673237236349,-0.0743930285778631,-0.267988140790435,17,0.859501254896795,"",0.823991460816963,0.928306771043397,0.764916852358327
822,"rs929708",-0.584258118895546,0.0135755883246616,0.0302801975850891,0.0438557859097506,-0.540402332985795,16,0.853635572839728,"",0.557519321474225,1.0448316645749,0.582513840688584
822,"rs11719939",-0.519405116956713,0.0596506094209222,0.0659707242028499,0.125621333623772,-0.393783783332941,16,0.853635572839728,"",0.59487432338013,1.13385273507583,0.674499878590945
822,"rs4639533",-0.175107168883662,0.081218405307856,0.06914062943276,0.150359034740616,-0.0247481341430455,16,0.853635572839728,"",0.839367061917891,1.16225145647689,0.975555590232799
822,"rs2515029",0.0257218711176736,-0.0100065531300283,-0.0511187521877215,-0.0611253053177498,-0.0354034342000761,16,0.853635572839728,"",1.02605553310553,0.940705357006826,0.965215936578863
823,"rs929708",0.353370428592287,-0.0229721682691584,0.0432216822010833,0.0202495139319249,0.373619942524212,16,0.850413309117231,"",1.42385848365034,1.02045592623454,1.45298482776032
823,"rs11719939",0.507208463298185,-0.0246987532443631,0.0275207836643692,0.00282203042000614,0.510030493718191,16,0.850413309117231,"",1.66064895596086,1.0028260160962,1.66534197664055
823,"rs4639533",-0.16815296394926,0.0749764355032617,0.0880536610314343,0.163030096534696,-0.0051228674145643,16,0.850413309117231,"",0.84522453591286,1.17707211494712,0.994890232092151
823,"rs2515029",-0.0688056621891027,0.0384674480059388,0.0222216100521168,0.0606890580580557,-0.00811660413104706,16,0.850413309117231,"",0.933508078367763,1.06256846571253,0.991916246561491
824,"rs929708",-0.18232400501349,0.0386939033288031,0.117878252559221,0.156572155888024,-0.025751849125466,16,0.855489793268423,"",0.833331293152884,1.16949514523539,0.974576901715027
824,"rs11719939",-0.0633577547395229,0.0867985833403245,0.142715134265682,0.229513717606006,0.166155962866484,16,0.855489793268423,"",0.938607622291074,1.25798812369038,1.18075724164744
824,"rs4639533",-0.33269055791602,0.00301559197646183,0.0898351262043588,0.0928507181808206,-0.2398398397352,16,0.855489793268423,"",0.716992027338804,1.09729791641165,0.786753857682637
824,"rs2515029",0.211080045696027,0.0177180803151862,-0.0424065926908023,-0.0246885123756161,0.186391533320411,16,0.855489793268423,"",1.23501120843673,0.975613756315279,1.20489392415443
825,"rs929708",0.0721046145169049,0.0220387459255709,0.012891729434252,0.0349304753598228,0.107035089876728,16,0.85131127324147,"",1.0747677744943,1.03554771021488,1.11297330789031
825,"rs11719939",0.316216607869239,0.0309112103132899,0.0675458762152824,0.0984570865285723,0.414673694397811,16,0.85131127324147,"",1.37192739371316,1.10346704977661,1.51387667364838
825,"rs4639533",-0.0864484829898162,0.14762318840871,0.0782013254097683,0.225824513818478,0.139376030828662,16,0.85131127324147,"",0.917182798083173,1.25335569937249,1.14955628734395
825,"rs2515029",0.135647809136029,-0.060936612466134,-0.105132367987595,-0.166068980453729,-0.0304211713176999,16,0.85131127324147,"",1.14527846594486,0.846987806571041,0.970036895783681
826,"rs929708",-0.0234234907294444,0.0545741917203184,-0.00662778060872005,0.0479464111115984,0.024522920382154,17,0.858747562841243,"",0.976848709792072,1.04911443294177,1.02482608024341
826,"rs11719939",0.13077898433693,0.0338029830163727,-0.0122079153703798,0.021595067645993,0.152374051982923,17,0.858747562841243,"",1.1397158584174,1.02182992868588,1.16459577432882
826,"rs4639533",-0.19386745439829,0.0903420480725139,0.0586175744670226,0.148959622539537,-0.0449078318587534,17,0.858747562841243,"",0.823767083736571,1.16062612512749,0.956085598404745
826,"rs2515029",0.085587977678545,-0.0134651857184084,0.00237634959182012,-0.0110888361265883,0.0744991415519567,17,0.858747562841243,"",1.08935739626317,0.988972418393886,1.07734441867765
827,"rs929708",-0.397402051712427,0.0422419107424874,0.00341586265968127,0.0456577734021686,-0.351744278310258,17,0.859847758691195,"",0.672063766918959,1.04671613555278,0.703459988954458
827,"rs11719939",-0.199905162425147,0.038876309776922,-0.00173131112388641,0.0371449986530356,-0.162760163772111,17,0.859847758691195,"",0.818808403199078,1.03784349583752,0.849794975597265
827,"rs4639533",-0.104950731974734,0.118993819023787,0.0994375423822399,0.218431361406027,0.113480629431292,17,0.859847758691195,"",0.900368880890306,1.24412361880048,1.12017019034859
827,"rs2515029",0.13940627027184,-0.0579571148544274,-0.0727028406876287,-0.130659955542056,0.00874631472978421,17,0.859847758691195,"",1.14959104981158,0.877516118155832,1.00878467549735
828,"rs929708",-0.18209723055841,0.140056166902145,0.0359130275560053,0.17596919445815,-0.00612803610026011,17,0.860088891120181,"",0.83352029283213,1.19240132551595,0.99389070201747
828,"rs11719939",-0.0558516008982644,0.146542969724854,0.0722371722854065,0.218780142010261,0.162928541111996,17,0.860088891120181,"",0.945679463460803,1.24455762066931,1.1769525829606
828,"rs4639533",-0.109575899755181,0.0184162314542759,0.0173207988552207,0.0357370303094966,-0.0738388694456846,17,0.860088891120181,"",0.896214139346834,1.03638327326463,0.928821343282318
828,"rs2515029",-0.332818395805721,0.138923523457797,0.0300563442124692,0.168979867670266,-0.163838528135455,17,0.860088891120181,"",0.716900374449577,1.18409630006685,0.848879080902287
829,"rs929708",-0.500829308140257,0.0435548673782983,0.155903237160295,0.199458104538593,-0.301371203601664,16,0.853775951068373,"",0.606027867412908,1.22074106484947,0.739803104194084
829,"rs11719939",-0.265502094714513,0.0274446847811055,0.144468144795706,0.171912829576812,-0.0935892651377015,16,0.853775951068373,"",0.766820836613212,1.18757430734684,0.910656723900056
829,"rs4639533",-0.280551271913088,0.0529449176330819,0.235458587025783,0.288403504658865,0.00785223274577673,16,0.853775951068373,"",0.755367213927204,1.33429559000252,1.00788314237556
829,"rs2515029",0.251129318407363,0.090379146988989,-0.0204547898419972,0.0699243571469918,0.321053675554355,16,0.853775951068373,"",1.28547630933201,1.0724270567438,1.37857957493081
830,"rs929708",-0.092144292952172,0.0402440268851803,0.0069876016706199,0.0472316285558002,-0.0449126643963718,17,0.855401611445069,"",0.911973548695137,1.0483648121859,0.956080978096288
830,"rs11719939",-0.055276101421771,0.0217233224815338,0.0200251688238592,0.0417484913053931,-0.0135276101163779,17,0.855401611445069,"",0.946223858131354,1.04263221470403,0.986563476809282
830,"rs4639533",-0.230216983370991,0.0446606989705961,0.0363882298325317,0.0810489288031278,-0.149168054567863,17,0.855401611445069,"",0.794361220626574,1.0844239548349,0.861424336439351
830,"rs2515029",-0.0417913764927913,-0.110476199721344,-0.0102299127936999,-0.120706112515044,-0.162497489007836,17,0.855401611445069,"",0.959069844217328,0.886294392151906,0.85001822461182
831,"rs929708",-0.179732018714432,0.0622477104403513,0.0313043093727137,0.0935520198130651,-0.0861799989013673,17,0.856581920675758,"",0.835494078191036,1.0980677231333,0.917429080130584
831,"rs11719939",0.0456696423754269,0.0249485010022169,0.00247160290401357,0.0274201039062305,0.0730897462816573,17,0.856581920675758,"",1.04672855907233,1.02779949466194,1.07582708406277
831,"rs4639533",-0.149154226864591,-0.0316219688421212,0.0246248730042846,-0.00699709583783657,-0.156151322702427,17,0.856581920675758,"",0.861436248041822,0.993027326841437,0.855429734637288
831,"rs2515029",0.0514083059969186,-0.0848760835100113,-0.084853261517863,-0.169729345027874,-0.118321039030956,17,0.856581920675758,"",1.05275265076153,0.84389318957755,0.888410792287371
832,"rs929708",-0.273173462082848,0.0901655726312972,0.051558001971332,0.141723574602629,-0.131449887480219,16,0.852422966964606,"",0.760960778338386,1.15225809110964,0.876823213857497
832,"rs11719939",-0.135184435697598,0.0931527778257618,0.0904876388111389,0.183640416636901,0.048455980939303,16,0.852422966964606,"",0.873554782143837,1.20158367590526,1.04964916623301
832,"rs4639533",0.186641315688908,0.0501963443938196,0.0547490709971798,0.104945415390999,0.291586731079907,16,0.852422966964606,"",1.20519492300313,1.11064998430597,1.33854972231906
832,"rs2515029",0.0765120717523884,-0.00544034280425701,-0.0692811667753309,-0.0747215095795879,0.00179056217280056,16,0.852422966964606,"",1.07951522189897,0.928001889981896,1.00179216618647
833,"rs929708",0.193991335262973,-0.0234269194165786,0.0417548571101933,0.0183279376936147,0.212319272956587,17,0.857789342887209,"",1.21408576317679,1.0184969251622,1.23654261667876
833,"rs11719939",0.336645325096205,-0.01257398036931,0.0441805225163379,0.0316065421470279,0.368251867243233,17,0.857789342887209,"",1.40024234483793,1.03211133309539,1.44520599318729
833,"rs4639533",0.316041179471483,0.0322985383201763,0.0880350532597357,0.120333591579912,0.436374771051395,17,0.857789342887209,"",1.37168673979803,1.12787303777823,1.54708849009611
833,"rs2515029",0.315790898859581,0.0225300221010788,-0.0176219153996756,0.00490810670140317,0.320699005560984,17,0.857789342887209,"",1.37134347615936,1.00492017118695,1.37809072081817
834,"rs929708",-0.411792574426086,0.109407122578552,0.0932953345564073,0.202702457134959,-0.209090117291127,16,0.850301858638142,"",0.662461673294558,1.22470801089894,0.811322118197364
834,"rs11719939",-0.267500709783209,0.124437423912546,0.128692701798393,0.253130125710938,-0.0143705840722703,16,0.850301858638142,"",0.765289787432792,1.28805087446578,0.985732179922537
834,"rs4639533",-0.245034581773331,0.0501157194844882,0.0780582727821126,0.128173992266601,-0.116860589506731,16,0.850301858638142,"",0.782677471398954,1.13675077133472,0.889709219319068
834,"rs2515029",-0.0865003064996157,0.0301438134323458,-0.0946722474315649,-0.0645284339992191,-0.151028740498835,16,0.850301858638142,"",0.917135267683056,0.937509456739901,0.859822986562545
835,"rs929708",-0.0205668587094684,-0.0292414826578399,0.0321947074333607,0.00295322477552083,-0.0176136339339476,17,0.858532081081942,"",0.979643196605059,1.00295758983976,0.982540579369924
835,"rs11719939",0.0534356088511387,-0.0053995054748393,0.0420399073221316,0.0366404018472923,0.090076010698431,17,0.858532081081942,"",1.05488906406189,1.03731993542922,1.09425745581767
835,"rs4639533",0.048736174549907,0.0793137334404537,0.0387348137109892,0.118048547151443,0.16678472170135,17,0.858532081081942,"",1.04994331242978,1.12529874008965,1.18149988664279
835,"rs2515029",0.0439614692668311,0.0451574405773681,-0.0370257767368659,0.00813166384050221,0.0520931331073333,17,0.858532081081942,"",1.04494209172785,1.00816481561769,1.05347385123797
836,"rs929708",-0.343950931929454,0.0636724715843223,0.0593987902382893,0.123071261822612,-0.220879670106843,17,0.854220625522771,"",0.708963714677614,1.13096501270401,0.801813156577051
836,"rs11719939",-0.213095215592665,0.0530130107070779,0.0708755136224695,0.123888524329547,-0.0892066912631178,17,0.854220625522771,"",0.808079191814176,1.13188968580441,0.914656502527632
836,"rs4639533",-0.186118111520194,0.0189341075118353,-0.00523441733996137,0.0136996901718739,-0.17241842134832,17,0.854220625522771,"",0.83017553589652,1.01379396092875,0.841626944802678
836,"rs2515029",0.020641516067615,0.000146161037685212,-0.0456333300920771,-0.0454871690543919,-0.0248456529867769,17,0.854220625522771,"",1.02085602555177,0.955531862870658,0.975460459818223
837,"rs929708",-0.244971833383775,0.0544883041234367,-0.00593466515575077,0.048553638967686,-0.196418194416089,16,0.853293520664646,"",0.7827265846907,1.04975167790654,0.821668545621118
837,"rs11719939",0.00592235874994755,0.0442911510725678,-0.0238359232562969,0.0204552278162709,0.0263775865662185,16,0.853293520664646,"",1.00593993058831,1.02066586978034,1.0267285542007
837,"rs4639533",0.0329501096971014,0.0765673004209679,-0.0680236773711541,0.00854362304981382,0.0414937327469152,16,0.853293520664646,"",1.0334989763781,1.00858022395776,1.04236662905553
837,"rs2515029",-0.169197630943369,0.0168717189175079,-0.00836150658589283,0.00851021233161505,-0.160687418611754,16,0.853293520664646,"",0.844342018786098,1.00854652713103,0.851558210757524
838,"rs929708",0.0543145028384625,0.113964967654039,0.0343690652862244,0.148334032940263,0.202648535778726,16,0.850890424514702,"",1.05581660726395,1.15990027656029,1.2246419747624
838,"rs11719939",0.37417577611239,0.109022346636909,0.0327957963353286,0.141818142972237,0.515993919084627,16,0.850890424514702,"",1.45379267002283,1.15236706343127,1.67530278999212
838,"rs4639533",0.0809171029226463,0.187773010665024,0.0579722293875517,0.245745240052575,0.326662342975222,16,0.850890424514702,"",1.08428100911442,1.27857380265207,1.38633329296685
838,"rs2515029",-0.15905690277151,0.0343059082389619,-0.0398451323165861,-0.00553922407762417,-0.164596126849134,16,0.850890424514702,"",0.852947822493161,0.994476089136579,0.84823621475056
839,"rs929708",0.242598199011886,-0.0869240536258469,-0.0187686915592627,-0.10569274518511,0.136905453826777,17,0.859393528365083,"",1.2745564031977,0.899701043089351,1.14671972543319
839,"rs11719939",0.349319551548305,-0.0475852706977134,-0.0116998686040356,-0.059285139301749,0.290034412246556,17,0.859393528365083,"",1.41810227472377,0.94243800472666,1.336473478289
839,"rs4639533",-0.109348530223186,0.0260248074420753,0.0135080546784157,0.039532862120491,-0.069815668102695,17,0.859393528365083,"",0.896417934303769,1.0403246855984,0.932565705669335
839,"rs2515029",-0.022220864182344,0.0105259660714679,-0.0307472441229455,-0.0202212780514775,-0.0424421422338216,17,0.859393528365083,"",0.978024200679565,0.979981800849707,0.958445917456556
840,"rs929708",-0.217645149903049,0.0103049327146442,0.0615108112600243,0.0718157439746685,-0.14582940592838,16,0.850361456775661,"",0.804410836290656,1.07445735058282,0.86430513594097
840,"rs11719939",-0.0517138392454003,0.0151648405123851,0.0677053631956082,0.0828702037079933,0.031156364462593,16,0.850361456775661,"",0.949600566380807,1.08640078860251,1.0316468041735
840,"rs4639533",-0.105487082068566,0.0722368799523315,0.0545899312405016,0.126826811192833,0.0213397291242674,16,0.850361456775661,"",0.899886097438606,1.13522039328961,1.02156904945011
840,"rs2515029",0.0370664235015552,0.0451300578229654,-0.0409749769153508,0.00415508090761461,0.0412215044091698,16,0.850361456775661,"",1.03776195033138,1.00416372522475,1.04208290594127
841,"rs929708",-0.0885127424035522,-0.0440031229094418,0.0264974748924661,-0.0175056480169757,-0.106018390420528,17,0.855177187492307,"",0.915291447648696,0.982646685644238,0.899408107430508
841,"rs11719939",0.375062507233888,-0.0043837974216169,0.0307732270745607,0.0263894296529438,0.401451936886832,17,0.855177187492307,"",1.45508236494936,1.02674071390801,1.49399230618306
841,"rs4639533",-0.196699962196423,0.0481331016964949,0.0058402523814645,0.0539733540779594,-0.142726608118464,17,0.855177187492307,"",0.821437058513184,1.05545647816935,0.866991064816117
841,"rs2515029",0.088627259085988,-0.0306064911941257,-0.0197242214830171,-0.0503307126771428,0.0382965464088452,17,0.855177187492307,"",1.09267329636798,0.950914892883824,1.03903931057277
842,"rs929708",0.000207434536328456,0.0526297845331432,0.0370908519848722,0.0897206365180153,0.0899280710543438,17,0.860655529872126,"",1.00020745605236,1.09386865406028,1.09409558373306
842,"rs11719939",0.156778611347481,0.0390344328964216,0.0385526596522598,0.0775870925486814,0.234365703896162,17,0.860655529872126,"",1.16973661881884,1.08067634721753,1.26410669643173
842,"rs4639533",-0.21115295353143,0.0822214377177362,-0.00384183188463573,0.0783796058331004,-0.132773347698329,17,0.860655529872126,"",0.809650218549848,1.08153313704267,0.875663540775504
842,"rs2515029",0.0598251101078034,-0.0404599414839496,-0.039740692996247,-0.0802006344801965,-0.0203755243723931,17,0.860655529872126,"",1.06165085830418,0.922931155996728,0.979830653919591
843,"rs929708",-0.298403600213392,0.0526300572696506,-0.0116114767852977,0.0410185804843529,-0.25738501972904,16,0.850431562121564,"",0.742001807218413,1.04187146384207,0.773070509060107
843,"rs11719939",-0.166677591173628,0.0394663201076041,-0.016381842463178,0.0230844776444261,-0.143593113529202,16,0.850431562121564,"",0.846472477545629,1.02335298634546,0.866240137755558
843,"rs4639533",-0.235462893923684,0.0903031251500289,-0.0207071101766119,0.069596014973417,-0.165866878950267,16,0.850431562121564,"",0.790204983871252,1.07207499151508,0.847159001378944
843,"rs2515029",-0.32945926279306,0.0192082177186353,0.0132205817070237,0.0324287994256591,-0.297030463367401,16,0.850431562121564,"",0.719312587367966,1.0329603431559,0.743021377083972
844,"rs929708",-0.0949753121977954,-0.0149687060441123,0.0190035038641911,0.00403479782007881,-0.0909405143777165,16,0.851610033815993,"",0.909395385164496,1.00404294857533,0.913072023941361
844,"rs11719939",-0.00798378635490705,-0.00824691154746922,0.02852336572378,0.0202764541763108,0.0122926678214037,16,0.851610033815993,"",0.992047999420843,1.0204834179369,1.01236853320644
844,"rs4639533",0.379143969161589,0.00916143995983993,-0.00545224021172264,0.00370919974811729,0.382853168909706,16,0.851610033815993,"",1.46103336435117,1.00371608734269,1.46646269194369
844,"rs2515029",0.0437111887377374,-0.027502350440411,-0.0475112484902753,-0.0750135989306863,-0.0313024101929489,16,0.851610033815993,"",1.0446805957933,0.927730870094971,0.969182438106648
845,"rs929708",-0.254637106443095,0.0780518916792063,0.0890520128605142,0.16710390453972,-0.0875332019033749,17,0.85710799414464,"",0.775197761196551,1.18187706132078,0.91618845194543
845,"rs11719939",-0.274313485298477,0.136609794842606,0.100255633250168,0.236865428092774,-0.0374480572057033,17,0.85710799414464,"",0.760093759689493,1.26727056728268,0.963244450029727
845,"rs4639533",-0.241298728860782,0.0616952386949621,0.060776209016696,0.122471447711658,-0.118827281149124,17,0.85710799414464,"",0.785606907874882,1.13028684733731,0.887961155148312
845,"rs2515029",0.180075105958442,-0.0766279336788356,-0.0835373888060679,-0.160165322484903,0.0199097834735383,17,0.85710799414464,"",1.19730728465611,0.852002922082077,1.02010930515716
846,"rs929708",-0.380094468281668,0.114298874362151,0.120146966671657,0.234445841033808,-0.14564862724786,17,0.859500681644117,"",0.68379680905151,1.2642080023832,0.864461398007012
846,"rs11719939",-0.301753039820268,0.115052031019535,0.144542607912631,0.259594638932166,-0.0421584008881015,17,0.859500681644117,"",0.739520674498643,1.29640446824076,0.958717906776458
846,"rs4639533",-0.296578381848631,0.100456856904389,0.0376322731802434,0.138089130084633,-0.158489251763998,17,0.859500681644117,"",0.743357359256545,1.14807787399212,0.853432136631654
846,"rs2515029",0.141347365352947,-0.0162636193369651,-0.0586801670981351,-0.0749437864351002,0.0664035789178467,17,0.859500681644117,"",1.15182468248902,0.927795639563078,1.06865791795444
847,"rs929708",0.456127763177265,0.0219633593405664,-0.012950696920565,0.0090126624200014,0.465140425597266,17,0.858073361981531,"",1.57795193604115,1.00905339875091,1.59223776412791
847,"rs11719939",0.608850088114184,-0.0193476443025891,0.000793285563569495,-0.0185543587390196,0.590295729375164,17,0.858073361981531,"",1.83831628117366,0.981616713694732,1.8045219866572
847,"rs4639533",0.158051882728347,0.0833278330973091,-0.0216063296727119,0.0617215034245972,0.219773386152944,17,0.858073361981531,"",1.17122695958151,1.06366607611548,1.24579438433873
847,"rs2515029",0.120360186978331,-0.0408144433855382,-0.040213032478682,-0.0810274758642203,0.039332711114111,17,0.858073361981531,"",1.12790303440992,0.922168353724047,1.04011648440215
848,"rs929708",-0.203372412939475,0.0766677953939424,0.0631219630228678,0.13978975841681,-0.0635826545226645,17,0.860076697709484,"",0.81597430544465,1.1500319888928,0.938396553375932
848,"rs11719939",-0.018274918991578,0.0504483344493909,0.0711163956807785,0.121564730130169,0.103289811138591,17,0.860076697709484,"",0.981891054750404,1.1292624608655,1.10881270878926
848,"rs4639533",-0.148184360047363,0.0161713692964895,0.211202296331262,0.227373665627752,0.0791893055803889,17,0.860076697709484,"",0.862272131756372,1.25529884234496,1.08240920878009
848,"rs2515029",-0.230588821991654,0.122530214902943,-0.0567889641277992,0.0657412507751441,-0.16484757121651,17,0.860076697709484,"",0.794065901354946,1.06795035008738,0.848022957344467
849,"rs929708",-0.170917132600904,0.0269006405721418,0.0965541096978301,0.123454750269972,-0.0474623823309326,17,0.861226519080189,"",0.842891418797225,1.13139880789316,0.953646346410554
849,"rs11719939",0.0155016770060383,0.0752623594938453,0.0961657249201295,0.171428084413975,0.186929761420013,17,0.861226519080189,"",1.01562245126187,1.18699877595014,1.20554260647532
849,"rs4639533",-0.244867247994584,0.0899929915829253,0.146934824465473,0.236927816048398,-0.00793943194618596,17,0.861226519080189,"",0.782808450736111,1.26734963216892,0.99209200209913
849,"rs2515029",0.214143183845997,-0.0369284788236327,-0.0723416078094552,-0.109270086633088,0.10487309721291,17,0.861226519080189,"",1.23880001824639,0.896488255302844,1.11056966702684
850,"rs929708",-0.152517243566545,0.0709941720851496,0.0971479170041027,0.168142089089252,0.0156248455227073,17,0.858442002169965,"",0.858544089466615,1.18310470497536,1.01574755167674
850,"rs11719939",0.0672791808135368,0.060924021692083,0.104475463333394,0.165399485025477,0.232678665839014,17,0.858442002169965,"",1.06959404663146,1.17986436272266,1.26197589820078
850,"rs4639533",-0.0919759387085566,0.0279431204517799,0.043631583440036,0.0715747038918159,-0.0204012348167407,17,0.858442002169965,"",0.912127096236952,1.07419839450467,0.979805462361938
850,"rs2515029",0.194326110249489,0.0257261939489858,-0.0675413112923393,-0.0418151173433535,0.152510992906136,17,0.858442002169965,"",1.21449227676328,0.959047075353755,1.16475526606955
851,"rs929708",-0.382077721884955,0.0588773163720621,0.0201810001108987,0.0790583164829608,-0.303019405401994,16,0.853881353563287,"",0.6824420104647,1.08226743426045,0.738584763697171
851,"rs11719939",-0.0542607176088886,0.026640397966323,0.0060754185823442,0.0327158165486672,-0.0215449010602214,16,0.853881353563287,"",0.947185126465828,1.03325686301288,0.978685532464535
851,"rs4639533",-0.129958577970887,0.0265773274508375,-0.00868992576169896,0.0178874016891385,-0.112071176281748,16,0.853881353563287,"",0.878131804168387,1.01804833941256,0.893980625018978
851,"rs2515029",-0.193175505915807,0.0670702598408785,-0.00468891629535876,0.0623813435455197,-0.130794162370287,16,0.853881353563287,"",0.824337285372409,1.06436815727295,0.877398357403218
852,"rs929708",-0.00467129789110643,0.0462190799137326,0.0161139792079761,0.0623330591217087,0.0576617612306023,16,0.854164379406228,"",0.995339595651958,1.06431676611046,1.05935661962599
852,"rs11719939",0.0833344945014675,0.0402154965902461,0.0222043420754179,0.062419838665664,0.145754333167131,16,0.854164379406228,"",1.08690531160031,1.06440913104168,1.15691193824507
852,"rs4639533",-0.434457538749275,0.0471554844348333,0.0292262060241468,0.0763816904589802,-0.358075848290295,16,0.854164379406228,"",0.647615878329523,1.07937448248317,0.699020053519815
852,"rs2515029",-0.143116174859319,-0.0712277150907362,-0.0355347919685349,-0.106762507059271,-0.24987868191859,16,0.854164379406228,"",0.86665337971236,0.898739091836436,0.778895271419665
853,"rs929708",-0.14474223447202,0.0577129892007205,0.0810003000787099,0.13871328927943,-0.00602894519258951,17,0.854667714766687,"",0.865245294778676,1.1487946810311,0.99398919242893
853,"rs11719939",0.077699395074268,0.012781912691538,0.0820083897886159,0.0947903024801539,0.172489697554422,17,0.854667714766687,"",1.08079771671559,1.09942828356749,1.18825957857229
853,"rs4639533",-0.427513076796087,0.00188641117993685,0.0158278897541036,0.0177143009340405,-0.409798775862046,17,0.854667714766687,"",0.652128874184071,1.01787212972773,0.663783806022689
853,"rs2515029",0.106217433204499,-0.0263788820429297,-0.043197044975224,-0.0695759270181537,0.0366415061863453,17,0.854667714766687,"",1.11206364978379,0.932789306785134,1.03732108098277
854,"rs929708",-0.122239156153546,-0.0557089989303722,0.0231674417578957,-0.0325415571724764,-0.154780713326022,17,0.856765549929223,"",0.884936705134806,0.967982222391272,0.856602998512
854,"rs11719939",-0.0371964632734943,-0.0554499542208595,0.0145484024530763,-0.0409015517677832,-0.0780980150412776,17,0.856765549929223,"",0.963486826977594,0.959923628080383,0.924873770559989
854,"rs4639533",-0.184937040277211,0.0429578272889974,0.0507790700811134,0.0937368973701107,-0.0912001429071007,17,0.856765549929223,"",0.831156611594698,1.0982707499784,0.912834995165611
854,"rs2515029",0.0872802477713492,0.114620703377624,0.0335422984469336,0.148163001824558,0.235443249595907,17,0.856765549929223,"",1.09120244392441,1.15970191448541,1.2654695633103
855,"rs929708",0.173606445891144,-0.0615704981902754,-0.0196326407688153,-0.0812031389590907,0.0924033069320532,17,0.856466276414168,"",1.18958730671136,0.922006377004122,1.09680708279103
855,"rs11719939",0.215176665684309,-0.0633765031098466,0.0124403932213904,-0.0509361098884562,0.164240555795853,17,0.856466276414168,"",1.2400809573662,0.95033938588222,1.17849777546763
855,"rs4639533",0.0397729119210529,0.0422937991882094,0.071441768900235,0.113735568088444,0.153508480009497,17,0.856466276414168,"",1.04057444530788,1.1204558014378,1.16591767407314
855,"rs2515029",-0.0655327190632841,-0.0435904346890439,-0.0379105553702192,-0.0815009900592631,-0.147033709122547,17,0.856466276414168,"",0.936568402617472,0.921731797284331,0.863264877024317
856,"rs929708",-0.348374802947719,0.0289910861240319,0.0109194405057218,0.0399105266297537,-0.308464276317965,16,0.850386859439596,"",0.705834277863417,1.04071765351061,0.734574193425367
856,"rs11719939",-0.14619058303322,0.0871361156458759,0.0557296137946936,0.142865729440569,-0.00332485359265103,16,0.850386859439596,"",0.863993025081314,1.1535749001197,0.996680667612294
856,"rs4639533",-0.105060614878821,0.120366898769551,0.0120842105710935,0.132451109340645,0.0273904944618233,16,0.850386859439596,"",0.900269951178365,1.14162320001377,1.02776906254049
856,"rs2515029",-0.0113366253679566,0.0297669798822804,-0.028529159258027,0.00123782062425334,-0.0100988047437033,16,0.850386859439596,"",0.9887273920273,1.0012385870404,0.989952016961552
857,"rs929708",-0.310484846969984,0.00482274383085067,0.0175257080805636,0.0223484519114143,-0.28813639505857,17,0.85558478249032,"",0.733091432884092,1.02260004933805,0.749659335436574
857,"rs11719939",-0.114906295919158,-0.0212410415059461,0.0141192761541936,-0.00712176535175251,-0.12202806127091,17,0.85558478249032,"",0.891449672465462,0.992903534324032,0.885123530462958
857,"rs4639533",-0.342577018677108,-0.0133029554978348,0.0202733245479168,0.00697036905008202,-0.335606649627026,17,0.85558478249032,"",0.709938438760482,1.0069947186147,0.714904258373373
857,"rs2515029",0.217907940881729,-0.0247066407534319,-0.0442425474531823,-0.0689491882066142,0.148958752675115,17,0.85558478249032,"",1.24347258935959,0.933374105285501,1.16062511554055
858,"rs929708",-0.151049394334392,0.0397236698390813,0.00914789887629515,0.0488715687153765,-0.102177825619015,16,0.85227181717782,"",0.859805228103363,1.05008547825235,0.902868984156794
858,"rs11719939",0.104020198722851,0.0565497545290394,-0.00638416835446358,0.0501655861745758,0.154185784897426,16,0.85227181717782,"",1.109622867654,1.0514451867484,1.16670762330075
858,"rs4639533",0.0582257350407977,0.0813277308273199,-0.0111645238749693,0.0701632069523506,0.128388941993148,16,0.85227181717782,"",1.05995423751969,1.07268323633056,1.13699514186492
858,"rs2515029",0.128272182561755,-0.0342398691068265,-0.0224547323947792,-0.0566946015016057,0.0715775810601497,16,0.85227181717782,"",1.13686239470855,0.944882591031699,1.07420148515872
859,"rs929708",-0.272740488062705,0.0105777920367922,0.0323383084621299,0.0429161004989221,-0.229824387563783,17,0.856082522193812,"",0.761290325923377,1.04385031265618,0.794673144737243
859,"rs11719939",-0.102921513879252,-0.00644400857097007,0.0451763271551314,0.0387323185841613,-0.0641891952950912,17,0.856082522193812,"",0.902197780706743,1.03949219366314,0.937827550184866
859,"rs4639533",-0.0380288585456437,0.0359892775981891,0.0316612132508113,0.0676504908490005,0.0296216323033568,17,0.856082522193812,"",0.96268515879673,1.06999127137705,1.03006471699673
859,"rs2515029",-0.0368988454014176,0.0399687946160504,0.00999035018629023,0.0499591448023406,0.0130602994009229,17,0.856082522193812,"",0.963773620552143,1.05122814736494,1.01314595761223
860,"rs929708",-0.240279856747594,-0.0102368095027074,0.0748985224082884,0.064661712905581,-0.175618143842013,16,0.850716448606355,"",0.786407748753183,1.06679807931352,0.838938275927167
860,"rs11719939",-0.0141343535458981,0.00829903065294956,0.0199572243516061,0.0282562550045557,0.0141219014586575,16,0.850716448606355,"",0.985965067460752,1.02865924973074,1.0142220865549
860,"rs4639533",0.0431227771839196,0.00271131320169634,0.139691646005652,0.142402959207349,0.185525736391268,16,0.850716448606355,"",1.04406607447413,1.15304118349774,1.2038511821615
860,"rs2515029",0.0663936628393192,-0.00626711819910651,-0.0617258697324307,-0.0679929879315372,-0.00159932509221802,16,0.850716448606355,"",1.06864732111115,0.934267024698585,0.998401953146627
861,"rs929708",-0.267797288261345,0.0475608816457397,0.0155561827701943,0.063117064415934,-0.204680223845411,17,0.857553750920086,"",0.765062852605958,1.06515152327408,0.814907862853652
861,"rs11719939",-0.119018337602848,0.0771272991737033,0.0496136068591352,0.126740906032839,0.00772256842999043,17,0.857553750920086,"",0.887791520644364,1.13512287618877,1.00775246436983
861,"rs4639533",-0.284939692476304,0.132411755846555,-0.000617013552900916,0.131794742293654,-0.15314495018265,17,0.857553750920086,"",0.752059607804409,1.14087412202715,0.858005344765936
861,"rs2515029",0.085823969714166,-0.0134425223317526,-0.0100016673946454,-0.0234441897263979,0.062379779987768,17,0.857553750920086,"",1.08961450626939,0.976828490212867,1.06436649307317
862,"rs929708",-0.121515856794507,0.0565920954653247,0.0358478312264566,0.0924399266917814,-0.029075930102726,17,0.858488903561774,"",0.885577010824852,1.09684724833829,0.97134270751489
862,"rs11719939",-0.0402010972732663,0.0566168086282762,0.029877760247932,0.0864945688762082,0.0462934716029419,17,0.858488903561774,"",0.960596246441841,1.09034544590061,1.04738174265708
862,"rs4639533",-0.326829395029304,0.026551054143736,0.0454542828943909,0.0720053370381269,-0.254824057991177,17,0.858488903561774,"",0.721206773992004,1.07466107955566,0.775052850321104
862,"rs2515029",-0.0442608230898246,-0.0840565056521339,-0.0372840943335069,-0.121340599985641,-0.165601423075465,17,0.858488903561774,"",0.956704394332368,0.885732227826796,0.847383914563694
863,"rs929708",0.298358819544428,-0.0452404613635997,-0.00198742897908238,-0.0472278903426821,0.251130929201746,17,0.858472505874557,"",1.34764526259345,0.953869995059295,1.2854783799717
863,"rs11719939",0.413767940607004,-0.016205957814864,-0.0068333625971119,-0.0230393204119758,0.390728620195028,17,0.858472505874557,"",1.51250609490955,0.977224058165267,1.47805734406721
863,"rs4639533",0.0521391155052413,0.0373679717680796,0.0513319258856373,0.088699897653717,0.140839013158958,17,0.858472505874557,"",1.05352229360552,1.09275266947396,1.15123929868777
863,"rs2515029",0.0816477569640624,0.0129220486389479,-0.0340645076211951,-0.0211424589822473,0.0605052979818151,17,0.858472505874557,"",1.08507353291086,0.979079475968308,1.06237322598945
864,"rs929708",-0.427825517144578,0.0438206324720478,0.107567302896771,0.151387935368819,-0.276437581775759,17,0.861428904473817,"",0.65192515463812,1.16344791314255,0.758480960688854
864,"rs11719939",-0.159152059813261,0.0567456082979256,0.130924899015502,0.187670507313428,0.0285184475001667,17,0.861428904473817,"",0.852866662363145,1.20643593803539,1.0289289918272
864,"rs4639533",-0.360027523758024,0.086012897371779,0.0884444585619698,0.174457355933749,-0.185570167824276,17,0.861428904473817,"",0.697657123660915,1.19059996927847,0.83063054999759
864,"rs2515029",0.206259507641521,-0.0407822592387923,-0.114269844947643,-0.155052104186435,0.0512074034550852,17,0.861428904473817,"",1.22907211621958,0.856370555830037,1.05254117132216
865,"rs929708",-0.198767033719926,0.0130721940748439,0.0937753742544933,0.106847568329337,-0.091919465390589,17,0.861021163639188,"",0.819740843064471,1.11276462098066,0.912178608535007
865,"rs11719939",-0.0949473538644641,0.0587181108417711,0.126279162765755,0.184997273607526,0.0900499197430624,17,0.861021163639188,"",0.90942081069923,1.20321515968647,1.09422890596767
865,"rs4639533",-0.30020217719521,0.0969327538032907,0.0817708520365804,0.178703605839871,-0.121498571355338,17,0.861021163639188,"",0.740668459271381,1.19566630313364,0.885592318544702
865,"rs2515029",0.212255696021737,-0.0167392801877224,-0.0660008769590351,-0.0827401571467575,0.12951553887498,17,0.861021163639188,"",1.2364640035884,0.920590324961171,1.13827679886623
866,"rs929708",-0.192316370386079,0.0547405835019695,0.0361824116113461,0.0909229951133156,-0.101393375272763,17,0.856925970856798,"",0.825045807137283,1.09518466744008,0.903577517912477
866,"rs11719939",-0.0859231190630801,0.0785047037281695,0.0500664501499967,0.128571153878166,0.0426480348150861,17,0.856925970856798,"",0.917664779436231,1.13720233476891,1.04357052971008
866,"rs4639533",-0.19443776393913,0.0238330331659849,-0.0094098707978848,0.0144231623681001,-0.180014601571029,17,0.856925970856798,"",0.823297415450168,1.01452767805215,0.835258015242993
866,"rs2515029",-0.151955431346545,0.055983255027817,-0.00888457895586604,0.047098676071951,-0.104856755274594,17,0.856925970856798,"",0.859026565545275,1.04822543874537,0.900453498562623
867,"rs929708",0.0876055203619796,0.0577942820377627,0.0522659133202093,0.110060195357972,0.197665715719952,17,0.860880446101429,"",1.09155743990235,1.11634526723937,1.2185549819549
867,"rs11719939",0.403085739767134,0.0369964483737228,0.0319644143568188,0.0689608627305416,0.472046602497676,17,0.860880446101429,"",1.4964351901681,1.07139427688128,1.60327209846986
867,"rs4639533",-0.382519354743647,0.0949146962408254,0.127431528148516,0.222346224389342,-0.160173130354305,17,0.860880446101429,"",0.682140688190533,1.24900373856973,0.851996269780502
867,"rs2515029",-0.0381917930679975,-0.0556823793548474,-0.0708606084203021,-0.12654298777515,-0.164734780843147,17,0.860880446101429,"",0.962528316928029,0.881136270641478,0.848118611564782
868,"rs929708",0.00192288751688477,0.0574686546752138,0.0927428133932808,0.150211468068495,0.152134355585379,17,0.859072881485551,"",1.00192473745063,1.16207995955122,1.16431665837
868,"rs11719939",0.267045626647604,0.00427449048927009,0.0616598296778437,0.0659343201671138,0.332979946814717,17,0.859072881485551,"",1.30610003793733,1.06815655851775,1.39511932160304
868,"rs4639533",-0.0608233338079309,0.000101100626206745,0.0528855682661525,0.0529866688923592,-0.00783666491557163,17,0.859072881485551,"",0.940989466118046,1.05441558849795,0.992193961687234
868,"rs2515029",0.012905614066594,-0.0262565391444516,-0.0546177013739728,-0.0808742405184243,-0.0679686264518304,17,0.859072881485551,"",1.01298925091148,0.922309673337915,0.934289785102985
869,"rs929708",-0.166492301135281,0.162129010329215,0.0271296478099851,0.1892586581392,0.0227663570039189,16,0.855656345332704,"",0.846629334995066,1.20835346252264,1.02302748841453
869,"rs11719939",-0.0920274076482971,0.100320540652885,0.0379239556244258,0.138244496277311,0.0462170886290136,16,0.855656345332704,"",0.912080151230516,1.14825626033755,1.04730174358006
869,"rs4639533",-0.326875923347283,0.0603056605263855,0.0115546734066807,0.0718603339330662,-0.255015589414217,16,0.855656345332704,"",0.721173218234548,1.07450526165955,0.774904417560974
869,"rs2515029",0.02284033902999,-0.00810575581153093,-0.0254069810690681,-0.0335127368805991,-0.0106723978506091,16,0.855656345332704,"",1.0231031768606,0.967042594046907,0.98938435012891
870,"rs929708",-0.201374440570816,0.107272427368862,0.0791241942437,0.186396621612562,-0.0149778189582538,16,0.852302497809689,"",0.817606229286964,1.20490005502232,0.985133790654458
870,"rs11719939",0.0985040932098848,0.032311352073698,0.0375264613534998,0.0698378134271977,0.168341906637083,16,0.852302497809689,"",1.1035189213197,1.07233424893312,1.18334113367685
870,"rs4639533",0.0114268197343058,0.116995875968726,0.0510225661086542,0.168018442077381,0.179445261811686,16,0.852302497809689,"",1.01149235522178,1.18295842665749,1.19655340510923
870,"rs2515029",-0.133555449260696,-0.0345470692832295,-0.102028227687897,-0.136575296971126,-0.270130746231822,16,0.852302497809689,"",0.874978950696537,0.872340633179165,0.763279691869059
871,"rs929708",-0.339110023530592,0.157717367782419,0.0397018285697734,0.197419196352193,-0.141690827178399,17,0.853707668430651,"",0.712404063566863,1.21825462157502,0.867889542869155
871,"rs11719939",-0.0955824043240865,0.123916374010268,0.0827223556584288,0.206638729668697,0.11105632534461,17,0.853707668430651,"",0.908843465936337,1.22953829582624,1.11745784628018
871,"rs4639533",-0.373524392246269,0.0816555255480743,0.0764293509239563,0.158084876472031,-0.215439515774239,17,0.853707668430651,"",0.6883041968061,1.17126560338111,0.806187030381845
871,"rs2515029",-0.0881772891901761,-0.0206874918477549,-0.0973961198854477,-0.118083611733203,-0.206260900923379,17,0.853707668430651,"",0.915598536610095,0.888621750303684,0.813620774177954
872,"rs929708",-0.225385118034598,-0.0341982409742666,0.0153169145057444,-0.0188813264685221,-0.24426644450312,17,0.856869367388366,"",0.798208754971339,0.981295809172184,0.783278906097922
872,"rs11719939",-0.101190800787145,-0.0270892536843646,0.011754688984105,-0.0153345647002596,-0.116525365487405,17,0.856869367388366,"",0.903760578204431,0.984782411049652,0.890007521215787
872,"rs4639533",-0.175086729622353,-0.0699141033156809,-0.0314800188243126,-0.101394122139993,-0.276480851762346,17,0.856869367388366,"",0.839384218135933,0.903576843060291,0.758448141937897
872,"rs2515029",0.280484153622397,-0.025298232632436,-0.00911988366491425,-0.0344181162973503,0.246066037325046,17,0.856869367388366,"",1.32377056552795,0.966167449815703,1.27898403143723
873,"rs929708",-0.224117559698296,0.0686574533438535,0.0314120403291739,0.100069493673027,-0.124048066025269,17,0.860246491680202,"",0.799221172646489,1.10524772313077,0.883337381345436
873,"rs11719939",-0.00639588267369983,0.100432458984817,0.0469716849765883,0.147404143961405,0.141008261287705,17,0.860246491680202,"",0.993624527447126,1.15882219940026,1.15143416027432
873,"rs4639533",-0.274433964599763,0.179920425229208,0.134757316916029,0.314677742145237,0.0402437775454746,17,0.860246491680202,"",0.760002189640673,1.36981780527414,1.04106453141712
873,"rs2515029",0.141447221514196,-0.00557478635066648,-0.0617075793292324,-0.0672823656798989,0.0741648558342972,17,0.860246491680202,"",1.15193970502301,0.934931171586137,1.07698433801375
874,"rs929708",-0.0699524802585078,-0.113123578650668,-0.0320872081707869,-0.145210786821454,-0.215163267079962,17,0.862546956289684,"",0.932438128071987,0.864839977026678,0.806409769260576
874,"rs11719939",0.145593889262135,-0.100287960369997,0.0129021104706904,-0.0873858498993068,0.0582080393628279,17,0.862546956289684,"",1.15672633366593,0.916323464096839,1.0599354810768
874,"rs4639533",-0.0875867565024268,0.0927271948625073,0.116630008749671,0.209357203612178,0.121770447109751,17,0.862546956289684,"",0.916139387154064,1.23288531097146,1.12949479322464
874,"rs2515029",0.270582005707185,0.0353572820460963,0.0445917774551897,0.079949059501286,0.350531065208471,17,0.862546956289684,"",1.31072707942538,1.08323188589699,1.41982136614221
875,"rs929708",-0.11053417400135,0.152704794242026,-0.00480749254399763,0.147897301698029,0.0373631276966784,17,0.857752881763826,"",0.895355731778667,1.15939382247185,1.03806990433895
875,"rs11719939",0.0357306730328555,0.189900175770755,0.0522201353678418,0.242120311138596,0.277850984171452,17,0.857752881763826,"",1.0363766847104,1.27394745366518,1.32028943852478
875,"rs4639533",-0.611296755601924,0.000458546572805125,0.0312739298446845,0.0317324764174897,-0.579564279184434,17,0.857752881763826,"",0.542646732436454,1.03224131946785,0.560142379095125
875,"rs2515029",-0.0372959780176876,0.0341154434675747,-0.0109708229432889,0.0231446205242859,-0.0141513574934017,17,0.857752881763826,"",0.96339095060311,1.02341453559203,0.985948302305042
876,"rs929708",-0.409541435912447,0.0193569687754251,0.0759087151111125,0.0952656838865376,-0.314275752025909,17,0.85817098016671,"",0.663954646094921,1.09995105557936,0.730317613828926
876,"rs11719939",-0.174361000810966,-0.00636787127259717,0.082001678905655,0.0756338076330578,-0.0987271931779083,17,0.85817098016671,"",0.839993604544748,1.07856753863232,0.905989834520722
876,"rs4639533",-0.19424092646731,-0.0255014306076282,0.0904091937158565,0.0649077631082283,-0.129333163359082,17,0.85817098016671,"",0.823459487182353,1.06706059749212,0.878681172403358
876,"rs2515029",-0.0856819383139271,0.0401664714690672,-0.078296136399107,-0.0381296649300398,-0.123811603243967,17,0.85817098016671,"",0.917886129206786,0.962588118877764,0.883546282457152
877,"rs929708",-0.0829347069210069,-0.00630630152171819,0.0274085202908362,0.021102218769118,-0.0618324881518889,16,0.851417300484804,"",0.920411241742138,1.02132644503403,0.94004034149786
877,"rs11719939",0.0397246129790359,-0.0356576082892093,-1.34629446049226e-05,-0.0356710712338142,0.00405354174522166,16,0.851417300484804,"",1.04052418787678,0.964957643614604,1.00406176845758
877,"rs4639533",0.0873159102255615,0.0175241831383425,0.0575786757372234,0.0751028588755659,0.162418769101127,16,0.851417300484804,"",1.09124135957551,1.07799502653856,1.17635275837557
877,"rs2515029",-0.0354672941084042,0.0244185716815093,-0.00385414938623607,0.0205644222952732,-0.0149028718131309,16,0.851417300484804,"",0.965154299945712,1.02077732694337,0.985207626386486
878,"rs929708",-0.0454543858047889,0.0470837040917708,0.00300272046021765,0.0500864245519884,0.00463203874719958,17,0.860283695919407,"",0.955563188823703,1.05136195593574,1.00464278322188
878,"rs11719939",0.320763516246086,0.0156117305095002,-0.0429552080837967,-0.0273434775742965,0.29342003867179,17,0.860283695919407,"",1.37817962526232,0.973026971176654,1.34100594650637
878,"rs4639533",-0.0432369035973846,0.0629221482908248,0.0132976895358724,0.0762198378266972,0.0329829342293126,17,0.860283695919407,"",0.957684484291207,1.079199797019,1.03353290105531
878,"rs2515029",0.13291731282422,-0.00876938483427047,-0.00505318624326819,-0.0138225710775387,0.119094741746681,17,0.860283695919407,"",1.14215555280927,0.98627252201018,1.12647663759713
879,"rs929708",-0.125197868682291,0.00969709358854513,0.0824768922881225,0.0921739858766676,-0.0330238828056233,17,0.861636632791316,"",0.882322301359982,1.09655559067057,0.967515452329615
879,"rs11719939",0.184125546222322,-0.0338969948498777,0.0665288787358714,0.0326318838859937,0.216757430108316,17,0.861636632791316,"",1.20216674111546,1.03317014265252,1.24204278341038
879,"rs4639533",0.100727586287027,0.0026968544866665,0.143736498655909,0.146433353142576,0.247160939429603,17,0.861636632791316,"",1.10597531788011,1.15769777132896,1.28038516065464
879,"rs2515029",0.146334255347871,0.0387443790756445,-0.00385706008392017,0.0348873189917243,0.181221574339595,17,0.861636632791316,"",1.15758305171721,1.03550302070104,1.19868074676549
880,"rs929708",-0.00688411155370428,0.0267919217423075,-0.00735208410188385,0.0194398376404236,0.0125557260867193,17,0.861771705375782,"",0.993139529661543,1.01963002166734,1.01263488014749
880,"rs11719939",0.145883534625367,0.0263528312411546,0.0267264651748799,0.0530792964160345,0.198962831041401,17,0.861771705375782,"",1.15706142261114,1.05451326092635,1.22013661384975
880,"rs4639533",-0.241354498754226,0.152801180449206,0.0734756319494183,0.226276812398624,-0.0150776863556018,17,0.861771705375782,"",0.785563095883047,1.25392271859706,0.985035412819197
880,"rs2515029",-0.235213301091344,0.0497854136224359,-0.0178072495200439,0.0319781641023919,-0.203235136988952,17,0.861771705375782,"",0.790402237986888,1.03249495960475,0.816086326781774
881,"rs929708",-0.276225887111202,0.130420541614793,0.0546228182483455,0.185043359863138,-0.0911825272480638,17,0.860262645156721,"",0.758641544058121,1.20327061264567,0.912851075497275
881,"rs11719939",-0.0147482357204992,0.125135015152067,0.0242399679514797,0.149374983103547,0.134626747383047,17,0.860262645156721,"",0.985359986824169,1.16110830358145,1.14410966271845
881,"rs4639533",-0.255785102840302,0.112858338253152,0.0199900463141336,0.132848384567286,-0.122936718273016,17,0.860262645156721,"",0.774308347579069,1.14207682873105,0.884319622063085
881,"rs2515029",0.00459291286570002,-0.0411654980386444,-0.130100253314362,-0.171265751353006,-0.166672838487306,17,0.860262645156721,"",1.00460347645635,0.842597622257114,0.846476500573355
882,"rs929708",-0.144965186650848,0.00412923095353723,-0.0487898093555363,-0.0446605784019991,-0.189625765052847,17,0.858010299043351,"",0.865052407958052,0.956322023101111,0.827268668866932
882,"rs11719939",0.0609035364713274,-0.0648039183471026,-0.0498396913962441,-0.114643609743347,-0.0537400732720192,17,0.858010299043351,"",1.0627963881524,0.891683874730352,0.947678401437157
882,"rs4639533",0.36009852990252,0.071661130167305,-0.123386844698849,-0.0517257145315438,0.308372815370976,17,0.858010299043351,"",1.43347064732555,0.949589289669316,1.36120837375568
882,"rs2515029",0.122240114734928,-0.153871652927166,-0.0104059824202404,-0.164277635347407,-0.0420375206124785,17,0.858010299043351,"",1.13002540495764,0.848506413802182,0.958833803865969
883,"rs929708",-0.475521536861832,0.0729123628612978,0.113479835275383,0.186392198136681,-0.289129338725151,16,0.851962378004044,"",0.621560805046134,1.20489472518778,0.748915335383557
883,"rs11719939",-0.431859835074133,0.0984137533750685,0.120195500719966,0.218609254095035,-0.213250580979098,16,0.851962378004044,"",0.649300379446851,1.24434495898331,0.807953654030638
883,"rs4639533",-0.328378372207483,0.08656936643788,0.160661476939324,0.247230843377204,-0.081147528830279,16,0.851962378004044,"",0.720090505918419,1.28047466776023,0.922057651323185
883,"rs2515029",0.022280887121914,-0.0154554491227367,-0.104116147480877,-0.119571596603614,-0.0972907094816998,16,0.851962378004044,"",1.02253095991501,0.887300477844214,0.907292209343088
884,"rs929708",-0.18692116009663,0.0698145563401916,0.0150207152094156,0.0848352715496072,-0.102085888547023,16,0.851182129521932,"",0.829509132227298,1.08853773879369,0.902951995103423
884,"rs11719939",-0.0615741824683901,0.0136835906798017,0.0504079724356179,0.0640915631154196,0.00251738064702955,16,0.851182129521932,"",0.940283190624091,1.06619001797195,1.00252055191022
884,"rs4639533",0.066969563555,0.0962286929850757,0.0788133617625784,0.175042054747654,0.242011618302654,16,0.851182129521932,"",1.06926293311687,1.19129631522483,1.27380899222862
884,"rs2515029",0.314371359311658,-0.109684650005705,-0.152023315479996,-0.261707965485701,0.0526633938259566,16,0.851182129521932,"",1.3693981808996,0.769735780302376,1.05407477731941
885,"rs929708",-0.113707513116641,0.142541244704523,0.0714537088037057,0.213994953508229,0.100287440391588,17,0.857334733065714,"",0.892518967800497,1.23861640411019,1.10548863449719
885,"rs11719939",0.0778686053631927,0.154968735824225,0.0943061802675527,0.249274916091778,0.327143521454971,17,0.857334733065714,"",1.08098061428314,1.28309472797483,1.3870005272297
885,"rs4639533",-0.136800399787568,0.074244308645819,0.00719508761700973,0.0814393962628287,-0.0553610035247392,17,0.857334733065714,"",0.872144288945389,1.08484746978081,0.946143525146188
885,"rs2515029",-0.0245661704374842,-0.100343382365994,-0.0624768845886034,-0.162820266954598,-0.187386437392082,17,0.857334733065714,"",0.975733122094667,0.849743901749636,0.829123270235076
886,"rs929708",-0.400628405780907,0.124951910299033,0.165517216150463,0.290469126449496,-0.110159279331411,17,0.860218929195809,"",0.669898945368557,1.33705458859117,0.895691458797414
886,"rs11719939",-0.156651773544948,0.0980427823791574,0.145564744752637,0.243607527131794,0.0869557535868463,17,0.860218929195809,"",0.85500174120964,1.27584349825721,1.09084841252091
886,"rs4639533",0.0251927650659632,-0.0199615394035202,0.0307891188736741,0.0108275794701539,0.036020344536117,17,0.860218929195809,"",1.02551278451201,1.01088640984722,1.03667693698777
886,"rs2515029",-0.0416974032572464,0.0085055635399796,-0.052640109106817,-0.0441345455668374,-0.0858319488240838,17,0.860218929195809,"",0.959159975348593,0.956825212221647,0.917748446967427
887,"rs929708",-0.256703773386724,-0.0393302861907617,-0.00716155475540534,-0.046491840946167,-0.303195614332891,16,0.852923537701229,"",0.773597339947189,0.95457234894538,0.738454629931286
887,"rs11719939",-0.190818392998773,-0.0362816154963733,-0.0198410071325702,-0.0561226226289435,-0.246941015627716,16,0.852923537701229,"",0.826282633237351,0.945423198504203,0.781186769983732
887,"rs4639533",-0.134484511479174,0.0191710573957456,0.0614191989718964,0.080590256367642,-0.0538942551115321,16,0.852923537701229,"",0.874166418316494,1.08392667351178,0.947532297901502
887,"rs2515029",0.270845071062185,-0.0364773143988372,-0.0546525550081152,-0.0911298694069524,0.179715201655232,16,0.852923537701229,"",1.31107193166719,0.912899145529788,1.19687644614707
888,"rs929708",0.230569916750529,-0.00996644586682298,0.0908944710781089,0.0809280252112859,0.311497941961815,17,0.857767495393226,"",1.25931751159604,1.08429285200925,1.36546897623366
888,"rs11719939",0.357692882930829,-0.0354257931801083,0.00293495556213377,-0.0324908376179745,0.325202045312854,17,0.857767495393226,"",1.43002636752548,0.968031319263433,1.38431031113718
888,"rs4639533",0.116765435180467,0.0368437622939143,0.177373426921726,0.21421718921564,0.330982624396107,17,0.857767495393226,"",1.12385578174185,1.23889169949207,1.39233559942615
888,"rs2515029",-0.227387880506618,0.02609850450407,-0.099155096343111,-0.073056591839041,-0.300444472345659,17,0.857767495393226,"",0.796611732194499,0.929548223693806,0.740489020635043
889,"rs929708",-0.396203322635982,0.0813397311776223,0.0887913214520009,0.170131052629623,-0.226072270006359,17,0.857935347148585,"",0.672869872352072,1.18546019881716,0.797660452656567
889,"rs11719939",-0.261866168793497,0.0890926460027252,0.0646565199879514,0.153749165990677,-0.108117002802821,17,0.857935347148585,"",0.769614015187879,1.16619832788586,0.89752257762963
889,"rs4639533",-0.250674254328805,0.0860620223187498,0.138830470630039,0.224892492948789,-0.025781761380016,17,0.857935347148585,"",0.778275850261139,1.25218808990625,0.974547750358658
889,"rs2515029",-0.162079096587826,-0.00840466310575698,-0.0177095715913834,-0.0261142346971404,-0.188193331284966,17,0.857935347148585,"",0.850373940203032,0.974223793091958,0.828454525571152
890,"rs929708",-0.0408172959525518,0.136535186310277,0.0112657626696643,0.147800948979941,0.106983653027389,17,0.855282331342258,"",0.960004510635592,1.15928211710737,1.11291606152225
890,"rs11719939",-0.0348327644168359,0.139627829724544,0.0531816847129951,0.192809514437539,0.157976750020703,17,0.855282331342258,"",0.965766913346114,1.21265177886117,1.17113896543443
890,"rs4639533",-0.26888117953094,0.176307417793959,0.0514073967547476,0.227714814548706,-0.0411663649822334,17,0.855282331342258,"",0.764234056902681,1.25572715924627,0.959669461273654
890,"rs2515029",-0.265133237871672,0.0234775765252651,0.0069345462581418,0.0304121227834069,-0.234721115088265,17,0.855282331342258,"",0.767103735897491,1.03087929526512,0.790791358657246
891,"rs929708",-0.0027298276474245,0.0399028754563202,0.0447358808264989,0.0846387562828191,0.0819089286353946,17,0.861160234657971,"",0.997273894943953,1.08832384552688,1.08535696038897
891,"rs11719939",0.172229055790719,0.042453487759071,0.0557548300211066,0.0982083177801776,0.270437373570896,17,0.861160234657971,"",1.18794990885817,1.10319257580143,1.31053751987633
891,"rs4639533",-0.221445272386788,0.149981529016816,0.0796819406309545,0.229663469647771,0.0082181972609823,17,0.861160234657971,"",0.80135977745582,1.25817652408674,1.00825205934228
891,"rs2515029",0.0836694753459631,-0.136955847928341,-0.0594395564744878,-0.196395404402829,-0.112725929056866,17,0.861160234657971,"",1.08726946504829,0.821687271671551,0.893395480307313
892,"rs929708",-0.290319955922211,0.0301283203012193,0.0568185801067706,0.0869469004079899,-0.203373055514221,16,0.852486545306383,"",0.7480241945152,1.09083875508756,0.815973781120336
892,"rs11719939",-0.0346536451207268,0.0181662101473924,0.0675518386321372,0.0857180487795296,0.0510644036588028,16,0.852486545306383,"Loglik converged before variable  4 ; coefficient may be infinite. ",0.965939916329462,1.0894990993946,1.05239066891025
892,"rs4639533",-0.0816163123783897,0.0152231748434484,0.046299497949145,0.0615226727925934,-0.0200936395857963,16,0.852486545306383,"",0.921625507164785,1.06345460774122,0.980106892206228
892,"rs2515029",0.217805760908604,0.00629617657545992,-0.0979140826681397,-0.0916179060926798,0.126187854815925,16,0.852486545306383,"",1.243345537855,0.912453725955787,1.13449526866629
893,"rs929708",-0.0490727652416762,-0.0188587180955241,0.0441262336647879,0.0252675155692637,-0.0238052496724125,16,0.850048703075643,"",0.952111846529217,1.02558944497397,0.976475860235037
893,"rs11719939",0.238826991811815,0.00679500478719697,0.029694071217418,0.0364890760046149,0.27531606781643,16,0.850048703075643,"",1.26975883890348,1.03716297399232,1.31694685361018
893,"rs4639533",-0.31067279475867,0.0642882115226734,0.066056833190068,0.130345044712741,-0.180327750045928,16,0.850048703075643,"",0.732953662917562,1.1392213978369,0.83499649641862
893,"rs2515029",0.0608724242373858,-0.0452967069179989,-0.097777539732435,-0.143074246650434,-0.0822018224130482,16,0.850048703075643,"",1.06276332269691,0.866689717698083,0.921086044128065
894,"rs929708",-0.277905045655246,0.0295723629743083,0.0651978848586596,0.0947702478329679,-0.183134797822278,17,0.855487636010687,"",0.757368733551933,1.09940623514225,0.832655907968782
894,"rs11719939",0.046597678734164,0.00508337276787636,0.0530558275591831,0.0581392003270595,0.104736879061223,17,0.855487636010687,"",1.04770041212061,1.05986251865166,1.11041839758253
894,"rs4639533",-0.138332723836443,0.00208294431500103,-0.00412031579886712,-0.00203737148386609,-0.140370095320309,17,0.855487636010687,"",0.870808904659369,0.997964702548652,0.869036549515104
894,"rs2515029",0.113326132610426,0.0633431476679081,-0.0420122280033126,0.0213309196645956,0.134657052275022,17,0.855487636010687,"",1.11999714098348,1.02156005001841,1.14414433536356
895,"rs929708",0.259159005950874,-0.0143923195385535,0.0207106998319393,0.00631838029338578,0.26547738624426,17,0.857065495519683,"",1.29583983469272,1.00633838336496,1.3040533643446
895,"rs11719939",0.237539320134803,0.00566426395708225,0.000768418664900793,0.00643268262198304,0.243972002756786,17,0.857065495519683,"",1.26812485865081,1.00645341675971,1.27630859686703
895,"rs4639533",-0.0686234598862489,0.0798132041685154,0.0938561971494303,0.173669401317946,0.105045941431697,17,0.857065495519683,"",0.933678181185466,1.18966220004542,1.11076163916351
895,"rs2515029",-0.132472568021385,0.0198594701475008,-0.0591670972014643,-0.0393076270539635,-0.171780195075348,17,0.857065495519683,"",0.875926962186328,0.961454894111751,0.842164264678484
896,"rs929708",-0.081910400537704,0.00778399901943469,0.0282007856217532,0.0359847846411879,-0.045925615896516,16,0.852414073604641,"",0.921354507866602,1.03664007352025,0.955113004773048
896,"rs11719939",0.0654030232932324,0.0120456048305004,0.083614675332999,0.0956602801634994,0.161063303456732,16,0.852414073604641,"",1.06758920100838,1.1003851778166,1.17475933278669
896,"rs4639533",-0.118372708485481,0.0394292332302188,0.0853906720839133,0.124819905314132,0.00644719682865115,16,0.852414073604641,"",0.888364889772229,1.13294439742735,1.00646802473861
896,"rs2515029",0.107912421151413,0.00240810644823077,-0.0573381165600127,-0.0549300101117819,0.0529824110396316,16,0.852414073604641,"",1.11395018263994,0.946551394661462,1.05441109896122
897,"rs929708",-0.169795746306013,0.0696229728972193,0.035662910305455,0.105285883202674,-0.064509863103339,16,0.850544970212776,"",0.843837155851526,1.11102818925531,0.937526867292073
897,"rs11719939",0.17393079576355,0.0509285836699888,0.0382698569464617,0.0891984406164505,0.26312923638,16,0.850544970212776,"",1.18997321178325,1.09329758944906,1.30099484395159
897,"rs4639533",-0.053462704881412,-0.0227757942738103,0.0358175255301867,0.0130417312563764,-0.0404209736250356,16,0.850544970212776,"",0.947941293927525,1.01312714554629,0.960385057262254
897,"rs2515029",0.0129253014292649,0.0492998107226836,-0.0897681182485877,-0.040468307525904,-0.0275430060966391,16,0.850544970212776,"",1.01300919419456,0.960339599567012,0.972832843910503
898,"rs929708",-0.248718211185081,0.0418143495936699,0.0248234872423995,0.0666378368360695,-0.182080374349012,17,0.857802900742467,"",0.779799681255691,1.06890828885813,0.833534342943139
898,"rs11719939",-0.0971770426710136,0.107193083002394,0.052926166114579,0.160119249116973,0.0629422064459589,17,0.857802900742467,"",0.907395344216279,1.17365081947113,1.06496528932373
898,"rs4639533",-0.327957015589461,0.0965141028682993,0.0909829189395607,0.18749702180786,-0.140459993781601,17,0.857802900742467,"",0.72039398475058,1.20622665704088,0.868958427978052
898,"rs2515029",-0.170554575839189,-0.0359922238504218,-0.0700697612388258,-0.106061985089248,-0.276616560928436,17,0.857802900742467,"",0.843197070185143,0.899368898886669,0.758345220556877
899,"rs929708",-0.625466916898993,0.0974650223699283,0.080942285859276,0.178407308229204,-0.447059608669789,17,0.859874672990094,"",0.5350115642501,1.19531208254482,0.639505787049346
899,"rs11719939",-0.436754355758941,0.0504774735936274,0.0613117532506713,0.111789226844299,-0.324965128914643,17,0.859874672990094,"",0.646130130063546,1.11827713300312,0.722552549394393
899,"rs4639533",-0.0403487636904602,0.0834721350680534,0.0853244229418097,0.168796558009863,0.128447794319403,17,0.859874672990094,"",0.960454409108322,1.18387926366925,1.13706205864304
899,"rs2515029",-0.313729310123979,0.0195883519917455,-0.0842589886656789,-0.0646706366739334,-0.378399946797912,17,0.859874672990094,"",0.730716799030667,0.937376149866104,0.68495649971785
900,"rs929708",-0.00730516145869068,0.0917073704299897,0.0746896498556259,0.166397020285616,0.159091858826925,17,0.86005777198389,"",0.992721456377975,1.18104190624961,1.17244564121553
900,"rs11719939",0.067615861090443,0.107369192661774,0.0816776813976172,0.189046874059391,0.256662735149834,17,0.86005777198389,"",1.06995421847923,1.20809757959342,1.29260910162053
900,"rs4639533",-0.173049880572318,0.0247405960442829,0.0938493729365651,0.118589968980848,-0.0544599115914697,17,0.86005777198389,"",0.841095659465385,1.12590816635559,0.946996471678319
900,"rs2515029",0.014016790707056,0.0168370782287361,-0.0712542567432203,-0.0544171785144842,-0.0404003878074282,17,0.86005777198389,"",1.01411548651159,0.947036940616123,0.960404827777372
901,"rs929708",-0.363535118636784,0.0334227495552659,0.0275328592792966,0.0609556088345625,-0.302579509802222,16,0.854149751072618,"",0.695214311808541,1.0628517319129,0.738909735356342
901,"rs11719939",-0.148587384824128,0.0232503930449847,0.0240636302592336,0.0473140233042182,-0.10127336151991,16,0.854149751072618,"",0.86192468474254,1.04845119549957,0.903685966148906
901,"rs4639533",-0.645230412649463,0.0758604846461598,0.0643186624180848,0.140179147064245,-0.505051265585219,16,0.854149751072618,"",0.524541667146287,1.15047988549073,0.603474637153575
901,"rs2515029",0.0750105141082644,-0.0390585463910306,-0.0325445469594527,-0.0716030933504833,0.00340742075778105,16,0.854149751072618,"",1.07789548393487,0.930900303016572,1.00341323261516
902,"rs929708",-0.253933526168337,0.0384334576934761,-0.000926002098883709,0.0375074555945924,-0.216426070573745,17,0.856624076733002,"",0.775743366966587,1.03821973759843,0.805392074895774
902,"rs11719939",-0.105209791857912,0.0483781323127304,0.0381826515408056,0.0865607838535359,-0.0186490080043756,17,0.856624076733002,"",0.900135661643386,1.09041764548991,0.98152380879068
902,"rs4639533",-0.430724512468277,-0.0260061996119216,0.0482476244441159,0.0222414248321943,-0.408483087636083,17,0.856624076733002,"",0.650037963464306,1.02249060929819,0.664657713329572
902,"rs2515029",0.17359565673719,0.00268289801031585,-0.0916331318564075,-0.0889502338460917,0.0846454228910987,17,0.856624076733002,"",1.18957447214,0.914891103052973,1.08833110097983
903,"rs929708",0.121145642137302,0.00579279788545094,0.0962637946801952,0.102056592565646,0.223202234702948,17,0.858068492601498,"",1.12878929968236,1.1074461431731,1.2500733563883
903,"rs11719939",0.0938928583194412,0.00777063114455942,0.0944049010885813,0.102175532233141,0.196068390552582,17,0.858068492601498,"",1.09844205068495,1.10757787028278,1.21661010712668
903,"rs4639533",-0.109431245090617,0.0998872524599447,0.120356616000626,0.220243868460571,0.110812623369954,17,0.858068492601498,"",0.896343790279619,1.24638064645766,1.11718555277702
903,"rs2515029",0.0266341875200048,-0.0521515827301495,-0.0659550414467832,-0.118106624176933,-0.091472436656928,17,0.858068492601498,"",1.02699204753186,0.88860130118095,0.9125864697393
904,"rs929708",-0.283348388744061,0.0489069536838904,0.0456761102328643,0.0945830639167547,-0.188765324827307,17,0.855926275011215,"",0.753257315771015,1.09920046323684,0.827980790432039
904,"rs11719939",0.00805154108639992,0.0579341463493805,0.037076535014628,0.0950106813640085,0.103062222450408,17,0.855926275011215,"",1.00808404191202,1.09967060104535,1.10856038427362
904,"rs4639533",0.0665791728018024,0.0296447439426723,0.0301980488278292,0.0598427927705015,0.126421965572304,17,0.855926275011215,"",1.06884558422492,1.06166963128418,1.1347608973038
904,"rs2515029",-0.274532811752707,-0.0936621990385487,-0.0674381079779092,-0.161100307016458,-0.435633118769165,17,0.855926275011215,"",0.759927069300772,0.851206684821858,0.6468550013659
905,"rs929708",-0.228960673640475,0.024189374758659,0.0910372749160791,0.115226649674738,-0.113734023965737,17,0.852827221118188,"",0.795359811495963,1.1221277386392,0.892495306678466
905,"rs11719939",0.0894649579478663,0.0345054980930827,0.107086110226457,0.14159160831954,0.231056566267406,17,0.852827221118188,"",1.09358901103777,1.1521060419251,1.25993050699951
905,"rs4639533",-0.302048179566926,0.13424267176389,0.0605993639989919,0.194842035762882,-0.107206143804044,17,0.852827221118188,"",0.739302444759842,1.21511902597874,0.898340466580277
905,"rs2515029",0.138498916094804,-0.0576029495005974,-0.049024811154141,-0.106627760654738,0.0318711554400654,17,0.852827221118188,"",1.14854843665189,0.898860201857061,1.03238447961153
906,"rs929708",0.293531789734429,0.0927177091415645,0.088205398116721,0.180923107258285,0.474454896992714,17,0.857986807916688,"",1.34115581371965,1.19832303340707,1.60713790296806
906,"rs11719939",0.252673619288393,0.112466876393262,0.116219139973659,0.228686016366921,0.481359635655314,17,0.857986807916688,"",1.28746300516228,1.25694731615991,1.6182731689939
906,"rs4639533",-0.217122661682718,0.0912198032387167,0.00215633096971373,0.0933761342084304,-0.123746527474288,17,0.857986807916688,"",0.804831241295692,1.09787460581166,0.883603781782416
906,"rs2515029",-0.15016126580597,0.0194027800020172,-0.068278400427416,-0.0488756204253988,-0.199036886231369,17,0.857986807916688,"",0.860569184851003,0.952299568947919,0.819519663783472
907,"rs929708",-0.146581934051286,0.101461339851118,0.0684529132936366,0.169914253144755,0.0233323190934694,17,0.855930013234603,"",0.86365496668541,1.18520321951422,1.023606647065
907,"rs11719939",0.0136025570704973,0.0852871598574074,0.0714846185899677,0.156771778447375,0.170374335517872,17,0.855930013234603,"",1.0136954927595,1.16972862615268,1.18574863608274
907,"rs4639533",-0.148571232490252,0.00296254773760225,0.073620363847522,0.0765829115851242,-0.0719883209051277,17,0.855930013234603,"",0.861938606950262,1.07959169728544,0.930541763633283
907,"rs2515029",-0.150265209924911,-0.0071949784328477,-0.0767414921065217,-0.0839364705393694,-0.23420168046428,17,0.855930013234603,"",0.860479738394093,0.919489668922359,0.791202229770383
908,"rs929708",-0.1202537303959,0.00874799934388019,0.0269750923962412,0.0357230917401214,-0.084530638655779,17,0.858931723197817,"",0.886695426590779,1.03636882766515,0.91894349975194
908,"rs11719939",0.0947230290418681,-0.0315780358123321,0.0101215998221212,-0.021456435990211,0.0732665930516571,17,0.858931723197817,"",1.0993543237345,0.978772115778426,1.07601735743178
908,"rs4639533",-0.228158238556712,0.0925402447699022,0.0729902634546681,0.16553050822457,-0.0626277303321415,17,0.858931723197817,"",0.795998292248342,1.18001896245382,0.939293078933898
908,"rs2515029",-0.234447116910085,0.00378767917526218,-0.0326714706144866,-0.0288837914392244,-0.26333090834931,17,0.858931723197817,"",0.791008063735881,0.971529357935321,0.768487556282982
909,"rs929708",-0.29938441570586,-0.0176254450679367,0.00256862590547128,-0.0150568191624654,-0.314441234868326,17,0.859949266575983,"",0.741274397136307,0.985055967957866,0.730196768793488
909,"rs11719939",-0.185943230200815,-0.0225164684818844,0.00727592927264317,-0.0152405392092412,-0.201183769410056,17,0.859949266575983,"",0.830320730785121,0.984875010052662,0.81776213807893
909,"rs4639533",-0.395194607696782,0.0877658000824987,0.0608783626881367,0.148644162770635,-0.246550444926147,17,0.859949266575983,"",0.673548948684092,1.16026005202198,0.781491938239552
909,"rs2515029",-0.215054553848945,-0.0309672102758233,-0.0552589845195441,-0.0862261947953674,-0.301280748644312,17,0.859949266575983,"",0.806497441437593,0.917386699652955,0.739870026078986
910,"rs929708",-0.295672623538854,0.100690503083527,0.0221312524177174,0.122821755501244,-0.17285086803761,16,0.85121800376271,"",0.744030966378397,1.13068286498438,0.841263064701824
910,"rs11719939",-0.0330640542770335,0.071106093380681,0.0163446147769211,0.0874507081576021,0.0543866538805686,16,0.85121800376271,"",0.967476586590934,1.09138846656878,1.05589278828067
910,"rs4639533",-0.110033508343284,0.0994681933563502,-0.00434486863799127,0.0951233247183589,-0.0149101836249251,16,0.85121800376271,"",0.895804117881717,1.09979447860739,0.98520042276008
910,"rs2515029",0.135435005272041,-0.00456604247076866,-0.0351914256602691,-0.0397574681310377,0.0956775371410028,16,0.85121800376271,"",1.14503477219237,0.961022489470602,1.10040416730271
911,"rs929708",-0.0225900984414566,0.0683634517722239,0.0919007582183018,0.160264209990526,0.137674111549069,16,0.852470518572693,"",0.977663147299174,1.17382096525111,1.14760149925316
911,"rs11719939",0.201980521968805,-0.000205619530299918,0.0828828263628226,0.0826772068325227,0.284657728801327,16,0.852470518572693,"",1.22382417019384,1.08619113687651,1.3293069667598
911,"rs4639533",-0.117971087800634,0.0361861827578134,0.0184926087216628,0.0546787914794762,-0.0632922963211576,16,0.852470518572693,"",0.888721747143507,1.05620129932619,0.938669064072413
911,"rs2515029",0.1963157662388,-0.114352006789322,-0.0978125707934691,-0.212164577582792,-0.0158488113439911,16,0.852470518572693,"",1.21691110411492,0.80883157106713,0.984276120190309
912,"rs929708",-0.119415101156515,0.0389065952943304,0.0414375322163669,0.0803441275106973,-0.0390709736458179,17,0.861069764753019,"",0.887439347195132,1.08365992070774,0.961682452614407
912,"rs11719939",0.105951056900956,-0.00852956224175827,0.0619388663484555,0.0534093041066972,0.159360361007653,17,0.861069764753019,"",1.11176746182993,1.0548613158396,1.17276048769357
912,"rs4639533",-0.284177410890388,0.0609802730920179,0.0975844735513253,0.158564746643343,-0.125612664247045,17,0.861069764753019,"",0.752633107551328,1.17182779368524,0.881956393876342
912,"rs2515029",-0.251372504370326,0.0281857051321623,-0.0630241849272451,-0.0348384797950828,-0.286210984165409,17,0.861069764753019,"",0.777732608797638,0.96576139363868,0.751104128150653
913,"rs929708",0.204669944075288,0.0165373854310357,-0.0385636992282888,-0.0220263137972531,0.182643630278035,17,0.854707944427706,"",1.22711997989679,0.978214494174672,1.20038655042638
913,"rs11719939",0.282255102760894,0.0056236998525289,-0.0281462836141694,-0.0225225837616405,0.259732518999253,17,0.854707944427706,"",1.32611697294139,0.97772915614179,1.29658322889929
913,"rs4639533",-0.518479285569993,0.0833861906480599,0.0554155182780574,0.138801708926117,-0.379677576643876,17,0.854707944427706,"",0.595425331730924,1.1488962615417,0.684081937652887
913,"rs2515029",0.0755415363831825,-0.00202057800668375,0.00219887667613867,0.000178298669454919,0.0757198350526374,17,0.854707944427706,"",1.07846802244877,1.00017831456561,1.07866032900571
914,"rs929708",-0.263054778789486,-0.0261196455435598,0.010484781837543,-0.0156348637060167,-0.278689642495503,17,0.858288486162002,"",0.768699787713965,0.984486726269871,0.756774737490867
914,"rs11719939",-0.108722483444902,-0.0397686621499867,0.0174417040057609,-0.0223269581442258,-0.131049441589128,17,0.858288486162002,"",0.896979309568789,0.977920443721389,0.877174404422415
914,"rs4639533",-0.450119876588189,0.0530665476714781,0.0406092511636451,0.0936757988351233,-0.356444077753066,17,0.858288486162002,"",0.637551719515725,1.09820364929445,0.700161624986121
914,"rs2515029",0.1217671920089,-0.0113738234871963,-0.0376138314564528,-0.0489876549436491,0.0727795370652505,17,0.858288486162002,"",1.12949111661116,0.952192884500764,1.07549340434397
915,"rs929708",-0.0857223411552406,-0.0139558204908131,0.0312210535888958,0.0172652330980827,-0.0684571080571579,17,0.858880636910918,"",0.917849044748327,1.01741513871082,0.933833513178211
915,"rs11719939",-0.0439209899280762,-0.00902353349080309,0.0463291853581379,0.0373056518673349,-0.0066153380607413,17,0.858880636910918,"",0.957029569461069,1.03801024212487,0.993406495116941
915,"rs4639533",-0.0993174752934617,0.0611067796276292,0.0431874119450791,0.104294191572708,0.00497671627924652,17,0.858880636910918,"",0.905455202731846,1.10992693804043,1.00498912070093
915,"rs2515029",-0.0839536862627351,0.0680497054226089,-0.0177646211320352,0.0502850842905737,-0.0336686019721614,17,0.858880636910918,"",0.91947383937884,1.0515708399748,0.966891877610462
916,"rs929708",-0.218642526823509,0.0844683581296981,0.0710811504748829,0.155549508604581,-0.063093018218928,17,0.857552335538435,"",0.803608935453141,1.16829977552708,0.938856138901463
916,"rs11719939",-0.0623383863954263,0.117375110912521,0.072989445474319,0.19036455638684,0.128026169991414,17,0.857552335538435,"",0.939564897013646,1.20969051768658,1.13658274666858
916,"rs4639533",0.0712642500542296,0.145368762587023,0.074591249204569,0.219960011791592,0.291224261845822,17,0.857552335538435,"",1.07386495725188,1.24602690320765,1.33806462714777
916,"rs2515029",-0.0494742453192542,-0.0108637262039604,-0.0651305967182754,-0.0759943229222358,-0.12546856824149,17,0.857552335538435,"",0.951729669314612,0.926821468181995,0.882083489426533
917,"rs929708",-0.0293028116203133,0.0110760392891304,0.0560131507383306,0.067089190027461,0.0377863784071477,17,0.861142852595416,"",0.971122352805462,1.06939085292084,1.03850936115712
917,"rs11719939",-0.0238679053250413,-0.00563164130977337,0.0700748601232665,0.0644432188134931,0.0405753134884518,17,0.861142852595416,"",0.976414680419388,1.06656501569818,1.04140973894944
917,"rs4639533",-0.0734385629158981,0.0583603939462428,0.0831623860566161,0.141522780002859,0.0680842170869609,17,0.861142852595416,"",0.929193230960606,1.15202674713449,1.07045545532294
917,"rs2515029",0.0181447055617334,-0.00629393825490072,-0.0482010134350782,-0.054494951689979,-0.0363502461282455,17,0.861142852595416,"",1.01831032089576,0.946963289410022,0.96430249111562
918,"rs929708",0.0772094043863391,0.0269868997338389,0.0271953816510486,0.0541822813848875,0.131391685771227,17,0.859973490017398,"",1.08026826562251,1.05567701488618,1.14041437792865
918,"rs11719939",0.22046576169611,0.0160698238546883,0.0138782880807008,0.0299481119353891,0.250413873631499,17,0.859973490017398,"",1.24665724057807,1.03040106704924,1.2845569509363
918,"rs4639533",-0.240644777736603,0.0154221408827447,0.0463832074870454,0.0618053483697901,-0.178839429366813,17,0.859973490017398,"",0.786120824415284,1.06375526287821,0.836240164229919
918,"rs2515029",0.03650170584685,-0.0593270403163382,-0.15328329234973,-0.212610332666068,-0.176108626819218,17,0.859973490017398,"",1.03717607327978,0.808471110627317,0.838526891880582
919,"rs929708",-0.230314139482109,0.0228980642668684,0.0746582012979116,0.09755626556478,-0.132757873917329,17,0.860532099234578,"",0.794284047328545,1.10247347111075,0.875677090706198
919,"rs11719939",0.104907161481168,0.0462553930905175,0.0914434777877093,0.137698870878227,0.242606032359395,17,0.860532099234578,"",1.11060749841424,1.14762991344818,1.27456638728003
919,"rs4639533",-0.332120032198745,0.0221230261511224,0.0288596218819434,0.0509826480330658,-0.281137384165679,17,0.860532099234578,"",0.717401206441984,1.05230463356958,0.754924613667305
919,"rs2515029",0.259176962333265,0.0572777984029854,0.0170102875478233,0.0742880859508088,0.333465048284074,17,0.860532099234578,"",1.29586310349722,1.0771170630969,1.39579626021456
920,"rs929708",-0.42660223654445,0.050535482216629,0.0266304521276168,0.0771659343442459,-0.349436302200204,16,0.850348387272731,"",0.65272313000691,1.08022130733618,0.705085432824626
920,"rs11719939",-0.342083709347742,0.067176144843516,0.0678107766220293,0.134986921465545,-0.207096787882197,16,0.850348387272731,"",0.710288744413017,1.14452181558543,0.812940963345483
920,"rs4639533",-0.220143247279785,0.114933820876242,0.0475177447772509,0.162451565653493,-0.0576916816262921,16,0.850348387272731,"",0.802403847561056,1.17639133932307,0.943940936910337
920,"rs2515029",0.13646430676772,-0.0777851699321824,-0.106019118770836,-0.183804288703018,-0.047339981935298,16,0.850348387272731,"",1.14621396496432,0.832098638995665,0.953763080244638
921,"rs929708",-0.444484190656941,0.08502651714201,0.145792205158347,0.230818722300357,-0.213665468356583,16,0.850583790249694,"",0.641154904444437,1.25963087576368,0.807618513785523
921,"rs11719939",-0.276687523606752,0.0631719392399623,0.193977389213254,0.257149328453216,-0.0195381951535352,16,0.850583790249694,"",0.758291408258294,1.29323822960559,0.980651438341084
921,"rs4639533",-0.490871417243467,0.0791795575670195,0.0589813500550422,0.138160907622062,-0.352710509621406,16,0.850583790249694,"",0.612092773517614,1.14816028315222,0.702780612157413
921,"rs2515029",-0.0938090029237106,-0.010748696290065,-0.0346148459853144,-0.0453635422753794,-0.13917254519909,16,0.850583790249694,"",0.910456640191513,0.955649999499383,0.87007788774323
922,"rs929708",-0.34832034373938,0.0290527695156433,0.0537659815396513,0.0828187510552946,-0.265501592684085,17,0.86120425075769,"",0.70587271808611,1.08634489183807,0.766821221580702
922,"rs11719939",-0.139635941433535,0.0227852658506468,0.0457237322958699,0.0685089981465167,-0.0711269432870181,17,0.86120425075769,"",0.869674790330501,1.07091026111506,0.931343656798023
922,"rs4639533",-0.0741820164725717,-0.00373188902550665,0.074842231859535,0.0711103428340283,-0.0030716736385434,17,0.86120425075769,"",0.928502675677909,1.07369969439934,0.996933039124336
922,"rs2515029",-0.0280798883718149,-0.0068718609418542,-0.0598309981774709,-0.0667028591193251,-0.09478274749114,17,0.86120425075769,"",0.972310687380734,0.93547312735205,0.909570519481877
923,"rs929708",-0.15224035925425,-0.0517748510151417,0.005783250424358,-0.0459916005907837,-0.198231959845034,17,0.861247812250334,"",0.858781839769548,0.955049984012663,0.820179582342272
923,"rs11719939",0.0133327622318214,-0.105392148709508,-0.00432861122505662,-0.109720759934565,-0.0963879977027432,17,0.861247812250334,"",1.01342203983732,0.896084323008679,0.908111602489697
923,"rs4639533",-0.127529980484293,0.0911266456527094,0.0655738924614037,0.156700538114113,0.0291705576298198,17,0.861247812250334,"",0.880267024606907,1.16964529726375,1.02960018566783
923,"rs2515029",0.026211842746659,0.0488707508694359,-0.0834975200962921,-0.0346267692268562,-0.00841492648019715,17,0.861247812250334,"",1.02655839439033,0.965965877176998,0.991620379910668
924,"rs929708",-0.231573460007489,0.0453291360798733,0.0817646798983827,0.127093815978256,-0.104479644029233,16,0.850546322284752,"",0.793284418683305,1.13552354303655,0.900793133738953
924,"rs11719939",-0.128046148600227,0.0306128394340584,0.0792534290915065,0.109866268525565,-0.0181798800746622,16,0.850546322284752,"",0.879812776079686,1.116128798928,0.981984377047331
924,"rs4639533",-0.282584502887579,-0.0047442242986231,0.045034390771872,0.0402901664732489,-0.24229433641433,16,0.850546322284752,"",0.753832938207752,1.04111282640465,0.784825140934394
924,"rs2515029",0.261034185365955,0.0245255478155447,-0.0715195659813521,-0.0469940181658074,0.214040167200147,16,0.850546322284752,"",1.29827204658011,0.954093104800058,1.23867240779675
925,"rs929708",-0.405473102912423,0.0130983669987059,0.0539189217110621,0.0670172887097681,-0.338455814202655,16,0.85008165489883,"",0.666661336818467,1.06931396507359,0.712870277434612
925,"rs11719939",-0.0122701950504644,-0.0143066211510996,0.0182838822683753,0.00397726111727578,-0.00829293393318865,16,0.85008165489883,"",0.987804776839631,1.0039851809165,0.991741357585516
925,"rs4639533",-0.146999658140514,0.00842038133014778,0.0385685974068554,0.0469889787370032,-0.10001067940351,16,0.85008165489883,"",0.863294272541606,1.048110457515,0.904827754963659
925,"rs2515029",0.287698609301028,-0.153547212837076,-0.0725351161647968,-0.226082329001873,0.0616162802991553,16,0.85008165489883,"",1.33335538264798,0.797652429034006,1.06355415973472
926,"rs929708",-0.226579105131551,0.0898591061097727,0.0504816255983057,0.140340731708078,-0.0862383734234722,16,0.851713536922771,"",0.797256272756121,1.15066580039335,0.917375527209544
926,"rs11719939",-0.0382663162213001,0.0943871477856801,0.0367079330650153,0.131095080850695,0.0928287646293953,16,0.851713536922771,"",0.962456588955439,1.14007617557143,1.09727382708984
926,"rs4639533",-0.103314692160325,-0.0392637920901649,0.0177343040062593,-0.0215294880839057,-0.124844180244231,16,0.851713536922771,"",0.901843125859997,0.978700617037716,0.882634423750402
926,"rs2515029",-0.161826647281394,0.0207240363954652,0.0177220497111024,0.0384460861065676,-0.123380561174826,16,0.851713536922771,"",0.850588643614168,1.03919469981534,0.88392721016696
927,"rs929708",-0.19179924543372,0.0453851067096164,0.0165688611322166,0.0619539678418329,-0.129845277591887,17,0.859417964224962,"",0.82547256924615,1.06391336937233,0.878231302471102
927,"rs11719939",-0.0212772444233763,0.0518743713342936,0.0206017292470973,0.0724761005813908,0.0511988561580146,17,0.859417964224962,"",0.978947519202364,1.07516710991426,1.05253217497854
927,"rs4639533",0.15937045553616,0.0446138898771357,0.0312674877486624,0.0758813776257981,0.235251833161959,17,0.859417964224962,"",1.1727723262175,1.07883459264595,1.2652273548213
927,"rs2515029",0.0832759460551965,-0.0367575501863847,-0.032973886510077,-0.0697314366964617,0.0135445093587348,17,0.859417964224962,"",1.08684167684595,0.932644260298465,1.01363665176353
928,"rs929708",-0.165778524854921,-0.0145397460396407,-0.0047928405410145,-0.0193325865806552,-0.185111111435576,17,0.859156031639085,"",0.847233854652873,0.980853089413698,0.831011943792147
928,"rs11719939",0.186387231314753,-0.0428321311275676,0.0233590371135279,-0.0194730940140397,0.166914137300714,17,0.859156031639085,"",1.2048887407051,0.980715281945291,1.18165280105331
928,"rs4639533",-0.286677413691204,0.165903209732774,0.115242925241178,0.281146134973953,-0.0055312787172519,17,0.859156031639085,"",0.750753872699429,1.324647167071,0.994483990638878
928,"rs2515029",-0.34933541411164,0.0340629763657747,-0.0321924521739099,0.00187052419186488,-0.347464889919775,17,0.859156031639085,"",0.705156571134662,1.00187227471354,0.70647681795188
929,"rs929708",-0.480128652668863,0.0618654979366298,0.0260036444200375,0.0878691423566673,-0.392259510312196,16,0.852049331971502,"",0.618703788792017,1.09184523638504,0.675528784525942
929,"rs11719939",-0.279039310463441,0.0889699984684493,0.042583442251539,0.131553440719988,-0.147485869743453,16,0.852049331971502,"",0.756510163865378,1.140598860518,0.862874630875136
929,"rs4639533",-0.191367160686132,0.122732281396621,0.0608472928830383,0.183579574279659,-0.00778758640647298,16,0.852049331971502,"",0.825829320420693,1.20151057094596,0.992242658282579
929,"rs2515029",0.0823273961026788,-0.0903195764264055,-0.0768661017822515,-0.167185678208657,-0.0848582821059782,16,0.852049331971502,"",1.0858112420117,0.846042505095243,0.918642463252154
930,"rs929708",-0.205807654707529,-0.00744252048949848,0.0867834198966525,0.079340899407154,-0.126466755300375,16,0.854703484637506,"",0.81398962829954,1.08257330777206,0.881203444400381
930,"rs11719939",-0.112906251868221,-0.012094571508884,0.11453272127686,0.102438149767976,-0.0104681021002449,16,0.854703484637506,"",0.893234395246743,1.10786877784975,0.98958649779537
930,"rs4639533",-0.0820336596211012,0.0248607553321457,0.0695983280486671,0.0944590833808129,0.0124254237597117,16,0.854703484637506,"",0.921240949553169,1.09906419222195,1.01250294006244
930,"rs2515029",0.00367538956917,1.56667161572312e-05,-0.0848677679600756,-0.0848521012439183,-0.0811767116747483,16,0.854703484637506,"",1.00368215209585,0.91864814127205,0.922030743450781
931,"rs929708",-0.0658598510754098,0.0707932041551671,0.0892800389960547,0.160073243151222,0.094213392075812,17,0.858287116393202,"",0.936262071219565,1.17359682577376,1.09879419487564
931,"rs11719939",0.270113875641858,0.0490200859775945,0.0864535845825549,0.135473670560149,0.405587546202007,17,0.858287116393202,"",1.3101136322698,1.14507904614766,1.50018366838454
931,"rs4639533",-0.161062069331989,0.0381530816598575,0.0795392825148297,0.117692364174687,-0.0433697051573015,17,0.858287116393202,"",0.851239233616781,1.12489799920744,0.957557310742394
931,"rs2515029",0.13439482176757,-0.0611596783456709,-0.10108192941393,-0.1622416077596,-0.0278467859920302,17,0.858287116393202,"",1.14384434514891,0.850235756166092,0.972537361733992
932,"rs929708",-0.297527264591359,0.00596940587032694,0.00888857448307388,0.0148579803534008,-0.282669284237958,17,0.85805321532358,"",0.742652334832321,1.01496890885374,0.753769029942444
932,"rs11719939",-0.0953273167910976,0.0356822070129555,0.0156397721954909,0.0513219792084464,-0.0440053375826512,17,0.85805321532358,"",0.909075330145513,1.05266177392875,0.956948849665837
932,"rs4639533",-0.519567519272126,0.150441431778959,0.0363444458754328,0.186785877654392,-0.332781641617733,17,0.85805321532358,"",0.59477772225697,1.20536916094378,0.716926724024934
932,"rs2515029",-0.133634023476423,0.0370406667482327,0.0245585774804494,0.0615992442286821,-0.0720347792477413,17,0.85805321532358,"",0.874910202612657,1.06353604110544,0.930498533209426
933,"rs929708",-0.330004432503335,0.0340771127405267,0.0944154797930915,0.128492592533618,-0.201511839969716,17,0.858529038017346,"",0.718920546807143,1.13711299813371,0.817493898399798
933,"rs11719939",-0.359936737206514,0.0345849403684001,0.108914519686868,0.143499460055268,-0.216437277151246,17,0.858529038017346,"",0.69772046442051,1.15430618754539,0.805383049257641
933,"rs4639533",0.107830777297543,0.119840013427059,0.0822862556911885,0.202126269118248,0.309957046415791,17,0.858529038017346,"",1.11385923916654,1.22400255207707,1.36336655139447
933,"rs2515029",-0.210123952772167,-0.0158019601201037,-0.0798899311453281,-0.0956918912654318,-0.305815844037599,17,0.858529038017346,"",0.810483778032593,0.908743964892222,0.736522241930166
934,"rs929708",-0.145459513636753,0.0309289601013492,0.00220809990397549,0.0331370600053247,-0.112322453631428,17,0.854606778259915,"",0.864624894882907,1.03369220739201,0.8937560161576
934,"rs11719939",0.0262009034755777,0.0474069840091042,0.0192983206474587,0.0667053046565629,0.0929062081321406,17,0.854606778259915,"",1.0265471646512,1.06898040820353,1.09735880710901
934,"rs4639533",-0.482114924183924,0.023193804260923,0.0438285482531835,0.0670223525141065,-0.415092571669818,17,0.854606778259915,"",0.617476094750563,1.06931937988399,0.660279154731861
934,"rs2515029",0.0392943218570083,-1.97463464212071e-05,-0.00217144947640226,-0.00219119582282346,0.0371031260341848,17,0.854606778259915,"",1.04007655586943,0.997811203094258,1.03780003952221
935,"rs929708",-0.108534428923109,-0.0275209707903518,0.0859453158406707,0.0584243450503189,-0.0501100838727903,16,0.853098215061173,"",0.897148006445516,1.06016477594773,0.951124715245259
935,"rs11719939",0.105987597452996,-0.0415372481540209,0.0868493122770859,0.045312064123065,0.151299661576061,16,0.853098215061173,"",1.11180808716896,1.04635433861402,1.16334521571539
935,"rs4639533",-0.339710310764765,0.0312384932116919,0.140168797961974,0.171407291173666,-0.168303019591099,16,0.853098215061173,"",0.711976544831789,1.18697409465595,0.845097714717982
935,"rs2515029",0.0700552820966267,0.00336822460272718,-0.161697295842116,-0.158329071239389,-0.0882737891427622,16,0.853098215061173,"",1.07256747339401,0.853568850788198,0.915510185657724
936,"rs929708",-0.0725594304026767,-0.0143114894384427,0.00330385047507028,-0.0110076389633724,-0.083567069366049,17,0.858269741285482,"",0.93001047412089,0.989052723408984,0.919829392228146
936,"rs11719939",0.376096714887371,-0.0660341434817982,0.0540264070769013,-0.0120077364048969,0.364088978482474,17,0.858269741285482,"",1.45658800070344,0.988064068768662,1.43920226649466
936,"rs4639533",-0.102242580944882,0.0753697331852756,0.0728879506046039,0.148257683789879,0.0460151028449972,17,0.858269741285482,"",0.902810520474448,1.1598117225402,1.04709022487888
936,"rs2515029",0.0306123196073998,0.00995992386008063,-0.047790935094578,-0.0378310112344974,-0.00721869162709756,17,0.858269741285482,"",1.03108569468552,0.962875642309583,0.992807300546539
937,"rs929708",-0.115783711368609,0.0331915240059865,0.0574859548280902,0.0906774788340767,-0.0251062325345321,17,0.857848880369302,"",0.890667843794868,1.09491581478065,0.975206307887586
937,"rs11719939",-0.00568861253197478,0.0277821987786839,0.0543943224227638,0.0821765212014477,0.076487908669473,17,0.857848880369302,"",0.994327536986998,1.08564743270547,1.07948913779829
937,"rs4639533",-0.122722217439456,0.07871301664425,0.0866216259310624,0.165334642575312,0.042612425135856,17,0.857848880369302,"",0.884509329704647,1.17978785990686,1.0435333691599
937,"rs2515029",0.134285183733254,0.0360048252930581,-0.0406362543038929,-0.00463142901083485,0.129653754722419,17,0.857848880369302,"",1.14371894317788,0.995379279518197,1.13843413763171
938,"rs929708",0.246520665172728,-0.103685167806323,0.00564880061867258,-0.0980363671876503,0.148484297985077,17,0.858770110540294,"",1.27956562538905,0.906615932082652,1.16007458212302
938,"rs11719939",0.352410902280072,-0.0821212327680385,0.0215566508103642,-0.0605645819576743,0.291846320322398,17,0.858770110540294,"",1.42249290922747,0.941232980387001,1.33889724053155
938,"rs4639533",-0.260757136045377,0.0170679582349716,0.119570043738512,0.136638001973484,-0.124119134071894,17,0.858770110540294,"",0.770468015803928,1.14641307412647,0.883274606513902
938,"rs2515029",-0.100189288391139,-0.0874488002419861,-0.0694612321727571,-0.156910032414743,-0.257099320805882,17,0.858770110540294,"",0.90466615902604,0.854780957937128,0.773291406025581
939,"rs929708",-0.00669222226822622,-0.0529269530042192,0.0446546863036861,-0.00827226670053311,-0.0149644889687593,17,0.856451444008678,"",0.993330120781881,0.991761854346692,0.985146922565062
939,"rs11719939",-0.00759511803069964,-0.0565522470922136,0.075692418187586,0.0191401710953725,0.0115450530646729,17,0.856451444008678,"",0.992433651994926,1.01932451843835,1.01161195440175
939,"rs4639533",-0.350087090119543,0.0431823867313798,0.146960502075835,0.190142888807215,-0.159944201312327,17,0.856451444008678,"",0.704626721021082,1.20942239823523,0.852191338797941
939,"rs2515029",0.196811664558312,0.0369874713798619,-0.055674491051341,-0.0186870196714791,0.178124644886833,17,0.856451444008678,"",1.21751471793962,0.981486500143492,1.19497425938375
940,"rs929708",0.0587649233943656,0.0734498761837429,0.0386238034362581,0.112073679620001,0.170838603014367,17,0.857025352444122,"",1.06052590660468,1.11859527528369,1.18629926844395
940,"rs11719939",0.379301557128149,0.0950340066261535,0.06160197764703,0.156635984273183,0.535937541401333,17,0.857025352444122,"",1.46126362377072,1.16956979460431,1.70904979631627
940,"rs4639533",-0.301977544856696,0.105572751615402,0.0302712311723161,0.135843982787718,-0.166133562068978,17,0.857025352444122,"",0.73935466701813,1.14550316144267,0.846933108496661
940,"rs2515029",-0.160504943379146,0.0430744178479086,-0.0668199290810087,-0.0237455112331002,-0.184250454612246,17,0.857025352444122,"",0.85171361321823,0.976534195121353,0.831727467757964
941,"rs929708",-0.192234147166253,0.0638260595986152,0.0726263743427658,0.136452433941381,-0.055781713224872,17,0.855893327850567,"",0.825113647849052,1.14620035624576,0.945745557107818
941,"rs11719939",-0.128913109031475,0.0863436743994715,0.0980687643665555,0.184412438766027,0.0554993297345522,17,0.855893327850567,"",0.879050343762999,1.20251168326807,1.05706830855582
941,"rs4639533",-0.267698039036357,0.0454514574665653,0.0136006139726881,0.0590520714392534,-0.208645967597104,17,0.855893327850567,"",0.765138788269362,1.06083047827181,0.811682546704096
941,"rs2515029",0.0576965724636919,0.080881036025481,-0.0745841856840766,0.00629685034140436,0.0639934228050963,17,0.855893327850567,"",1.05939349777808,1.00631671718113,1.06608538688707
942,"rs929708",-0.463604091804726,0.0405102615680958,0.0389104965292423,0.0794207580973381,-0.384183333707387,17,0.858868868824628,"",0.629012536394942,1.08265976411054,0.681006564275923
942,"rs11719939",-0.3079236950386,0.020398169660323,0.069540118814015,0.0899382884743379,-0.217985406564262,17,0.858868868824628,"",0.734971397833599,1.09410676262426,0.804137176705145
942,"rs4639533",-0.0622192164057014,-0.0315255506288919,0.0468986493553003,0.0153730987264084,-0.0468461176792929,17,0.858868868824628,"",0.939676871624644,1.01549187266929,0.954234226070134
942,"rs2515029",0.108613618837129,0.0833704434940622,-0.115498609928876,-0.0321281664348135,0.0764854524023157,17,0.858868868824628,"",1.11473155584653,0.968382459997791,1.07948648628783
943,"rs929708",-0.186373467011956,0.0470236760167386,0.0304420750700324,0.077465751086771,-0.108907715925185,17,0.85701213390273,"",0.829963573078389,1.08054522432519,0.896813175253725
943,"rs11719939",0.111022285469426,0.0349086321541781,-0.0235710335363217,0.0113375986178564,0.122359884087283,17,0.85701213390273,"",1.11741980880197,1.01140211277039,1.1301607554738
943,"rs4639533",-0.386580195822623,0.00971948399545003,0.0513114493789336,0.0610309333743836,-0.32554926244824,17,0.85701213390273,"",0.679376240053476,1.06293179374577,0.722130605468302
943,"rs2515029",-0.168238300409935,0.00263161941324874,-0.0743437847010555,-0.0717121652878067,-0.239950465697741,17,0.85701213390273,"",0.845152410519997,0.930798773454181,0.786666827093858
944,"rs929708",0.167873711930218,-0.0294102630829143,-0.0772445476927117,-0.106654810775626,0.0612189011545916,17,0.857839524896553,"",1.18278722929932,0.898835887908788,1.06313160945443
944,"rs11719939",0.134449268074862,-0.00985445693942128,-0.0460850913706172,-0.0559395483100385,0.0785097197648238,17,0.857839524896553,"",1.14390662494506,0.945596297056813,1.0816738687268
944,"rs4639533",-0.0273589408330251,0.0367195233948887,0.00476484364230952,0.0414843670371982,0.0141254262041731,17,0.857839524896553,"",0.97301192512518,1.04235686659798,1.01422566143595
944,"rs2515029",-0.0443856073024294,-0.040395250207393,-0.00914926895614198,-0.049544519163535,-0.0939301264659644,17,0.857839524896553,"",0.956585020175986,0.951662789961995,0.91034636913653
945,"rs929708",-0.21822663177735,0.183491391768497,0.083458615101563,0.26695000687006,0.0487233750927096,17,0.861156050703128,"",0.803943221937673,1.30597515491299,1.0499298738113
945,"rs11719939",-0.0349764488201409,0.152522872783785,0.080668225879459,0.233191098663244,0.198214649843103,17,0.861156050703128,"",0.96562815767219,1.2626227417922,1.21922407199181
945,"rs4639533",-0.0510511483769004,0.0606555372746606,0.111884484895019,0.172540022169679,0.121488873792779,17,0.861156050703128,"",0.950230066563844,1.1883193787831,1.12917680240017
945,"rs2515029",0.0969048541910472,-0.0170102529204644,-0.0700200776143156,-0.08703033053478,0.00987452365626723,17,0.861156050703128,"",1.10175554121167,0.916649292748261,1.00992343763316
946,"rs929708",-0.206325256953205,-0.0788272706888893,0.0253010856594558,-0.0535261850294335,-0.259851441982638,16,0.850805370881533,"",0.813568414459994,0.947881120383804,0.771166140207214
946,"rs11719939",-0.188345742772082,-0.0654132449455001,0.0425608939533077,-0.0228523509921924,-0.211198093764274,16,0.850805370881533,"",0.828328269206606,0.977406786262171,0.809613671575335
946,"rs4639533",-0.22871116859991,0.014229742611515,0.107182740227994,0.121412482839509,-0.1072986857604,16,0.850805370881533,"",0.795558282536728,1.12909054680244,0.898257336242607
946,"rs2515029",0.290605941121891,-0.098742076163104,-0.134312957973645,-0.233055034136749,0.0575509069851417,16,0.850805370881533,"",1.33723752979092,0.79210997923582,1.05923919195604
947,"rs929708",-0.186639922052911,0.153667979731316,0.0686653009535129,0.222333280684829,0.035693358631918,17,0.855821140322961,"",0.829742454560914,1.24898757193903,1.03633801365676
947,"rs11719939",0.0512568505188491,0.162543788165354,0.0797764589603144,0.242320247125668,0.293577097644518,17,0.855821140322961,"",1.05259321767933,1.27420218707114,1.34121658006326
947,"rs4639533",0.182792061004904,0.0431650981949721,0.00458433946927044,0.0477494376642426,0.230541498669147,17,0.855821140322961,"",1.2005647378985,1.04890780560596,1.25928172471701
947,"rs2515029",-0.0352694055380484,-0.0037468399383547,0.0155410570357393,0.0117942170973846,-0.0234751884406638,17,0.855821140322961,"",0.965345311849214,1.01186404312026,0.976798210254935
948,"rs929708",-0.201978412129269,0.0401400272943009,-0.0220488894700578,0.0180911378242431,-0.183887274305026,17,0.857989740603833,"",0.817112567472315,1.0182557737768,0.832029589654269
948,"rs11719939",-0.10355657687496,0.0256057119319473,-0.00227236306031331,0.023333348871634,-0.0802232280033255,17,0.857989740603833,"",0.901625010173342,1.02360770115332,0.922910303965869
948,"rs4639533",-0.0758645388219962,0.0469157781712607,-0.0640850512439285,-0.0171692730726678,-0.093033811894664,17,0.857989740603833,"",0.926941762678314,0.982977278966934,0.911162691638343
948,"rs2515029",-0.0414415928166151,0.0292954682502723,0.0169566647697308,0.0462521330200031,0.00481054020338797,17,0.857989740603833,"",0.959405369870425,1.04733844627495,1.00482212942794
949,"rs929708",-0.162383999213007,0.0274207081141934,0.0128012030523272,0.0402219111665206,-0.122162088046486,17,0.85573121465446,"",0.850114698480028,1.04104176735445,0.885004908159644
949,"rs11719939",0.0825919512670615,0.00429291070414234,0.00414213897499304,0.00843504967913538,0.0910270009461969,17,0.85573121465446,"",1.08609853698433,1.00847072494769,1.0952985789572
949,"rs4639533",-0.267770384797439,0.0631241148977982,0.0335554910893322,0.0966796059871304,-0.171090778810309,17,0.85573121465446,"",0.765083435723676,1.10150740070251,0.842745066604531
949,"rs2515029",0.0243852351321142,0.0775318041034049,0.0044043019923873,0.0819361060957922,0.106321341227906,17,0.85573121465446,"",1.02468498652179,1.08538645803562,1.11217920812316
950,"rs929708",-0.242656292396872,0.0458298082067515,0.0720204374771792,0.117850245683931,-0.124806046712941,17,0.861467945152442,"",0.78454112018399,1.12507561382197,0.882668082359575
950,"rs11719939",0.0699806568507792,0.0891565171717886,0.0795047007215468,0.168661217893335,0.238641874744115,17,0.861467945152442,"",1.07248743576907,1.18371904815378,1.26952380662546
950,"rs4639533",-0.306132044216893,0.0233063402010865,0.0086596644086996,0.0319660046097861,-0.274166039607107,17,0.861467945152442,"",0.73628939028102,1.03248240506625,0.76020584050211
950,"rs2515029",-0.0890157985478503,-0.0416970471527723,-0.125963372103481,-0.167660419256253,-0.256676217804103,17,0.861467945152442,"",0.914831120457052,0.845640949315111,0.773618657166308
951,"rs929708",-0.205597522645581,0.00629597936496086,0.0781515473013532,0.0844475266663141,-0.121149995979267,17,0.860277875592288,"",0.81416069159085,1.08811574567333,0.885901068028292
951,"rs11719939",-0.0408701464824721,-0.0274572752479311,0.0370372949201428,0.00958001967221165,-0.0312901268102605,17,0.860277875592288,"",0.959953775229187,1.00962605494952,0.969194343018546
951,"rs4639533",-0.0424269701698163,0.0174326356591586,0.0941069411113199,0.111539576770478,0.0691126066006622,17,0.860277875592288,"",0.958460459169675,1.11799798987981,1.07155686673098
951,"rs2515029",0.219036538524781,0.000733337424416062,-0.0791880970993227,-0.0784547596749066,0.140581778849874,17,0.860277875592288,"",1.24487676181696,0.924543885651391,1.15094319852737
952,"rs929708",0.130111849902128,0.0900280638971603,0.163916192167757,0.253944256064918,0.384056105967046,17,0.854197951422636,"",1.1389557682917,1.28909994276138,1.46822781571257
952,"rs11719939",0.233906059437501,0.0456567368587034,0.18100198088236,0.226658717741063,0.460564777178564,17,0.854197951422636,"",1.26352579030893,1.25440168983732,1.58496888651655
952,"rs4639533",-0.556281404058088,0.170878573082957,0.306007896430295,0.476886469513253,-0.0793949345448351,17,0.854197951422636,"",0.573337113782336,1.61105053032041,0.923675061211407
952,"rs2515029",-0.143751240523463,0.12632395453499,-0.0668307157923161,0.0594932387426738,-0.0842580017807896,17,0.854197951422636,"",0.866103172635493,1.06129858524244,0.91919407179204
953,"rs929708",0.0109678536594322,0.18524487447968,0.0246827257390117,0.209927600218692,0.220895453878124,17,0.859084920536588,"",1.0110282210648,1.23358874516822,1.24719303455299
953,"rs11719939",0.0155325081402789,0.156354590406218,0.0449995111495037,0.201354101555722,0.216886609696001,17,0.859084920536588,"",1.01565376453671,1.22305778181733,1.24220324034868
953,"rs4639533",0.166627335714236,0.0432738760046457,-0.0194561541905676,0.0238177218140781,0.190445057528314,17,0.859084920536588,"",1.18131394974917,1.02410362912478,1.20978790307385
953,"rs2515029",0.0534325712432812,0.022560165573208,-0.0833310053941476,-0.0607708398209396,-0.00733826857765845,17,0.859084920536588,"",1.05488585972744,0.941038863703366,0.992688590774663
954,"rs929708",-0.271861364336339,-0.0603726472313423,0.0344354238295186,-0.0259372234018237,-0.297798587738163,17,0.858207168963492,"",0.761959888582636,0.974396256971078,0.74245086339702
954,"rs11719939",-0.0964590557592201,-0.0545695016149429,0.06713545772925,0.0125659561143072,-0.0838930996449129,17,0.858207168963492,"",0.908047076136746,1.01264523948324,0.919529548876552
954,"rs4639533",0.0040818301445269,-0.00527131531673327,0.0476634080021421,0.0423920926854089,0.0464739228299358,17,0.858207168963492,"",1.00409017215956,1.04330347022358,1.04757076103146
954,"rs2515029",0.144336544218346,-0.0879763860434628,-0.135182641411441,-0.223159027454904,-0.0788224832365577,17,0.858207168963492,"",1.15527284350408,0.799987619183249,0.924203971581893
955,"rs929708",-0.253005895779149,0.0618757956580094,0.00912473298716869,0.0710005286451781,-0.182005367133971,16,0.853409294389029,"",0.776463303954085,1.07358179341205,0.833596866377669
955,"rs11719939",-0.152939120081784,0.0776263373672528,0.0236212064694632,0.101247543836716,-0.051691576245068,16,0.853409294389029,"",0.85818196626898,1.10655052762577,0.949621707573864
955,"rs4639533",-0.34819337587541,0.105831805699727,0.0574327032949598,0.163264508994687,-0.184928866880724,16,0.853409294389029,"",0.705962346927231,1.17734806765929,0.83116340499499
955,"rs2515029",-0.173053870022844,-0.0012321212635181,-0.00658628227919808,-0.00781840354271618,-0.180872273565561,16,0.853409294389029,"",0.841092303962556,0.992212080676552,0.834541944955723
956,"rs929708",0.184244132345147,-0.0135189095824656,0.0264939858559784,0.0129750762735128,0.19721920861866,17,0.859629960161248,"",1.20230930986145,1.01305961782432,1.21801100995486
956,"rs11719939",0.298233474964593,-0.0183904655218875,0.0301182664000188,0.0117278008781313,0.309961275842724,17,0.859629960161248,"",1.34747635315041,1.01179684116779,1.36337231766588
956,"rs4639533",-0.0733167500187018,0.0135780364585705,0.101004879894088,0.114582916352659,0.041266166333957,17,0.859629960161248,"",0.929306425574266,1.12140562007304,1.04212944840897
956,"rs2515029",-0.128065954845708,-0.0274102710977219,-0.0741298648879863,-0.101540135985708,-0.229606090831416,17,0.859629960161248,"",0.879795350464434,0.903444917962217,0.794846638223881
957,"rs929708",-0.212825465602729,0.0493843601861964,0.0481040845897923,0.0974884447759887,-0.11533702082674,16,0.85067133588022,"",0.808297200570644,1.10239870302576,0.891065785568434
957,"rs11719939",-0.182763155250577,0.0810577665715931,0.0695324995595803,0.150590266131173,-0.0321728891194039,16,0.85067133588022,"",0.832965415861354,1.16252023657135,0.968339152302895
957,"rs4639533",-0.318661811212789,0.0199734276523036,0.0150144098878221,0.0349878375401257,-0.283673973672663,16,0.85067133588022,"",0.727121412038478,1.03560711319307,0.753012106462035
957,"rs2515029",0.245768822362174,-0.0750604452032209,-0.0868781007886751,-0.161938545991896,0.0838302763702784,16,0.85067133588022,"",1.27860395473086,0.850493469166828,1.08744431314947
958,"rs929708",-0.188093224032349,-0.0414239800038886,0.0673689744632127,0.0259449944593241,-0.162148229573025,17,0.856118570497804,"",0.828537464028926,1.02628449558728,0.85031515334609
958,"rs11719939",0.0870340030615323,-0.0124010161086448,0.0778038960666521,0.0654028799580073,0.15243688301954,17,0.856118570497804,"",1.09093377417586,1.06758904798525,1.16466894938737
958,"rs4639533",-0.230820866607864,-0.0172311406056253,0.0913036849221638,0.0740725443165385,-0.156748322291326,17,0.856118570497804,"",0.793881664014088,1.07688492454348,0.854919195848265
958,"rs2515029",-0.0588121356040019,-0.0231708052630278,-0.0819268396185785,-0.105097644881606,-0.163909780485608,17,0.856118570497804,"",0.942883886831422,0.900236614796793,0.848818598427562
959,"rs929708",-0.312885775322359,0.0300641116133678,0.0149027812211388,0.0449668928345066,-0.267918882487852,16,0.850886432045918,"",0.731333444125012,1.04599322946451,0.764969831035724
959,"rs11719939",-0.20730602672301,0.0507721024932735,0.0279975893087164,0.0787696918019899,-0.12853633492102,16,0.850886432045918,"",0.812770882315062,1.08195511024189,0.879381609576587
959,"rs4639533",-0.315428566533825,0.138822834188931,0.0889287268267734,0.227751561015705,-0.0876770055181205,16,0.850886432045918,"",0.72947617819111,1.2557733036307,0.916056710206948
959,"rs2515029",0.118665774595032,-0.0198433017595066,-0.00655367227573976,-0.0263969740352463,0.0922688005597858,16,0.850886432045918,"",1.12599351975075,0.973948380638334,1.0966595651705
960,"rs929708",-0.138457858372584,0.0531249964903059,0.0706044951607807,0.123729491651087,-0.0147283667214977,17,0.854636962192807,"",0.87069994320858,1.13170969266873,0.985379565135264
960,"rs11719939",-0.0249321559512757,0.0825024371026404,0.0708480456571003,0.153350482759741,0.128418326808465,17,0.854636962192807,"",0.975376083246162,1.16573347683891,1.13702855274806
960,"rs4639533",-0.394481712911516,0.136416857075473,0.0864860410478274,0.2229028981233,-0.171578814788216,17,0.854636962192807,"",0.674029289413087,1.24969921970468,0.842333877037637
960,"rs2515029",0.160015541951928,-0.0413869092654514,-0.0307199085592313,-0.0721068178246827,0.0879087241272449,17,0.854636962192807,"",1.17352910978309,0.930431503833627,1.09188845440801
961,"rs929708",-0.231681404252265,0.0375086065558962,0.0552356136789885,0.0927442202348848,-0.138937184017381,17,0.857309166124817,"",0.79319879281733,1.09718106265993,0.870282694403892
961,"rs11719939",-0.0490709889742067,0.0165860337974982,0.0394624141504996,0.0560484479479978,0.00697745897379112,17,0.857309166124817,"",0.952113537736019,1.05764892341541,1.00700185815574
961,"rs4639533",-0.0276715551195445,0.0225885295967654,0.00309313798111295,0.0256816675778783,-0.00198988754166615,17,0.857309166124817,"",0.972707795236583,1.02601428287028,0.998012090971991
961,"rs2515029",0.116556041517598,-0.0497465847625917,-0.0240130667632353,-0.0737596515258269,0.042796389991771,17,0.857309166124817,"",1.12362047809958,0.928894925491528,1.04372536028507
962,"rs929708",0.00615946877349742,0.0543235213940905,0.0702486830333533,0.124572204427444,0.130731673200941,16,0.852377320508266,"",1.00617847730874,1.13266380084898,1.13966193844095
962,"rs11719939",0.116923670879029,0.0923817103871143,0.127658737380524,0.220040447767638,0.336964118646668,16,0.852377320508266,"",1.12403362991715,1.24612713262876,1.40068880422696
962,"rs4639533",-0.0562471946388915,0.00307384259110892,0.0691000031416437,0.0721738457327526,0.0159266510938611,16,0.852377320508266,"",0.945305432571436,1.0748421845498,1.01605415621187
962,"rs2515029",0.101870044794652,0.0758512189813524,-0.0146058073370579,0.0612454116442945,0.163115456438947,16,0.852377320508266,"",1.107239570832,1.0631597939676,1.17717259399853
963,"rs929708",-0.183836192117365,0.128828988614055,0.109728297237652,0.238557285851707,0.0547210937343415,17,0.859954353245498,"",0.83207209263147,1.26941642355454,1.05624597996778
963,"rs11719939",-0.00698016430435373,0.152903443750183,0.135086358497898,0.287989802248082,0.281009637943728,17,0.859954353245498,"",0.993044140459211,1.33374370286663,1.32446636900608
963,"rs4639533",-0.169583846881352,0.075539795080284,0.0600249975877123,0.135564792667996,-0.0340190542133554,17,0.859954353245498,"",0.844015983405418,1.14518339291807,0.966553087553296
963,"rs2515029",0.392893260566503,-0.0420471691750903,-0.0452682885769302,-0.0873154577520205,0.305577802814483,17,0.859954353245498,"",1.48126027200844,0.916387968343355,1.35740909125354
964,"rs929708",-0.204347831126651,0.00202993782868404,0.025158351811902,0.0271882896405861,-0.177159541486065,17,0.858279069239351,"",0.815178777316228,1.02756126369059,0.837646134552817
964,"rs11719939",-0.0913676701514909,0.00176244519857099,0.017515797810586,0.019278243009157,-0.0720894271423339,17,0.858279069239351,"",0.912682083243102,1.01946526824196,0.930447684813056
964,"rs4639533",-0.223573948288301,0.017118673293422,0.0958563373183507,0.112975010611773,-0.110598937676528,17,0.858279069239351,"",0.79965575650672,1.11960395438113,0.895297747128556
964,"rs2515029",-0.0686085887954971,0.0285270478910095,-0.0257363361472374,0.00279071174377215,-0.0658178770517249,17,0.858279069239351,"",0.933692066101673,1.0027946094047,0.936301370730691
965,"rs929708",-0.159199985434984,0.0612620617060818,0.103156490226911,0.164418551932993,0.00521856649800898,17,0.858697587823185,"",0.852825789177549,1.17870756218935,1.00523220693367
965,"rs11719939",-0.0335304657430937,0.0693703983043459,0.095697113438865,0.165067511743211,0.131537046000117,17,0.858697587823185,"",0.967025449633707,1.17947274428457,1.14058016087248
965,"rs4639533",-0.249230630127045,0.019134895450345,0.0258080085192203,0.0449429039695654,-0.20428772615748,17,0.858697587823185,"",0.779400199487832,1.04596813757516,0.815227775083998
965,"rs2515029",0.192245359965392,0.000810300527069238,-0.124119906585166,-0.123309606058097,0.0689357539072956,17,0.858697587823185,"",1.21196784887619,0.883989931550513,1.07136737576949
966,"rs929708",-0.070289518167161,0.114706594963174,0.0287903789620817,0.143496973925256,0.0732074557580946,17,0.860886262851724,"",0.93212391402935,1.15430331779371,1.07595372655893
966,"rs11719939",0.0501147426901581,0.138545019916299,0.0396630191252564,0.178208039041555,0.228322781731714,17,0.860886262851724,"",1.05139172897043,1.19507391740741,1.25649083227045
966,"rs4639533",0.149353990698299,-0.0244478583286152,-0.0314961032951956,-0.0559439616238108,0.0934100290744878,17,0.860886262851724,"",1.16108392938124,0.945592123852861,1.09791181875503
966,"rs2515029",-0.444724182983639,0.0914544882983197,-0.021117690379305,0.0703367979190147,-0.374387385064624,17,0.860886262851724,"",0.641001050649749,1.07286946061344,0.687710451463246
967,"rs929708",-0.187145024604793,-0.0763726244218283,0.072831709009732,-0.00354091541209632,-0.19068594001689,17,0.859708644192698,"",0.829323455357401,0.996465346236046,0.826392084084387
967,"rs11719939",-0.0683358176557152,-0.0703653991460946,0.0789173890218447,0.00855198987575014,-0.059783827779965,17,0.859708644192698,"",0.933946785089164,1.00858866260823,0.94196813892034
967,"rs4639533",-0.374446791235883,0.0319045579571185,0.052550537114704,0.0844550950718225,-0.28999169616406,17,0.859708644192698,"",0.687669598431863,1.0881239810057,0.748269781062268
967,"rs2515029",0.13143827728479,0.000158408135765883,-0.0871419677572553,-0.0869835596214895,0.0444547176633002,17,0.859708644192698,"",1.14046751279841,0.91669216627546,1.04545763487396
968,"rs929708",-0.0550795954802636,0.00897601640250633,0.0248252985927712,0.0338013149952775,-0.021278280484986,17,0.859400967425925,"",0.946409815011691,1.03437907069978,0.978946504952947
968,"rs11719939",0.220486636340189,-0.0139103174750425,0.0219469099281662,0.00803659245312376,0.228523228793313,17,0.859400967425925,"",1.24668326437587,1.008068972546,1.25674271740968
968,"rs4639533",-0.0834881806566497,-0.00471121980869793,0.00312479480284593,-0.001586425005852,-0.0850746056625017,17,0.859400967425925,"",0.919901959244088,0.998414832701124,0.918443760740122
968,"rs2515029",-0.0723174737429961,0.0497004993175466,0.0549855333156972,0.104686032633244,0.0323685588902477,17,0.859400967425925,"",0.930235523573685,1.11036193820885,1.032898118946
969,"rs929708",-0.091400925331827,0.0629398339945815,0.0804866549948724,0.143426488989454,0.0520255636576269,17,0.859394427906362,"",0.9126517323405,1.15422195966575,1.05340267099439
969,"rs11719939",0.0393637167114675,0.0751695326512144,0.0659497020714039,0.141119234722618,0.180482951434086,17,0.859394427906362,"",1.04014873433503,1.15156194596844,1.19779570060746
969,"rs4639533",-0.257846254201751,0.12553906966486,0.123387707524656,0.248926777189516,-0.00891947701223494,17,0.859394427906362,"",0.772714024509294,1.2826481105317,0.991120183518193
969,"rs2515029",-0.0870615347587879,-0.0455440956681489,-0.0886462125587376,-0.134190308226886,-0.221251842985674,17,0.859394427906362,"",0.916620689864662,0.874423638755493,0.801514798990028
970,"rs929708",-0.20735152167981,0.0800089647390894,0.0250289646749506,0.10503792941404,-0.10231359226577,17,0.858154620033721,"",0.812733906180003,1.11075273975729,0.902746412983083
970,"rs11719939",0.0496469458195506,0.106847853743709,0.0490775393551101,0.155925393098819,0.20557233891837,17,0.858154620033721,"",1.05090000623198,1.16873900384171,1.22822782642081
970,"rs4639533",-0.0401075462740839,0.135337800593936,0.0139682606494274,0.149306061243363,0.109198514969279,17,0.858154620033721,"",0.960686115384106,1.16102828059499,1.11538374873589
970,"rs2515029",0.194181395953286,-0.0389306176199742,-0.0453642503713276,-0.0842948679913018,0.109886527961984,17,0.858154620033721,"",1.21431653508468,0.919160185214527,1.1161514112975
971,"rs929708",-0.402071408020142,0.0929747765638994,0.0291506619180483,0.122125438481948,-0.279945969538195,16,0.85150664289088,"",0.668932976805345,1.12989582530843,0.755824577903498
971,"rs11719939",-0.12233665597797,0.0773771748565418,0.0474028323755204,0.124780007232062,0.00244335125409187,16,0.85150664289088,"",0.884850428167491,1.13289919602053,1.00244633866937
971,"rs4639533",-0.112323833847838,0.0417319205319709,0.0190558355329318,0.0607877560649027,-0.051536077782935,16,0.85150664289088,"",0.893754782581732,1.06267334427781,0.949769383770413
971,"rs2515029",0.204472894611101,-0.0713931059558754,-0.0841811411704413,-0.155574247126317,0.0488986474847845,16,0.85150664289088,"",1.22687820038431,0.855923524707617,1.05011391365987
972,"rs929708",-0.162279499648183,-0.050488635394007,0.0777918676604499,0.0273032322664429,-0.13497626738174,17,0.857469787793696,"",0.850203539737925,1.0276793810687,0.873736647500291
972,"rs11719939",0.152327505802113,-0.0284550060415644,0.0741302412240698,0.0456752351825054,0.198002740984618,17,0.857469787793696,"",1.16454156810489,1.0467344132396,1.21896573498339
972,"rs4639533",-0.288977554962968,0.0232465632088944,0.0752739831005389,0.0985205463094333,-0.190457008653534,17,0.857469787793696,"",0.749029017198027,1.10353707777573,0.826581292807941
972,"rs2515029",-0.0656154697264544,0.0152361225444233,-0.049740505080198,-0.0345043825357748,-0.100119852262229,17,0.857469787793696,"",0.936490904167619,0.966084105779059,0.904728977722997
973,"rs929708",-0.124122922496373,0.0687319936730289,0.0717841158588826,0.140516109531912,0.0163931870355382,17,0.85577128986589,"",0.883271260301098,1.15086761935415,1.01652829258667
973,"rs11719939",0.168207441807933,0.0510176108838404,0.0762486438463825,0.127266254730223,0.295473696538156,17,0.85577128986589,"",1.18318202661088,1.13571936818257,1.34376274370748
973,"rs4639533",-0.379694613106718,0.0327353290334826,0.0172894888853809,0.0500248179188635,-0.329669795187854,17,0.85577128986589,"",0.684070283415649,1.05129718706055,0.719161164706588
973,"rs2515029",-0.0645029146887857,-0.00297078296300995,-0.0615904210292539,-0.0645612039922638,-0.129064118681049,17,0.85577128986589,"",0.937533381640034,0.937478735064901,0.878917608701018
974,"rs929708",-0.281375975297868,0.0513060524053809,0.122372137737918,0.173678190143299,-0.107697785154569,17,0.859498991143866,"",0.75474451683462,1.18967265582467,0.89789891381175
974,"rs11719939",0.0524414690623852,0.00517111877805772,0.0802799070647226,0.0854510258427803,0.137892494905166,17,0.859498991143866,"",1.05384087797866,1.08920821698337,1.14785214368732
974,"rs4639533",-0.219566540636035,0.0814155901573788,0.171176113740266,0.252591703897645,0.0330251632616097,17,0.859498991143866,"",0.80286673265254,1.28735754644655,1.03357654707113
974,"rs2515029",0.0306831994429407,0.00667447108361173,-0.0945192569109349,-0.0878447858273231,-0.0571615863843825,17,0.859498991143866,"",1.03115878046011,0.915903026821746,0.944441448157232
975,"rs929708",0.0431840800993546,0.0995129129246626,0.0917041460309809,0.191217058955643,0.234401139054998,16,0.851767707170785,"",1.04413008073027,1.21072222166303,1.26415149104695
975,"rs11719939",0.20864358042208,0.115929612246429,0.0669506605085985,0.182880272755027,0.391523853177107,16,0.851767707170785,"",1.23200580927654,1.20067064648629,1.47923321149893
975,"rs4639533",-0.259178314737356,0.104535512006441,0.236665810514617,0.341201322521058,0.0820230077837011,16,0.851767707170785,"",0.771685407893833,1.40663639994431,1.08548078404934
975,"rs2515029",0.195005919418308,-0.0194487657032439,-0.0540272727398252,-0.0734760384430691,0.121529880975239,16,0.851767707170785,"",1.21531818044513,0.92915840960691,1.12922310770876
976,"rs929708",-0.137279761261352,0.0175220566991549,0.0731909873320835,0.0907130440312384,-0.0465667172301138,16,0.852318018627468,"",0.871726316761573,1.09495475636996,0.954500876790951
976,"rs11719939",0.143881787626785,0.0120666775898685,0.0859715720720965,0.098038249661965,0.24192003728875,16,0.852318018627468,"",1.15474759500261,1.10300497386905,1.2736923408512
976,"rs4639533",-0.21615558716204,0.144332448276528,0.151210498493631,0.295542946770159,0.0793873596081184,16,0.852318018627468,"",0.805609949556364,1.34385580281139,1.08262360551391
976,"rs2515029",-0.324371016508182,-0.00915366979480398,-0.0705637920680646,-0.0797174618628686,-0.40408847837105,16,0.852318018627468,"",0.72298195437309,0.923377198808143,0.66758505181786
977,"rs929708",-0.14126155766363,0.081818514203921,0.00935280297737292,0.091171317181294,-0.0500902404823363,17,0.856608125311232,"",0.868262181367547,1.09545665973096,0.951143588971613
977,"rs11719939",0.0825356011319074,0.059565834834834,-0.0336919739416209,0.0258738608932131,0.10840946202512,17,0.856608125311232,"",1.08603733690931,1.02621149490769,1.11450399903527
977,"rs4639533",-0.609136638341678,0.118723327211971,0.0579540806619021,0.176677407873873,-0.432459230467804,17,0.856608125311232,"",0.543820179945229,1.19324609923633,0.648911308405645
977,"rs2515029",-0.00836345666647557,0.00445963948730211,-0.0826478038770685,-0.0781881643897664,-0.086551621056242,17,0.856608125311232,"",0.991671419740398,0.924790397550206,0.9170882065009
978,"rs929708",0.147218370444721,0.0186184734000632,0.0834334601856656,0.102051933585729,0.24927030403045,16,0.850893072728973,"",1.15860694092035,1.10744098361578,1.2830888102769
978,"rs11719939",0.279717130835573,-0.000668186123896936,0.10682295190518,0.106154765781283,0.385871896616857,16,0.850893072728973,"",1.32275559264309,1.11199396180401,1.47089623196161
978,"rs4639533",-0.457801738162223,0.0881355321075616,0.121654197096638,0.2097897292042,-0.248012008958023,16,0.850893072728973,"",0.63267289866531,1.23341868076021,0.780350572024502
978,"rs2515029",0.0194052919182987,-0.0191843858155012,-0.075547280526043,-0.0947316663415442,-0.0753263744232454,16,0.850893072728973,"",1.01959479842035,0.909616982576334,0.927440743989648
979,"rs929708",-0.120005090168252,0.00263836694369844,0.0418023071686458,0.0444406741123443,-0.0755644160559075,17,0.857536367407194,"",0.886915922154399,1.04544295303949,0.927220000754834
979,"rs11719939",0.00999155272873111,-0.00610040258527947,0.0523459255458794,0.0462455229605999,0.056237075689331,17,0.857536367407194,"",1.01004163495245,1.04733152332849,1.05784844415994
979,"rs4639533",-0.11485752678955,0.0146569732116211,0.04541031410577,0.060067287317391,-0.0547902394721592,17,0.857536367407194,"",0.891493148750219,1.06190799708191,0.946683704001595
979,"rs2515029",-0.0904945578619838,-0.00679077820532808,-0.100864690753041,-0.107655468958369,-0.198150026820353,17,0.857536367407194,"",0.913479305167879,0.897936910282282,0.820246784889251
980,"rs929708",-0.192227580768417,0.0366993597769236,0.0100835715766471,0.0467829313535707,-0.145444649414847,16,0.850379567674288,"",0.825119065891312,1.04789451934519,0.864637746954728
980,"rs11719939",0.0768731160847564,0.0441323939625459,0.0206500962352442,0.0647824901977901,0.141655606282546,16,0.850379567674288,"",1.07990504511904,1.06692693207796,1.15217977672437
980,"rs4639533",0.0654628024986821,0.121113122109278,0.0179733610752046,0.139086483184482,0.204549285683164,16,0.850379567674288,"",1.06765302255014,1.14922348421261,1.2269719265052
980,"rs2515029",-0.216036838348949,-0.0564108123903151,-0.0683891404484159,-0.124799952838731,-0.34083679118768,16,0.850379567674288,"",0.805705620461979,0.882673461244227,0.711174968757103
981,"rs929708",-0.0619203314317486,0.000386325966519708,0.0236967356372721,0.0240830616037919,-0.0378372698279567,16,0.85268838409912,"",0.939957768897839,1.02437540062068,0.962869616081244
981,"rs11719939",0.14487291809574,0.00598272280503141,0.0293890177909231,0.0353717405959545,0.180244658691694,16,0.85268838409912,"",1.15589266789255,1.03600476225292,1.19751030858991
981,"rs4639533",-0.415507524652136,0.0623163614956269,0.0349457360851629,0.0972620975807898,-0.318245427071346,16,0.85268838409912,"",0.660005226764986,1.10214920640884,0.727424236904715
981,"rs2515029",0.0424431082659235,0.0141312626348144,-0.0603024051545396,-0.0461711425197252,-0.00372803425380162,16,0.85268838409912,"",1.04335669631343,0.95487852788854,0.996278906238421
982,"rs929708",-0.390416499622218,0.0649427893676893,0.0568306034866214,0.121773392854311,-0.268643106767907,17,0.855855551316197,"",0.676774939282747,1.12949812043268,0.764416021875804
982,"rs11719939",-0.20407275624704,0.0376909956185786,0.042440194711343,0.0801311903299216,-0.123941565917118,17,0.855855551316197,"",0.815403043363824,1.08342919378535,0.883431461881787
982,"rs4639533",0.23302001310872,0.0247653137831701,0.0750931908345935,0.0998585046177636,0.332878517726484,17,0.855855551316197,"",1.26240674375786,1.10501455255692,1.39497782309843
982,"rs2515029",-0.021013422646084,-0.00346054766623105,-0.104283254057852,-0.107743801724083,-0.128757224370167,17,0.855855551316197,"",0.979205820948071,0.897857596534613,0.879187384909137
983,"rs929708",-0.0971869392233959,0.0410136900762794,0.110716895588369,0.151730585664648,0.0545436464412526,17,0.858505125499836,"",0.90738636417516,1.16384663722173,1.05605856860611
983,"rs11719939",0.158558370065727,0.0413798983031554,0.121127147594028,0.162507045897184,0.32106541596291,17,0.858505125499836,"",1.17182032145819,1.17645660761179,1.37859576011325
983,"rs4639533",-0.0691103061153832,0.108781027871751,0.124371999784991,0.233153027656742,0.164042721541359,17,0.858505125499836,"",0.933223734115628,1.2625746733886,1.17826465129953
983,"rs2515029",-0.186799261581232,-0.00632329825138499,-0.074321612331709,-0.0806449105830939,-0.267444172164326,17,0.858505125499836,"",0.829610254322217,0.922521210810667,0.765333056318277
984,"rs929708",-0.276768015675209,0.0645482778982194,0.116366464582006,0.180914742480225,-0.095853273194984,17,0.861966994511098,"",0.758230374270759,1.19831300974278,0.908597321870784
984,"rs11719939",-0.0872250406281728,0.029132360057285,0.07333112222555,0.102463482282835,0.0152384416546622,17,0.861966994511098,"",0.916470829253748,1.10789684330751,1.01535513871364
984,"rs4639533",-0.281470707011248,0.0802639162735344,0.105334814279972,0.185598730553507,-0.0958719764577415,17,0.861966994511098,"",0.754673021979845,1.20393905947723,0.90858032829525
984,"rs2515029",-0.180343717508178,0.0169251148816731,-0.0826137442183125,-0.0656886293366394,-0.246032346844817,17,0.861966994511098,"",0.83498316375003,0.936422393364271,0.781896932617674
985,"rs929708",0.00106522573219954,-0.0265083836364368,-0.0748707637158053,-0.101379147352242,-0.100313921620043,17,0.858014018406083,"",1.00106579328664,0.903590374033045,0.904553414587558
985,"rs11719939",0.113749978279157,-0.024231321584151,-0.0885604536580045,-0.112791775242155,0.000958203037001643,17,0.858014018406083,"",1.12047194753592,0.893336655559693,1.0009586622602
985,"rs4639533",-0.339943198941414,-0.0366482390577137,-0.0198042711387864,-0.0564525101965001,-0.396395709137914,17,0.858014018406083,"",0.711810753218649,0.945111366582502,0.672740433722597
985,"rs2515029",-0.112574521100743,-0.0497596352202225,-0.112605344094573,-0.162364979314796,-0.274939500415539,17,0.858014018406083,"",0.893530757731775,0.850130867728829,0.759618078412912
986,"rs929708",-0.31310340794134,-0.00154021631688104,0.0354041662219801,0.033863949905099,-0.27923945803624,16,0.850418846558719,"",0.731174299430385,1.03444386096864,0.756358765343811
986,"rs11719939",-0.215414820244351,0.0106196486224465,0.0419125266599371,0.0525321752823836,-0.162882644961967,16,0.850418846558719,"",0.806206939843585,1.05393647223661,0.84969089807142
986,"rs4639533",-0.20505279311263,0.0504793593626345,0.0207369616257793,0.0712163209884138,-0.133836472124217,16,0.850418846558719,"",0.814604309779122,1.07381348914108,0.874733096153284
986,"rs2515029",-0.200486057311575,0.0459216519599218,-0.000954551877625247,0.0449671000822966,-0.155518957229279,16,0.850418846558719,"",0.81833289970684,1.04599344624432,0.855970849939462
987,"rs929708",-0.00603406748713488,0.0548604285900899,0.0450809503621803,0.0999413789522701,0.0939073114651353,17,0.857649059851551,"",0.993984100936552,1.10510613369739,1.09845792674267
987,"rs11719939",0.236361929217116,0.0619772466088519,-0.0225052214567453,0.0394720251521066,0.275833954369222,17,0.857649059851551,"",1.26663265858353,1.04026139732354,1.31762905931374
987,"rs4639533",0.120747476892003,-0.0504370089176869,0.0210670712652606,-0.0293699376524263,0.0913775392395764,17,0.857649059851551,"",1.12833994447871,0.971057167403065,1.09568259035323
987,"rs2515029",0.0254385642248286,-0.0432287978434471,-0.0949196936179264,-0.138148491461374,-0.112709927236545,17,0.857649059851551,"",1.02576488567371,0.870969350631324,0.893409776375645
988,"rs929708",-0.168868664081094,0.0505253877859742,-0.00483635474619847,0.0456890330397757,-0.123179631041318,17,0.855143995123996,"",0.844619825022723,1.04674885603127,0.884104835623867
988,"rs11719939",-0.13162004588456,0.0683486244888835,-0.0070306699260672,0.0613179545628163,-0.0703020913217437,17,0.855143995123996,"",0.876674027711536,1.06323692147941,0.932112194364965
988,"rs4639533",-0.132579767001282,0.059164463264316,0.0707133955168405,0.129877858781157,-0.00270190822012575,17,0.855143995123996,"",0.875833068742247,1.13868929393228,0.997301738648648
988,"rs2515029",0.0358989658881085,-0.00899129035228743,-0.0265606691546185,-0.035551959506906,0.000347006381202532,17,0.855143995123996,"",1.03655111417899,0.965072588231418,1.00034706659488
989,"rs929708",-0.375213499083637,0.078685865846659,0.102110748707693,0.180796614554352,-0.194416884529286,17,0.860829242634762,"",0.687142558822603,1.19817146387281,0.823314605593788
989,"rs11719939",-0.0206563419837223,0.0342001384133947,0.0626734426065845,0.0968735810199792,0.0762172390362569,17,0.860829242634762,"",0.979555538846237,1.10172108636091,1.07919699240853
989,"rs4639533",0.243715269678703,0.114590959156317,0.0491385427323947,0.163729501888712,0.407444771567415,17,0.860829242634762,"",1.27598096829072,1.17789565344643,1.50297243643
989,"rs2515029",-0.102451978144119,-0.139582907787897,-0.0639107273097512,-0.203493635097648,-0.305945613241767,17,0.860829242634762,"",0.902621494271488,0.815875397273382,0.736426670226244
990,"rs929708",0.301042733637372,0.0243941434772068,0.0296381147133532,0.05403225819056,0.355074991827932,17,0.860972329873687,"",1.35126708486181,1.05551865072768,1.42628761018607
990,"rs11719939",0.441579907872449,0.00940244423120427,-0.0087212881250227,0.000681156106181574,0.442261063978631,17,0.860972329873687,"",1.55516229175357,1.00068138814568,1.55622196090378
990,"rs4639533",0.099024868374792,0.0683352406687304,0.0839750387406441,0.152310279409375,0.251335147784167,17,0.860972329873687,"",1.10409375623481,1.16452150742727,1.2857409253516
990,"rs2515029",-0.214468735907906,-0.0149222786828537,-0.104395982211445,-0.119318260894298,-0.333786996802204,17,0.860972329873687,"",0.806970040523185,0.88752529121557,0.71620632021758
991,"rs929708",-0.331182371174898,0.0527760037638013,0.0159201106577776,0.0686961144215789,-0.26248625675332,17,0.861121598045872,"",0.718074201062829,1.07111066460284,0.76913693473456
991,"rs11719939",0.0129460199245088,0.0655485616775617,0.0281959496087831,0.0937445112863448,0.106690531210854,17,0.861121598045872,"",1.01303018243815,1.09827911215172,1.11258988935107
991,"rs4639533",-0.201263110806298,0.0325310161849402,0.00335204652962823,0.0358830627145684,-0.165380048091729,17,0.861121598045872,"",0.817697258262963,1.03653462985782,0.847571524929353
991,"rs2515029",-0.241749076141514,0.043313374627068,-0.0124912029723783,0.0308221716546897,-0.210926904486824,17,0.861121598045872,"",0.785253191593757,1.03130209283448,0.809833259895597
992,"rs929708",-0.0799515759351176,0.0390960473795291,0.047122151110771,0.0862181984903002,0.00626662255518251,17,0.857132735736797,"",0.923161048514808,1.09004414834573,1.00628629891427
992,"rs11719939",0.0526293717154134,0.0428677461403684,0.0540314574579555,0.0968992035983238,0.149528575313737,17,0.857132735736797,"",1.05403891608086,1.10174931565742,1.16128665446837
992,"rs4639533",-0.342797393043358,0.106673417470046,0.131182023422183,0.23785544089223,-0.104941952151128,17,0.857132735736797,"",0.709782003764729,1.26852580261166,0.900376786004963
992,"rs2515029",-0.0495812883852033,0.00241600329637681,-0.0839983432845244,-0.0815823399881476,-0.131163628373351,17,0.857132735736797,"",0.951627798705222,0.921656817518013,0.877074248416327
993,"rs929708",-0.0601551778085865,0.117540726306356,0.0812889114606343,0.19882963776699,0.138674459958404,17,0.86005750646199,"",0.941618403966053,1.21997411068133,1.14875007497965
993,"rs11719939",0.110424525811865,0.123126572799137,0.0675507655988478,0.190677338397985,0.301101864209849,17,0.86005750646199,"",1.11675205991626,1.21006894629932,1.35134698842046
993,"rs4639533",-0.306719882506343,0.0836270541587521,0.0764879033891187,0.160114957547871,-0.146604924958472,17,0.86005750646199,"",0.735856698374192,1.17364578267835,0.863635110702484
993,"rs2515029",-0.0177212928024922,-0.00155739888549771,-0.0436805089623017,-0.0452379078477994,-0.0629592006502916,17,0.86005750646199,"",0.982434805856681,0.955770069582348,0.93898178275376
994,"rs929708",-0.16361402655912,0.0325403290697708,0.000836926425747702,0.0333772554955185,-0.130236771063601,17,0.85697549820582,"",0.849069676987828,1.03394052541972,0.877887547942747
994,"rs11719939",0.0456280210547191,0.0226289234441103,-0.0119532760442616,0.0106756473998487,0.0563036684545678,17,0.85697549820582,"",1.04668499375391,1.01073283544886,1.05791889155866
994,"rs4639533",-0.071774882741792,0.0915170163028492,0.0254444173029309,0.11696143360578,0.0451865508639881,17,0.85697549820582,"",0.930740397955538,1.12407607729344,1.0462230155124
994,"rs2515029",0.375467005290385,-0.0433068562365236,-0.0646891315608213,-0.107995987797345,0.26747101749304,17,0.85697549820582,"",1.4556710619934,0.897631197901485,1.30665575912766
995,"rs929708",-0.203484387463051,-0.0193930203674069,0.130286309143031,0.110893288775624,-0.0925910986874267,17,0.856413619829886,"",0.81588294222582,1.11727567463766,0.91156616470071
995,"rs11719939",0.204831659944852,0.00844836592327425,0.113112029847955,0.121560395771229,0.326392055716081,17,0.856413619829886,"",1.2273184407181,1.12925756624726,1.38595863537571
995,"rs4639533",-0.288767193489052,0.0624393485973591,0.188291449363054,0.250730797960413,-0.0380363955286395,17,0.856413619829886,"",0.74918660062025,1.28496412280386,0.962677903082401
995,"rs2515029",0.0913642990171016,0.00229684465412885,-0.0239260287120431,-0.0216291840579143,0.0697351149591873,17,0.856413619829886,"",1.09566808336801,0.97860304939007,1.07222412750331
996,"rs929708",0.0803979493439807,0.0346240389435494,0.0635877099011821,0.0982117488447315,0.178609698188712,17,0.85904506513454,"",1.08371824684093,1.10319636093287,1.19555402619146
996,"rs11719939",0.212902055612591,0.0316867070309639,0.0611135082045232,0.0928002152354871,0.305702270848078,17,0.85904506513454,"",1.23726346229693,1.0972425010343,1.35757805580904
996,"rs4639533",-0.11426229527105,0.0608994103077768,0.0892026296380765,0.150102039945853,0.0358397446748032,17,0.85904506513454,"",0.892023951530483,1.1619528022803,1.03648973018199
996,"rs2515029",-0.242726655165767,0.039462134305108,-0.0299901517876339,0.00947198251747402,-0.233254672648293,17,0.85904506513454,"",0.784485919640516,1.00951698371518,0.79195185936252
997,"rs929708",-0.161286296846105,0.0506757198277196,-0.00509264258605391,0.0455830772416657,-0.11570321960444,16,0.851253065722594,"",0.851048383757203,1.04663795279633,0.890739538106266
997,"rs11719939",-0.0169419812704525,0.0159366704090445,-0.0113094638813498,0.00462720652769474,-0.0123147747427578,16,0.851253065722594,"",0.983200727037203,1.00463792857916,0.987760741788176
997,"rs4639533",-0.161918225826586,0.0258263396751666,0.0121737633600822,0.0380001030352487,-0.123918122791337,16,0.851253065722594,"",0.850510751510306,1.03873133990443,0.883452172519428
997,"rs2515029",0.114378617887257,-0.0255677122410346,-0.0446990230057447,-0.0702667352467793,0.0441118826404779,16,0.851253065722594,"",1.12117654202671,0.932145150776185,1.04509927681421
998,"rs929708",-0.255261337998359,0.0394097678334202,0.0356239417929022,0.0750337096263224,-0.180227628372037,17,0.856470861832952,"",0.774714009294752,1.077920486569,0.835080101850823
998,"rs11719939",-0.01024906473966,0.037467469685731,0.0297571742731778,0.0672246439589088,0.0569755792192488,17,0.856470861832952,"",0.989803277950527,1.06953571592703,1.05862995750974
998,"rs4639533",-0.40695163329125,0.0842331927903256,0.0694255912220594,0.153658784012385,-0.253292849278865,17,0.856470861832952,"",0.6656763860988,1.16609292933705,0.776240527056448
998,"rs2515029",0.0618465097458396,0.0295054485934632,-0.00393253946929211,0.0255729091241711,0.0874194188700107,17,0.856470861832952,"",1.06379904940976,1.02590270121122,1.09135431833541
999,"rs929708",-0.403090482521241,-0.010812855564302,-0.000584507011014951,-0.0113973625753169,-0.414487845096558,17,0.859688418946872,"",0.66825163149552,0.988667341310343,0.660678563836974
999,"rs11719939",-0.205853328335999,-0.0258605278932563,-0.0188878380419311,-0.0447483659351874,-0.250601694271186,17,0.859688418946872,"",0.81395245128869,0.956238073634681,0.778332324050523
999,"rs4639533",-0.271639980382471,0.0227548802910345,0.0577670301809659,0.0805219104720004,-0.19111806991047,17,0.859688418946872,"",0.762128592948991,1.08385259410401,0.8260350525086
999,"rs2515029",0.0743656752921687,-0.0160078027426988,-0.0363900405448616,-0.0523978432875604,0.0219678320046083,17,0.859688418946872,"",1.07720063914266,0.948951257845112,1.02221090146598
1000,"rs929708",-0.212259033253116,-0.00511050665549998,0.0242788742268502,0.0191683675713502,-0.193090665681766,16,0.851664666239514,"",0.808755175946938,1.01935326020286,0.824407225307447
1000,"rs11719939",-0.0492793150049845,-0.0164200360790985,0.057358869048187,0.0409388329690886,-0.00834048203589596,16,0.851664666239514,"",0.951915208361156,1.04178838049449,0.991694203286644
1000,"rs4639533",0.0442130215934009,0.0506366887630278,-0.0421388056482506,0.00849788311477717,0.0527109047081781,16,0.851664666239514,"",1.04520498240615,1.00853409261886,1.0541248585317
1000,"rs2515029",-0.216437222871111,-0.0555157732496321,-0.0643949375038407,-0.119910710753473,-0.336347933624584,16,0.851664666239514,"",0.805383092973943,0.886999632710304,0.714374507658976
