"replicate","multiplier_effective_sample_size","multiplier_min","multiplier_max"
1,159.101121900457,0.00525025603559795,6.95414324385332
2,168.157800937644,0.000253789046146582,5.4751386757004
3,174.823930601142,0.00142140257911106,5.30670391470019
4,172.182415486596,0.0014124945446479,4.82365297969442
5,175.646874956606,0.00483754165754986,5.20338829675649
6,182.448634136937,0.0017457988694046,4.06741911486618
7,179.219977062143,0.00046979740383133,4.81394652808214
8,163.499380875787,0.000508195205304922,6.61898531133781
9,168.330997165969,0.00898854880102239,5.22362638263137
10,168.420625920021,0.00119290857591716,5.68568142808194
11,163.767376271627,0.000869568313655999,6.11422122057838
12,152.04866280409,0.0070317891797626,5.94454526877084
13,181.115686721168,0.00636094188827083,5.18460837837727
14,169.629857756315,0.0031293942540253,5.47582352417085
15,180.11524780129,0.00898046021842608,5.28332862127891
16,168.293931185146,0.00265439553558056,9.84290731628138
17,157.175379451677,0.00330599427742655,7.81633341447503
18,153.720781089867,0.00012409912032445,6.28693992284064
19,165.9926127364,0.00264947288049469,5.29936191432958
20,168.65721407109,0.000180124167265253,6.0164101484534
21,145.823340509532,0.00106256425147401,6.97870614705264
22,164.132396881561,0.0060897996677128,5.92920217684348
23,173.021837230613,0.0033089362928424,6.78088751716752
24,174.989277058552,0.00135573889868692,5.19946443991141
25,167.414475991649,0.0107621714116744,5.36452565535727
26,170.011719666581,5.06409283801729e-05,5.47333381819881
27,167.127598045495,0.00519501800687983,6.35444058171685
28,167.072916181613,4.74152532360222e-05,5.30226238248703
29,163.780383703807,0.00171417621136542,6.39418590359647
30,170.67657364285,0.00699411987943576,5.55559461934396
31,170.86242909012,0.0048113772193142,5.57213959220087
32,147.83016087368,0.000226288411056613,6.74584937723411
33,152.453066197895,0.00388659915625176,7.39160176551654
34,167.030085782737,0.00441946163966423,5.35121106625307
35,161.661570887607,0.00526395053870097,5.53730206719858
36,177.331677705718,0.00069039071904221,5.20746577283756
37,173.063879463883,0.00155232692802693,5.73996736290234
38,180.61411123187,0.00985979908961344,5.84086293423151
39,151.582681105953,0.000184489517106448,6.63487005076837
40,176.332713562041,0.00125525983658037,5.01409308529717
41,159.509158389477,4.06647201131308e-05,8.5331246091045
42,148.853988301237,0.00114852573638548,6.03475087094035
43,178.853864757554,0.00345531507998116,5.57234815219655
44,162.315195437268,0.0086452348632541,6.81454467818003
45,166.190795244609,3.66318301099994e-05,4.98751052516696
46,160.325022978834,0.00142542714902021,6.21133241449084
47,158.319570855593,0.00841556611390613,6.03099738749099
48,167.585864690326,0.00672148188147857,5.85496364515378
49,162.777249976685,0.00719049281489221,6.79629164106364
50,165.349527675675,0.00152195028186076,5.33727467744674
51,154.550475225197,0.00547715627237303,7.19135063810868
52,160.285857903883,0.0025118297974072,6.9829369601302
53,162.904746657671,0.00514573169577727,6.7744221176481
54,166.779198580642,0.000966768011163823,6.32518364222229
55,163.765835959587,0.00409553543338544,5.9545965464079
56,153.960893849926,0.000351242075581673,8.24587096450191
57,154.604932152922,0.000770598411458885,6.44601439443068
58,172.164736613576,0.00110403203363475,5.07236544147408
59,160.543615989773,0.0063723821882315,7.57843565497398
60,180.157942351781,0.000990267595653146,5.51894628104642
61,178.641565848714,0.00233899273527287,6.00536014977652
62,169.562358139386,0.00468556876519928,6.91631527678256
63,171.211843205995,0.00199954334779259,5.79204907644104
64,158.140915413315,0.00159189068382815,6.76816099304125
65,159.839620893047,0.00526188636569858,7.05363551011
66,156.593068421525,0.00252267859702475,8.31907051065924
67,180.053370896363,0.00505134583748849,4.92501941454699
68,171.045824616686,0.00337777874870753,5.30106065825402
69,187.150258715008,0.00639600466388567,4.80526664316749
70,179.403487987582,0.000638194901466524,6.64822726305352
71,166.658867029547,0.0013269937439068,6.25377996722031
72,173.2093044766,0.00183866307824341,5.90432021263861
73,148.88185670929,0.00992419311278341,6.20205120376955
74,172.459761928973,0.00629426772361456,5.43366996161161
75,166.051615424027,0.00143770216277197,6.85787011137041
76,172.704524454409,0.000327305604148406,6.56827249173067
77,175.732485720857,0.00105279440287023,5.3889390353103
78,185.469565500317,0.0106730035765059,4.94773332668123
79,165.922383187733,0.00261086527595935,7.545895866775
80,170.804295437857,0.000168035250719347,5.28220041354426
81,162.185942883482,0.000131839136247559,5.85882270856691
82,181.070241278757,0.000780430542341086,4.41153324501681
83,176.254554365809,0.00327426710035283,4.90154730492018
84,181.099861717396,0.00334882584575267,4.56267125980789
85,165.961329043615,0.000994038501297403,6.24748364684992
86,165.868884331769,0.000381487264084757,5.55381647166161
87,164.880884134662,0.00175300710791411,5.18365956548918
88,144.227297962157,0.00163816451781505,11.5447554617735
89,177.456275552492,0.000492620843601562,4.39679574182194
90,170.862127922752,0.0031760445167886,5.62572105717308
91,180.153483379853,0.000857342399802563,5.08484127493938
92,181.856219908944,0.000569381250456344,4.44838261145548
93,165.705352130352,0.00444230957076411,7.8834011161395
94,144.878978842511,0.0015853171052665,7.09533642976184
95,180.100374537049,0.000971014769502051,4.7140841370179
96,172.615152139328,0.00263100244083643,4.44295667785286
97,160.500342084931,0.00272547808234634,5.61596442683446
98,160.099711439765,0.00113418327919399,7.45326120211628
99,173.898918854768,0.0170370986654111,4.84369455584711
100,179.806852957321,0.00192366548538201,7.04813616415033
101,173.237148199123,0.00398734755293464,6.62778315753283
102,161.878529926547,0.00230520563293822,7.08238384609108
103,184.073489355145,0.00891803776341626,4.71404107155781
104,176.613385773185,0.00643079497803161,5.09943225485263
105,181.38550121154,0.00242514709397517,5.14019773285202
106,154.740977524233,0.000920063809842046,7.77781917617655
107,171.327934846645,9.29201737759227e-05,5.26732185331894
108,164.00371340032,0.00131784637332853,8.55015216113387
109,176.998198179394,0.0030112023028811,5.69588116897852
110,164.450866939227,0.00662425195902524,5.6503224163796
111,165.139025290977,0.00262661764706563,6.19152564789544
112,171.85214375847,0.00114007184281363,6.37974549052729
113,157.442142673034,0.000493380029921055,6.21402435238123
114,161.451392320386,0.000195752197175757,7.10585302346551
115,177.440799150744,0.00381392847680011,5.37822331742947
116,174.016873432955,0.000634835577076884,5.69192900563526
117,160.217395078649,0.00304199048458014,7.0883704167405
118,152.259183134068,0.00011768807332667,7.92551492516899
119,151.243018954714,0.00331038102163144,7.5992995812939
120,177.41288059811,0.00323081615958776,5.05556971205613
121,179.708369767834,0.000754620509348259,6.48656726823264
122,161.141052080091,0.000508680859856407,7.13492083677112
123,169.472365355712,0.00394350384754365,7.01415294902568
124,164.397418223501,0.000830182939365748,6.25029097218043
125,172.917648489878,0.00142623170636375,5.41617512236462
126,161.143129667608,0.000719855872391941,8.69552740194218
127,165.154082188468,0.00267432578839015,5.37818781592785
128,162.442046226516,0.0050316687201861,6.02112846689617
129,161.939693029962,0.00564529967021386,6.82610210641588
130,168.186145015332,0.00120556788791804,4.83271468967072
131,170.199363153822,0.0256857868460106,6.36454949693343
132,172.02482630511,0.00132439266177213,5.80076996422011
133,166.394083873916,0.00161815301032734,5.15122943472744
134,165.333098446472,0.00317882520965939,6.40298303424164
135,167.433036058418,0.000293297220002569,5.46619001670568
136,163.841518273204,0.000718316171194146,6.46823331366259
137,163.612759448309,0.000727670577081922,7.72532553836701
138,176.017998771078,0.000314078355390303,5.08522178562173
139,173.406852316014,0.00111558070223219,4.67772055931477
140,172.496706696344,0.00332933136568149,5.13006751029079
141,185.221438693079,0.00398085622199437,4.99858251649291
142,166.333810053113,4.60617124342265e-05,6.54984645733011
143,173.327330862883,0.000407746494360564,5.27573299370461
144,169.54042110689,0.00169197864281735,5.08740888582772
145,161.41512970242,0.00194707774893331,8.93846154740619
146,162.174912088497,0.00324305556185266,5.62907287552117
147,162.97793483393,0.00299183393570022,6.41081944134028
148,168.221004389458,0.000324277482486926,6.61885798845822
149,186.212353351014,0.00328986891158376,4.4369484559688
150,171.354075273371,0.00688897925469782,5.29321450552449
151,177.30520738693,0.000282547240613381,6.5870435176298
152,161.428902133355,0.000650483559725989,7.28003132955988
153,166.213201309661,0.00393569070266673,7.3120378222275
154,152.505192835165,0.000687943324445406,6.95685900991686
155,170.333123274933,0.00661878521385207,5.64133238404961
156,174.645149086389,7.84834835085268e-05,6.61860594008979
157,179.212807352586,0.00358955644280366,6.28812335399538
158,168.995911419267,0.000416286893722319,5.36397178940477
159,166.196091565153,0.000834773269308366,5.73994557822423
160,153.024206447037,0.00667223740791145,8.87143621812385
161,176.07330555009,0.00307938069545813,6.94875863650439
162,175.937617007532,0.00148291871314196,5.82416661897532
163,178.800584437272,0.00216876571649818,5.19982925044541
164,163.656299407724,0.000327779437402915,6.22727616004239
165,164.332241414566,0.000771392987585574,7.02818956783304
166,169.140797021807,0.00109841341429671,5.6580295807106
167,175.538589675096,0.00194377135066068,5.47652999681143
168,156.200308016276,0.00722098218238142,6.56569378747011
169,155.123921611245,0.00287296038106932,6.19177679494604
170,164.201139482684,0.004761265774053,7.69630075843284
171,169.223020358205,0.00485600446893593,7.10081566917493
172,149.641837774868,0.000478630325726502,10.8510344192828
173,158.218596657825,0.00718157550209049,6.39096708058263
174,157.434439979618,0.00442153743945237,9.1829713762606
175,152.160535377122,7.21804256841187e-05,8.41131946680902
176,142.958743988419,0.00375166715366705,6.3332698650918
177,156.315054661028,0.0160802046322832,8.01776169985111
178,163.487804787246,0.00970157423664594,7.24080217904749
179,166.906703646434,0.0040485749793696,6.42298273230272
180,170.98108110414,0.00483823333327286,6.21197333097741
181,160.061725940114,0.000742618773871188,10.0191412087734
182,164.766095413509,0.00738535344772687,7.23506424619737
183,182.449583683026,0.000958638997152953,4.40775255624396
184,175.820909618331,9.68847653693526e-05,4.96825449390166
185,147.470973245352,0.0134150260639038,8.42906351607428
186,145.680904089985,0.00184356109973972,8.75704038985977
187,152.27373956287,0.00161409864552898,8.79740511184735
188,171.555191252102,0.00173392229179422,5.59460838253715
189,165.447805551862,0.00662833673451903,7.36804779293594
190,166.554858769818,0.000105751095465963,6.96957704433765
191,177.68864091404,0.000562051981619897,5.18648942750334
192,167.300166355034,0.0107328750808529,6.37473879981866
193,164.399519439197,0.00186945252360555,5.77841530486172
194,174.691556194485,0.00723415601950974,6.21073589384872
195,165.292816205406,0.0011745082589145,6.14683355525334
196,175.935619256296,0.00255973234849308,5.13771203279603
197,176.584504792697,0.00167982848520691,6.98768677818704
198,170.149377170002,0.000173131164855532,8.218141519969
199,168.325417596649,0.00750197116982356,5.50767112877446
200,167.254077004503,0.00856541040341711,7.49646606224283
201,170.254074241473,0.000710247520915182,6.6301919433268
202,150.083897772353,0.00599417097676815,9.78305035875905
203,167.328340450766,0.00611464293369031,5.89649039607816
204,161.484241453246,0.00201619508856831,8.6509596850448
205,158.518408535605,0.00170866901104978,7.29679987240749
206,163.063584545601,0.000857238206727567,6.98151244489066
207,174.520487532744,0.007646423118009,6.13831701651601
208,166.988455723029,0.00560186008120338,5.7103724143485
209,174.37150989053,0.000603406922652891,4.9770566177468
210,164.63075369761,0.00605717178742126,8.99827351202835
211,164.520096731193,0.0106268221046024,7.37562230089507
212,166.976342335864,0.00210156207080524,6.21596134601088
213,166.590352179334,0.00446201881065547,5.70079947817611
214,170.89958215227,0.00457917499048897,6.22412246609149
215,159.528825632161,0.000330080279784044,7.97359063626399
216,177.073164365207,0.0019889826443973,5.50596863864622
217,182.077095712599,0.00408677580030276,5.06644688367586
218,162.680692269156,0.000641144491034326,7.63942515616503
219,173.023083105754,0.00126210652505679,5.10810974639578
220,165.356881972505,0.00641207376835064,6.6673979982048
221,162.766263277973,2.67636715022924e-06,5.87165844950081
222,185.030066802418,0.0129679095391346,5.33777176610439
223,148.430975999674,0.00191819707710301,6.57282060445929
224,166.923715239088,0.00120528961171703,7.28555282199206
225,162.138285565011,0.00176784007870179,5.06807504925079
226,161.8294101748,0.000366134517071608,6.09260002725531
227,167.919632206427,0.000419538472424676,6.59220938685187
228,175.328795849119,0.000978587101012107,5.48350518778409
229,160.458805949936,0.00364526745556127,6.84829595552027
230,170.32977581466,0.00836262078381528,5.21387011730764
231,170.596797855948,0.000787073111296868,6.74843757415676
232,162.778505772974,0.00236123951933333,8.54774911073547
233,161.599471950735,0.00209393560783673,4.83095591914392
234,172.034916796931,0.00279069259617239,5.51370643748384
235,160.846646274234,0.00448919293146434,8.20593527058083
236,181.418963667834,0.00405411482768164,4.37630235980608
237,165.454228749425,0.00313470563204472,6.35276572559609
238,170.201629854905,0.000949410351270466,5.67015768342903
239,164.641201365035,0.00968844034715617,6.37020645706318
240,165.197384842721,0.00323242556840801,6.36185061532904
241,173.468438293595,0.00435857777917172,6.34085833715788
242,164.646176969203,0.000607180697931053,6.86227414992586
243,170.538888232906,0.00508666782581071,6.7074709272547
244,175.801560249228,0.00473768497295592,4.73248634111343
245,149.935552404463,0.0148488487861838,7.9590388770149
246,183.49538689699,0.00393518744903585,5.81774733432601
247,170.885124566277,0.00223571564178767,5.59788101986428
248,170.071187225953,0.00552027455693207,6.18031129206347
249,168.24795750075,3.12458141819205e-05,5.5101147159832
250,166.335364954023,0.00102024258773473,5.49112626124791
251,171.333181018583,0.00386278385778109,5.68871038320456
252,170.780278417474,0.00286780266433642,5.34632697843247
253,172.098557163174,0.00889390087825912,6.21172135328608
254,145.734383348806,0.00647357222116481,11.0640705258239
255,160.263742427024,8.48976566370718e-05,6.36677137325647
256,167.534147362001,0.00548410811411431,7.62078580253788
257,168.205801693382,0.0056516326877574,5.04944863285304
258,170.412509623793,0.00169285888753967,6.79077731967399
259,172.10725567725,0.00578568767438891,6.03877625948739
260,169.811862221702,0.00502947848200286,6.91381737591379
261,157.159599551159,0.00200678142027581,7.3942382790526
262,155.386887729595,0.00162299278548684,7.10433903857097
263,164.495135035102,0.00267159106585207,5.64828330557477
264,161.084302847715,0.00138613646334623,7.20264697128938
265,169.048269545636,0.000264380586180985,5.68482219548873
266,169.518977983953,0.00611782102178099,5.89596133463285
267,163.333751818371,0.00502800093465442,7.06813735111457
268,169.823433992286,5.80235238525847e-05,8.05885647546379
269,171.049110883635,0.00295800805010074,7.10950206823608
270,161.110216178703,0.00480658379526417,6.99187877187488
271,172.956296440112,0.00439297257189868,5.45291826902617
272,170.548759411488,0.001867950026564,5.54609700558341
273,167.590341628911,0.00184797279731915,4.92407714482434
274,161.152436356931,0.00109807942314666,6.50088726574144
275,171.334923928198,0.00529519071681231,7.6959481813717
276,163.113519216325,0.00734727183877793,5.2842331772336
277,171.332828750703,0.00328690461458656,6.29455180055866
278,158.200431542831,0.00459954224105131,7.60565946497678
279,163.034817001396,0.000710800823052804,6.05138589367332
280,167.261896246927,0.00167467512029307,7.72904796966925
281,167.753180482037,0.00324284884848706,5.91844100787093
282,164.052569553365,0.00245637223359338,6.29550580178633
283,157.457696672897,0.001208376305094,7.96361267832805
284,165.395157218213,0.00327062096485693,7.19434689155772
285,159.822909757426,0.000497351676934594,6.57069565566241
286,156.159805367693,0.00633534586725903,8.71644856252703
287,154.566421926884,0.000509119027672342,9.12028737383592
288,182.208942208647,0.00245630976378706,6.1264342681316
289,167.820718782828,0.00304485430326083,4.95218712041393
290,174.655063334146,0.00169443391944106,5.43869345408338
291,165.171934440439,0.00145198962951,6.99329119931266
292,178.034077007349,0.000397010925101568,4.56221591512194
293,166.735822604811,0.00028425845913368,6.48367113687372
294,173.063675781769,0.000998371398513632,5.31491194085251
295,151.52993215307,0.00246648636339576,5.62357834152822
296,161.49377971009,0.00164080240568195,8.55680604739944
297,155.040210677737,0.00389335828759389,7.48137541596628
298,175.209112645147,0.00716764753702039,4.63403925239641
299,173.927720950112,0.00482514837376334,5.15084069312468
300,145.535851880596,0.00201597676126351,12.2225730417762
301,165.823114380246,0.00300874130046536,6.55689030631645
302,173.425230714947,0.000116853197724773,5.38959561091211
303,171.276715010408,0.000921198867835219,6.53839700929578
304,165.336238482298,0.00192979945086823,6.47624202152579
305,170.865120981075,0.00307144347302032,5.58021387243197
306,157.009177779951,0.00516887449360901,8.70291484190526
307,153.953135251063,0.000804655707581296,7.41832465803814
308,172.147911065661,0.0101311300654537,5.93745916585648
309,149.699179505597,0.000219303378220316,6.81642358287828
310,168.386678544406,0.000431008947076011,5.32125556923665
311,185.975767429417,0.00135016832161207,4.7505043193005
312,170.573223934632,0.00160100188612836,6.02125567373877
313,183.699005845683,0.00345988747993738,4.67589069024458
314,167.864003040807,0.00511063927182515,5.16527716852812
315,173.696913125458,0.00714338243272741,5.3586912734421
316,176.060171741739,0.00133533218382953,5.34126906405442
317,163.265569749843,0.00450563187623494,6.06984186812531
318,162.367002182241,0.00308208190994268,6.62499122181012
319,179.117888106019,0.00215823582047438,5.27730761165037
320,149.954582623709,0.00334863137215535,10.1998220506598
321,151.95392034681,0.00247158108287722,8.46431651817261
322,166.855981467313,0.00307047151552679,6.52072018776765
323,164.52708006533,0.00172760956646388,7.61046721692165
324,161.681855167962,0.00702609147382393,8.78181130933964
325,139.773033675331,0.000981686010775975,11.8929293926431
326,152.294087618857,0.000189733352870732,6.88369362259871
327,185.933716432672,0.00324356231329131,4.50674810168339
328,169.293980509976,0.00873858966382568,6.36487563809614
329,156.214905502558,0.000807382207547515,7.00523338782537
330,173.839710846954,0.00199796257131167,6.56331104379354
331,165.785796761008,0.00011399072245801,5.16343728567956
332,172.675656584898,0.00620446636956123,6.50820519646616
333,180.281413421793,0.00145896748821957,4.57713764886005
334,175.867213417215,0.00387358197034932,5.48125054536268
335,145.110082985912,2.19327569305343e-05,8.64208257071395
336,169.656377370304,0.00362961679645518,6.65099075565886
337,180.957386653219,0.00451813440821994,5.69154902185448
338,166.025219949149,0.00381480843010298,7.85863189405116
339,176.962741727577,0.0016042590060204,6.11102985656627
340,173.151860094814,0.00150801400921908,6.29659965929532
341,161.867671429674,0.000114208872009885,6.5619847266106
342,179.275451439462,0.00345860473244438,5.09496828701926
343,175.83130614271,0.00113821998293695,5.09175259128746
344,186.413537843708,0.00303343085012247,5.08176317005065
345,160.979464672195,0.00322495166199,7.45923057861586
346,147.351539689416,0.00232759568304247,6.53457975188206
347,190.719320715996,0.00590440717511362,4.53994855352074
348,175.322627092237,0.00226072759108736,4.87219551351664
349,167.941959330303,0.00855189993025103,5.84058704395328
350,154.289108754097,0.00148052272243115,5.92544107880843
351,161.68716079081,0.00189489105014449,5.99996670311386
352,158.847373670717,0.00052164139590882,6.31316411050855
353,163.918885980902,0.000608310189842265,5.68662121557064
354,185.483182371993,0.00203343942399848,5.19691456501591
355,178.646471968795,0.00965810647544777,6.17712284429152
356,166.155551874048,0.00275378331161367,8.32109880844714
357,182.15682280815,0.00226868777409001,5.72143809755987
358,164.370235157928,0.00272280886170668,7.0201055395409
359,168.780443844606,0.00189821420316947,5.75806005868847
360,179.601758763902,0.000750975923461248,6.06933041841924
361,166.651042545448,0.00298063618026088,5.45417823455656
362,173.886075250615,0.00176176446271665,5.7565766917082
363,163.175251324365,0.00531743700791396,6.32854409218237
364,160.143875226056,0.0005233532204004,6.77185846333458
365,153.444996358703,0.00102539059281504,6.56971386467354
366,167.176646626254,0.00181255849675686,7.40476066106959
367,178.702162208933,0.00530506075899246,6.21199981393242
368,167.624745804336,0.00159306945489893,6.50967384458601
369,162.572711564601,0.00242165773716103,7.75281442124527
370,182.561106176849,0.000617136969661654,4.52580951737632
371,142.597248886739,0.00139906046020082,9.16570477691921
372,168.911183737301,0.000889447818679823,7.80902266208939
373,163.022430448734,0.00040762640797668,6.54742501967894
374,170.895867036792,0.00833680951528019,6.28335574533511
375,168.673764032597,0.00389463537502924,5.45568949202623
376,164.780914472155,0.00724512186052056,5.78472561484044
377,172.12430653135,0.00106945607999258,6.68226023238641
378,177.495512549951,0.00133038910341029,5.95222150727448
379,169.044088400526,0.00211442049776966,6.19202589318034
380,169.599277008209,0.000173630705752138,5.27107667526651
381,158.175016990993,0.00608136187591301,7.93201114161176
382,164.237532634429,0.000442913588801219,7.1274182169902
383,178.17248263419,0.00853808763979162,5.59463112529595
384,175.699607129249,8.80593447061424e-05,5.03182969972224
385,181.04032621085,0.000724774184158066,4.98040573799314
386,181.549333231515,0.000944704398863991,4.76859978997546
387,181.939872397065,0.00120682886295635,5.10107480059003
388,176.056927806836,0.00517420760499472,6.57264618402973
389,150.39792116572,0.00179926654335545,7.97981640625576
390,175.680583305156,0.00330542432885109,6.18536965181165
391,166.795138378396,0.00177581480809994,5.72807742820348
392,167.252832160699,0.00134281179911661,6.09337674769619
393,173.064545349111,0.00124180586092805,5.55279875679058
394,170.590156493771,0.0122923715539554,5.33533034505232
395,150.602463923885,0.00101893251957807,7.98582691258191
396,170.045742470702,0.0110012581495009,5.60338975080354
397,149.232921320116,0.00233983673873826,6.78640601923907
398,168.961369051515,0.00490514973104608,6.80408771615491
399,169.726447484592,0.00255983539823863,5.0807426865123
400,167.588385425338,0.00189148089295191,5.57439071765432
401,172.460424098596,0.00209156191207584,6.62370023116657
402,168.008639267656,0.000701535277270205,5.70767989312805
403,165.023177365745,0.00116382407951834,5.48206006056232
404,159.283788260881,0.00785536184951171,6.22035059267277
405,170.855398370161,0.00138523178859106,7.81202168389228
406,177.286792782393,0.000832688571335717,6.56392523404076
407,166.767512322668,0.000363401741355588,5.47591331992946
408,167.61580448144,0.00217355914226547,6.0310851281849
409,174.760900590146,0.000997600345082903,5.18139757923364
410,154.162392278577,0.00374427203132749,6.58877959593751
411,168.397598880906,0.000428124677173026,5.44161793172449
412,163.819964485682,0.0031311143831312,5.72881813550884
413,168.534426921685,0.000513046025215435,6.7543695036056
414,165.061041977315,0.00136842853721849,7.03361888839799
415,162.461850851449,0.000614897250478647,8.02330256994589
416,180.698177245711,0.0030738855831661,5.51007099715601
417,169.618903798281,0.00173248500479373,5.57339751077358
418,167.816955598594,0.00828653448866577,5.05403152516737
419,184.568310554308,0.000897361444636745,5.74511606801858
420,178.230555769684,0.0011352235187985,5.91919736675648
421,165.79490604623,0.000326828376850511,6.05097505908418
422,174.02802044033,0.0059301195059995,6.05551461785556
423,181.470478220982,0.0024185755178612,5.47229351171819
424,171.571063615595,0.00765567010774868,5.37093520220339
425,169.982952359353,0.0152518974975624,5.06695999485523
426,166.408143462456,0.00130967504609005,7.04415424976382
427,169.28232606512,0.00957346636728559,6.79350062769366
428,169.656107435967,0.00458439329452294,6.59744519262051
429,157.787794508945,3.9367616333779e-05,7.05693512792559
430,145.975333916702,0.00309218609639099,8.55136523516365
431,164.514674210288,0.000179492020591065,6.00193130329254
432,168.165765300156,0.00252038342370521,6.09194781512195
433,157.927304756402,0.0042660380859105,7.41068058762868
434,167.634456063178,0.00375085838135809,5.84716403973217
435,167.057327798807,0.00299640805797324,6.8615019427075
436,164.34293857735,0.00413005887533053,5.26605557619475
437,163.941868551576,0.00132822923962588,7.00213066685415
438,176.439399442731,0.00114034804472845,5.90553753947531
439,171.632278575838,0.000475563028719201,5.26356740763917
440,162.93563326523,0.00153804053091339,7.90012281327676
441,172.180072551925,0.00133591897212827,5.88191336024106
442,168.866076088804,0.000374758878347942,5.77160564541216
443,180.977445220444,4.32957338152553e-05,5.74783464184191
444,173.996398107923,0.00231717959989484,6.88430657469876
445,182.785716183525,0.00255876954517132,5.72485041407613
446,164.314467069624,0.00181078213456708,6.11020360454586
447,156.294004528399,0.00078167575622772,6.82322200535373
448,164.203815001953,0.0028252032122538,6.01064518314803
449,161.750182304059,0.000579335154113677,8.58518718470068
450,174.728131359233,0.000336088458535125,4.99155074398141
451,162.187129594816,0.00627949106643349,7.77325243514931
452,160.659440236852,0.000801040873168592,6.9240475792257
453,169.613987144449,1.30594488718076e-05,6.31380606878972
454,166.506960962328,0.00854998884038714,5.76108300305568
455,160.547599617226,0.00174820008284817,7.16004943912515
456,162.836328597822,0.00320965586173857,5.94807536586344
457,154.045608312918,0.000938771619961452,8.2295858426294
458,177.854466912765,0.00462949258202332,5.21477455723294
459,171.828592204779,0.00436229072463801,5.8933555266095
460,161.223422213443,0.00493393554221382,6.15532588095533
461,167.38684999494,0.000141696299841167,4.7378997443627
462,157.376412162469,0.00654251325087161,7.64061654951967
463,171.668208586316,0.000238563355742944,5.32548270621114
464,168.978812596049,0.00210995056753148,6.45826137244431
465,157.487042215499,0.00219524778575219,6.85849743786499
466,171.31184800956,0.000635735051285684,5.69432451806046
467,169.974411440028,0.0043413184122296,5.84776186961655
468,180.087689519098,0.0109460988562644,6.4891611885344
469,170.75879400044,0.00418845351454686,6.59711962576085
470,165.017673261299,0.00615666443598798,6.32548677084995
471,176.828733642705,0.00140056725637287,5.44310198459489
472,168.523227992817,0.00398139974978294,8.37009488434733
473,167.769551697317,0.00519540534664435,5.98362744584859
474,159.653074158006,0.00353485214058445,7.01866659500232
475,165.918970106872,0.000731960436787694,6.86837174894211
476,170.844712195697,0.0141376894414402,7.46616114780521
477,163.775328536478,0.00451012378526035,5.8166578520126
478,161.682834390457,0.000574740715281989,7.11283875398386
479,156.796943824991,0.00245979054086605,7.3310392393137
480,166.669747872538,0.00035402382866806,7.08426843761266
481,179.923533655069,0.00269399950118753,5.82299458556297
482,172.489050089492,0.00120615429200848,6.16534518838499
483,150.600269208362,0.0106056143189553,8.84811055646277
484,174.753833849572,0.000595848278188683,6.61345970701876
485,178.158675297023,0.00218904721456119,5.95262829893054
486,160.744644172545,0.00145835847064145,7.12522240401332
487,151.214072387676,0.00541316848980409,6.09491313409563
488,171.721106295065,0.000974880935232795,4.31148130740534
489,174.19790830681,0.000842400393894532,6.75523223773441
490,168.459496915321,0.00308355954995987,6.64036768107902
491,161.345859522432,0.00399396623359001,5.76784207090968
492,165.24811012725,0.000737121127175739,5.71571994559616
493,167.965154188756,0.0054790854337767,6.23080270297837
494,182.261644918509,0.000497200260463537,4.34183283853127
495,148.184946679613,0.00292045380585822,8.63339802860234
496,168.62917352191,0.00103381498417639,6.54050003593915
497,171.710777514674,0.00027292164806173,5.71966015367101
498,174.143691887275,0.00500364493182502,5.57203797464444
499,175.297706784542,0.00280880933169171,5.56992156859304
500,173.636967921402,0.00348164500354217,5.58173826717222
501,161.259319978794,0.00109264432717167,6.37045690019415
502,159.248778846014,0.00197635761212769,7.02190346772374
503,171.896362229549,0.000115765704211481,4.86948813760264
504,173.98985491401,0.00032187100141759,6.73415520673088
505,165.022253731743,0.00445142915570287,7.05307516818548
506,161.416158599092,0.00225370522916115,5.31273877729951
507,165.843042922412,0.00477704834497609,7.94266270688358
508,158.189256680809,0.00394824805638756,5.3718078327594
509,170.507748467214,0.00195836244895505,5.93420702664696
510,166.726396262893,0.00125689907525405,6.26408493186916
511,165.022938154455,0.00261152288212832,6.33763667540013
512,158.611704800161,0.00792362892742725,8.11976234945333
513,156.21765494687,0.000687152347255928,7.29230805378733
514,173.223273740065,1.53365794744142e-05,4.52808569200112
515,156.650700689069,0.008012752799615,6.52018054261531
516,170.050921286253,0.00106096516266199,7.18286034012072
517,154.089358916532,0.00362994824652667,9.5971510032279
518,179.551064779951,0.000476913908568274,5.33869786989144
519,172.66465219016,0.00846159956067891,5.66988317074467
520,169.197110579826,0.00166891458673922,5.84726874728415
521,146.083037328168,0.00235601866863947,8.21460594301382
522,175.376016796654,0.00998935968629693,4.69597173933841
523,164.808182823567,0.000315751594024129,6.12614750435176
524,143.823455031652,0.00210506603463583,8.01167794438385
525,156.20838309875,0.00318316508450139,6.5920193983266
526,172.976070674435,0.00586757118271666,5.82585394718278
527,165.78003770592,0.0108102483700532,5.5347151043424
528,169.657760956174,0.000495009854511623,6.71582043134924
529,161.316835820181,0.000222591557823703,7.18569665023717
530,158.499674434968,0.00402140819206817,6.38107673538162
531,169.645731213435,0.00121871443219841,7.0871523737343
532,175.752193686358,0.000132441520831016,6.63454824850664
533,169.675557660547,0.00211395570387395,6.85632253565331
534,178.130607500207,0.00211730575852328,5.88246619856026
535,172.575919064577,0.00503147058221366,5.58929886422578
536,177.443241799438,0.00034704439488681,4.61629962979877
537,166.308026204768,0.00147832876884038,5.75434630202345
538,166.892266909751,9.97075521994325e-05,5.32299343803889
539,169.918870704602,0.00013528992116552,6.95710854975486
540,175.771607041386,0.00820837254083313,7.29723735539313
541,170.950702469031,0.000700717113085503,4.96990782806915
542,148.612798772601,0.00040694128711877,6.71256188248844
543,172.325682534105,0.00060231929520603,5.59988928284649
544,177.139156861438,0.0012354455446791,5.56311609464186
545,164.995803158665,0.0010218068634177,6.57982481174376
546,174.652347794066,0.00354965640145295,5.8586479338287
547,155.328883141559,0.0024883846365308,7.30898644906341
548,171.175718982256,0.00411172768758874,5.80535893579721
549,166.543386043331,0.0040556760153488,6.82649300614842
550,165.837479138478,0.000736511956287369,5.81724961349708
551,158.508094344353,0.000567512325474352,7.19389429875034
552,159.7296258863,0.000193439915855505,6.22973998288783
553,164.255805920584,0.00344357005101972,6.48507559795873
554,172.590380516011,0.000253971905731891,6.42149066121514
555,173.600701591809,0.0032122194719026,4.75773442477516
556,193.110668823633,0.00506392738029879,4.23783241284081
557,163.230245274171,0.00130626072420941,6.57334653434417
558,178.751311167324,0.000280202686712902,5.3168825913548
559,173.208693925618,0.00344769449286176,7.66509941792549
560,179.034644406039,0.000558483988627432,5.92616959224401
561,160.573653701331,0.000849245703936076,6.88141388699106
562,175.155050764072,0.00280321436443486,5.40448043252759
563,170.349164530295,0.00455694207289748,5.71985748401994
564,171.634924170311,0.00105142553067544,8.136971177048
565,171.095804838185,0.000358349524269015,6.12391316096529
566,175.343049528128,0.00890439905695412,6.44678519721989
567,160.301842098932,0.00108612777589935,6.40469479118138
568,155.108827323747,0.00225333662646832,9.04054765394804
569,167.42666103241,0.000847284135905917,8.13057938108522
570,178.315761328747,0.00104204613105884,6.35654251203945
571,169.510920080053,0.00835992709913637,5.67314671235819
572,176.179471978924,0.00417811421489182,5.56870176596632
573,170.572023389454,0.000285656725961613,6.88734113133865
574,163.766684643009,4.45776345883046e-05,7.2318236759252
575,168.931873693495,0.000120790593244118,4.88125177422634
576,161.380195094936,0.00999619590970351,6.73200886468382
577,154.607562424993,0.0050184483997457,8.23311396420695
578,150.153853450665,0.00380119713684726,11.8905457116092
579,158.032542419901,0.00103621074152501,8.17644271467558
580,170.949729315082,0.00147311386785832,5.23556009244521
581,165.252292084099,0.00234074767622454,6.99521954907462
582,183.636561288612,0.00076622822438166,4.96627184528363
583,175.039610817218,0.00527485298114827,5.16119895557749
584,162.383150875911,0.00520640059573701,6.49425583142295
585,164.288851835977,0.000290233804148952,5.79750486973601
586,166.578454434497,0.00293733640020117,8.15238032554738
587,166.86452280209,0.00291682445406759,6.91720078091593
588,160.984343501475,0.00136613520842005,7.28477575928355
589,162.171601580967,0.00255071047046238,5.36302673364399
590,162.27837065204,0.00714285341786142,8.87257515705971
591,168.766954221991,0.0016969433354845,8.88120954597025
592,167.775509620039,0.000121751655403343,6.22670615059394
593,161.935693060411,0.00572759116660885,8.2211479497018
594,176.706571362063,0.000274542322116243,7.11710353855937
595,163.261363397259,0.00268205934029992,7.11680275614468
596,189.760491023964,0.00320148734632837,4.61410797261297
597,165.533665459731,0.00570746065074641,5.12008653743303
598,162.016989182816,0.00388407860271816,7.51733329094937
599,162.940328841598,0.000188581575759255,7.42731206944688
600,155.930741522835,0.000117194488537013,7.95799837855454
601,153.770048618784,0.0036720090001439,9.19922921942163
602,166.425281238232,0.00363590020836243,8.00232666037068
603,186.722299853678,0.00042667839606336,5.00973777006485
604,172.74672330443,0.00212227130961109,6.14253621713474
605,147.82401709753,0.00541805465967747,9.65252812076349
606,165.821791383917,0.00765554658648987,5.31095524734653
607,162.062210226267,0.00329306654340071,6.82875151198232
608,177.724756535639,0.000780420178226455,6.90129913105257
609,176.441544191077,0.00293371086829317,4.93862348979169
610,164.025484320954,0.00294833396860846,4.94693054885295
611,168.110410586258,0.000332329890269551,5.63187141265173
612,159.466581213485,0.00252173864464511,6.54697584628953
613,166.803719698649,0.00236815267311403,6.12284302359491
614,145.473388486641,0.000115296007675213,8.52160747150958
615,159.675647325418,0.00324025838466261,6.4482121067476
616,178.058081295073,0.00280866348577342,7.66442733044452
617,176.089629084731,0.00319561991533586,5.81838499004436
618,166.517067881378,0.000794866128969877,5.36890952432203
619,171.638131049212,0.00191982517326024,6.35876740234172
620,169.578043466908,0.000803970103803694,5.85120951532953
621,161.180623078123,0.000725332207744499,7.43427199183689
622,161.564860188963,0.00107596149428772,6.37685907226848
623,171.910574971721,0.00540148167618566,5.72119618539594
624,162.825772382815,0.00295278124620723,5.89923730084285
625,159.61836303432,0.00190501418843428,5.7969701384504
626,167.838828254803,0.00236014774320047,4.78595068330949
627,146.782079260451,0.000214743654064371,9.60695121208342
628,159.812757632427,0.000992961541051049,7.00546850987226
629,172.46898630213,0.00179102850425659,5.57296593252896
630,173.791200936525,0.00327098514937729,7.15181228958503
631,159.406625244675,0.0105435716152332,7.96886114954652
632,164.091015058711,0.0043770318556622,6.36896295946813
633,165.182209812837,0.00176970825966658,7.47267975121797
634,160.1678489052,0.000740427101450488,7.04854337622112
635,164.081844829858,0.0086110350285391,6.64461463516207
636,164.179131810148,0.00131715164582954,6.50099465376701
637,170.929008360782,0.00437771848855346,6.22397196250282
638,158.789645509398,0.00385074221095529,7.27786564004425
639,178.40254491339,0.000807976296218798,6.07833636174686
640,175.773049985488,0.00217730980294614,5.47960190189442
641,159.657693343629,0.0044492582314483,5.9812061646822
642,177.408420566978,0.000561799857366827,4.65780955438612
643,168.54284975583,0.00435769884205547,5.38754594574387
644,161.43985880872,0.00244193161670657,6.67583987395882
645,157.916601539039,0.00296773846542825,7.97821920021842
646,167.024481850988,0.0041582975713097,5.67441435215698
647,160.003779937208,0.00647022854441955,7.19679675666668
648,179.997074020571,0.00212240281834291,5.52433481080754
649,156.017054034282,0.00970398051856232,6.51180767293979
650,179.503428121407,0.00124367294994488,4.83653874602898
651,178.06300178323,0.00228959705858163,5.44591364888256
652,163.491664451279,0.00228808090425231,7.43000160704224
653,155.369435998008,0.00143590825487271,8.52654007424414
654,174.205025447909,0.00280929293778304,6.42106485667767
655,155.213734161741,0.000855967549727558,6.30865543086263
656,170.114864672352,0.00645462195811163,6.03990992790657
657,150.556416804337,0.00691453264964099,7.16993284993709
658,177.823039759638,0.000183513494903141,6.10881288223699
659,166.984484046037,0.000385478600539672,6.40042057467046
660,164.797610683139,0.000383787419312612,5.64319596487661
661,158.301058980124,0.0066684045484887,6.49870669837656
662,155.074406974151,0.0130720764481896,7.78690847065936
663,172.449456855801,0.00537302965497512,6.03806097594881
664,164.749251574075,0.001220333653118,5.79435096448267
665,165.85939985384,0.00423329876171406,6.76118285121501
666,159.157724667804,0.000868449706249194,10.1037546052202
667,154.067670198036,0.00267651307238371,6.58277701189291
668,168.365494158989,0.00651351964956879,6.56903727757521
669,163.105667565472,0.00641431665498212,6.74707695422955
670,165.264306135424,0.00244622355955342,6.3538536218027
671,183.708703315121,0.00402513648637611,4.88315696439743
672,172.763017820793,0.000185160764946496,4.95184103552063
673,168.766548599443,0.00040923284531843,5.72328354943489
674,169.080699063935,0.00333911458282797,5.73078765858313
675,176.393665093929,0.00222087179013135,5.85983298068792
676,166.917385980916,0.000278427984608158,5.39663808630593
677,163.822940566387,4.02087919868586e-05,6.4631363127636
678,158.108563612955,0.00109222673922367,7.02179933975991
679,178.794334154018,0.0017448112166082,4.94726493597516
680,172.164765082979,0.00229897329367657,5.44809754323897
681,175.469835046816,0.000600340788409341,5.45161375872871
682,178.132343267166,0.002630451468453,6.65933108710546
683,156.665221696565,0.00279068060672072,7.67548395144074
684,173.865349546868,0.00420691433660513,5.26461322562978
685,164.478512062246,0.00071004613852349,6.13352017936675
686,179.059178224471,0.00195608147019916,5.20525459010731
687,181.058353021223,0.0017638209233676,6.84482239275904
688,175.87456939705,0.0010174661328433,5.30125876882777
689,155.73730764593,0.00367502532725727,7.12462009306428
690,150.534042525381,0.00424018271548069,7.72372087167836
691,158.692548453182,0.00236528220274206,10.0553193198239
692,170.758465276462,0.000806959840325736,5.32480771946997
693,162.543374191863,0.00269528186466797,6.62279687557958
694,167.472189434892,0.00020178271559169,6.20077891374033
695,175.269250659098,0.000354790496760785,6.62410265616178
696,173.462556463607,0.00390608524453196,5.19525529907494
697,152.33130289644,0.00268636809341229,8.77319214708657
698,171.335917634578,0.00718377515223261,5.28392074269579
699,177.082331477496,0.00279212821678172,5.40652979536655
700,163.939009005168,2.38919769671618e-05,6.65461401728282
701,165.973026870972,0.0166200114551597,6.19809089815997
702,155.781726532796,0.00445190865218174,8.12652432436544
703,158.326287439678,0.000848183642683878,5.79591363542657
704,153.623849290291,0.00198527966293257,5.93119603260184
705,159.849926437054,0.000146031689444289,8.28821993242652
706,177.259843968201,0.00173218407007142,5.54921662405625
707,156.711726112561,0.00504517377303024,6.6868804635322
708,182.755788347071,0.00270586855835485,4.3265901395033
709,163.472348143704,0.00200769130469976,7.13456767343813
710,177.794583873177,0.00454590836673764,6.51943027879972
711,171.930402044127,0.000857388038971162,5.16310919381756
712,161.308395544432,0.00352681601651423,7.29036268287098
713,157.277711269519,0.00155287307915172,6.55973682848482
714,169.39110205758,0.00133990750910081,6.13309273589342
715,175.854879401618,0.003633031072255,5.40539632920911
716,162.254484751761,0.00290741343762088,6.31758171594571
717,177.740366153138,0.00229931784297652,5.23347144111768
718,150.436441195407,0.00605845433596573,9.2104867582347
719,176.721922564078,0.00488117934234464,5.49314083758599
720,162.092099133656,0.000689924916337554,6.52578410373913
721,189.440862523447,0.000166600929964455,4.78960112307717
722,172.379870326029,0.000315490097464771,5.99747548540731
723,165.607762727783,0.00165637231891549,5.09740976774236
724,173.148576670972,0.000109464508977955,5.08263495669682
725,182.71375554717,0.000556896859688805,5.61688288097872
726,169.820050579853,0.000997349739920743,7.14185965628559
727,173.550953155074,0.000227163072976193,7.03962219115546
728,168.541152615538,0.00411736120034197,6.86301033367125
729,147.755512123172,0.00343316884226193,6.41587379664067
730,174.529348716976,0.00687544147975895,6.02195752003755
731,175.352688772823,0.000541552006725616,5.74017602121667
732,168.516104010006,0.00113808689739765,5.23171263399542
733,160.354925861831,0.00648903791336292,5.5609887698417
734,171.256816156987,0.00255683614741473,5.28932951474366
735,178.370549045694,0.00188582805782157,5.01953648106267
736,166.163111776563,0.00213405725748595,6.89957700076125
737,171.545086048009,0.00584025000496532,7.11755766421804
738,166.418015050852,0.000858482500040974,4.6008730241261
739,161.294980849867,0.00109863104666584,5.8404286459525
740,161.911508707255,0.00364506039371438,6.32502529104149
741,171.889126051547,0.00332569922226448,5.39001682701128
742,164.844790169544,0.0025960799809362,7.08912932987046
743,151.537327832504,0.00291870895047487,7.89901563077992
744,143.663143476601,0.00105389987720504,8.5526543803764
745,173.388288105403,0.00128595610007854,6.2718257816061
746,178.281083441354,0.000276896753386324,6.23765582299849
747,155.921960456835,0.000263478771742959,6.04735487195316
748,173.031849692193,0.00278843991639816,5.6004108010295
749,166.373229373942,0.0012865563951495,6.38789016452073
750,168.394648201406,0.00230887361140484,5.06213769872262
751,179.258283407393,0.00278254123434436,5.56105278243637
752,161.535124070269,0.00251110690861829,6.66154825685579
753,160.195012952015,0.00742812137466211,6.31335653443614
754,162.814119699015,0.000714446942108228,6.1758583144118
755,169.005710351293,0.00640888680130135,6.25466953432964
756,176.709969709781,0.00738880634296443,5.23432245070858
757,168.580998657378,0.000757331357461215,5.26047205225806
758,168.971440096217,0.00209825904660911,5.27081857329804
759,167.928115925045,0.00733985493035113,5.37361276332191
760,177.099747949627,0.00119526741737087,4.88637051503925
761,170.32949665052,0.00649378500950998,6.10591066502336
762,171.564057411297,0.000312273401420041,6.53742824292376
763,165.689900106889,0.00204391513201742,6.31844379952061
764,156.302209217177,0.00417322369884802,6.79530123696224
765,163.875307025483,0.00373106788118968,6.55042655829195
766,169.100362942021,0.00440623585623264,5.86649058476306
767,167.906493639209,0.000769292867352458,6.7691794945828
768,168.609805213228,0.00343681923317478,5.66443026598555
769,183.189947703977,0.0104123960281547,4.94652509981633
770,180.391306998165,0.00196702417587195,5.92954955772498
771,157.088465024102,0.000580217260453653,7.25725665554345
772,171.73256561027,0.000211850862049595,5.68074958431838
773,171.654879698611,0.00389742751727626,5.71011814018738
774,167.925770236868,0.00029023499310085,5.77952746629038
775,172.39436696091,0.00742010757764239,5.73139032870507
776,167.08353457457,0.00393334730682502,6.91137111237422
777,178.303170672656,0.00139411596057967,4.56198744425091
778,166.564092988438,0.00102386498533311,7.96690445119137
779,155.914567927907,0.00209918248887786,9.25306108882952
780,179.678851573365,0.00367059577815966,4.93397846466588
781,177.341822759728,0.00781324638572253,5.1356456194876
782,169.797172896936,0.000520170582021966,5.61081734094089
783,176.836138592166,0.00416326467045427,6.29915442703534
784,169.656060341579,0.00347368238470542,5.85084042541396
785,168.970913348549,0.00163403170298751,6.54111877186434
786,180.744410756386,0.00195384377157691,4.30805609290245
787,167.629961165395,0.00226213458899402,5.6445780779731
788,180.380857127094,0.000693437830593602,5.26447342626269
789,155.904809418002,0.00273294015374442,7.17583093803214
790,159.121283979512,0.00470793608961852,7.37410471266921
791,157.832185864662,0.000336277164958574,5.49643587125333
792,173.724592161812,0.00365563231898242,6.69463613030506
793,170.752298229502,0.001505193080976,5.87687216216418
794,154.64353171529,0.0047535144133818,7.37838701086312
795,170.856145403551,0.00168836173575622,5.41185760821078
796,171.764892943098,0.0043876448688408,5.10468501626495
797,168.297873213016,0.0134891485752613,6.82435044036056
798,174.661593623366,0.00019020801781752,4.56789782524382
799,174.549762698541,0.00359093360589058,5.1614551901069
800,176.765774673954,0.013478085313297,4.55205141099493
801,162.882530493836,0.00101193059525987,7.060075329136
802,161.965133564158,0.000897354672637821,6.90918288116499
803,174.7283438288,0.00115140629267391,4.96350559191303
804,171.966719892397,0.00176013748114277,6.20625056425309
805,160.800917253153,0.000614764780001333,6.14779975279736
806,171.107332651426,0.00266007243224841,7.492576916786
807,166.81940753155,9.69138957068785e-05,4.83236201496011
808,163.290411497952,0.0118216203390864,5.32664598706714
809,174.960521244877,0.00769553964271941,5.82887822370365
810,148.389614030598,0.00262694855462912,7.74692446099997
811,185.232282635422,0.00060286238357609,4.7791113321169
812,158.030712232709,0.0025831716226744,7.3756843858424
813,162.552478882222,0.000577823267065915,8.0416082517333
814,177.375805342105,0.00186126854961058,5.32609596982397
815,175.873910440055,0.00297470087740901,5.68942684897884
816,161.219798972216,0.00117490595815392,7.8781831038252
817,169.671954392195,0.0063573204317037,6.30021379985928
818,164.320812537379,0.000257296713568764,7.19252536764149
819,161.358246691429,0.00543107874793455,5.87803579805657
820,165.910834886714,0.00126411215832605,6.50273176767759
821,178.990959394288,0.00139410126625421,4.90460941664481
822,160.934064980133,0.00445788478969787,5.59397512769899
823,168.325493743392,0.000657835900793485,6.16492132745337
824,185.057159559645,6.32527760586283e-05,5.39271325678288
825,149.371266630967,0.000742833664147421,7.45843618258538
826,160.079988565009,0.00150336929383452,6.32586653968854
827,159.015896947927,0.00133481224319646,7.39980174374955
828,181.682100623826,0.00267149109729899,5.67763007453405
829,157.902848656114,0.00108506964440433,6.96462239514242
830,162.253689733358,0.00253731614123567,5.88713438703966
831,163.749067486733,0.00207677853845806,6.75707628946203
832,165.526400169492,0.00315391556140368,7.7143897885145
833,163.201126366439,0.00111674398970226,6.83245884166383
834,172.476763838127,0.00191376532140831,5.47579214905326
835,164.301577007349,0.00509975285163563,6.09916698233229
836,171.265817979048,0.00305197887521531,7.19139518946909
837,172.158683346116,0.00199480591737765,5.46174427573183
838,175.288544583475,0.00393457794284469,4.41759487145141
839,161.304435167403,0.00244661152872865,5.33465537292272
840,173.474891348789,0.00629653385767145,6.14515706071446
841,173.398956007947,0.00223120452154836,5.69610612327294
842,172.634142922583,0.00864283249072619,6.38841408282013
843,161.380450095031,0.00737756212487041,6.00484589350193
844,175.666042523414,0.00134444265583906,5.33653541402483
845,170.928252092933,0.00138422609544982,6.56999282036357
846,166.130965905721,0.00342455216476341,5.51468292539753
847,180.736628718078,0.000780301755958942,5.01329492379926
848,175.8514851202,0.00529332418504983,5.61829612645458
849,154.999956021844,0.00277055018075172,6.48258262325231
850,163.415010461171,0.00490957006590515,5.85239603815154
851,175.102322613347,0.00435009623166043,4.74694933288703
852,171.343327577368,0.00359266332191991,5.62212378776594
853,152.884596858139,0.00435471158569467,7.2409138638364
854,158.877338239502,0.00593438091172955,8.26713414026534
855,167.025351331359,0.00126292279913707,6.32615128026502
856,165.026591534911,0.0118147768848796,6.98710183009878
857,179.381357759213,0.00478870832588459,5.0748436975124
858,168.304788479971,0.00640102138109086,5.79008424212254
859,182.580486048892,0.00190695448711499,4.75678554597777
860,173.144855213514,0.0149011756721216,5.34147032007928
861,166.419413327688,0.0018075442688063,5.17804254920783
862,168.676250768162,0.0001989500745705,6.84131643580217
863,161.004054840419,0.00279369045522039,7.44688859465734
864,166.812114525137,0.00270834433232311,6.83813309128393
865,149.641775417952,0.00630905346684273,9.1011221860149
866,171.165519530842,0.00249208202809098,5.51680167012681
867,171.821200007317,0.00372862203034706,6.36873310292561
868,167.889659915512,0.000364896211240758,6.68718650749826
869,168.867420500387,0.000241013774513431,5.02086607961998
870,176.854430530686,0.00172437846235092,5.24857720243478
871,164.879324781578,0.00392650083230158,6.44590305630348
872,164.494288418344,0.000474657178515004,6.66000926869027
873,177.397852173782,0.00153451915444273,5.85462282292751
874,171.080561568757,0.00208526308352254,5.71542261149721
875,164.124058953501,0.00315530395703067,8.3846582642016
876,153.76481985839,0.00054766125199568,5.29248121619163
877,164.465745821298,0.000651202825826876,5.70845931664872
878,162.94178465553,8.63070870320588e-05,7.05836142711628
879,143.319208695077,0.0100820023637825,8.39489212322154
880,175.774724161916,0.005523686195411,5.33062143633865
881,184.541510482546,0.00176886980900862,5.60601775049147
882,175.656210122223,0.00275829350976919,5.94040679531333
883,172.038588796105,0.00745283680770608,5.94917662664496
884,175.388468355016,0.00902099296057974,6.13530773291338
885,174.432446640292,0.000261653614623969,5.17414312580296
886,176.941354320351,0.00277629470212209,4.72825096311686
887,163.021427589131,0.00500655320535745,7.96028225003676
888,163.520417403826,0.00646763669202484,6.5535700299851
889,162.206489346384,0.0028847049952601,6.03481261312553
890,169.5409196445,0.00190996532868074,7.10013881601782
891,179.896003435559,0.00526779566578904,5.49936154715982
892,152.10867365019,0.00294881281689072,7.9434967289794
893,152.097972649702,0.00204567543088652,7.59220036474737
894,156.534655012387,0.00373429120344579,6.56844065115008
895,167.150473245259,0.00119131839517756,6.82047093586085
896,174.228619477205,0.00287318923096838,4.88048404429383
897,171.296920872018,0.00280599798393791,6.68283006854311
898,183.583227974753,0.00766766691325315,6.13407839914344
899,157.98770891425,0.000347622865520938,7.32512782888256
900,175.425612324243,0.00193364703572839,5.00300362226149
901,170.690579339689,0.00244279931930317,5.19160001447492
902,162.475936500411,0.000427014306645009,6.27649992869221
903,166.182306094813,0.00116213634644448,5.76872862168031
904,159.174561784618,0.00199383083591144,7.76643844785365
905,183.103948692225,0.00429460684488237,5.37085292244157
906,187.721914074821,0.00164918322821372,5.2392989350039
907,181.451631905654,0.00676511669432353,4.78488740680397
908,171.567771100676,5.10152428556004e-05,6.44389719208843
909,180.073214271693,0.00316423431777424,5.32624840824317
910,175.851120644445,0.00216690534584418,6.80562209855278
911,163.819561242758,0.0036235289137701,5.17623001536625
912,173.103585947206,0.00553807605638729,5.63105115081725
913,175.016304434442,0.0077459047253849,5.86145467810809
914,163.449314592491,0.00357867459052704,5.47289541096605
915,163.618886046402,0.00138600857356128,7.35231326787284
916,187.904931216176,0.0116107512309321,4.65783295861176
917,171.426852929813,0.00139833257805004,6.32028749781401
918,158.03018030308,0.00400555792644978,7.18030575161728
919,161.888166945302,0.00125121126523765,6.11026855297604
920,171.121696260465,0.00209527927645675,7.30666714013141
921,159.919027355332,0.000425582200434876,5.82065844162927
922,172.573400222054,0.00700288618781009,5.83478648410356
923,175.714365455842,0.00190832777718208,5.86797810603011
924,179.828179035024,0.00536016013046527,5.66195780463944
925,173.464119140608,0.00245791215902157,5.84833934964973
926,162.232400933023,0.00669212674977401,6.21851270160512
927,151.814282910267,9.11447719156653e-05,6.66568637566702
928,181.594702072668,0.000833483494036207,4.32678601826904
929,164.109480715753,6.14127668208302e-05,6.61857192128996
930,160.140777694884,0.00236222752908086,7.36818264921428
931,167.324829595719,0.00148302423262669,7.39765209087111
932,169.750295803346,0.00189848618994729,5.70273442872334
933,166.255959146249,0.00129938715507679,5.46029693672126
934,168.879643617204,0.00654605250939554,5.91327503408592
935,159.821644031186,0.000325990828658607,6.74423533883403
936,155.517375483159,0.00192451152478867,9.08372245805691
937,166.722377621741,0.0134249859940595,6.01816751583564
938,157.476361653195,0.00629319591487005,6.44633914293427
939,161.795220501821,0.00155824152037907,6.17346728787409
940,155.679576559541,0.00534203898918062,7.1041835824806
941,168.74825266758,0.00164384299232727,5.17438541690263
942,168.111687898701,0.00316257130904691,7.45468260831928
943,163.481699041589,0.00072545593350069,5.76995749834642
944,179.000105319759,0.00355370725965391,5.46913098649025
945,153.659938615217,0.00289790090106102,7.69392518829354
946,166.134399644709,1.74040267558732e-05,7.40591046343415
947,164.152271162397,0.000331889820095497,5.80845153867707
948,169.436051555743,0.0010934481447305,6.40032851000217
949,166.505039772665,0.00338155224963114,6.03878566048168
950,159.198386588696,0.00298367996600396,10.0096864704659
951,174.27949044917,0.00609195245291613,5.95479743190091
952,167.317910287491,0.00110865933686554,6.47352347568065
953,168.991758531437,0.00305229019013968,7.08597405506108
954,167.735028375006,0.00206313977457352,5.45569446490835
955,176.154442237639,0.00202869406665415,5.76749884342915
956,173.315632385029,0.00076025024776024,5.48739483833385
957,174.939032159981,0.008481977894677,5.18139912893698
958,169.333174727098,0.000150101832347225,5.13341910216619
959,158.595236039567,0.00254270320355117,7.15367406906806
960,161.748410475172,0.0057849083126278,8.34728413520349
961,178.839939882059,0.000823264774322499,6.25809038019205
962,164.068967684462,3.32166064763691e-05,6.18835263470135
963,162.436858417414,0.000638051599861596,7.3596199878564
964,173.827672434922,0.00385299383467025,6.15045243462663
965,170.05665728896,0.00358306843067469,5.45162162735713
966,162.460594328085,0.00845784084547556,5.51750394685411
967,164.198164542923,0.00207377009319142,6.25842838900692
968,162.543070304757,0.0100299813371196,5.91658255478381
969,158.350636382871,0.00246712865369115,6.21170431806233
970,153.807616816099,0.00566285112553654,9.29015417373487
971,167.48273541789,0.00318535966515653,4.92679348406938
972,172.676487179905,0.000124786165703507,5.25159420006626
973,156.377237505082,0.00153192154741381,7.56190781626401
974,176.482365676292,0.00900443556814838,5.11586577439295
975,176.820315117103,0.0014313425942446,5.02987650323086
976,168.69602719638,0.0066184968491027,7.94516707561539
977,163.769247108424,0.000115511872766132,6.83897535497704
978,159.339899157066,0.00198977567429399,7.5104408947102
979,173.478727279169,0.0035353281308762,5.04643864075928
980,166.444275790834,0.00219953845302238,5.9232602080245
981,162.816957043541,0.000583838478522378,6.7210980680659
982,160.028187670163,0.00341787105873249,7.49481721628492
983,169.555050593858,0.00016100865455754,5.77611512673789
984,160.411748860315,0.00680887227776733,6.97611937311686
985,171.720715460105,0.000871631210379827,6.10067075658433
986,156.107702559096,0.00416937200288461,6.88388478259411
987,164.024095893326,3.84109016143588e-05,7.48898037151536
988,154.658957834512,0.00547732893329253,7.22033906711111
989,172.232434280207,0.00019915611448267,5.59381901693304
990,152.539654966487,0.00071917164870301,8.52404993096334
991,170.48508069408,0.00208693455290196,5.61859743110859
992,181.613247743941,0.000288731318889481,4.72493532495563
993,154.79552793092,0.00139877031216462,7.84543879055217
994,167.089975253833,0.00662909554715656,5.28479143234511
995,160.068618727042,0.00166402190038994,7.32579654096316
996,169.678182123376,0.00892207586826729,5.7286737871058
997,156.885956685083,4.55100581047315e-05,6.0201298335565
998,172.398093009721,0.00628372859966733,6.02317851835778
999,141.559261682628,0.00184362433459794,9.97544459979942
1000,160.874167679933,0.000296986379826309,6.6744956403267
1001,165.142120700536,0.00385502108831391,7.25707619866706
1002,145.401700631123,0.000566816514646581,6.51200325722687
1003,178.009718310877,0.00217213292970495,4.96588181935898
1004,166.413938140234,0.00198521585688641,5.68326111412782
1005,175.885458556956,0.000432988715171292,5.1569249830715
1006,163.174212497445,0.00371268433549386,7.80014764334277
1007,160.233794780484,0.00183443214743247,6.41582462583728
1008,168.37627508182,0.0033169404454643,5.56429392505878
1009,156.72597676243,0.0031972408665113,8.43054301951927
1010,157.713214575195,0.00260840769532628,6.77544410615005
1011,165.347568971433,0.00321033361404464,6.22375203733879
1012,169.606307779669,0.00111744709646708,6.51546289874195
1013,183.037947055893,0.00620882750857047,5.02489302040203
1014,173.111319758828,0.000249923439978144,5.82889086062915
1015,179.344337358883,0.00459658554827776,5.54705456490934
1016,134.91717973184,0.000687175232185478,8.43302813621743
1017,180.330009632815,0.00376388931091791,5.46713927462818
1018,167.565937498649,0.00291212313731599,7.0115742584876
1019,173.43106780571,0.00155738924872497,6.79115895211724
1020,162.535830088096,0.000594802541486773,5.48794401633101
1021,162.828221235527,0.00980894665850417,5.91472611268575
1022,162.682516602432,0.0049653653450071,6.74381587968423
1023,161.564932194325,0.00177319926489197,7.45700257899211
1024,178.280516039593,0.00354694649403457,6.0871474350443
1025,171.057966571497,0.00244313411387148,5.75785627326875
1026,172.944209128108,0.00018357914167163,5.07380187964082
1027,160.880390382388,0.00040496239281119,7.24142716152805
1028,159.86572111124,8.47538576521591e-05,7.47065845892233
1029,168.369108674833,0.000301250576555554,5.3857615606288
1030,163.485483705173,0.000727816522566033,6.65034624081425
1031,144.611126175657,0.00174276228961941,9.31294490880336
1032,163.879754072771,0.0125864742460325,6.60647896371455
1033,166.849627656701,0.00892494439603679,5.91964668317657
1034,177.497781985406,0.00109111323350008,6.21314445787744
1035,172.174813647429,0.000530585363873794,4.77400440552069
1036,172.67866307961,5.14915043608306e-05,7.6306673698557
1037,161.850764274492,0.00141729855786746,8.72457223667606
1038,183.028253613553,0.00411970465500397,5.10586287580822
1039,168.378098962655,0.00725172919540218,5.74373614966866
1040,158.013283851037,0.00224814689781382,6.63135708781349
1041,167.915939461764,0.00397772335123141,7.1634409641097
1042,175.627450108176,0.000745528984216423,6.03656033742388
1043,177.832565511824,0.00253106796451762,5.8732894959495
1044,174.947129026256,0.00312058462515519,5.07630194120343
1045,167.099287209374,0.00248124763739138,6.64275101016456
1046,170.841932547204,0.000454696701466729,7.03934151175789
1047,180.535612795295,0.00841692969301282,6.45000362368019
1048,164.374543338233,0.000287293841123849,6.15889430348223
1049,167.585461694429,0.000771858000118644,5.5620065329477
1050,167.252390847945,0.00357522393048583,6.83211831638147
1051,176.254220677329,0.00585164302355315,6.03237828419297
1052,180.199014148105,0.00276760992042407,4.86508904247665
1053,161.97106539961,0.000523727052115512,6.55563040169566
1054,169.327873494239,0.00123442042906703,5.83695072723878
1055,163.32041708978,0.00301405552374942,7.24028197667585
1056,174.067525022203,0.000638323533845792,5.7448799068274
1057,170.407722659719,0.00894015905985832,5.65956390388337
1058,166.889807847877,0.00477838294202905,5.96689110673018
1059,159.865608819198,0.00236359543879793,8.17265114436629
1060,158.788140563068,0.00155685784399936,7.29068589109699
1061,172.222475235173,0.00102444993125128,7.75889220122812
1062,172.461816471481,0.00156429846600951,7.00689691427444
1063,171.376363304211,0.00888959246839293,5.07463002046225
1064,177.832841846604,0.0065371182019856,5.49309708053412
1065,147.311534514873,0.00162563724756965,8.31545453918751
1066,160.186570443343,0.00389827291975953,6.74418449090811
1067,167.617511916131,0.000162703238708433,9.09191346393365
1068,172.714040587448,0.000745697311004803,5.04712126216384
1069,173.283272134379,0.00276204902464483,5.1562578737431
1070,173.091873827182,0.0103668016076881,7.22999389399437
1071,175.156849117605,0.0080856359709811,5.63233406147652
1072,174.760408350014,0.00833944828754971,5.87945188369941
1073,169.03870299249,0.000287222494089232,5.76948722471328
1074,171.406966474934,0.00176677857781903,6.44546841998479
1075,175.550927021236,0.00446269314079167,6.9333665824021
1076,150.433390875544,0.00456883707466052,7.13719887206199
1077,170.447579485534,0.0030823880917825,4.8059078132461
1078,174.329132166509,0.00262513677226603,5.16633059538403
1079,160.574340066663,0.000583950947965716,5.64105503923841
1080,176.4131188826,0.00208448547099892,4.77437809903615
1081,144.227644575214,0.000372999921660065,8.67521925196142
1082,166.703931602874,0.00275399122708886,5.50201555036574
1083,175.866050432272,0.00359698172158385,6.3620837332509
1084,163.00180969795,0.00278353359141995,6.69640424814101
1085,172.386587349405,0.00376233069898534,7.23551482069652
1086,183.600207727939,0.00147987597554958,5.26986090099293
1087,164.682978696102,0.00173303967382751,5.63666455009463
1088,163.391220926784,0.000143728376896078,8.66676630872687
1089,163.784307935655,0.00144646723959348,7.15296861941271
1090,158.124724405297,0.00125752376806193,7.73302811524937
1091,148.625374274223,0.00100378149179969,8.38722163687163
1092,159.808833957982,0.000311988991390564,6.0179058273736
1093,177.869467449606,0.00327230667601976,5.5839462965189
1094,167.594316288216,8.75552008356933e-05,5.84428252253329
1095,157.901038210069,0.00133104231361667,8.28218961628529
1096,168.932969915385,0.000204454041365427,4.96373025159901
1097,167.695864888382,0.00062071090867543,7.65974095219399
1098,164.07825302064,0.000404414325637749,6.3148832105155
1099,167.050142941579,0.0022034587761792,7.49931925997422
1100,171.610016579192,0.011356903356947,4.81503753392833
1101,166.631083723063,0.00243482743989747,5.38785051286976
1102,157.23775158141,8.8926137001939e-05,6.80688177060713
1103,162.991008671079,0.00574845423541545,6.29917225311776
1104,184.621642542423,0.000815987838709675,4.96812531865672
1105,169.846237039507,0.00048016410656012,7.1780691724493
1106,171.938842704884,0.00282494351215699,5.98099945265679
1107,162.51920623475,0.000243231582516558,8.13465360657993
1108,156.701891494698,0.00729706891251566,7.07763491131266
1109,168.28604495339,0.00111427137640038,5.8493947666861
1110,173.02343266894,0.00724692258281392,6.10112324898004
1111,160.520342381347,0.000227569634922335,5.3524405217029
1112,159.710001555953,0.00662651501632353,5.6817620843788
1113,165.8220828826,0.000937539388217459,6.7256408572139
1114,166.559279462514,0.00399027543010302,7.28292526719413
1115,157.857675998143,7.06720734825742e-05,6.64689340617935
1116,157.013798527599,0.00186133259787143,6.76510265541527
1117,178.258930901249,0.00189922485535682,6.24565986331634
1118,161.589121550378,0.00220162673239638,7.18544970895073
1119,157.586193980511,0.00238890648963962,8.13975987704271
1120,172.546695019659,8.2382221545953e-05,5.40792987895992
1121,166.392031233214,0.0019324858039954,6.81055235454757
1122,170.10158224054,0.0009807407316306,6.70138233737598
1123,151.509355101719,0.00113919664182433,8.01891599230853
1124,179.86181864274,0.00118544818131603,4.16565952967236
1125,171.025457920931,0.00191582383495083,5.84539591560962
1126,163.250809846659,0.00281254752331642,5.94354054396643
1127,153.101958388088,0.00187265793811706,7.41263933695663
1128,150.637052696048,0.0033957220338119,8.07631658081571
1129,182.122120394039,0.00435213993050127,4.95586830326572
1130,176.986849672804,0.00423976410652669,5.26183365399117
1131,157.900380884038,0.0040768255117597,6.58596546414704
1132,149.200942801718,0.000205952240134272,9.3245050939542
1133,167.367730179499,0.00452812335119765,5.1475383216431
1134,171.146316328462,0.00270924150179476,5.17870090158547
1135,164.483014028054,0.000392790128778901,8.30469596269939
1136,173.79897366269,0.000354993350451263,5.46323171768113
1137,157.502590273774,0.00229552375855855,6.32538601865168
1138,164.982304300793,0.00143735427666831,5.79752408287578
1139,145.725898696856,0.00156094096208778,8.73331892017544
1140,160.805887200552,0.00411582386965178,7.53002279883339
1141,172.190728139174,0.000410162004881954,6.05348920636365
1142,159.403999479837,0.000177521467435482,5.71817942709557
1143,136.447032531716,0.00659092774282292,11.2429437168783
1144,171.612243570783,0.0067728549282081,5.18833249441482
1145,152.127209864354,0.00101876569739118,9.07727722805895
1146,166.137522194426,0.000622305297235329,5.77777188985932
1147,175.992505422618,0.00107586383422419,6.11895756989612
1148,163.007123117759,0.000703055486149773,8.2894656261962
1149,176.38367572311,0.00255220972066077,5.35764904980166
1150,163.595808153056,0.00249298826829428,7.63468490735802
1151,160.529070046541,0.000420445671951311,6.47486440755345
1152,158.061799116159,0.000139099021773206,6.31795496303741
1153,171.377901861762,0.000711554938521832,6.36838240742194
1154,174.023680328275,0.00479723921433841,7.12455410881953
1155,168.928678515994,4.79768625505474e-05,6.13437839895351
1156,164.591929912948,0.00465055813479792,8.90928899314985
1157,165.475416730254,0.00126398883072457,5.84932541142065
1158,174.709714543342,0.00424868009434909,5.89339853916334
1159,166.650295086235,0.000384908776967936,7.3389868019209
1160,163.77966490757,0.00105644480101159,5.52081178585135
1161,173.561029239602,0.00147179778832042,5.7270580666271
1162,165.92956200916,0.00024052772092016,6.3385783397136
1163,163.623239423701,0.000113293718578712,5.77198724123754
1164,161.867665230589,0.00353889263595042,8.34536380039586
1165,162.852642077925,0.00320761036937408,6.28154461057622
1166,151.898263785819,0.000704061720297013,6.80029556315039
1167,172.656168075541,0.00116098179405647,7.65423182767952
1168,176.757222540917,0.00369569082000368,6.32179406022715
1169,169.168541289248,0.0123219658031568,5.84822621581154
1170,152.237245017339,0.00131876973061583,8.28332237431494
1171,175.012850215305,0.00427020470946054,4.74755021970691
1172,164.816771408095,0.000318391708897423,6.33867675229866
1173,148.660579708971,0.00380518548748445,8.09974104239632
1174,160.408584155738,0.000828480660253213,7.64707676777117
1175,169.574410296928,0.00015515110574529,5.50702177866518
1176,177.318770406849,0.00258199486135092,5.24378708487199
1177,170.901747701757,0.00703295267176322,7.31383048349108
1178,162.092617467579,0.000547155716073704,6.38157009169935
1179,160.100401465494,0.00193147258465624,6.4998412488364
1180,184.137413794267,0.0219390517504041,5.19745140116575
1181,169.204137418096,0.00315183727385976,7.64298227907764
1182,170.521272729562,0.00130253849948592,5.95302828335917
1183,182.454006965078,0.000628801782855529,5.33245310216422
1184,181.918600262741,0.00263374529136721,6.16211486985236
1185,153.604623460043,0.000386069334386692,6.16561228274947
1186,161.734063339992,0.000424088901998342,5.90034637699494
1187,163.982068914596,0.00556346454049006,5.800149043176
1188,164.73852328018,0.00725589091511573,7.59997818810055
1189,159.7509901109,0.000310653024269367,6.44925103134315
1190,170.302381884068,0.00262256155248605,5.31183714526073
1191,153.166663711673,0.00178166735941174,9.29397594045949
1192,164.354784139834,0.00416233648676249,9.22925085188206
1193,171.294488223015,0.00332887246997746,5.19984860336853
1194,162.241490242586,0.0022970473021714,5.8265141010892
1195,184.929751947964,0.00203915539620035,4.76841268856336
1196,170.560995834632,0.00309730745375352,6.19364964409063
1197,163.228408975167,0.00537324702702791,7.33770701772728
1198,172.8095811228,7.00516840424618e-05,6.83401351136627
1199,158.752447553603,0.00458146930409344,5.29030612305657
1200,163.136115874278,0.00042934212423732,6.09153167221143
1201,171.772480800886,0.0044996371240485,4.75620270280354
1202,162.637947876845,0.0034106180553882,9.68088245587497
1203,164.51725038468,0.00861407279236615,5.97641604020382
1204,160.195992895252,0.00724472905723756,7.9159990242384
1205,182.068027667962,0.00222765397600474,5.12626455385791
1206,163.549742176506,0.00559690948748926,5.48486004897939
1207,155.06706150755,0.00173317882661994,6.50538557564425
1208,176.379392889335,0.00370147793906206,5.60640361132454
1209,152.642315837587,0.00287677963987262,8.25684594521478
1210,174.628100344663,0.00025939977292877,4.66754909679937
1211,163.272746533895,0.00112809688430388,6.25330847050079
1212,179.480100987906,0.000381372639124944,6.28612441923439
1213,172.912793331435,0.000972451055062241,5.5182041184756
1214,164.542741399627,0.00207504330204671,8.90693103113374
1215,166.223854803129,0.00255455923951914,6.80869464404257
1216,163.053643710747,0.000704848373854755,6.55691139558434
1217,159.302773948941,0.00841370465685814,8.46270959573184
1218,145.779644269541,0.00165485246675564,9.2192549638974
1219,159.369705015279,0.00379502063338753,5.7297058903577
1220,162.470159716837,0.00693129646135817,6.93917803914301
1221,158.660759101597,3.47279047535709e-05,6.23868346037889
1222,158.167466020083,0.000227837087789264,6.69264967522634
1223,159.699292280023,0.0010865380279702,8.05096952782283
1224,144.713363678749,0.00163506500115622,8.7816992267569
1225,154.108211700069,0.00328950147292585,8.09517008178521
1226,170.585250344678,0.00391950380271014,5.20401328393946
1227,180.25295337509,0.000373516919786653,5.08571423332091
1228,161.764349182877,0.0021597195280186,8.31370008840677
1229,175.584240067935,0.00402310367538675,5.36808948524499
1230,174.226126085893,0.00269226118423103,5.57827134537794
1231,156.636086427163,0.00468169467221842,6.95621395328577
1232,160.672489378706,0.00178403895329717,6.9456902426081
1233,164.015208833578,0.00294132776640965,6.79658876445517
1234,170.6196855885,0.000807886577028867,6.34373715205333
1235,157.932354097953,0.00316175479204151,6.01403583778381
1236,177.733767624126,0.00779752528187438,7.19605378940404
1237,171.812474035482,0.0124600549009016,5.00565932956563
1238,167.700521343005,0.00212345346401723,6.16756638377344
1239,173.518016853278,0.00233527296719296,5.44457988043729
1240,165.657878832652,0.00168659506826043,5.99841677755828
1241,163.404912343488,7.23803721667101e-05,7.78612922803003
1242,173.694167602735,0.00219423849593937,5.5028516721837
1243,177.577802430102,0.00520968649280382,5.47550669896712
1244,175.842721414264,0.000997181640094055,6.05433567632907
1245,173.378525151532,0.00304143421492468,6.12544367224345
1246,165.515356775263,0.000449365555139001,6.89201714766296
1247,163.98013712625,0.00269878936091666,6.99542490895534
1248,167.903094063115,0.000466144373734574,5.14814974786585
1249,169.395802789451,0.00169009550036609,4.86886190892521
1250,180.90212557443,0.00648371301017162,4.65221284833326
1251,175.686368421656,0.000821424652655932,6.60301039944595
1252,179.953509780154,0.000692674691069766,5.08095305074254
1253,171.607327964096,0.00261663294965905,5.77073842685374
1254,184.309169342218,0.000593924917384477,4.13365368795564
1255,168.599921960173,0.00590988023098016,5.59028575834055
1256,173.977387274385,0.000736596129666141,6.96085161277243
1257,168.383516220047,0.00121039862174246,6.10378440455517
1258,155.788424999526,0.00466380007650397,7.61187542409848
1259,165.696287114876,0.00164096680440438,7.83600832803898
1260,166.909283454391,0.0049990052918667,7.23214190832724
1261,166.452831036228,0.00160418059280582,6.25404061917753
1262,163.150625533244,0.00258844607185592,6.63663709476788
1263,166.610904355403,0.00589066981178882,5.09471587135387
1264,165.367549203742,0.00117500973803245,5.86479762238347
1265,185.652262015328,0.00247651822175067,4.36383315819883
1266,158.191950825955,0.000492856187421213,8.14041921264435
1267,171.640215522935,0.00117686081192099,9.47104166713116
1268,161.877821157407,0.00109272356274725,5.96309789077774
1269,175.283014787179,0.00439063941900441,6.91806508890371
1270,166.94173680626,0.000670481996572436,6.82473799823017
1271,169.080982005073,0.00356489294323722,6.06490751967016
1272,171.428162075803,0.000843031067804024,8.71584700758028
1273,166.263456871761,0.00550002347829461,7.04490335963834
1274,167.395287906869,0.00759218224966521,6.51470486795235
1275,169.917669098575,0.000507338717514697,5.51054326146483
1276,173.59171960291,0.00853643346453204,5.67004880985746
1277,164.258719085763,0.00335925122366583,6.63224868368369
1278,159.787760936822,0.00407188610433161,7.11685854237023
1279,165.807978997243,0.00399593720592667,5.94489155873246
1280,172.933905478353,0.00235673724913372,5.95971715814046
1281,162.229199052739,1.44470149610915e-05,5.97508990802008
1282,168.885468753313,0.00390284531710337,6.26463371390563
1283,160.092394774742,0.00484443000483583,7.64625295827527
1284,180.025856819682,0.00479635699005724,5.28073195287835
1285,190.428323332317,0.000416431927526111,4.90427848747552
1286,160.684196223602,0.00367613909247871,6.55979615344206
1287,153.670155608666,0.00157269696753175,6.34322889403454
1288,177.495178033908,0.00300016414102937,4.80349603902855
1289,161.483403834491,0.000397509536102898,8.73019998168977
1290,171.584381244833,0.00185764996710566,6.59437863044362
1291,142.892019845079,0.0021155043236026,8.3168366106423
1292,159.198102047078,0.00188319473707215,7.18864151097172
1293,167.063724148586,0.004365618955869,6.43334476111065
1294,166.306504241311,0.00222975803673523,5.53548862267484
1295,170.90892714621,0.000247580895314319,5.71408589792813
1296,170.563796720593,0.00160172921815448,7.58721351388511
1297,169.081145036278,0.00343347501950302,6.98338434512994
1298,166.870143821455,0.0012378876322407,5.58651791749842
1299,160.864697957306,0.000902314096828735,7.88606963959769
1300,185.329576134311,0.0151458258697363,6.03606587616044
1301,163.677602692175,0.0017169771907238,5.97758916698222
1302,171.670051782451,0.000572724571477635,5.11955088175019
1303,182.769256105305,0.00495772161671539,5.22524473583299
1304,172.310633049381,0.00385756031018395,5.94600066221715
1305,165.397207606892,0.00307949340450599,7.74313582846454
1306,159.860262110002,0.00289533152001883,6.74752916252555
1307,171.518712074755,0.00115321936265695,6.35147021195871
1308,175.029760549224,0.00185401155307321,5.62613261415595
1309,153.33211222097,0.00118094663085758,8.4746236961521
1310,180.504825387249,0.000876588951989688,5.69549318387867
1311,161.014148197178,0.0129502696807408,6.85483934624055
1312,164.743788793959,5.98755833218954e-05,6.33224041195915
1313,174.174426107722,0.00479493063283517,5.67343464211788
1314,180.092769440185,0.00125273775214627,5.51668650436172
1315,143.393338355594,0.000453770229535963,8.36333374833443
1316,184.019907047537,0.00206323926014434,4.44501534025128
1317,166.623025686433,0.00106449410295227,5.76439934923338
1318,148.117847612058,0.000407847230186351,8.57260927751182
1319,179.251571689472,0.00209448464268335,5.55942146031786
1320,148.065462405972,0.000628427285022225,9.7697129997924
1321,171.52229527075,0.00033865704344392,4.8187052705029
1322,153.1544952229,1.44246013593279e-05,8.12827615559267
1323,173.607811069684,0.0154280358001108,5.22788975268067
1324,175.322153682231,0.00108901575722283,6.33625389064508
1325,174.705605244563,0.00928800715440902,6.28480007037943
1326,173.062725087039,0.0048927048368664,6.57057662445484
1327,160.598915916311,0.00891588995060079,5.87407877789264
1328,180.404521118634,0.00368565881384879,5.13931587632833
1329,160.253892983061,0.00170751362042971,8.1430723672217
1330,147.061072203369,0.0114809385112353,8.65374361905912
1331,162.453017279316,0.000132658881727592,5.97566338577082
1332,172.376777370792,0.00258329685795198,6.65223095463854
1333,159.499489270831,0.00366157980770873,5.75291489988109
1334,183.106877467123,0.0131709095978801,6.2358043248598
1335,163.296649049415,0.0020140817328355,8.44179093968131
1336,166.791679283486,0.000437736517828896,7.06881918979207
1337,168.603166675798,0.00235483633030856,7.17733051661747
1338,156.316382805013,0.00172878018790512,6.97894486955951
1339,157.937276411096,0.00022272526656929,6.42824568554407
1340,163.240661746322,0.00172751471992092,5.25489329171023
1341,167.150828923849,0.00212925061815897,6.15440685075177
1342,169.687927508958,0.00198315941337714,4.68033821625761
1343,166.304226683843,0.0135710781928794,5.86994812394148
1344,180.7115411393,0.000749531442313916,4.88228648582385
1345,174.243153747947,0.00311374954812728,6.1205958163701
1346,160.001725332253,8.62009727129264e-05,5.23393971991331
1347,167.091028802952,0.00354173821910422,5.34589859832214
1348,159.653701729861,0.00710305847030106,8.21069315785141
1349,154.292537525366,0.00252555839992196,6.52947700207135
1350,166.885287882889,0.00162974715027024,6.94554193924017
1351,169.971302666811,0.000883753331012147,6.21151052020413
1352,152.93280280625,0.00309460698033225,7.13489031905019
1353,150.128098841891,0.000438030577269658,9.26821765487273
1354,176.391155842136,0.0103864392413465,5.12450406075722
1355,172.265902978763,0.00716045529977378,6.45642098932598
1356,177.053837003505,0.00518766270964996,4.52164484847299
1357,163.912954419578,0.00102509720191551,6.44675822170582
1358,165.358097172188,0.00058334072258135,6.60775622127748
1359,173.256808305728,0.00328002121417134,5.68048526165606
1360,162.415759456691,0.00135600705504004,7.23178079927867
1361,172.34018289753,0.00372154399842135,5.34520446287698
1362,168.882322597004,0.00122979138871248,4.9555589546709
1363,185.226824593306,0.0027599519955098,4.63121009668883
1364,173.028566622869,0.00840391182549058,5.79566764896218
1365,166.925120487832,0.00060793894729321,6.79640688376207
1366,189.802167280075,0.0033477873011771,4.28715542239609
1367,149.819847377752,0.00901785964238832,10.2191178982324
1368,161.968591967576,0.00146391631854016,8.82790724922497
1369,169.715536752816,0.00544086923566021,5.73196090260288
1370,172.141533398651,0.0042144636407144,5.69172425934927
1371,169.826621237083,0.000946395805307854,4.94160386008355
1372,162.492126202398,0.000949122926269014,6.43726798270818
1373,163.667839334761,0.00209794105781953,7.26575280219399
1374,157.828296674274,0.000510546770093732,7.64306476328861
1375,146.152792897826,0.00101931664775699,9.74877048467815
1376,163.500639674687,0.00195943175955262,6.26583256452342
1377,163.180646270837,0.00277325445755506,6.58807110068001
1378,187.189756126022,0.00219692739651993,5.10776276918753
1379,168.053423538864,0.0028182490290597,6.80148504687986
1380,156.360186915616,0.00368938606353822,5.46600165136815
1381,170.664302180566,0.00460589091150827,5.77915521110759
1382,175.916123172619,0.00104932088670847,5.24116917980954
1383,163.995351736531,0.00238430077776932,6.43127719260876
1384,166.979108243401,0.00127398259050041,6.81687071205298
1385,162.617909204591,0.000145050915848242,5.69977165138177
1386,158.117468380356,0.006062339777483,5.95209725896063
1387,160.452186434167,0.0084541238401988,7.30710525963391
1388,172.78515983849,0.00769121067667969,6.4398968446092
1389,163.79151159109,0.00418910220171017,5.46949745585511
1390,170.456766802958,0.00104168123492651,5.3647782690151
1391,153.407615472018,0.00465341520269232,6.6460957614781
1392,168.071287083763,0.001706896649929,5.15570308826856
1393,178.131382148365,0.00101368892044765,5.98156545085112
1394,185.409766355482,0.00979324775090745,5.0139861227968
1395,165.728337186221,0.00104776275567537,6.39074279102655
1396,136.330081094944,0.00411601044288072,9.03931286026348
1397,157.152115141021,0.0130169288196488,8.38255731168317
1398,156.409453404301,0.000665823868832108,7.05385551718994
1399,153.830661316476,0.00541989045795942,7.74232745466912
1400,173.860355096439,0.00188547440858106,5.97607184940515
1401,177.552975250002,0.000588669628647824,5.30189218902005
1402,161.986261625111,0.00497905229003426,6.58642736417739
1403,166.811579086306,0.00219032795584194,5.33305274178563
1404,172.160489456864,0.000596714665661729,5.52872373370024
1405,158.281903997014,0.00308616575970485,7.67488714594118
1406,170.010148349778,0.000259661910409737,6.96407390952534
1407,171.803241065768,0.000169773668019993,7.19884662650542
1408,172.002932105842,0.00648075650919274,5.87752710466905
1409,157.042672926395,0.00876386356822862,9.32882971640204
1410,165.723131893073,0.000466609686937104,5.73149745740339
1411,165.751634460815,0.00393798723747969,7.70180572331478
1412,153.442151159602,0.000987844494926389,6.38672745757721
1413,161.904286947263,0.012333134408504,6.53410434076063
1414,161.096885747639,0.00072457592903285,7.00692749937105
1415,168.993962079485,0.00367634818084307,5.82288686423197
1416,163.527798273252,0.000123863581167106,6.63338167275075
1417,166.108923543309,0.00210967943389019,6.0588826789963
1418,161.309749380159,0.00645704455002841,6.25208704897134
1419,175.500957927939,0.00346861919542281,5.42230050993412
1420,161.973032448374,0.000784243994453788,7.13607781676325
1421,172.494269403727,0.000206861395350187,4.8570183639692
1422,169.728647336667,0.00139674511390632,5.62499495292546
1423,166.580370914461,0.0061746596800018,7.40854390778035
1424,179.058264584581,0.0104826549101595,5.55589138428407
1425,169.800092253341,0.00030547888436367,5.16422179128916
1426,175.540375308091,0.00201153526644284,5.75168395722379
1427,158.913397991474,0.000382230865239271,7.80198387200505
1428,155.458403540987,0.00447900556981388,5.56874945590469
1429,166.056491172916,0.0021794599071248,5.31331347064948
1430,167.273425296524,0.00368621418304409,6.60318102938229
1431,167.248317856348,0.00451001100000639,5.92606198492819
1432,176.984414301171,0.000295597771618365,4.62504089098168
1433,163.688028669554,0.0017029239248355,8.90628270471603
1434,164.697681768043,0.000796539942088889,5.4572159933086
1435,159.591862035159,0.00925974625024142,6.95273829019092
1436,158.840073930045,0.00274887422247332,5.35372040940618
1437,167.163016819345,0.00246014256408708,5.01549462456195
1438,161.835627995159,0.00809922460593633,6.72996544606281
1439,173.410453090272,0.000257925042782881,4.66966884258192
1440,166.591007421822,0.0028630002486384,5.78417776251245
1441,158.857934338796,0.0046791217125134,6.89943972341027
1442,171.723776282946,0.00492703956186998,5.56213726614044
1443,167.311228989217,0.00369513666452577,5.85757041799154
1444,156.75338067712,0.00128962739699823,6.20069793221734
1445,178.983228775481,0.000654135925154974,4.59045608226925
1446,165.733698826236,0.0048293827108491,6.75974535648189
1447,171.66933900308,0.00721434383740037,4.89789498808996
1448,159.388264586905,0.00224466099563548,5.62837741176037
1449,165.283720391684,0.00568896924621169,5.53174321747424
1450,158.824273923773,0.00039040220250616,6.67194093625025
1451,173.562905474927,1.04228097007651e-05,4.92724735024604
1452,169.41028370298,0.00384573204695744,6.42800284077379
1453,172.498414117559,0.000688975409554445,5.83602632195788
1454,184.555723838189,0.00121489980800925,5.39952455920609
1455,162.706404412999,0.00128415003365643,6.46584236796359
1456,192.36303514414,0.0119087354730557,4.83289138051745
1457,165.720030760538,0.00350373846220228,6.00764273520458
1458,176.118217492695,0.00021174637066487,5.78895859133598
1459,163.57705365743,0.0105291837142908,5.73464240742089
1460,170.812302767179,0.000547093575185185,5.76668083266954
1461,167.370898404267,0.00468433627314737,5.66790303054092
1462,168.495648674998,0.00097686484238001,5.02632951708706
1463,166.49516290453,0.00139306766911951,6.50148615934507
1464,166.010045207889,0.00180339121146766,6.38248748325154
1465,169.093782638258,0.00222478220088823,5.50427687491417
1466,154.468250965094,0.00211130723400827,7.64211716888236
1467,161.929353652359,0.00232568003193322,7.54514779791351
1468,193.964138560426,0.00907043261086154,4.62516343053559
1469,168.349687316284,0.000519931916373754,7.0047255680384
1470,171.665771021757,9.34018529058627e-05,6.43505009927874
1471,168.908103469111,0.00211672543996354,4.7856919103639
1472,157.017371891207,0.000139263069187094,6.61488642499669
1473,162.710564954643,0.000516011587995872,6.90606752750332
1474,167.044672707534,0.000342930482476827,7.22279527182146
1475,164.02459800332,0.00513424028007235,5.79073904392747
1476,170.938018294693,0.000647377159824284,5.97566630369556
1477,159.11918682136,4.41712648246569e-05,6.16414844662993
1478,178.222859618397,0.00111766453631155,5.12893363572436
1479,176.930954159909,0.00475285818174686,5.60558467119076
1480,168.027385594121,0.00153343436031531,5.0276934442675
1481,160.85654274752,0.000321012671089552,7.78515095968703
1482,157.495182595617,0.00468621378841968,6.7011148712297
1483,169.296115105931,0.00202129849694263,8.03826279388722
1484,167.425331885734,0.000861882844004764,5.82469847994485
1485,148.586375815425,0.000382864965886429,8.26213803473839
1486,164.065514201537,0.000510649398688653,7.20458242042926
1487,174.448379911262,0.0046143763458157,6.03982728954148
1488,181.487836739978,0.000324960751165395,6.38947202590516
1489,160.705476218501,0.00209372979684913,7.23360798787458
1490,153.505969335352,0.00182704216550269,8.35275365977156
1491,157.719343781986,5.38969034369231e-05,7.28771063203087
1492,172.637278161881,0.00287004428204692,5.65106162619666
1493,171.285624721598,0.0148588906095049,5.79933662502589
1494,173.068406125596,0.00307042040840087,5.77674404124851
1495,166.882241331043,0.00164209112301707,5.91883665893492
1496,176.673560196938,0.00017758428559827,5.56498507846215
1497,160.146639502565,0.00195394683642127,7.22074318337222
1498,165.924193842556,0.00128948493073184,5.6354216564628
1499,169.380765622843,0.00667729416517694,6.22769032371477
1500,158.602626468663,0.00240376803464717,7.39053802749239
1501,162.928300081394,0.0014248337270854,6.61339955940815
1502,170.009298601919,0.000496642015595839,5.63843151852381
1503,154.111019048459,0.000165606566975665,6.69328694251225
1504,175.11337320276,0.000158383834827659,5.43427250995666
1505,159.587571511615,0.0049920672652258,7.41936685785634
1506,162.744226275829,0.00400133110098926,6.6988131474937
1507,158.457261778755,6.58276320076035e-05,8.52273312765804
1508,170.299895981552,0.000540316307100523,5.90688930184559
1509,180.067237350514,0.003267248929941,5.94466267003723
1510,154.991646921434,0.00129606667202235,6.14801310002398
1511,154.323519593703,0.00208844793588118,6.58259535212759
1512,167.860492116973,0.0118327443748752,6.48503238385656
1513,165.681911807575,0.00193920610973253,7.48951277974035
1514,175.487598892215,0.00362732465761899,6.9808488834901
1515,165.222842409054,0.00161538680430656,5.45699373233323
1516,165.98928719442,0.000208245804486032,5.21857283912932
1517,179.963865042825,0.000170904792229378,4.37997873798959
1518,155.439436919446,0.00253259376986957,6.62894909519647
1519,154.761362665908,0.00229737633582979,6.71864455692434
1520,147.065001418927,0.00574855579961607,10.1070838606278
1521,159.036781750186,0.00226361065133947,6.8701216879113
1522,176.40742386897,0.000754621878707104,5.85588697457731
1523,171.351850513806,0.00298948281533114,5.92625824983855
1524,145.492980212518,0.00231483946082126,10.5711474187815
1525,172.0991445175,0.00392695372459421,4.96874974758366
1526,153.389053970153,0.0132407334361738,6.46715457585897
1527,169.671405533744,3.45113150434756e-05,6.1593460603952
1528,168.91200332945,0.000882790668148339,6.62536080118157
1529,173.345375819262,0.00296981924019902,5.6468686049968
1530,162.490820630601,1.42729050673703e-05,7.49469749858789
1531,168.991826228139,0.00283432848606425,6.52493404113311
1532,169.218708989943,0.000878619855017696,5.8487132823474
1533,166.445426508642,0.00369385008776494,6.12447865272674
1534,178.592884622274,0.00582271780704803,6.43336878789073
1535,175.705741110679,0.00213676775963303,5.82431269142053
1536,177.907015160847,0.00141520379109962,4.84411825635516
1537,162.561114592068,0.00124027134772634,7.68467959916772
1538,167.16270670906,0.00232382858801885,5.72517391635434
1539,169.346756599966,0.00028548989512965,6.03903203839304
1540,159.181407225412,0.00403264673821519,7.23549862407963
1541,159.205029069738,0.00210300668168397,6.66058969705212
1542,151.013973908173,0.00581424409466065,7.25959575058005
1543,162.87578249632,0.000735318364573794,6.39730705616409
1544,170.91337392987,0.00736396168141982,6.37975209805545
1545,171.46736392697,0.00221014296652206,4.70241610842498
1546,160.724334326111,8.77122066196804e-05,5.78378228645539
1547,178.939743569617,0.00295427190626557,5.64804300027573
1548,174.440447191994,0.00536766106928431,5.17634272767338
1549,166.651147132975,0.00505244273237712,6.35509503020676
1550,151.537790995915,0.00140931040612668,9.16847582205848
1551,169.188804602967,0.000247676758319161,5.95048528598459
1552,176.039505609786,0.00115376747765443,5.54627614089045
1553,158.939992694997,0.00624122571904113,7.70471556246693
1554,180.109535048309,0.00879805174174029,5.10995596438408
1555,168.97617242646,0.000984125872825709,7.82596801558373
1556,176.174048248457,0.000146224942593326,6.3097812338658
1557,158.786245374461,0.000826785449895153,8.47054414356712
1558,171.096228519186,0.00281985498728406,5.87242943851409
1559,175.968236254136,0.000362272792223631,4.84760676677343
1560,160.592971697207,0.00199236878391183,6.11957235611287
1561,158.990947403609,0.000608956938606369,5.11870797236307
1562,165.456669555398,0.00343993051275965,5.41545879283664
1563,161.955380590663,0.0205552966712822,7.77660940504549
1564,164.378021753186,0.00023311680556332,7.59278481095682
1565,173.464004881231,0.004341132631116,5.85344291843008
1566,169.687867788002,0.00286782193062302,5.70072118231501
1567,166.173063086194,0.00369109440781434,6.96873224443373
1568,171.60240228154,5.46168619379458e-05,6.11735287285898
1569,167.162083720642,0.00125727858508858,6.48911891173723
1570,169.559889141203,0.00238772424160583,6.61665393896207
1571,167.395280583725,0.00043870701465589,6.05176195699982
1572,149.968059101151,0.000399798035197694,6.43462485320851
1573,174.244152139724,0.00632781577260307,6.81616480682346
1574,163.36719252665,0.00348647262190866,6.50105207271904
1575,163.942515707305,0.00207269160944868,6.7563746431881
1576,164.786859747224,0.00921426216763555,6.15811445102624
1577,159.373374123732,0.00241862448687213,6.35481791261457
1578,157.163061599959,0.0010545373347544,8.6162026992731
1579,167.761902290053,0.000250503942372566,6.79532576694282
1580,163.727825067758,0.00151103690224572,6.67811061813029
1581,165.710457626402,7.67356597501894e-05,6.38994539863349
1582,157.657016808617,5.40538214507309e-08,6.81259338634193
1583,168.278347686084,0.00258118476984797,5.32448466084126
1584,176.185981207491,0.00510188568350209,5.61948582098634
1585,178.040313496378,5.651745191397e-05,5.15293880594974
1586,164.375352724186,0.000338716041758845,7.01919591359623
1587,163.661677426004,0.000183903122502548,5.91639380431984
1588,174.60645568504,0.000681656750709566,6.4729382113746
1589,171.764356296445,0.00642068225515578,7.37956860616937
1590,168.669080220715,0.00743191340112387,5.97397914278832
1591,170.930531889047,0.000236184603198943,5.61259826983937
1592,172.240168756328,0.00312998894921183,5.45523962334623
1593,154.773322097828,0.0179870895185275,6.47928237888186
1594,181.400381290302,0.000604158569890772,5.61335242853068
1595,168.410895888003,0.0022851109181131,6.1626014860474
1596,180.279434344508,0.000832856381573134,5.38044416765659
1597,159.119144495436,0.0034185968920754,6.93189908395935
1598,162.562443401949,0.00627584461296649,5.7883630001687
1599,163.780684204032,0.00860363191828277,8.80939106947416
1600,173.868737229283,0.00808237137385667,5.07556863162009
1601,156.133860746248,0.00276246388792081,7.60155383475378
1602,161.330130312831,0.00202197238855809,6.37751089733335
1603,169.903277448259,0.000457606871013245,5.72382581138878
1604,150.541258654978,0.000110341277656137,7.21838241701596
1605,164.777166465129,0.00290364537690043,6.62188126272908
1606,166.149429702931,0.011744784077596,4.88892775495906
1607,158.608609781702,0.00436659853480368,8.63676237428234
1608,151.768191812254,1.09691420630573e-05,7.00624415715393
1609,179.051821713752,0.00126684060400968,6.54647307313475
1610,151.319184860936,0.00102800860014676,5.75651308047511
1611,180.066546509531,0.00141832304685112,5.77963490218117
1612,175.16245259315,0.0109792274995545,4.83786878624974
1613,173.572034933192,0.000568369079767009,6.00700950096004
1614,166.749768547429,0.0032160339035401,5.81374803149735
1615,187.006270925944,0.00506321186989053,6.18896956538367
1616,163.298838535291,0.000465253351421258,5.4742517336484
1617,162.82957440842,0.00186286475507094,5.35881296918829
1618,180.815448658075,0.00397714604010054,4.72335630709908
1619,165.586960152139,0.00266779997252828,6.25108387120198
1620,177.319536268354,0.000231226844351879,4.81137700487918
1621,171.950693714437,0.000239704836742817,6.18774062509738
1622,166.871131915061,0.00551012623290829,6.12598734767897
1623,166.664959990386,0.00498986798288879,6.54724173842669
1624,167.340018286334,0.000241252773691614,6.23859071842158
1625,169.991367694382,6.20917904376484e-05,5.07835749117224
1626,174.89983936037,0.00643704521320152,4.78954566706937
1627,169.330624646676,0.00262560285436407,5.83552540226285
1628,157.822337225882,0.000694747367077365,6.5745103452066
1629,162.998026311826,0.00195012638037957,7.09125256386426
1630,164.439013593189,0.00131593489708333,6.09223901934044
1631,173.852579586459,0.00116410891454427,6.13471495798339
1632,172.273019890083,0.00378717951758742,5.70707265248012
1633,160.332960819609,0.00132540176696647,7.31144255637101
1634,181.854395258903,0.000350867188429989,4.80122283174936
1635,170.133004206971,0.0042233077018232,5.71192918593582
1636,176.59501348296,0.00149964506669917,6.0556439092751
1637,160.560394905655,0.002798111221064,7.73393625042546
1638,164.682014167205,0.00178020762737349,5.2345355121839
1639,162.974383695717,0.00713962421617388,6.28122635960836
1640,161.376608139562,0.00316154053965575,6.08436820606788
1641,169.768395737527,0.00473036914843415,6.76778191016306
1642,168.43649330463,0.00540185810030414,6.32111434257101
1643,168.770399292432,0.00658277599620007,5.56714095365629
1644,165.348012915632,0.000247800407686613,6.28637407085825
1645,162.197585093119,0.0137933768821579,6.11379559153424
1646,178.064714353673,0.00751831044663206,4.75767712732398
1647,169.810883330126,0.00246895450722609,5.76092199376029
1648,169.853163575023,0.000312368573427949,5.53810628276491
1649,167.624007411079,0.00731677803051602,6.16302004111639
1650,160.217902625601,0.000429127253941141,6.56559907408326
1651,172.120218158057,0.00193074628475341,5.75074050704451
1652,172.767233915389,0.000966441505599026,5.99187740727271
1653,168.934855473266,0.000937284758636113,5.48738818140951
1654,175.500179680836,0.00119420278525109,6.77317381483376
1655,169.389912238893,0.0149348071997483,6.59951349015669
1656,168.775569432388,0.000596280916646363,5.74442245182176
1657,160.231312663222,0.000425508478318299,5.99273726771776
1658,147.72755018973,0.000113369375063384,8.69641585689217
1659,168.037541629633,0.000209922210788796,5.52620781123669
1660,165.206562510963,0.00187381791223845,9.22845137611653
1661,171.944720298837,0.00294639435788303,5.15568395792953
1662,177.000396382316,0.00255954869988956,4.27689258591306
1663,169.946532613374,7.82208498755785e-05,6.00315721987075
1664,174.002731528967,0.00762561409627732,6.09466624168888
1665,174.405516443091,0.000974743283656184,7.80563985792567
1666,168.231361814271,0.00101593598344825,6.31082238516499
1667,152.718385925569,0.00171602538633112,5.68656256279674
1668,177.51615242785,1.97703104527052e-05,6.20861662933888
1669,166.810495699392,0.00121052927419308,5.99060673818642
1670,183.898208226673,0.000519904750915026,4.81352225096681
1671,175.450586997688,0.00314527007885599,5.99797850967681
1672,166.987167560755,0.0095176242788811,5.29074321706179
1673,171.211080975513,0.00474871389065733,5.84336768474465
1674,144.376054859645,0.00362983404301515,8.91098276291059
1675,171.276630071216,0.0022156167081104,6.30064534820809
1676,165.10979124557,0.00131613105114633,6.21679067806742
1677,176.610688414351,0.00262596268005522,4.54196485885741
1678,163.394130652557,0.00271058286681295,7.79421074469167
1679,174.110794995869,0.000699475385894659,5.62481405536278
1680,162.559704813435,0.000700411135203049,6.28588752363624
1681,168.140049010594,0.0059707839364821,5.73119709525152
1682,174.705205165161,0.000104113308115937,5.11262400027843
1683,188.30713023319,0.000100597416779404,5.25740081612522
1684,181.571303188144,0.0100837331621409,5.62216171749605
1685,166.724612856255,0.00199742891740066,5.55530493896583
1686,168.733418786448,0.00399803334801381,6.43534934700632
1687,181.792376197927,0.000234592546092528,5.19282034207361
1688,165.27327273889,0.00528557377819476,5.25058461475162
1689,178.778312263136,0.00200835724011656,5.68467138318983
1690,166.027963404785,0.000891924806817341,5.83636953861971
1691,174.21097010364,0.0128777690073941,5.31547700311104
1692,171.596868918338,0.00428728367889266,6.22726149933421
1693,158.022678522562,0.000746310847042714,6.41002286344957
1694,167.172795676464,0.00172220098212589,5.75519204211188
1695,171.54863674499,0.00335874829593314,5.69102905364495
1696,165.016919267432,0.0048669236867756,6.85911517600915
1697,171.12166049827,0.00711742749775162,5.74386546776936
1698,172.290239248701,0.00353721466849925,5.73744067184317
1699,162.245505280749,0.0130255312586574,6.34253686404231
1700,166.553281588221,0.00199407206867748,7.07139937688798
1701,173.280256072831,0.00110341549468089,5.65042938996725
1702,173.954436548339,0.00376360339765748,5.52864627958967
1703,163.632806933935,0.000745042705285338,6.33211496137143
1704,163.716745077627,0.00128536434166039,6.20992910293495
1705,173.178248149458,0.000289731810870122,4.73351338110381
1706,159.985661699543,0.00204538721482964,7.02462308403838
1707,174.154232333137,0.00172676555150688,7.28645620323086
1708,177.167171611274,0.000242707252679046,6.58209777168671
1709,163.088285117181,0.00424881259136098,5.9976788376281
1710,172.495595466064,0.00521291265792358,6.30827321528473
1711,159.350893338866,0.00079349934081208,6.39766977483771
1712,183.191173397553,0.00175389749649911,5.9625975566429
1713,178.370967531334,0.00637527076443371,5.69326604401994
1714,180.579626940077,0.00236798830686966,5.17215095077614
1715,175.938288265917,0.0249190726245447,6.19057153828645
1716,163.124594530806,0.00161656878989697,6.5820746209366
1717,179.225953465345,0.0160287402730404,4.83508562894977
1718,155.344725916966,0.000730532229905704,6.59518045108738
1719,161.003207085629,0.00418064123802064,6.67545417786999
1720,162.039557293005,0.00238486305012173,6.70840759422064
1721,158.450860613632,0.00179229762593858,6.56606431326206
1722,168.796290256652,0.00491134501872481,7.06071462605908
1723,161.805469239561,0.00246433723413391,6.08464489576912
1724,176.630363398691,0.00107339232819145,6.20255942617423
1725,168.811685365119,0.000708167565881855,6.33380880958021
1726,158.398745740656,0.000320723957642756,5.94120652766357
1727,167.855618783198,0.00404960059684062,5.82062216643055
1728,183.873372754275,0.0138176914098265,5.10306577811846
1729,175.137805618902,0.00243669374301185,6.03381741215558
1730,160.524278773923,1.48660251924044e-05,6.85352727989225
1731,147.668657256682,0.00170907639478574,8.11322167152707
1732,176.603844951188,0.00109907592885134,5.60963754521463
1733,164.676130796616,0.00455637021848657,5.77455375605731
1734,172.650751396734,0.0110927716458436,5.4044967245645
1735,167.042424767993,0.00153735100465505,6.95278765244152
1736,170.742102062953,0.00376460103248893,5.45082103710966
1737,156.167085205139,0.00192098507765,8.15078400977783
1738,170.958553546603,0.00469513842380078,6.25814913797669
1739,161.40635504872,0.0101563658366847,5.3957538717326
1740,149.374815610469,2.52334826683225e-05,9.00353809302882
1741,172.656771051072,0.000855806125656302,6.15494816925019
1742,183.154517211984,0.00345356502497908,4.97648644964023
1743,170.216868079684,0.00312911950115518,6.23010932171769
1744,170.021974319156,0.0171765932792853,5.95556040449666
1745,165.063028345702,0.00157366076832881,6.07897022187974
1746,166.63429115321,0.00210510609738823,6.48338998219832
1747,158.38509955821,0.00588341320159345,6.30896308344841
1748,165.695529255643,0.00128561556783883,6.05774640509793
1749,161.197560533784,0.00548687531066941,6.52435009594746
1750,164.846736858109,0.00486795417276017,6.2572917735457
1751,167.812339477796,0.00602430358998625,5.70459319278966
1752,172.358416714165,0.00179547162029966,6.25723456703641
1753,165.10924595362,0.00275532863140852,5.82115146384321
1754,161.707565477201,0.000665999161779301,5.30624265304864
1755,176.800456353499,0.0052269608751857,5.70919708864183
1756,168.568393106082,0.00804958005543258,5.07956185048228
1757,160.485543165828,0.00209044800868746,7.3092721923948
1758,167.723500543231,0.000278551226573951,5.63597324762856
1759,177.498935728424,0.00224143955470109,6.55735049250388
1760,159.464072766314,0.00343327476889985,6.70548658266812
1761,169.279410048118,0.000686355214289275,5.64612752010354
1762,143.111649136434,0.00452141186790811,11.96439254401
1763,153.889627926417,0.00145203578451313,8.68746372227207
1764,169.755793693614,0.00312544146906878,5.61118792684992
1765,164.178530369189,0.0029375471770927,7.25464150445443
1766,179.163010197636,0.0016031264403109,6.85531238118046
1767,156.077894405119,0.00213104652302104,6.2551377630989
1768,172.552875162425,0.00162145348587032,6.08951229253448
1769,166.900929240159,0.00170879275051598,6.81899893307141
1770,163.026602190755,0.000857525484951743,7.12147927750027
1771,147.081094729987,0.00181867454307873,9.93949369155348
1772,155.397605564346,0.00175758735317266,7.797496271109
1773,163.887778670653,0.00662410282895915,6.23932013309719
1774,168.482290849656,0.00100537031075208,6.56849599083632
1775,167.529544760666,0.000105478196741808,6.41003599244993
1776,173.752224829696,0.0055827923594823,6.0763628116953
1777,162.974825074264,0.00341624607281337,6.01969023547548
1778,161.086010362763,0.00317080928931404,6.8911289170255
1779,155.092667898263,0.00124057039074902,7.96824120871483
1780,174.59297069048,0.000292077655581702,5.67766232304326
1781,166.982955592021,0.00044417621360971,7.48505456840403
1782,169.828748754192,0.0019828646092021,5.83830024263665
1783,174.705904064721,0.000708823751679259,7.65846703013419
1784,170.620108831755,0.00175893035537798,6.40056618304609
1785,149.06287111455,0.00129165166197939,8.12913860670041
1786,172.707597233987,0.00480372414923123,6.07680318410115
1787,163.559085687285,0.000381029972162567,6.89485071296516
1788,177.161741152912,0.00580742350673834,5.16594351155228
1789,170.445904679297,3.20128574005838e-05,6.53221243411988
1790,184.998181720543,0.00136075933787315,4.57372098361232
1791,162.786346747228,0.00366466569203071,6.58290641882227
1792,152.298465062018,0.00377381300397362,6.35752524629769
1793,172.406739140368,0.00145004416583923,6.41262991213037
1794,155.106433599282,0.00060206997245655,7.11027420595735
1795,178.065878222297,0.0117898708333017,5.08614616691058
1796,157.862668588686,0.00259352628195001,7.67569696994005
1797,168.54223508997,0.0065430452636185,6.50550023424362
1798,165.883303577807,0.000922588241711283,10.073229870208
1799,166.998630618601,0.00537750868552151,7.39495711542997
1800,163.067234882859,0.00638417653920734,5.23024894642907
1801,162.186428290302,0.000258671373530373,7.54480352370254
1802,169.609735694998,0.00288565537113021,6.78157982447886
1803,179.68454047459,0.00836923029541665,6.09197893813662
1804,171.530691270791,0.00202596913638836,7.01070568237184
1805,156.093034670995,0.00447256661719851,7.16191905100387
1806,174.369995537173,0.00142481820035884,5.59878354801888
1807,160.191870624128,0.000291836258196236,6.2568654517028
1808,153.039220695593,0.000936110462095055,8.61062727118029
1809,159.063103667294,0.00259340128791138,9.51200057058597
1810,151.516391833577,0.00168882372168763,8.43932503126903
1811,166.272850351186,0.00334785279428097,6.77315805390511
1812,175.895937562123,0.00574727932690017,4.06481130253123
1813,168.803084215981,0.0041259646074208,6.24769969136027
1814,151.271537640307,0.000105544276208537,6.38066656457625
1815,175.65287374855,0.00567787800702495,5.28231243328224
1816,167.912133857412,0.00539069362373416,5.70892667380465
1817,163.912641455888,0.00911302812920747,7.2240392773712
1818,167.890657187465,0.000485241446147427,6.00292820204912
1819,176.857131474576,0.00194886055293808,5.80022422501395
1820,170.884525463422,0.00198681185878042,4.94518927004849
1821,180.704693660726,0.00615775068563224,5.44421723743604
1822,166.032112401547,0.000147617521666085,8.60043662799291
1823,174.660344604014,0.00180665078298718,5.1474794499228
1824,170.074149294025,0.00284533615707801,6.35676027065791
1825,168.036762954564,0.00146480353454006,5.10351714742687
1826,169.714859217973,0.00161028717943374,6.31001033630944
1827,164.617876579254,0.00030889443789443,5.95794676581514
1828,149.636438580044,0.00207953563776039,8.78789409487346
1829,175.302042018494,0.00271299718923306,4.7897800592555
1830,153.602688718794,0.000132767966901613,7.70382214695479
1831,178.628700134582,0.000452563246564503,5.83958703050694
1832,155.102822395718,0.000241487190822841,6.83900013164399
1833,160.421194350552,0.000117835186927315,9.32939682889926
1834,165.553599753632,0.0010853585954736,5.64271562675671
1835,169.65493720463,0.000773639713530033,5.8188874715067
1836,176.318734799097,0.000495990384946695,4.40209937261894
1837,162.957484743152,0.00194553188137312,8.63293239217881
1838,161.076400531483,0.00266160962008656,5.93164532600161
1839,165.925941150117,0.00844255559230666,7.52394452330716
1840,178.253820009413,0.00227397366269887,4.72747597707932
1841,187.048186844883,0.00609720311380374,4.97300471751254
1842,160.959607684974,0.000725376768875889,7.11049942119712
1843,168.557712478036,0.00822036695098527,5.91431705310289
1844,175.316691942829,0.00121816139294831,5.78360727061211
1845,162.491290747924,0.00128778358652657,5.71926092361324
1846,153.29600750468,0.00159101628786501,6.26480231512661
1847,167.16949711414,0.000528192536263913,5.6630846807243
1848,173.9893035339,0.00330322755239627,6.99059888191169
1849,150.640226556848,0.000283092546654403,6.15800087149768
1850,159.816286031686,0.00283033004072155,6.26278843259055
1851,174.886252770494,0.00103190830554262,6.44027563986097
1852,181.597175639324,0.00715827062637803,5.65904735198007
1853,157.397958603931,0.0110612444483239,6.70870060472268
1854,174.953839764145,0.00183284399193571,5.58393312460357
1855,174.767115007082,0.00108498822144041,5.12369263389616
1856,169.693742201533,0.00138204715178508,6.576789361263
1857,152.619027668874,0.00442945054730578,8.0217308318553
1858,167.804209891107,0.00181406295760596,5.44221998914875
1859,174.676418642277,0.00118166564504867,5.73470498442289
1860,165.568152653688,0.0109660186518888,6.56946992772369
1861,156.434498672751,0.00300909923747008,6.99096966641726
1862,178.870812940734,0.00164767477565149,5.55911294432351
1863,166.536692829245,0.000196184062417587,5.72218626325428
1864,176.688131459733,0.00531357537747966,5.11148413476278
1865,162.404064930472,7.97928025178274e-05,6.73680701302661
1866,160.45359239107,0.000648091241926669,5.72154307912291
1867,165.770775333015,0.00400010367824094,5.87760548424554
1868,189.617570415068,0.000824887956305468,4.18732687845649
1869,178.491899490878,0.000955629840657777,5.38506104387688
1870,172.218912835677,0.00133869893545771,5.36286938053789
1871,169.79996976621,0.00349269084375747,6.05149660528025
1872,140.393225756981,0.00170611521086866,10.2350042410912
1873,157.646776949051,0.00395349143349423,6.41419218112515
1874,172.408770407585,0.00540962600513379,5.31565362249369
1875,170.87570455271,0.00275070878187273,6.0716948280306
1876,149.051977387485,0.000121220071948122,6.67996684166415
1877,155.353068097772,0.00394720550983382,6.08481281790274
1878,187.448812476797,0.000853109509261141,4.61513438206494
1879,162.351965643212,0.00753870538665434,6.62294255689395
1880,163.530403007241,0.00511354500602944,7.34444359681638
1881,167.458313312204,0.00167845133670424,5.57575155035955
1882,175.320565742414,0.00291535421010881,4.87125525830606
1883,169.587882318554,0.00173836096134246,6.13301201076065
1884,168.238234088386,0.0082507568630875,6.66345686120853
1885,161.56316160172,0.00159005516343304,8.21629829624379
1886,159.04328675258,0.000152409164421595,7.0024775994761
1887,178.393070257836,0.00354851926777288,7.24570355580892
1888,166.402829127058,0.000754381947833809,5.2881217369436
1889,169.48323352486,0.000582141880372619,6.0377994135964
1890,171.816740956817,0.00665873339049151,4.44539739362749
1891,167.153518033133,0.00176032270888448,5.44583997564176
1892,173.662405114516,0.00750103988046023,4.45717488915621
1893,167.005858363479,0.00178094164663294,7.40855230455624
1894,184.075080276123,0.000596739477012583,5.02278566622496
1895,155.075085476006,0.0015208711884678,9.02559124832895
1896,153.46507876035,0.00295470570970486,8.05589854813686
1897,171.913605999215,0.00547362150069732,5.94217038768617
1898,168.423099917617,0.00633742806100233,5.18477511641546
1899,166.286660250393,0.0034686427221569,6.02893252634779
1900,150.684992540214,0.00795634354995174,8.07596160557424
1901,165.860486667596,0.00578314426515154,6.10602076592891
1902,149.927236548125,0.0197387052281987,8.8176945969116
1903,165.339313350239,0.00349255375115655,5.24140721934651
1904,175.258954331222,0.000343655970862158,6.64218041084539
1905,156.581873868893,0.000677234990281811,7.71542693635451
1906,173.191160837547,0.00133970365555251,5.4968039225253
1907,181.34211642113,0.00217213004662436,5.1124161156828
1908,166.050685927944,3.29630235010128e-05,6.48003919605936
1909,168.732993958853,0.0032551079544607,8.138403040388
1910,172.81350809822,0.00896542878644871,5.14691638486222
1911,173.275791292256,0.00140509999238822,5.65406828007467
1912,167.420783755953,0.000569105724667582,5.45852751756218
1913,174.98876770537,0.0001788626141686,5.33788051534477
1914,174.896269674061,0.00197642054039452,5.37956751123462
1915,144.791714805138,0.000123532909662709,8.02017945047343
1916,173.154893894255,0.00272961820358894,4.91130620005415
1917,158.864562063271,0.00136640248370204,6.92694731013572
1918,173.534414270813,0.000228555178920659,7.14238061360608
1919,158.21914674339,0.0113126713168863,7.65409722809144
1920,173.33418237632,0.000956887470959209,6.31521468892955
1921,170.20262198517,0.00292151862860999,6.8305492848471
1922,158.808878708403,0.00293060359869289,8.54454529735178
1923,161.300634125199,0.00214940281270128,6.36705074687288
1924,157.715886669034,0.00089023076947119,7.99521155390089
1925,180.275484303743,0.00309512317787011,6.46294119421015
1926,179.926872141488,0.000230588716160092,4.65570867957942
1927,154.410677522355,0.00214539671058155,7.97840032560335
1928,171.036659658976,0.00121272887707224,6.84073473868259
1929,167.29366530636,0.00934951820383372,7.07388988989685
1930,166.639989144211,0.00755457547064396,6.65824467069019
1931,168.475260910033,0.000720834863622868,5.03471759246214
1932,159.378762859478,0.00140756374109464,8.77961453087427
1933,164.016460094935,0.00339391999010956,6.61962401269113
1934,178.735633297753,0.00473283223578096,4.66281665279195
1935,158.255878393339,0.000523671342648711,7.99631786017184
1936,160.960765555424,0.00117429796062858,6.17120163859787
1937,178.345712954831,0.00323903763158317,6.62857376581447
1938,181.776362524836,0.00846826886448937,5.06047103456308
1939,166.231301918095,0.0100410249703175,5.52508709782882
1940,154.299411009313,0.00491116331964007,6.50698752485242
1941,178.360653134957,0.00193533848313189,5.77416698952875
1942,175.589329791628,0.00578117328409894,6.99610875724517
1943,165.467657961012,0.000704939312617527,5.54558568378315
1944,179.482743311652,0.00274126184281178,5.30418969939118
1945,170.644173049767,0.00692028279406989,6.92000046516952
1946,165.994293249549,0.00226335756861005,5.80269653322734
1947,148.662632742118,0.000930732325148671,9.03488242883888
1948,164.448144046738,0.00117980307638082,7.05067736662189
1949,169.354095587445,0.000252122808984227,6.4466456823933
1950,177.723150605614,0.00261661929590913,5.86993991559637
1951,168.144214954495,0.00317563489968535,6.5097565627195
1952,173.053302145294,0.000174005585679703,5.13877271078214
1953,156.65368592384,0.00202141945234082,6.854197941698
1954,160.990033123704,0.000214124042337802,6.11908558085306
1955,173.478964737572,0.0080756713586215,5.19094205778526
1956,193.670797519244,5.53305959397782e-05,4.32270013916824
1957,170.256784017285,0.0039407278599834,7.80324630645245
1958,175.648629186078,0.00145514276660159,6.30239769171349
1959,160.714520960887,0.00738047599616991,7.05786832569513
1960,164.806420729868,0.00127660005413713,6.94347036397683
1961,169.499884025118,0.00259601108623181,6.49886196779506
1962,173.928418226502,0.0045654242290096,4.49685744103155
1963,160.051917167663,0.00432646454354237,6.03115495757645
1964,166.78203035776,0.00303644107340154,7.20106246019634
1965,168.497153532045,0.000767898029772898,5.75956570570875
1966,163.063647823999,0.00186366794032495,5.4816419070812
1967,166.297617618205,0.013511605353832,6.94107967121755
1968,171.771792372513,0.00487794335436096,5.63444613448352
1969,179.327751372042,0.00512547972834507,5.0540850596571
1970,157.921724083072,0.00305332253553567,6.79388046414387
1971,163.81569058298,0.000253491747609415,7.04696924081074
1972,166.143102207741,0.00192917805660032,6.0174272119387
1973,182.437747569779,0.00122165368620425,4.77792389371315
1974,154.73510763474,0.0053306019851442,6.6918887993585
1975,165.194091721151,0.00291794434697476,7.62314829596082
1976,160.422482592379,0.00301991108243416,5.35868363735213
1977,158.132637256938,0.000641768890893956,8.46217460510657
1978,156.568612687794,9.64906596898973e-05,8.02520792844228
1979,174.921821389677,0.000396328205161526,6.16543982704815
1980,178.83519019611,0.000773611963645323,4.8043378815582
1981,161.293545163912,0.00130104969735383,5.74591424465423
1982,157.614982986408,0.000323282535690198,8.09143656757903
1983,165.84003238382,0.00325890071250705,6.37157386848104
1984,153.803498920615,0.00410800499199695,5.7931704282324
1985,178.566362153635,0.00034879194737057,4.51918114855385
1986,171.006328758633,0.0012739172792854,5.58167553405926
1987,167.839537804219,1.47721738278768e-05,8.55612777164284
1988,166.841099277425,0.00266909250074931,5.43618951972566
1989,166.006370469756,0.00384613477902886,5.44707446527275
1990,164.283674065913,0.00093863999748842,7.12901175731019
1991,159.201267750838,0.00122911953125262,7.05495174946516
1992,160.690297273997,0.00276139476107232,5.9108038569265
1993,148.131524456422,0.000688169323398398,7.08424351608921
1994,157.336565257928,0.00096218488312948,6.90559881135189
1995,194.504629111768,7.02747804148222e-05,4.06544579269981
1996,176.772185507785,0.00012509734407656,4.76443941047558
1997,164.136495187633,0.00414129899700385,5.49444667350509
1998,168.103305208414,0.00134198310070878,6.73748350964615
1999,169.880716620593,0.0027571812805431,6.09095338804399
2000,153.488257964458,0.00216993935246719,7.55099727294172
2001,162.658439921779,0.00627758774207163,6.50292179134001
2002,157.4642434338,0.00265426793022432,7.10517995707945
2003,176.626785900567,0.00641042134302671,6.03956555322996
2004,150.89876423548,0.00105263483095182,6.76956731490018
2005,154.561319996386,0.00194324761494885,6.59209129849404
2006,168.633996268609,0.00470594660381383,5.01945366285971
2007,174.90062548359,0.00046431336487855,4.93097586165098
2008,158.57061901067,0.0080684280246517,8.17732170949457
2009,158.159636524,0.000404399825722163,8.70927946207483
2010,162.285034304562,0.00619351215022489,7.41419906264258
2011,151.77322263467,0.00318744007293353,6.47932287164822
2012,155.354955597059,0.00114958900989603,6.88173519253643
2013,169.084705115693,0.00134072706713335,5.58249743145605
2014,162.247527267863,2.10675319366918e-05,6.6221619811308
2015,171.458525628522,0.000422558258007011,4.9952854613775
2016,163.299905062473,0.000704229103496212,5.59601043887126
2017,165.043249811397,0.00307019086853368,8.18132702916179
2018,171.705612024746,0.000467411414058533,5.19479758068204
2019,153.595931083438,0.000417059636803429,8.79770532486875
2020,155.060424771058,0.000719475739476082,6.36689752855817
2021,162.261899583725,0.00172350858182487,7.48409948222672
2022,164.239555032707,0.000372015249188342,8.07654311099106
2023,166.930671737815,0.000748033044479109,7.45917815756822
2024,168.423115258998,0.00342287575915495,5.5956741472365
2025,164.989085902368,0.000280738131684827,6.35633477569434
2026,150.409774008673,0.00019999342840462,8.01570036021359
2027,166.734246715181,4.18681649589575e-05,5.90578782045462
2028,159.626337053244,0.00110109647880639,7.3845058912221
2029,164.007399051344,0.00361150568411751,5.52954595957974
2030,166.664047184505,0.00285552767427306,6.56578034527929
2031,170.559032733289,0.00328687214361167,5.10728203583001
2032,145.974570863248,0.00131047550164038,11.9448855664216
2033,158.430083583949,0.00412559717882554,8.08986864047949
2034,153.828177176424,0.00191714789850697,7.58760714158378
2035,159.264573844386,0.00130549846576787,9.3660023289113
2036,171.383688801363,0.00733731053313001,6.45258269444398
2037,156.11358911316,0.00130375387958722,7.46327189561736
2038,172.848842922948,0.00063323275742256,5.49973516731132
2039,167.460859514268,0.00164593690445201,5.00975771954311
2040,164.8068243552,0.00174473313216363,7.17529743945189
2041,174.027286770813,0.00425130932003274,5.1918261383751
2042,163.307989573412,0.00293103592528254,6.76817210646304
2043,171.125062206288,0.00545785682936807,8.06990337207264
2044,161.566169620316,0.000230907966772162,7.70191582400348
2045,176.837931603158,0.00184232829250054,5.32741993924152
2046,169.592454002156,2.14597446748654e-05,5.89540204432607
2047,153.341153846684,0.000420355462741945,9.25035341747187
2048,177.242345865076,0.000134607095509169,5.48629716108408
2049,174.381859528736,0.00122226778137743,4.74049169880825
2050,158.765854564088,0.00121404692941851,6.74166785690492
2051,160.915214518178,0.000319285828109575,5.92700704873064
2052,169.532633076316,0.00217267463306874,5.02882823825358
2053,159.427220201216,0.00439708898543434,6.78814052663446
2054,164.310980105498,0.000444042237147251,5.45834757288419
2055,164.839757809329,0.00062565621253327,6.18721857897025
2056,179.056460459087,0.00216935461508671,5.08919760530294
2057,163.494118357084,0.00212139606002973,5.94502421185956
2058,146.316786024113,0.000970360214359788,9.91241606424478
2059,174.447922917879,0.00105890340205016,5.33066712809648
2060,161.226630025445,0.000170611682980335,5.94926773413845
2061,172.313563947841,0.00261929394545244,5.26729487362333
2062,181.600825773247,0.00734666041075355,5.42309546913118
2063,176.192937474499,0.00260934334860046,5.43098267601461
2064,166.902190474314,0.000213957200341385,5.90885749537092
2065,146.260524054834,7.58559865241822e-05,8.98083319188092
2066,159.542773993669,0.00245143647190799,5.95783681359532
2067,170.91226163628,0.000813182344919851,6.27053601339858
2068,183.101516988765,0.00232379506136896,5.16395968549106
2069,160.301195882291,0.00205042610454528,6.76945218559672
2070,170.614928696787,0.00255207930808082,5.97242014578834
2071,156.281337058312,0.000676450366962967,7.18773158312943
2072,144.424777658317,0.00131297137615827,9.79187891772593
2073,158.201096044677,0.00209236801032903,5.96311262457055
2074,179.376432239338,0.000802620076301202,5.00190907056338
2075,172.085527604782,0.00231679657988918,6.49230934078893
2076,171.143874941271,0.00139767899303227,6.96576439375674
2077,163.350621969099,0.000374750327089743,7.63402695508044
2078,161.246834278125,0.000983706425327398,5.11669843082367
2079,152.426628786355,0.00863159571795697,7.96933510521055
2080,156.270883754783,0.00108077361149816,5.15217546443998
2081,176.38460841106,0.00131948690868071,4.8091800392296
2082,172.525408722834,0.00372637143827616,4.66694671105613
2083,170.705523985666,0.00105764280775544,5.87001587438373
2084,159.595790900357,4.70521352290021e-05,7.18607747095938
2085,149.416375348391,0.0170952356980829,8.21404837730123
2086,162.648537077433,0.00475322861526285,5.94389092785446
2087,150.14712906045,0.00137894834693816,9.92644615865652
2088,169.915432407999,0.00261589114808669,6.02975939902437
2089,160.74356771257,0.0011127874651012,9.50615068011047
2090,171.68579174755,0.00283901791893372,5.7173762610528
2091,167.973503565604,0.00168306765927162,5.90902839071011
2092,174.485815608448,0.00287006391043462,5.9540290708985
2093,169.457241715991,0.00375045200022675,6.39607224046529
2094,158.727111139756,0.00115499243944318,7.39373448758734
2095,163.548465317226,0.00561263834107681,6.45333820253929
2096,155.184623046308,0.00166642921556548,8.62932719162867
2097,169.133944995653,0.00160207851949898,7.42243575909244
2098,147.544142192014,4.13068081081037e-05,7.22613779259405
2099,159.369220989495,0.00478337469295224,9.30275711365247
2100,158.545169104593,0.00264116346221776,5.7837660061975
2101,172.703692247543,0.00319826603379733,6.46529076768874
2102,172.274726958862,0.00216107517055912,5.93745237473534
2103,176.502925983434,0.00513826658835913,6.74688956618343
2104,167.198734372536,0.00531282684495543,6.48562305379903
2105,164.59308850129,0.00907459718215376,5.99312679193413
2106,167.661260615236,0.00100952373132613,6.26470256274547
2107,165.804228108136,0.00262033160773455,5.60468878930093
2108,167.924575643807,0.00722659515205022,8.05455378119451
2109,170.393062047028,0.00164658460637554,4.94317225287214
2110,185.29640142452,0.00134704909703599,4.90723617618271
2111,162.713787083723,0.00537167796269904,7.76359467944865
2112,170.165807816154,0.0029237376301538,6.76714046076273
2113,176.410928792002,0.00227676832625282,5.71805108527572
2114,168.331189990968,0.0032402521219151,5.01437227176359
2115,148.004611064212,1.3626809993698e-05,9.31860284531281
2116,174.683815234869,0.00114246973188062,5.20655349296615
2117,166.371639935108,0.000764174859888399,5.7446217991053
2118,167.171263895324,0.00540304197878584,5.65930729769543
2119,146.432123116325,0.00537216020365922,9.3168491283726
2120,145.717608144134,0.00327806616723501,9.09877942362455
2121,173.139713699111,0.00271426753649423,4.81380531578018
2122,161.572416079496,0.0069546546420624,5.93922448799688
2123,165.799325721981,0.00330377048767935,6.4994432710814
2124,172.707012871816,0.0117959099982807,6.78708241976537
2125,182.959112374976,0.00107694890419702,4.67574157596551
2126,147.70491216438,0.000465834701923333,7.29963097095918
2127,166.779136909154,0.00410636455529543,5.14346863365227
2128,174.384793495376,0.000753957877018535,5.60710881980162
2129,169.221842117244,0.0035524758435216,5.28164194901811
2130,164.960335577487,0.000202360177079302,5.88546596181647
2131,181.392221576029,2.54873702732282e-05,4.95639669652412
2132,160.642708780815,0.000795070562503897,6.70021874517719
2133,178.94502772555,0.0046138900162482,5.24178314836124
2134,180.936561504031,0.00148475544147306,4.71210947002659
2135,167.374898725664,0.00564018048756185,6.76201841916363
2136,151.318360028808,0.00215976563230403,8.49717990691833
2137,161.786875958795,0.000574129446663193,9.34211103913864
2138,172.72351876394,0.000826316868535012,6.47743901534306
2139,170.037034948705,0.00116617108992581,5.63317561156752
2140,167.284878293055,0.0088218625290472,6.13609399290304
2141,167.692591247922,0.00344910287618613,6.33976007902108
2142,182.471138131193,0.00308898147730533,5.67894826800807
2143,177.537545066682,0.00369219430774349,5.70801514684119
2144,164.774386469778,0.00918393861796679,8.34212187091545
2145,174.717579626836,0.00644294149787067,5.88401976779274
2146,161.279089836193,0.000360411096996808,6.15273350123575
2147,156.075122689918,0.00841156508634247,6.59311664394826
2148,177.826061377851,0.00604964474088255,5.55946549876101
2149,168.810814940646,0.0073197858770619,5.59774677056104
2150,175.620125538749,0.0118264793712715,5.77652453055457
2151,154.258126206814,0.00399659943550542,7.63150012691655
2152,186.244142420379,0.00181442681450899,5.28003288638304
2153,162.489720113359,0.00248337816886453,6.02253273843419
2154,159.459249547996,0.00283118975123649,6.46437512252258
2155,153.73323864527,0.00587321882426725,6.07643613496174
2156,155.720034482743,0.00212516121677005,9.25059273970453
2157,174.678193055033,0.00195349472638593,5.75815542322811
2158,159.204556376676,0.000361872303923017,7.48183061403098
2159,158.353465736798,0.00175733007330822,7.19989433948325
2160,167.97115000825,0.00441205939155077,5.81832596759323
2161,165.842909890591,0.00278248900544672,6.62166271679041
2162,172.455231167241,0.00248654709715167,5.77883544814532
2163,155.726888668175,0.00134960205009735,6.13862006992871
2164,166.611276359534,0.00100079050732184,7.40585874447257
2165,178.63423344231,0.00028258346561027,5.2396163578727
2166,143.048783331721,0.00390860067368244,7.49978225655844
2167,167.511893372087,0.0039727269963062,6.58851544047027
2168,163.145326222369,2.58811907574179e-05,6.95562111155348
2169,169.918108715338,0.00311160410646591,5.20841698072591
2170,161.128409955666,8.47797419294414e-05,7.59441454346984
2171,180.552833558863,0.00785960009332012,5.66463501285298
2172,177.763810095264,0.00615082111449345,6.10362258116068
2173,169.040861705855,0.0115668232583335,5.65924212467119
2174,177.421206521186,0.00772036781261967,5.6781904997806
2175,163.114738270418,0.000242014676168632,6.70095513625917
2176,166.811687532822,0.00517406450756203,5.12353678414796
2177,147.55941245281,0.00320945499239668,8.08943823755338
2178,168.10331157869,0.00319781114884082,6.45921020074313
2179,168.04805970641,0.0012330315117043,5.98471321720388
2180,173.733015832513,0.00903463438265034,5.56038763344462
2181,170.016024420595,0.00295869538923462,6.15400974113867
2182,173.802704642375,0.00233060492514894,5.26319969946355
2183,163.088860944596,0.00218139452310623,5.96343370095148
2184,158.461905866479,4.62507711115252e-05,9.2641163422761
2185,161.563055987727,0.00108203336138349,6.48508423859484
2186,164.0035571752,0.00103350589688595,6.17246159758419
2187,177.430397156698,0.003889538932705,5.77880730765417
2188,164.342603383566,0.00170030434841412,5.74548427610518
2189,181.951379688144,0.000858176764906798,5.32827390731566
2190,171.932601561961,0.00193229446313435,5.20074822143341
2191,164.387422310076,0.00087524654940237,6.79826360473006
2192,156.622327555832,0.00202815253584702,7.95410653449945
2193,159.127759089318,0.000159959624080202,6.57767090321633
2194,161.673244593002,0.00226762561175727,7.56066257724558
2195,167.937273149335,0.00411163681202473,8.54756336723913
2196,171.611671024829,0.00362815407481749,5.60930896168273
2197,161.751075994593,0.000447215770833524,8.62421135825298
2198,169.022525588716,0.00337337986899803,6.56938359363364
2199,169.892596053523,0.00402175165369779,7.72094338820536
2200,165.92523343989,0.000760023913137109,5.87671604031171
2201,169.417829552844,0.00231805067587475,5.09294699601577
2202,157.967322368516,0.00111332786456281,5.51593930504593
2203,165.626781214627,0.00858171382212178,7.09563898885224
2204,171.371965201167,0.00112906703732887,5.50602546844023
2205,178.608930200471,0.00100501015089934,5.53909743216632
2206,162.844459229698,0.00271041244250282,5.89799419910043
2207,174.190859655241,0.0118006288122807,6.04932164813774
2208,177.161647127307,0.00107714295872246,5.92705117742825
2209,167.830249083436,0.00531034189906937,8.44564701611678
2210,177.76922364495,0.00408430925790838,5.92085712991711
2211,174.531842345757,0.00709269254401827,6.61088119589989
2212,159.396442365791,0.00115690066258687,8.4138578203038
2213,159.498076061597,0.00124653246626414,6.87032839424698
2214,165.394794513515,0.00257124436024624,5.06175892879947
2215,165.154929745658,0.00392475115283092,5.92130036569441
2216,160.686062408019,0.00026293025091366,6.07865248185028
2217,183.174477285537,0.00204333357429574,5.09290512263181
2218,161.603786830644,0.000315662857056498,5.75296526490721
2219,175.321580407804,0.00120816456002706,5.60741038125431
2220,177.885756719216,0.00963234086860397,6.07080667271073
2221,174.813933233099,0.00336277331034883,6.18466324668767
2222,164.946319223644,0.00770650480642747,8.32557815596643
2223,165.551058106943,0.00173342022648528,6.06624368831891
2224,164.377902149751,0.00577939619897938,5.84460696349426
2225,175.880782511145,0.00411905267634122,4.71562722907226
2226,165.810155167618,0.00667041547132834,8.15892548643542
2227,158.882926037805,0.0021006540807129,7.48438586625961
2228,167.090697707072,0.00132631496615424,5.6751326861857
2229,157.016130377044,0.00207355608725559,8.39012046775308
2230,170.439246620051,0.00107049150517298,6.41289610818058
2231,158.408685434289,0.00547357700851928,7.18758647554331
2232,155.826077189258,0.00251225465315968,7.81054583432589
2233,147.303804016583,0.000718855899555904,8.77791281330414
2234,166.618385454245,0.000627118674138429,5.40161632744352
2235,160.952962063228,0.00428381376219854,6.64643617501178
2236,177.219325876711,0.000508803217854306,6.45372713598978
2237,169.500581205218,0.00235287567921488,6.77616671741639
2238,173.680228536831,0.00675480994656519,4.71484610661895
2239,168.993584495359,0.00705592199162718,5.73596279882381
2240,165.26423618794,0.00314680902409581,8.18099005651842
2241,187.179839523534,0.00740103393353103,4.56251380874282
2242,156.29513708278,0.000458242549830415,6.1957235033454
2243,179.990250202709,0.00291803803766079,5.01700410134533
2244,177.975714574232,6.91465391361999e-05,4.51668260401885
2245,150.601693043656,0.00534489890562863,12.1317100715775
2246,173.865962559674,0.00439490329347777,5.66615735622961
2247,177.283913542183,0.00181578681086374,5.17762319823564
2248,161.670644669127,0.0023155868692775,7.27189453176393
2249,170.642343330671,0.00256400605096846,7.20006437419222
2250,156.919106723889,0.00159202129711784,7.68841271982508
2251,182.268263305947,0.00117605982169997,5.4219999927908
2252,168.124629140078,0.0137219145425943,6.60324245445215
2253,176.610355506401,0.00311762931409115,5.06925089580811
2254,178.713454383485,0.00284638071233041,4.97665539156389
2255,161.636687815516,0.00135710166083891,6.44731374252658
2256,167.560359088908,0.00639856267794474,4.99120582479426
2257,166.121912155847,0.000896268705766488,6.2841628460092
2258,170.188784626942,9.56851624615559e-05,7.39055592509881
2259,162.488177655705,0.00103708935661026,6.24762928986403
2260,161.758951157308,0.00136506545893484,5.96938819100569
2261,170.903123591116,0.00780976030929773,5.9129590914476
2262,165.129607769404,0.00806385645711362,5.33712147668065
2263,163.059068957899,0.00150534062066082,6.14853546188471
2264,168.210462702266,0.021469268682487,5.56887786220981
2265,160.630564153814,0.00369061843595492,6.70909837885713
2266,161.666904244511,0.00122798715128044,7.08590842377589
2267,149.702173783613,0.000282387237082239,8.82409259080898
2268,177.522810102766,0.00574973105176628,7.43246003188085
2269,176.072876845555,0.0021293373568553,5.36894078837836
2270,167.651820002819,0.00401054952511169,6.69619006287915
2271,161.146849428275,0.00714017763941201,7.93161252675244
2272,159.624262777843,0.00837762684202089,7.01366679505616
2273,171.769849960915,0.000627006499893405,8.40612627091468
2274,153.958336469768,0.000805090223868936,5.77759209424867
2275,170.085477526166,0.00067664210103294,6.23359603601414
2276,174.563552193873,0.000379068392701316,6.2323995180064
2277,147.317910625746,0.00369946284022856,9.96628467539582
2278,172.789307122994,0.00556531319415074,4.97178088944951
2279,188.483732106806,0.00328554941107342,4.23283300028659
2280,165.507660080616,0.0078796543824792,6.26044575998018
2281,167.034847417343,0.0030797021619365,6.05285744585846
2282,160.333989914436,0.00195368166422327,6.20948685809385
2283,156.524109296913,0.000369417682956104,6.8217434025268
2284,162.847582652777,0.00304266483988171,8.35321376668842
2285,179.200555052697,0.0148930295641333,4.73286496659457
2286,156.64948732955,0.00477656873031894,5.5531107298317
2287,188.952365188697,0.000491829594274892,5.16095067119056
2288,173.718699024348,0.0030040015570459,4.83146834424053
2289,169.115655132216,0.00173082031585801,7.0309058674267
2290,158.522384885085,0.00453670698438032,7.39997263257718
2291,173.913511898545,0.000302626072103874,5.19742196297269
2292,183.281319824444,0.00579618047826193,7.16749114217911
2293,171.462375282934,0.00362826223541831,5.10174286473273
2294,178.406962939739,0.000769983787998766,4.49203626741501
2295,182.667231446958,0.00631066073597245,6.78224696803027
2296,166.841823285853,0.000722479984438723,8.21587156287545
2297,169.91973781273,1.86594727773285e-05,5.48714085873211
2298,168.395506837115,0.00197977390603225,6.16402202469717
2299,169.827608682321,0.00262487845920778,7.28102340541307
2300,166.713123322101,0.00258925245345758,7.52627201365086
2301,176.52130242826,0.00669724970951938,5.0317879631379
2302,166.889151892675,0.00332343522520904,5.56012012626302
2303,160.081685057254,0.00589345822615472,5.55819942914232
2304,164.011040798972,0.00343401819469464,6.02315579973857
2305,153.604771603295,0.0038243397230188,8.75968252613892
2306,173.404067909104,0.000282638129023997,5.85108209840524
2307,155.452004156369,0.000699564069237431,7.09458139243512
2308,166.956913343636,0.00230168559669294,6.02469072626027
2309,176.69613378892,0.00165344577523006,5.9740298838991
2310,155.690408667727,0.00224904749898065,7.18704707000961
2311,167.032952337318,0.00260402121737325,5.5390041670836
2312,174.839110252343,0.00187759069335574,7.67477204631778
2313,162.747170178437,0.00484888157412558,5.5301429805618
2314,171.415525897009,0.0103926483963658,6.20666362969032
2315,170.100485509716,0.00290686540849791,5.59400784094296
2316,169.891339011657,0.0014154193061114,7.23373484175189
2317,158.187548417795,0.000706357310661494,6.30517185866469
2318,179.31328067043,0.0020241214551629,5.37201004482476
2319,171.705930820681,0.000670698769465351,5.43162145709808
2320,152.552782939239,0.00769681255423271,7.83369198278222
2321,177.757741168384,0.00277227639910886,5.34069373198781
2322,165.038972072944,0.000154257423436338,6.62060428524007
2323,176.420026690306,0.000780454042650537,6.54961278220715
2324,164.116315556042,0.00328962976191928,5.12375931051534
2325,181.67970401715,0.00281772035583517,6.78098997792425
2326,188.178237056869,0.000610945604297471,5.13123324372556
2327,167.138737677121,0.0037409067500037,8.48319694976436
2328,170.716869418718,0.00388460624159561,6.81990361099765
2329,178.920955096514,0.00355501421839291,4.96249874784309
2330,168.789799227777,0.000634841980282159,5.25762289776022
2331,165.677763802849,0.000780378403516547,5.4772424288863
2332,157.920802564489,0.002557719031358,8.10076028301448
2333,171.198863015343,0.0016903387765046,6.34705718906323
2334,172.441498347986,0.0025982534777353,6.84407213277154
2335,163.888222302674,0.00517467513754304,5.7472564770819
2336,170.444984184136,0.00103486354087614,5.61336895418974
2337,169.862920594887,0.00164280269406186,6.84161562895712
2338,170.381518372871,0.000617908749174643,6.04724868974927
2339,163.077453587395,0.000837985062601421,6.82263767744537
2340,169.130379344987,0.000702557805657281,6.02292495434254
2341,157.119934197138,0.00458711722763738,7.28619439028542
2342,160.740173816256,0.00746963876776907,6.05968118729861
2343,173.793193127933,0.000666461746055998,6.40058128703411
2344,173.596077167828,0.000948460501436797,5.18150518825695
2345,176.072037488674,0.00379790934833491,5.43065171124217
2346,160.027573924497,0.00370222618633506,5.27156462543753
2347,164.481473367595,0.00404563215373142,6.37122546040897
2348,186.055673568147,0.000541395870311315,4.03696128587832
2349,174.378722754811,0.00332517388298372,5.46678131212929
2350,183.990347420376,0.00126549191440398,5.51535397694178
2351,160.730918196121,0.00301069381655059,8.48711164744092
2352,168.520747049053,0.00269988554311751,6.20762188081339
2353,167.826429548148,0.00138261203630291,7.02422008365501
2354,173.812108732191,0.00245018602193105,5.80004936063048
2355,179.692602947095,0.0225483266858438,5.75787178403784
2356,162.20961633331,0.00158644627704648,5.73663897477512
2357,168.748676523766,0.00515108943090523,6.64732176580337
2358,176.576811825351,0.00394806330053448,4.26130337684116
2359,150.519524425311,0.00273825340355152,9.77990983519227
2360,181.799068080809,0.0133902522544142,5.09040275550421
2361,164.488837830367,0.000468026211931497,7.22566645372218
2362,173.061272863911,0.00516591426621858,6.11339071773713
2363,168.541331362846,0.00770075991869123,7.4262482735988
2364,158.15037891655,0.00152098210811237,5.67268762312854
2365,165.450575234549,0.0115819885335502,7.20268158025455
2366,169.619905804777,0.00400978134600408,6.01769896636964
2367,175.416693038185,0.0145330699586594,5.19701907811537
2368,169.71532822591,0.000456156102138164,5.94765959217712
2369,162.44854766713,0.000473585991253055,6.76690423486969
2370,161.254996629332,0.0023389322351027,7.80540660675677
2371,150.32294136353,0.000367650435227929,8.00758513487764
2372,147.265805738618,0.00376404467740257,9.22875154068262
2373,178.005364547618,0.00298698012785392,6.22896809538995
2374,165.710664008596,0.00135905689449205,6.28950130305123
2375,159.206434113608,0.00124796932125348,8.83239674993978
2376,180.551420715586,0.00241102251270719,5.17453176223119
2377,174.343782084008,0.00364295777065072,6.22443462084386
2378,161.197590545424,0.00735107944526042,7.33149757659528
2379,176.890619672314,0.000573250389891474,6.65065740025435
2380,162.690977025072,0.00114790179714268,6.77403771394091
2381,165.364912380129,0.00930621418808515,9.82461691212313
2382,180.076476021296,0.000548326086111161,5.36096001800181
2383,161.684603117464,0.000506973009617858,7.11834818444096
2384,159.131931400485,0.00748982170473762,6.3521302816254
2385,175.609785716517,0.00332250982832493,4.67913884467783
2386,183.786929437812,0.0066633257293108,4.85746506840953
2387,180.670572787367,0.000131016367245596,7.13942542922082
2388,159.493818092363,0.000514350308577019,8.21929937374121
2389,162.483697435681,0.00514638961347194,5.76592211434865
2390,162.709233495325,0.0020829549296133,5.70799922607398
2391,178.402553710324,0.0022569499551745,4.69567528133807
2392,169.626306375084,0.0119209729660988,6.35509073556479
2393,156.019946166114,2.75282528669238e-05,7.44431740898954
2394,168.536540416191,0.0072309438781024,5.65657554396753
2395,179.965923731428,0.00225261355071991,5.00095210862917
2396,155.962237545713,0.00355642353159892,6.98997707940194
2397,156.927809631832,0.000764124422444053,6.47321598181985
2398,164.617274932214,0.00347055246833737,5.4152914026827
2399,165.22584834537,0.00029494994924755,6.29688717759328
2400,173.981175386823,0.000239847179328366,6.90753874903494
2401,177.274411539418,0.00307880282892621,6.21615682668965
2402,167.15664821338,0.00021923601449657,6.66914177497343
2403,158.676022969805,0.00387478470640926,7.75956294961392
2404,173.230866659781,0.00455884701260838,6.79082903645157
2405,179.250237910631,0.00323506479548386,5.49464889146659
2406,173.331862005023,0.00816926611670359,4.68990067811423
2407,177.581585093653,0.00202270636919215,4.86895720554079
2408,148.234417838838,0.0056837329541439,7.80030111059023
2409,168.048800776095,0.000995096703795303,6.1543022853339
2410,165.646064611825,0.00231503695396889,4.85777543268274
2411,174.350944294651,0.00479959558733692,5.35486546490834
2412,140.396658027539,0.00030793680061343,8.08195250484636
2413,159.505121552854,0.00158841423865733,6.85661368359563
2414,189.458110869397,0.00155749678513267,5.05855214513171
2415,164.619616897067,0.00122011808141174,6.54422545957935
2416,142.260983892835,0.00252440297418127,12.526433649937
2417,168.590491235486,0.00116188710949294,5.23034082294024
2418,182.592302886293,0.00250876352904654,5.66381958976404
2419,162.205240113873,0.00477189013102372,5.57625188202516
2420,157.652218991289,0.00136531395764392,5.97282462491183
2421,167.56061642175,0.00226549168412104,5.92305022027606
2422,159.61964491234,0.00522414454519701,6.93523091030383
2423,163.182278561849,0.00257760257343665,6.27706283750993
2424,157.445158439938,0.00822110352738919,7.29414932571861
2425,169.994054683252,0.00355522274125299,5.6463938207364
2426,163.91273064059,0.00312101593394353,7.80489481113176
2427,160.920580711321,0.00439943761509939,5.9291437297602
2428,178.170854582983,0.00353922455305198,6.37085763891297
2429,158.112364805464,0.00195442449170316,8.82140386942143
2430,163.474452084854,0.00460832601770589,6.3390250531166
2431,154.933326098026,0.00272011779295038,7.80430855001011
2432,169.696284453376,0.000212521383228977,6.42021946487667
2433,172.577267563834,0.00956447208417668,5.89516411644855
2434,175.966595891984,0.00316422534062751,5.74603586796977
2435,175.30008279007,9.52194459308282e-05,4.69709086155711
2436,167.287987373932,0.00204475755502088,5.63443411366694
2437,165.579023533742,0.00624057203363371,6.00483434444186
2438,152.02452621944,0.00244979456711507,6.10327553370843
2439,165.196743658265,0.00356444409511764,5.90132262205698
2440,167.200598563528,0.000810987186627614,7.67381813308836
2441,165.173059676035,0.00020308373345561,6.59433880447176
2442,172.869099679347,0.00226555755926754,6.53153323437564
2443,156.90510774476,0.00849188435286218,6.66517930780411
2444,167.074490896086,0.00813189768071591,5.31011592501444
2445,156.86608380566,0.00828308788235178,6.30064481012964
2446,163.838335750476,0.00159980130337112,6.05385357253522
2447,157.445805201952,0.000816453802253123,8.49852580968247
2448,169.232898718338,0.00421431101690781,7.55382423816441
2449,172.777395775754,0.0118000268353352,7.96789251143134
2450,183.109348619732,0.0068403086973922,5.38405355596863
2451,165.350678229158,0.00311626415876469,6.21161521949696
2452,185.291123531961,0.00744508452841296,5.2992047395336
2453,183.101210374518,0.000826371573246951,5.61705780534965
2454,160.713559010623,0.00427202024036984,6.81424483733641
2455,155.710493043924,0.0017350091509515,8.96288923945195
2456,176.241247480218,0.00164234789501242,5.16163395825875
2457,154.944407455059,0.00315159910303634,6.85764825332056
2458,158.996063490384,0.00582752422103468,6.08588052484011
2459,165.343690952816,0.00246753427311455,6.95661857739205
2460,169.259128920981,0.00315911405545655,5.66103997415287
2461,174.743361118511,0.00614253686707725,6.59206193091957
2462,165.153381169756,0.00253034386181439,4.80208597525684
2463,173.14174679881,0.00237657433091535,4.94414263100142
2464,170.161837778795,0.00905290107447904,5.83360182978757
2465,166.511139137598,0.00495473672690078,5.98674074038901
2466,165.478959010529,0.00153510302811436,5.97032245187572
2467,157.943656718715,0.00421428915879857,6.86470231232298
2468,171.1768849323,0.000438930238972723,7.10280222298498
2469,174.24206195006,0.000583032050814137,5.66842770991292
2470,160.54318294205,0.000721231335353055,7.01276452155439
2471,172.982578861288,0.00552098704867753,6.79478194973009
2472,166.466984014814,0.000423162791774548,7.12428364034689
2473,168.521670650123,0.000112142502296747,8.50484592085716
2474,153.893187699421,0.00156826962376213,8.06840154221984
2475,172.501320074909,0.0015320629969626,5.43351863946244
2476,175.282976271213,0.00205947051956288,6.34530011091486
2477,165.330068072187,0.00649358467936491,5.41549688153709
2478,178.089040501283,0.0112553315559472,6.0174857160487
2479,161.441417818051,0.00200776464121771,6.07794423909562
2480,172.550386694857,0.000920868095188691,6.71482416136528
2481,171.663019670133,0.00344612608494667,5.11151578710033
2482,149.685002742663,0.000796013420311858,7.21436019133399
2483,180.564693441819,0.00381690272473625,4.54735993995581
2484,190.673522019849,0.00111034913738238,4.70911858323877
2485,167.665673936206,0.00428586415502176,6.60404504546927
2486,168.886743846239,0.00199951516601054,5.45329327363525
2487,170.853138530182,0.000622429995616755,5.51766055940919
2488,155.36884525518,0.000547863961599277,7.05685427739578
2489,169.21272098647,0.000700419919388531,6.34493150333132
2490,166.905460010936,0.00395915873576454,6.0234569347947
2491,169.814717402267,0.00273483539675746,5.23270990408217
2492,174.915001311779,0.00750200212722041,4.85056941851457
2493,161.683812142708,0.00181560004046021,7.44539125118618
2494,178.989755654199,0.000398193320083992,4.50909493018963
2495,158.36385026077,0.000845818108278285,6.19449691469879
2496,163.533638223268,0.00344736958687493,5.08729903799855
2497,180.67769053719,5.18266475799752e-05,5.08805558908151
2498,171.543068941351,0.001636593120472,6.89700407511556
2499,173.396086738647,0.000119858415584155,5.29618664331329
2500,164.835368587627,0.0029893808534886,6.88006248011896
2501,149.572188173648,0.00796798105827831,6.81140645820638
2502,164.940991502118,0.00068121300610224,6.35644477003543
2503,179.273956149854,0.0016467524910426,6.07785641137749
2504,169.136779741338,0.00355144179331025,4.50975187362825
2505,160.364740472145,0.00682271772801641,5.80271739260335
2506,173.684997437577,0.00142305400507687,5.27905070572195
2507,167.238135515901,0.00127675303618203,6.04045835456498
2508,180.552536846156,0.00242357018960019,5.22016204802052
2509,165.285714495895,0.00106067057569619,5.18379852673423
2510,168.431238840711,0.010812181695984,4.82826509365273
2511,177.372532199267,0.000422340956059157,5.33504946642487
2512,157.510120907598,0.00215766542348492,7.0944444363029
2513,169.499596463169,0.00149682039398979,7.82968337905191
2514,159.814637681873,0.00177099873105061,6.12381005268703
2515,158.752212490224,0.000323540771528768,5.73765312881239
2516,172.659190173636,0.0028701612188512,4.88810731927554
2517,172.335027518926,1.71956579744728e-05,5.80891519590655
2518,161.97666954266,7.35145277970095e-05,4.93207466748708
2519,172.251539812415,0.0011340491059458,4.49915032292163
2520,159.433080532894,0.000772830419297723,7.33770390905716
2521,162.732151673486,0.00249613731246836,6.40001350010949
2522,161.983565562774,0.00128222951049524,7.21721058590942
2523,149.476600281301,0.000216104428753499,6.36946031432961
2524,159.823833310541,0.00213607095955896,5.82169497812098
2525,177.924051185401,0.000236671712832614,8.11099411792013
2526,169.415399520396,0.00359042689377129,6.68804931741033
2527,171.149768769584,0.00156533004871323,6.12023388491028
2528,162.040377869817,0.00238557055899798,6.50488452411251
2529,155.864168951836,0.00209625447188192,10.9242336410989
2530,168.902236064863,0.00189404452862062,6.83548452227687
2531,177.915704181302,0.00148215758803985,5.81676023291328
2532,165.156760351941,0.00102299036892685,5.94299344545949
2533,177.305960775945,0.00575253946901488,5.21854082730395
2534,148.643197608373,0.0013198096945217,8.30146211611656
2535,181.915574800892,0.00665735750304022,4.62964117978721
2536,169.274901357017,0.0036350583919442,6.4936386560004
2537,167.403959966849,0.000586623749044888,4.84593734752615
2538,160.265082347191,0.000311626132833133,7.89107645161217
2539,168.697866450414,0.00574449081342854,5.29525287262696
2540,170.951791679575,0.00160202118992071,5.32998763528198
2541,160.806871166771,0.000315640934441732,7.83996649322679
2542,185.990512760885,0.00287013378812605,6.25844724889392
2543,157.925664600032,0.000317940869026888,5.94069585656462
2544,175.322423078776,0.0015556852057666,5.91044571488094
2545,169.061909461858,0.0052169785542824,5.29364096885391
2546,179.292248182645,0.00389438545751806,6.00239414148328
2547,171.476441311623,0.00132069474512196,5.55070225740297
2548,163.78290080949,0.000373926857279558,6.45734500652323
2549,169.962561801039,0.00101187657750034,5.14483975881757
2550,171.729471151178,0.00101300648027589,7.77425111020624
2551,152.740339987074,0.00233711043419696,7.29492100135145
2552,165.254740523663,0.00347666308764327,7.2381879922237
2553,162.27963130842,0.00684048630551941,6.20325394717434
2554,151.114772978434,0.000399258279245813,7.5595719955551
2555,169.801352421224,0.000285165634424005,6.17703629794344
2556,152.611217139081,0.00738342948960482,7.78963544867599
2557,157.951063870743,0.000706424186389205,5.83891968787463
2558,163.015983305604,0.00263954097039932,7.42047205782037
2559,186.955520860579,0.000847555144380008,4.89515329045767
2560,168.790883063195,0.00110441282617997,7.94204968610434
2561,168.592141316277,0.00323362062070027,4.94150585374608
2562,182.126361153575,0.00899314512672864,4.73507084470561
2563,166.837565769519,0.000579539422762095,5.7650327087411
2564,163.074167319651,0.00148169898097822,10.0781549857305
2565,172.596895664531,0.00633854886918238,7.072270474569
2566,162.926293657381,0.0013690621429319,6.0468939810055
2567,156.026707041269,0.00909768417508774,6.40791521358299
2568,174.026902483172,0.00330112849762442,5.76058586884342
2569,164.403382980548,0.00537104625967762,7.48856672261079
2570,175.913395774857,0.00375627623586944,4.70829887954286
2571,157.13612190284,0.00408596485372058,6.20767310021919
2572,163.422706843012,0.00617477648104538,7.62641274536001
2573,173.561701413734,0.00130784981677558,5.01769933270059
2574,158.903150134736,0.00131183444728541,6.65171735416814
2575,160.075871808959,0.00211634918273889,6.09346079781309
2576,159.409488663385,0.000426951485039507,6.34983445667233
2577,171.771874302313,0.00107209165883953,5.23854333036111
2578,161.986707416488,0.00670532719924944,6.45337884932507
2579,173.942176094373,0.00178178857381956,6.34165903413899
2580,170.153780487792,0.00571010614391797,5.42866110898008
2581,179.903618415754,0.00208722426373776,6.02038977123196
2582,182.737470589209,0.00229715854204277,5.61929104145468
2583,173.902562263128,0.00907894192811675,7.36099282593557
2584,167.524279131829,0.00140394658455976,7.7686820821915
2585,173.240034591566,0.00456543395528384,5.23182808224811
2586,180.180896664007,0.00180917318468742,5.25159889896092
2587,173.022107408965,0.00526702193085553,8.05446312228866
2588,171.39031110772,0.00556926323921122,5.16283653383907
2589,182.562298184591,0.0131599651907826,5.58610030518718
2590,145.030502460034,0.000985119088169767,9.52990328701094
2591,155.017021450703,0.0115476356759907,5.81432979540671
2592,166.831239923049,0.00771717078730341,5.83782491124774
2593,168.908639470277,0.00156103558131394,5.84126170274101
2594,177.858417518305,0.001225308612569,5.97262967017571
2595,171.044327230415,0.00484029481812555,6.02762687915573
2596,170.638931398371,0.000282308253906463,5.90830568429208
2597,167.644914755347,0.000240957844864922,5.12146771050527
2598,169.723319191939,0.000892589303220871,6.50943959240738
2599,173.476105307806,0.000859100619420364,5.61547962737434
2600,163.948852947176,0.000143498349752732,5.30080585168698
2601,162.871289737167,0.00189679062451107,8.43968263390568
2602,152.413022679777,0.00312048042818645,7.15489189503823
2603,171.137725986323,0.000181530031457883,5.87531706230606
2604,151.518586210665,0.0022396692826944,7.21917168236731
2605,166.281669073973,0.000186287348479729,6.71073894945405
2606,185.351037520237,0.00224574923470999,4.3794845154599
2607,157.816957148636,0.000211685482781787,8.84098843763718
2608,161.000143007982,0.000349655004584702,7.52051085679304
2609,163.565793110665,7.11060601133131e-05,5.63910749778365
2610,164.16869340473,0.000360118498201303,5.91824279474836
2611,181.826415334989,0.00527326003666421,5.41633133072708
2612,159.213155066656,0.0016945539726547,7.73630604805894
2613,162.025455626403,0.00447943826165349,6.63341280966094
2614,173.879081442743,0.00348985538418904,5.86891336311552
2615,168.366409928451,5.40159025738301e-05,6.9204395477092
2616,184.689282956133,0.000149193513462814,5.85373996966998
2617,159.385318008964,0.00529018626932718,8.91513632399042
2618,181.493352260683,0.00333444464911473,4.82203503802889
2619,179.413701115237,0.00699191018504837,4.65669640461751
2620,173.716203624057,0.00118491939358683,6.64065493878779
2621,191.566066621566,0.00241164191878452,4.20425976344573
2622,170.027809330345,0.00095090307569532,5.71301735687644
2623,156.911235149048,0.00112544657028319,6.42470689779086
2624,165.301530032746,0.00466217722418943,6.75683036001769
2625,165.216707710197,0.0010784081345109,7.29131490943833
2626,178.216915590449,0.00387627360466167,5.98913736982751
2627,160.528111027502,0.00188117360550141,6.18119889279647
2628,170.561674273429,0.00109028977827939,6.02710423979538
2629,164.640809244187,0.000760754124254647,6.83754972259242
2630,161.827801988904,0.00683041891461303,7.29359090473053
2631,150.382202463568,0.00297301161037376,8.08574405654169
2632,164.583496608179,0.00328660093652671,5.57227254346045
2633,144.002706871793,0.000287101695943755,8.96665962655315
2634,170.737911767629,0.00831935468616261,6.6798981495383
2635,165.25884946792,0.00152706723354038,6.31264030048397
2636,178.757512059405,0.000898673110075074,5.52313900861047
2637,177.235689886745,0.00774986393415559,5.8698063798803
2638,159.083900072571,0.00654413086395979,6.9274896220259
2639,174.441242898007,0.000724962594367233,5.23696333198329
2640,168.259728754532,0.00630199535757937,7.51337049069183
2641,176.311564174185,0.00508831705113038,5.51128384595195
2642,167.476762170511,0.00221804968716952,7.30807734275737
2643,169.016023451024,0.00287829952597437,5.32215842663808
2644,180.978182232987,0.00258036460453591,4.61316606551893
2645,169.200805170404,0.00286192549736794,6.2263233531623
2646,145.794563087368,0.00656663415864917,11.5181762482942
2647,173.084209169637,0.00192786991185795,5.5010900601674
2648,153.988885771351,0.00295007182587781,7.77789457587174
2649,161.30527084118,0.00408469177883199,6.3211946405999
2650,164.615937666093,0.00317507440295034,6.37058038543671
2651,156.42397529508,0.00193253163762548,6.7323139354764
2652,166.478326997133,0.00257771393587302,6.07477681541285
2653,150.348744800887,0.00260225778346955,8.9022033394858
2654,159.66673490171,0.000483636580735851,6.59538665605424
2655,171.520566511284,0.00179633384980188,5.84112257528147
2656,160.210848417793,0.00248787457353357,7.19591135252439
2657,187.856990450818,0.00479563867942669,4.77021179751294
2658,162.94300697924,0.00118755500571906,6.18092824053627
2659,155.893978216282,0.00288328711823152,8.18657732091446
2660,166.978082640636,0.00118591198441237,5.47091067835448
2661,166.339480287768,0.000455055603218338,5.41523726169328
2662,162.342616864809,0.00448268324247405,6.82614207021015
2663,171.36233457538,0.00508841556405267,5.55099601003993
2664,165.499978361441,0.00331223305705335,4.80238556729133
2665,173.056555238827,0.00671888268314673,6.17723748455856
2666,164.810887830086,0.00261238264471151,5.54205370300681
2667,163.340559091241,0.00311597096266079,6.35698489717412
2668,162.41012751471,0.00356762189166394,6.39736830321379
2669,171.220771953913,0.00269146005729764,6.34224545654418
2670,162.98850706134,0.00701210039340648,8.0023781901032
2671,163.546499740675,0.00513586731626718,6.96881867836327
2672,169.7385748668,0.00158419313015384,4.63996848378529
2673,156.455004387591,1.45171375431372e-05,7.61062174873149
2674,169.429090702835,0.00511470340059402,5.42177536648622
2675,178.184450691443,0.00137554616145815,4.75945204574042
2676,179.397198650694,0.00287810456073654,4.61754984487082
2677,166.044697642699,0.00076811385801766,6.42960697315099
2678,170.070822595228,0.002963893692082,5.0375886113303
2679,156.207953269208,0.00350223949712584,6.82567804383722
2680,165.043305700222,0.00289969089967021,5.80953507268218
2681,169.77321018299,0.00140069229383672,6.22498035179215
2682,174.846197113131,0.00383992336671502,5.20939522560728
2683,165.880602863649,0.001639388453004,6.36628998814794
2684,162.523478890178,0.00503362886020703,6.85760795980977
2685,170.805793780475,0.000582916261276284,5.42007934327543
2686,174.52767492915,0.0031194808321635,5.4856459987162
2687,158.488425351621,0.003097660581784,9.70285500643443
2688,168.445896144474,0.00104136686626555,5.27307024460432
2689,178.06390360898,7.66433947204489e-05,5.6259826253747
2690,165.679132138042,0.00217124643699108,4.99611628531374
2691,162.301869665145,0.000829977934297579,6.44909365690268
2692,158.745521610378,0.00124479041862611,8.33032753680932
2693,158.310090754331,0.00268868363893179,7.09768727716561
2694,169.678239553392,0.00197163334081436,6.23876448569315
2695,173.756996928062,0.00749249544675499,6.23972693232405
2696,165.883617394611,0.00118589273067049,5.40761418987694
2697,158.403721566087,0.00452376661860449,7.38086975288797
2698,168.350833784472,0.00294676825116408,9.11796680288615
2699,164.002005535415,0.00555280988262384,5.75093701996799
2700,161.008316984355,0.00330914164381208,5.7707607532485
2701,170.123733703281,0.0029325757377521,7.35975152526053
2702,168.571883767001,0.000221214052275692,7.4476021045254
2703,160.193335235493,0.00140734723238912,10.081937689469
2704,172.095971586207,8.70911680914621e-05,6.60371203768685
2705,174.227520115795,0.00329549202467695,4.9675317294211
2706,162.988623473207,0.000218853389977408,6.63552042330203
2707,170.181165570669,0.00479393140497259,5.50953301836454
2708,154.011421747544,0.00338584625687561,6.72974667144095
2709,163.715988204263,0.00304966947639177,6.5374975587428
2710,162.403436154572,0.00398122301937305,7.0259586758721
2711,168.453707866536,0.00325402011079147,6.37757417349687
2712,167.301790557192,0.000131030241106507,7.22358489213773
2713,161.117267698867,0.000330005039890484,6.65805405183389
2714,165.579188137836,0.00167414480870219,5.86611877955128
2715,159.693129677737,0.0014566767292633,7.23617188959219
2716,177.353150265429,0.000292904247906316,6.43643645901893
2717,151.171333960057,0.000577636319224186,7.4852296021137
2718,167.647868510037,0.00681565641698011,5.63571290412157
2719,167.789691559874,0.00906831866070094,6.70486649660585
2720,147.117544191931,0.0101515520440573,6.64514698815291
2721,171.833457868864,0.000880649619300685,9.14692467758958
2722,163.698778204962,0.00337595194724256,7.66486505082429
2723,174.167375974471,0.001297281614274,4.77501595174368
2724,184.511350884332,0.00301905756181951,4.98294770733468
2725,174.573125648752,0.00655504701067852,7.06107859484467
2726,169.085425093679,0.00383603317771312,5.05539225165792
2727,165.261335165897,0.0034133790859323,6.1734738578746
2728,179.621668714013,0.0044422615079782,4.49635032699488
2729,177.348065544958,0.00397522742943077,5.91447745468337
2730,164.269664872249,0.00559303178856734,7.94817264716982
2731,172.672755119809,0.00383437438336365,7.18080754403975
2732,183.295696426357,0.00142159587522482,5.00808729108341
2733,163.216729421179,0.00306473382107704,7.25299737792435
2734,161.538808243184,0.00323889780867873,5.62396276951713
2735,164.863428639458,0.00209634309365778,6.13463615202138
2736,158.398327601807,0.00216726006069786,6.73724400016244
2737,182.667969055023,0.00102274453407015,5.10964991175794
2738,167.875833681543,0.00440516233898491,8.08758787388456
2739,171.40901377429,0.00072945330245091,4.83270278672455
2740,155.964464816225,0.00480818501170949,7.02568939681193
2741,176.447666918405,0.0017019591570348,4.97339518951667
2742,165.792584477057,0.00022632056336061,5.73827350174936
2743,161.826822901318,0.00515483864612357,5.26457092689471
2744,174.97950771246,0.00499956084164488,5.58138319444661
2745,167.405472858144,0.00504173023304364,7.25371513937787
2746,163.198400295329,0.00865072499284953,5.40814712660788
2747,170.202198197956,0.0045784849884309,5.22993976785125
2748,154.860874173712,0.00166296499333097,8.27414776702945
2749,166.920500340967,0.00882955270861709,5.98094523147982
2750,167.045555167139,0.00115279391832828,5.7376627724676
2751,149.193614681222,0.000628438450467219,10.4303689794008
2752,171.255101184248,0.000325166221699237,6.92392597888316
2753,157.33143340875,0.000325142807279262,9.40168115225664
2754,171.474070173047,0.00164870746122809,4.88858576801679
2755,177.122972459981,0.0067951972885281,5.22713559699406
2756,167.206792779257,0.00379576498680902,5.35950951224398
2757,171.103232476275,6.85047266338825e-05,5.47572133522828
2758,165.763230401726,0.000391744921533649,6.59249513331616
2759,159.134857355489,0.00098918854378396,5.97416191714727
2760,165.675763527061,0.00239867049601236,6.1471304978245
2761,156.023221573712,0.00010279768445747,6.32612927195675
2762,168.971630732708,0.000138231353655889,5.37825379490182
2763,160.682065806298,0.00354024638161061,6.48249158917086
2764,184.644220320356,0.00479520763902297,5.14855604714904
2765,173.403495103746,0.00260045874866843,5.16032891494734
2766,169.402843369439,0.0036169744838124,6.25468418980199
2767,174.805740335105,0.0058125175881426,5.26497515028303
2768,167.697419077754,0.00333335118087463,7.93633295015416
2769,183.329102961695,0.00120923652979328,3.8974185220895
2770,178.882433300948,0.00244055249442475,5.11594467608604
2771,167.319426143066,0.000338267803241267,7.40785592728152
2772,173.448982281659,0.000382570267064562,5.51704952527291
2773,174.341222827826,0.0019812241370987,6.14496478924129
2774,174.504576800512,0.0038242688032603,5.31454904230557
2775,179.654335838026,0.00283965328597222,6.40169543423729
2776,177.517628378449,0.000382397780148735,5.74946454712566
2777,172.812846960233,0.00133121124178629,6.48951952391309
2778,163.371325789493,0.00297912405413216,7.42434727041195
2779,156.21159646494,0.000227176870539401,8.69139802139395
2780,184.844380599366,0.00437525626204021,4.82216051789207
2781,175.028337679713,0.00478773752176519,5.15725655432242
2782,147.765390366887,0.00272490612231344,12.7405343525021
2783,180.865779206269,0.000950478326656531,5.0546403933775
2784,176.612613282117,0.000591733635377424,6.22303863303804
2785,168.350912561446,0.00238810171860533,5.80421674272577
2786,169.835341720254,0.00830548020531412,5.20476910952064
2787,160.05203622441,0.00195680688929286,5.13025327379256
2788,169.766215524915,0.00121977549622201,5.88924932696307
2789,156.548113756938,0.000806085514149887,8.88171184370793
2790,149.816805043252,0.000800166607539618,7.67885656834467
2791,167.925528197146,0.00238047836834408,6.79602431994357
2792,163.460698259928,0.000382938982947617,6.18376422657529
2793,174.286663941002,0.00916201814748815,5.59729728239641
2794,171.146572420245,0.00131338474616904,6.26086125209153
2795,164.643126478128,0.000254425184444999,8.6557710821743
2796,165.842953346257,0.00061916922076778,4.89675315035665
2797,176.983271161463,0.00462630254195639,6.46328666716501
2798,165.505449405057,0.00492615072583728,6.72255304644633
2799,176.473170373036,0.00795085542402994,4.52040998828066
2800,169.167171793293,0.00133262211929238,7.90717158297482
2801,153.284175524703,0.0011516849672462,9.75443090378124
2802,160.493595581591,0.00191787123717238,6.47555257341566
2803,167.799449288677,0.00642357649309289,6.49473418586796
2804,157.182095403886,0.0044225792718126,7.36351255071136
2805,150.050285658541,0.000948764370915302,8.76834809605684
2806,172.206623683339,0.00019086840882142,5.37330377686899
2807,155.796585145887,0.00903269128523882,6.22800077908951
2808,170.49283347136,9.81196014295129e-05,6.31350088704645
2809,150.991114135529,0.000257912089065291,7.88681614227577
2810,168.617152480363,0.0044113301562696,5.65882600245711
2811,172.891163001993,0.00667223988727464,5.1221152384243
2812,183.932160725245,0.00209170408151011,6.06422012117748
2813,162.342865970034,0.00199675128732271,5.92768576153467
2814,163.888213695033,0.00557474573184794,6.66167497162445
2815,169.201217903176,0.00338004502366213,8.14493833335847
2816,167.142096787424,0.00418745914212477,6.34393382974734
2817,171.919677624083,0.00374950422689119,5.37702699078283
2818,158.803300714246,0.00133602238444435,5.86804495742581
2819,154.352044601252,0.00201780635476334,7.90891426616183
2820,164.15803851821,0.00351221542700005,8.89643962480402
2821,169.718738433856,0.00299661046575952,5.91738754244142
2822,169.158731086088,0.00156640929726862,5.10921624086401
2823,168.500561196938,0.00882137450547914,7.48388432098591
2824,163.902340198484,0.00944725580797247,6.02860635805248
2825,160.925346539422,0.0115476239226411,6.20898263095535
2826,161.934185557085,0.00436111481748382,5.81980874823243
2827,165.769817557426,0.000408049925431191,6.34349241940961
2828,177.129742324954,0.00111717820798078,4.81567118922125
2829,171.912124578896,8.48408999282488e-05,5.01388165693123
2830,165.251351753616,0.000907873240934881,5.83559701344514
2831,167.016301991646,0.00323973554719351,6.9170779561251
2832,159.247010086293,0.0162815575921626,7.85381412641649
2833,169.858697515742,0.00178374976994668,6.98052616252744
2834,162.869499413541,0.000149556054557925,7.02977400787612
2835,158.595328133737,0.00124048794356769,6.77901601942592
2836,188.145823672415,0.000283838084282917,5.74577658424622
2837,164.314181466163,3.50665120920171e-05,9.27018258265887
2838,157.337664946985,0.00071632916475542,6.37430235912171
2839,183.358930807374,0.00164922654224135,4.86073116752087
2840,159.729613333296,0.00408980715505848,8.17657932815482
2841,160.376551232071,0.00414677300102674,5.60121146046627
2842,156.687970403761,0.000603890974067953,6.95148815812812
2843,172.738771943365,0.000727159734562325,5.91281611473672
2844,165.355828583884,0.0109749963178836,9.45986328556683
2845,154.604138231813,0.000324446732708415,7.19495922006243
2846,161.609581965335,0.000625790391219027,8.58263542427162
2847,168.586398933805,0.00386688216015892,5.78646004858437
2848,164.935950995216,0.00640210371536624,5.9046902970686
2849,171.726954253505,0.0116283444467603,5.96876589377624
2850,167.436776394996,0.000970786414399159,6.69036826472631
2851,171.749012952111,0.00438592431888984,5.1645112620854
2852,168.786027602846,0.000520867280915549,6.44406402513755
2853,181.666219837425,0.00455729598378498,5.13505614760174
2854,168.751280821531,0.00886657120218546,5.70988099022113
2855,168.321503358004,0.00435474133015016,6.78866268472434
2856,169.061754076063,0.00497811831251232,6.7988593616144
2857,163.850496266195,0.00025184169072445,6.0634465366982
2858,160.753731681986,0.00110090585787595,6.3009319352818
2859,156.235203805269,8.32881024683902e-05,6.21198964326245
2860,165.935791590872,0.0033492106737565,5.07429878807255
2861,163.126860347777,0.00194186644372991,8.46846961781915
2862,166.656756027011,0.000313326468537144,6.86006818920832
2863,156.363942808406,0.00471753025457645,9.58781396021179
2864,173.62983709231,0.00266574615225394,6.81455639579997
2865,161.602042139645,0.0141671894145487,4.98156626990088
2866,171.889698113271,0.000245786729269602,4.80820328583744
2867,169.271448736996,0.00197856961129987,6.44459615363359
2868,169.721135752933,0.00250766908956761,6.64369032994286
2869,177.234035657541,0.00333018857164821,5.9065974539709
2870,155.876086144443,0.000625408749234878,9.97142811829743
2871,148.656289306509,0.00049996641381653,11.5196165183968
2872,156.88899855387,0.00254982065415303,6.76897854785974
2873,175.314357959721,0.00439493055416947,5.19839505457519
2874,173.929003430066,0.00139836278623953,5.82013606736005
2875,163.124022142635,0.00535687008337149,8.74552361217695
2876,165.506201105621,0.00264467074903523,5.69760316413318
2877,162.39778986066,0.00380566911337218,9.01860443893336
2878,159.59459228434,0.00333607807882227,6.34399143851677
2879,152.115234041748,0.00597401139809257,8.99510195009736
2880,175.773289990958,0.001028177330284,5.47067369536862
2881,162.302400392729,0.00189864444246447,6.66416563076416
2882,151.210711708038,0.00318757444840121,7.33702741780366
2883,171.365937707055,0.00412904282266198,7.82702445638485
2884,168.877145253594,0.00241010152012795,6.08554887102565
2885,156.329083470437,0.00361723998066106,8.77655236715018
2886,166.193162885895,0.00453134396809477,6.0828098753723
2887,155.594828044826,0.00201357590185755,8.08070032766027
2888,175.587514178594,0.000795555342644681,5.31530750137066
2889,169.472341323325,0.00145403343466278,5.7805208090239
2890,161.325894445568,0.000501279819970332,7.3321588120745
2891,174.904482982369,0.00373579222016228,6.84740134034423
2892,184.458185192442,3.06024185979006e-05,4.90811549578908
2893,167.245599789034,0.00940219040460953,6.60488794727331
2894,168.365290556334,0.00304847023069182,5.6520394703089
2895,183.592235766299,1.43407019667321e-05,4.77710228312862
2896,166.701600250258,0.000882276305308116,6.39774099609791
2897,165.889417211757,0.000231836234577971,6.89606610783746
2898,170.045017143279,0.00455417302001491,6.1935688558367
2899,168.959797882272,0.00353148129972566,4.98287562223441
2900,169.904592202848,0.000151782425116513,4.93914340876256
2901,179.058270466515,0.00161928599920067,4.71308124557193
2902,167.515987551488,0.00185861312939566,6.32476089259341
2903,171.215584180956,0.000244944475850919,5.37918868288038
2904,165.422111550545,0.00420457461785068,5.87357772081869
2905,169.460219014635,0.00220501569802806,6.14750934905058
2906,171.432892493426,0.0015376160843086,6.75821921579069
2907,178.898009299164,0.000139443986661777,5.39825868531864
2908,173.933407471379,0.000386370771716612,5.76040094790471
2909,162.799894927664,0.000301402159707432,6.99033389364445
2910,141.257856217176,0.00306768128699704,8.82329086381201
2911,163.897901153081,0.00298271569026231,6.39806435002604
2912,168.75073728112,0.00284752490735891,5.66669183691106
2913,181.862649488735,0.00934992570140143,5.31091570805745
2914,158.824624293876,0.00797454800309143,5.35181992028674
2915,168.673986470003,0.000717069011739128,6.11689817233604
2916,180.978288657377,0.00677952103851184,5.2321520519561
2917,162.993628096701,0.00101826485612877,6.3439988600863
2918,168.368224330744,0.0056553246239475,6.38528318242179
2919,166.148052990991,0.00208744981283653,5.64467076867374
2920,161.529042603551,0.00447573601103476,6.06513949135154
2921,153.454605350266,0.000431384895253342,7.52462461963149
2922,150.714730589369,0.00291704394655605,8.39912909365676
2923,167.743411132895,0.00341219007770635,6.27329019333348
2924,163.912987155404,0.00298807285889141,7.67156587746263
2925,162.287740276651,0.000696749969193325,5.72051166645245
2926,168.006793036547,0.00169972587744044,5.4895152690237
2927,175.729583533036,0.0106611612278119,6.45035564487766
2928,168.787744022812,0.00501575727387771,5.17975968344451
2929,175.070350992729,0.000371815780246882,5.03099072319265
2930,155.152867695164,0.00547407869717269,10.2072186931125
2931,157.420113814981,0.00273644628289266,10.7444168529485
2932,153.56404005373,0.000788418165041998,6.78020792183011
2933,163.446401720264,0.000876804988041889,6.61170958875863
2934,160.136681900789,0.000775135814221825,6.28104668510361
2935,159.426117388848,0.00742817394951275,5.19126832122452
2936,167.427775936684,0.000176786858988346,5.46171561540751
2937,179.253936901185,0.00154411606694629,5.81696437192342
2938,181.50872898331,0.000970856015344821,5.16129056493224
2939,169.049265317113,0.000409113545929957,6.31702978449158
2940,164.39593535768,0.00215469657000063,6.81882657075903
2941,160.490269156899,0.00234756473338918,7.76886946844167
2942,164.711595400715,0.000364335776572541,9.44654361678786
2943,184.08964852608,0.00146037909899225,4.9042426466059
2944,160.33310126939,0.00589711650832688,7.24583804105491
2945,161.679757031912,0.00937334520676263,8.18007776653908
2946,159.871046033899,0.000648742361422904,5.94213650306467
2947,167.346645939479,0.00375501098297303,5.90211528666335
2948,156.962887619398,0.00189416351029125,7.24719537912437
2949,165.32898820885,0.00098835917117498,6.12639044083202
2950,160.460949779141,0.00145824739620582,10.1145634325788
2951,142.762592263698,0.000834836928976011,12.6354542623427
2952,162.809625743313,1.59159008979895e-05,6.62465384453163
2953,156.44090459272,0.000475838829952992,6.88440467568171
2954,159.990428495521,0.00069676302240267,7.70035371974834
2955,171.761618728275,0.000707648247509873,6.20573953471229
2956,180.099856683574,0.00151984362534862,5.18459573824135
2957,149.119995541408,0.00360799673358661,7.47965109100328
2958,177.224694948103,0.00227178737589952,6.09815373767767
2959,185.553286808021,0.000448406344627799,4.8800400163711
2960,164.13605322568,0.0052618335578177,7.68741478093524
2961,169.808403972555,0.000179206965732863,5.48387145694123
2962,171.397486105118,0.00250071739162217,6.34378827485666
2963,182.85102793795,0.00228563216046472,5.28682676354218
2964,167.517649789135,0.00913468057745285,5.34330086847473
2965,157.974040406684,0.000869859631262197,9.22699285396099
2966,168.219418105764,0.00234942828559922,5.5265944221527
2967,167.174835156827,4.33957594116907e-05,5.75765741516809
2968,169.383876750872,0.00683366852471895,6.59018257144635
2969,164.86886759388,0.00194579052073611,7.87531136529484
2970,178.323126955397,0.000372738815583805,4.81713471246356
2971,178.170113787119,0.00399528343623954,5.16692888408983
2972,147.802272729975,0.00465940371307386,10.0544530356744
2973,149.570987005113,0.000919068538718203,6.02579588408843
2974,163.851163764556,0.0117952213524144,6.97761956300441
2975,175.233359338613,0.000877131977502996,5.47895642196636
2976,155.856495605508,0.000357200566894197,7.18898507252578
2977,174.085656187946,9.24872849159783e-05,4.96523023623652
2978,168.479560117866,0.00325002545893212,5.21849814855342
2979,173.199231639846,0.0030138344929682,4.95063632979519
2980,166.780389766353,0.00248195002621585,7.583591224962
2981,165.502515075826,0.000250745405424399,6.74203338921398
2982,161.054702495186,0.00452986967791287,6.0823016637639
2983,181.483878980383,2.96082526897851e-05,4.704041441961
2984,179.581143836919,0.00625827437201054,5.71796130863648
2985,174.89107803361,0.00187504437096401,6.19832420216508
2986,165.044076739449,0.00439873092846517,5.87694092054477
2987,173.59422091989,0.000881903633956316,6.97077333309225
2988,175.7607451592,0.00060033077018761,5.53236816192576
2989,153.752144274952,0.0107910454385189,7.11283242393557
2990,166.931375313614,0.000154568961071305,5.60654135073501
2991,185.805083841196,0.000679289618913651,5.14515841552684
2992,171.126706223952,0.00719654481499783,4.89731689915139
2993,167.745070315706,0.00319731754555868,6.27173598513252
2994,159.912060288282,0.0015338573426031,7.17737731167624
2995,164.430798524236,0.00450929151175392,7.69499967695376
2996,154.20703325556,0.001123236309215,5.86521674483545
2997,147.91574093628,0.0171161379810178,7.50931902600911
2998,159.811701185025,0.00118967030653969,5.46737205158589
2999,176.359281216922,0.00164742995583608,5.3788718963061
3000,161.918871613703,0.00389171204245712,6.0851785641271
3001,167.947882256906,0.00829007437115785,6.58396930171736
3002,180.071679948711,0.00210721939487187,5.4132944801038
3003,165.109313604244,0.00052617524833022,7.94318695385135
3004,161.158835684812,0.000283268292215692,6.55221621467336
3005,155.996657215442,0.0111698115218046,7.69326122789816
3006,158.460448921817,0.000265406061927116,6.10151590026313
3007,163.74753000587,0.00560515108302412,5.89145638649164
3008,159.922029070976,0.00245813468915604,7.20879971110229
3009,190.658258186606,0.000214714995917888,5.48732022051106
3010,163.782793711946,0.0115473768140114,6.3632781560037
3011,168.105236135501,0.0019109001110922,7.36237694857259
3012,168.710276265486,0.0062929439653835,4.90711643690943
3013,181.336133202099,0.000762803191307088,5.45038065206973
3014,166.016200735351,0.00205656228943834,6.20425060143374
3015,172.159019766484,0.00426546730382658,6.53741404594855
3016,177.494410739016,0.000730962802055697,7.18220630612903
3017,173.566493651117,0.0070894283350295,5.18923316472917
3018,165.119117737716,4.70074166091943e-05,6.0040983389161
3019,155.468869493094,0.00531907410652555,6.15612117237784
3020,180.194028611818,0.00155810765350105,5.68562433169743
3021,150.491189992886,0.000710134052557213,7.65242936660758
3022,173.115171788666,0.00739856831530035,6.77592799507034
3023,166.500253786432,0.00171262427156724,5.87748790814107
3024,162.569008097114,0.00119899859102535,6.4887163585526
3025,176.762617303947,0.000280619445948224,5.27729723346863
3026,165.098994170458,0.00134720796104366,7.15566686038615
3027,170.084064104872,0.00227873162714439,5.84354732881491
3028,155.135582215571,0.00399837536711084,6.20300739141294
3029,153.895211576597,0.00830967480571763,6.78276614794976
3030,178.331723216964,0.00216637635127488,5.89220103303034
3031,187.045382527916,0.00632965843886915,5.30130786461487
3032,184.326371481889,0.000376767094649487,5.24160087701654
3033,159.136505971158,0.00533998311697379,7.03488917374391
3034,172.780545672597,0.000571124830019484,6.24485898338922
3035,164.429221334166,0.00532739001540668,7.59246082841186
3036,163.397348696464,0.00212678175356525,7.73071791461645
3037,161.079777530691,0.00106450558989974,6.15400852095662
3038,160.323141805384,0.00443499651371144,9.11947722877494
3039,170.781600643663,0.00374802913266031,6.19171152222413
3040,163.454317627607,0.00160371844608039,5.20588180688383
3041,165.378149505779,0.00190957663282865,7.16882245487294
3042,159.948082051789,0.00206412007650572,7.1582556903151
3043,156.415573683795,0.0060630224816461,7.32334228603651
3044,162.924946712772,0.000735013131397352,6.87017687022477
3045,161.06022110545,0.00104487529393254,5.35513180861411
3046,154.119463832405,0.00172944424251945,6.72818167813825
3047,157.888670896655,0.000254053592347698,5.22685296042467
3048,158.679224677946,0.00125643330591841,5.73700074799008
3049,169.805271074756,0.00108372031584204,7.61563561391389
3050,158.236248649564,0.0021363684674256,5.74402558806378
3051,172.905930216361,0.00438643950904248,6.5539633426589
3052,165.901806792327,0.00511323820246803,5.52872780141858
3053,165.266561494297,0.000141400459905941,7.18313080156521
3054,140.264974297391,0.00410649693961794,10.3574555945819
3055,177.08838006269,0.000711161828026359,6.5732314076674
3056,158.550720216064,0.00299485369331729,8.17234486259268
3057,172.89297273085,0.00134779220148968,5.8287508135415
3058,173.010134775763,0.0013591323471353,5.20882966146395
3059,161.85505648766,0.00284097721473377,7.24505752673672
3060,173.594345597472,0.000333999496402511,5.61700399254585
3061,190.147633818341,0.00221473104411236,4.40111895943811
3062,167.837921112749,0.0018631466156463,7.11422057497781
3063,165.932228396338,0.00368717870838541,6.28053848054953
3064,169.375654798423,0.00216628840558004,6.20369430753886
3065,180.399075868373,0.00100239020499608,4.66975651513956
3066,170.840003761443,0.000331796283813009,6.19066279727157
3067,164.533804864808,0.000476720429176317,7.37743457332852
3068,171.04879489092,0.00493846543938598,6.6731301531131
3069,166.292514236075,0.00271282519287533,6.70904194784442
3070,164.988551429269,0.00399417883477326,5.92260854526733
3071,164.461683122129,0.0088217441910046,5.49107568702071
3072,168.282373408313,0.00649077649161955,5.92038512171082
3073,167.075149481576,0.0091354104201365,5.07892829049281
3074,160.48443650247,0.00207473519784164,6.52448938800269
3075,163.64927177075,0.00118517619482316,6.15719697790802
3076,167.053609179495,0.00486963401696744,6.22698447140244
3077,171.50201348673,0.000690761810268774,6.46191659951316
3078,153.43065636098,0.00288807003550303,7.22559089593889
3079,176.84865891806,0.00136257924838812,5.34673173577592
3080,163.088384771417,0.00272976662180279,6.82603702898222
3081,160.415218459342,0.00156099582397266,6.01561999802644
3082,151.718146252629,0.000360689189659417,7.76107850401274
3083,177.77980371127,0.00067208452708328,4.54276372028908
3084,162.083750725059,0.000667972619102434,6.35298904025345
3085,172.441616234141,0.000485117011805543,6.706439049745
3086,171.254282920277,0.00905918102195935,6.0953719837855
3087,166.963313725622,0.00345706631603819,6.23786763235992
3088,168.768454741059,0.000571230636450595,7.22252464756925
3089,172.851261253543,0.000834060073044087,5.98337314984875
3090,175.865062396113,0.00451255196094316,4.6787532250636
3091,158.118130105252,0.00141952507139153,8.48653659565556
3092,162.56879539244,0.00168446029152817,6.75047096980364
3093,155.389086859653,0.00154471964856992,6.57213432172934
3094,179.843034507157,0.00832855604035534,5.3976951681531
3095,169.268228610236,0.00360141111016282,5.01478442192035
3096,164.999030055386,0.0038687046702995,7.40641766723816
3097,152.243273162672,0.000158960736339655,8.02249549047341
3098,161.29151523465,0.00214936687170607,6.83650205346171
3099,174.208345792238,0.000117247022252274,5.77469565545124
3100,159.95819183947,0.00772068686714863,7.6695511083717
3101,146.010483355661,4.29044312447893e-05,7.85839342629613
3102,170.37507099405,6.57246586957004e-06,6.45167012661405
3103,170.120843157952,0.00394588915704875,8.61833091729845
3104,169.303373345837,0.00746965030869869,6.8900566017603
3105,171.868044678283,0.00132388296357724,5.32913044942013
3106,170.165904425143,0.00130539343873919,5.462780868662
3107,177.654353357717,0.001411452827626,5.08576275647678
3108,178.348637844389,0.00506824813766888,5.79483426507334
3109,185.566967145408,0.00280070219747424,4.26098217611625
3110,155.697998160166,0.00431688204321922,7.45419099678993
3111,161.118480008468,0.00378663752367741,7.35133066253433
3112,158.903883430841,0.000509387634336936,6.65975456082526
3113,160.654875059583,0.00704673823879204,8.61374791366586
3114,164.262369686426,0.00212947576901442,6.60393321595257
3115,164.934286556864,0.000633627048041451,6.35805014421848
3116,137.634764254475,0.00246583390818247,8.36898400398764
3117,180.385407260636,0.000623519080130074,5.14585012342368
3118,165.350025921372,0.00037695602327162,5.88257726600197
3119,183.362929896568,9.06037132902928e-05,6.91843663981445
3120,163.341486722966,0.00555336977338488,6.58668414198719
3121,164.134374985229,0.000398169792239199,6.51457832704185
3122,156.120626046595,0.00686080530455414,6.20945251240952
3123,172.681738612677,0.00195385774040633,6.72791772726333
3124,164.784163153522,0.00908101085124528,5.99133657173462
3125,177.709421962791,0.000350449396560264,6.32493265573523
3126,168.60477239266,0.00468786810728373,6.6207482661066
3127,166.707977779594,0.0019433589573052,6.09204724599197
3128,150.929720476583,0.000983382583335347,7.86691815456265
3129,166.832505538073,0.000276561141575829,6.75709908714218
3130,185.091443351096,0.00282182529983182,4.38689714084143
3131,167.693812457174,0.000633280847070634,7.26376809684296
3132,150.495416301825,0.000413930857295141,7.60297243875479
3133,149.585329477305,0.00349026111220757,7.7878535966318
3134,166.133143772491,0.00410168821294205,5.58957669378314
3135,160.22145972054,0.000432243559782796,7.39402843900195
3136,163.427795766279,0.00703162985379395,7.11480163909446
3137,173.670085932963,0.000992044297722729,5.98666663058419
3138,154.242188680932,0.00160991033083911,7.09490647478452
3139,159.855888778874,0.00290813093151201,7.39489211534111
3140,159.592156479222,0.00239361379175269,7.70782928627896
3141,164.034816616124,0.00139330368407417,7.20203085878099
3142,163.017705962257,0.000359379310082453,6.67051451757358
3143,173.615302056006,8.03050738898424e-05,5.49159952139923
3144,173.774107615319,0.00472135625116493,5.32334757527018
3145,169.353538945931,0.00388271117664517,5.76418261728216
3146,171.308244872208,0.00795988099627418,5.0104447774861
3147,159.72475392615,0.00213054088952819,8.30978859771756
3148,170.531052585443,0.00311890995278363,5.44614487976281
3149,160.221853064082,0.00218933812012766,8.30113126764903
3150,163.039438242224,0.00160337494936686,7.20377242807422
3151,157.547644922429,0.00142737502908321,6.37223071148033
3152,169.293301315736,0.000458316605475188,5.9373515705231
3153,177.639306748281,0.0117996539937894,4.97807406905716
3154,176.75272210959,0.000600509215318015,4.26712122268206
3155,165.394149975008,0.000348028865427841,5.59566480645722
3156,158.042148860689,0.00310646192874563,6.6417245934522
3157,172.153101504486,0.00771789915289253,5.2552801171922
3158,183.752971457841,0.00226654138093871,5.02712626795648
3159,178.916903973027,0.00262626097594213,5.55748568742665
3160,166.24483804109,0.000468809759615464,7.33664070753841
3161,169.352083144568,0.00604746983677397,6.09260969237705
3162,163.434373176736,0.00166113763544013,7.60215423955884
3163,173.142106930588,0.00755700799299185,6.57418734630373
3164,165.332849503214,0.00292141760464148,5.95428228086361
3165,160.562269480732,0.00291760145349602,6.93832164053382
3166,158.487452496509,0.00205180440512501,7.1309280271108
3167,167.266089067505,7.61624881647587e-05,7.70756750860772
3168,176.77344814275,0.00415637535954269,6.69067213042446
3169,169.764576872662,0.00118564861017437,5.69949654419668
3170,182.145770985045,0.00109133912331415,5.2459935345612
3171,179.186704293983,0.000156161007809915,5.60525358542878
3172,161.556306147345,0.00140153103405789,8.3676836230395
3173,158.088766148045,0.00134302509936098,7.13349620054609
3174,162.784452264811,0.00650922282830526,6.14917562199382
3175,162.797527056576,0.00236018664546563,5.35666516395441
3176,144.637915037874,0.00528537226132135,8.5096201963085
3177,173.990557025271,0.00124036401661193,5.52535164145662
3178,158.837135088468,0.00326788214413062,6.0262743076699
3179,171.671704144443,0.00050442959348503,7.60185279105316
3180,178.018192357265,0.000251153022214156,5.22427576501022
3181,168.500344128678,0.0016256516384011,5.75861648461349
3182,150.699381584044,0.000601064259113962,7.48903820989242
3183,163.869100951124,0.00166177328333224,7.88292322451645
3184,168.976570185681,0.00229548656710091,5.79638851908314
3185,152.173072092939,0.00117198322250653,6.96735409270514
3186,174.56655871953,0.000771085423260193,4.82220666324829
3187,174.504687235407,0.00489142063031111,5.07086197109606
3188,172.412738728182,0.00809144685106869,5.33322658881344
3189,176.228049598031,0.0026978954241707,6.64913096077258
3190,167.86856599578,0.00506320597694624,6.12604938462918
3191,163.14418622861,0.0106927678323307,6.99309091237054
3192,179.01821808907,0.00340788015563447,4.43744652743211
3193,158.771969433185,0.0011452743198244,5.48470927688007
3194,170.850982788406,0.00165259897550745,7.08209901139138
3195,159.50065446867,0.000168510132555735,6.91487948817378
3196,162.648740250736,0.0011639182861764,6.94553553626656
3197,149.296621773776,0.0144045906082319,9.3140580975599
3198,173.378349217977,0.00367322415616655,5.37320542173683
3199,171.918998140925,0.0128458302769131,4.78973520716794
3200,171.062285617986,0.00585977815982982,5.83055592477857
3201,167.065746043301,0.00133970222289751,5.34792227242732
3202,172.029046988861,0.00140962568159969,5.78374531836892
3203,163.817661588965,0.00334032324407481,5.47851300080963
3204,153.552615850454,0.0130211290043497,7.4907465612509
3205,170.759712739882,0.00204501307021466,5.9601444187525
3206,161.342939423487,0.000833846757105698,8.2624409390751
3207,167.312836605211,0.00549868123302702,6.77576058326544
3208,164.170917264631,0.000765565978192014,8.15958930128213
3209,151.889947585317,0.00481859306487641,7.81339061856144
3210,153.458717177237,0.00261827291077504,6.70230856353016
3211,171.961711617278,0.00405902207788833,6.61837064503202
3212,158.000897033986,0.00692433815049999,10.7364213236023
3213,177.009695225453,0.00536505787630429,5.74133227318434
3214,166.025613843477,0.000213690982787545,7.99990494087611
3215,159.891019983255,0.00314613832840896,6.45065273472265
3216,168.963594096336,0.015152206283496,6.75756959300178
3217,162.084335341472,0.00170594859859968,6.07176939088679
3218,153.754582635257,0.000363688548570279,5.47831162009664
3219,174.879661769125,0.00887398166210326,6.06584310548916
3220,167.390783394713,0.00094841647645136,5.28035076723259
3221,162.952612046986,0.00942344889523773,5.35623081000103
3222,156.769094447427,0.00404246998363908,7.63775546915419
3223,169.509731321785,0.00117343184832537,6.28675450408744
3224,159.246790191565,0.00334028585703121,5.84676374668727
3225,164.389925314804,0.00104221023302229,7.49827311239172
3226,162.762336357209,0.000948428365250672,6.48498344986574
3227,164.749289355612,0.0095264590325626,6.05201222245747
3228,159.990653429111,0.000339921756424801,6.10702240141405
3229,160.63443780136,0.00189708894988856,6.88574939895022
3230,148.51626541316,0.00812546459595367,10.9877347849228
3231,156.864936773163,0.00274405101148427,7.44753475520711
3232,179.402874366664,0.00203803290353009,4.77719239487867
3233,167.691510745489,0.00142756477143105,7.50076110948542
3234,170.112035585905,0.00873729785202969,5.18962746881105
3235,173.578354957835,0.00284425528109871,5.19687037289579
3236,169.320832731425,0.000229492286629554,5.96877348088073
3237,171.752718548379,0.0106100602981804,6.96983056501448
3238,174.68197877721,0.00405002636847556,5.81959452579544
3239,154.100100423537,0.00536929441016707,6.9457354399559
3240,160.609090009819,0.00151347198145489,9.32604338449769
3241,168.718954698826,0.0011813235578589,6.05587306086251
3242,159.935512013134,0.000714810300084623,5.69264182807618
3243,160.441268156915,0.00105422697533142,7.37845059386895
3244,166.195158759755,0.0065690055394916,6.93337074504986
3245,165.88313206516,0.00117906636229771,5.16906198104385
3246,165.653602856407,0.000886633158321345,6.87876238247441
3247,168.134594536195,0.00168202039674173,5.19367365626119
3248,162.320228522172,0.00934636343258486,5.64706393017127
3249,176.310900282237,0.00400949503828795,6.46067435293855
3250,180.009496341834,0.00935697043272164,5.66070976933169
3251,172.234348885909,0.000407266527695962,5.44256719433015
3252,159.505730005287,0.000422782961355321,5.61197033315246
3253,163.227805645627,0.0108802817530203,6.00148905198234
3254,157.454394470471,0.00424359270388088,7.92044164735045
3255,164.851847431571,0.00122519675854891,5.67548023461101
3256,158.200878521825,0.000257748943003401,6.34864897925103
3257,168.026525341906,0.00259734738326473,7.28690334055114
3258,172.4308952643,0.00275214498220307,6.56439996141636
3259,163.093538069053,0.0109374263299323,6.77970941981948
3260,164.771673603239,0.000571355492158807,5.46718010722441
3261,166.911848175108,0.00224703795801437,6.47271678809649
3262,160.142506221983,0.00123712934563396,6.75608952007871
3263,174.307164374526,0.00186046017305281,4.54609024410102
3264,165.906245920815,0.000827341804825551,5.85622135321009
3265,170.710988644297,0.00470896213163515,5.62435137630082
3266,180.723456889381,0.00806530553339808,6.34755972946659
3267,172.027104607564,0.00145853226806765,6.37485399425493
3268,164.917287641009,0.0052574275331285,7.76409269691042
3269,172.54659162801,0.00405331508899476,5.65982900346612
3270,172.396184296458,0.00971762209088016,6.94709796121355
3271,164.428085106693,0.00193154965845518,5.67518209002062
3272,170.479685483521,0.00352156262641134,6.01595187906879
3273,180.423915430109,0.00123349998705113,4.50962197719792
3274,162.057943518086,0.0021591257110585,6.71086740209094
3275,162.171820322461,0.00275147649270966,5.72254752673937
3276,160.547287851675,2.33060060481073e-05,5.42550991295018
3277,173.98513792545,0.00124854216794675,7.4035296301898
3278,168.540499474655,0.00237496759783813,5.78315846843584
3279,170.255399456665,0.000420640532999886,6.26080005754672
3280,155.973642986779,0.000380929752356029,7.2613570716403
3281,186.719763422831,0.00726920874653475,5.1115523161764
3282,168.543171550032,0.00158274176170243,5.00563522205506
3283,155.988247940454,0.00571169209827997,7.55883353860321
3284,167.487256375253,0.00225361647736144,5.27259479279392
3285,163.931309450825,0.00135915824031781,5.68735289405187
3286,158.820231781984,0.00604753821212698,5.94631501909854
3287,172.255031955501,0.00243549890984183,5.64806541084436
3288,174.962636827347,0.00266582868267592,5.88575455722923
3289,178.519322888935,0.00211853183757134,6.30851264559775
3290,171.698835507125,0.00164382527333708,5.84560378551141
3291,160.580471420128,0.000715698731955272,6.58302217157482
3292,172.056670305882,0.00177082103962312,7.00578107591615
3293,178.914159558752,0.00240628548383844,4.65945454513114
3294,157.397465613573,1.23858125778051e-05,8.21917572004425
3295,170.721380745004,0.000125226010550962,5.52227440330286
3296,163.358056118718,0.00110105550947361,7.28983750196841
3297,179.364900574248,0.00309140677739683,5.930038517706
3298,174.96496519291,0.0010602041134412,8.55235404208879
3299,166.440457034951,0.000125457269581838,5.80649711862761
3300,175.246996421465,0.00207341290185892,6.28748360406649
3301,184.847135993689,0.000456625855073365,4.6107230221482
3302,140.427386991412,0.0013122140238623,10.4243465374572
3303,169.359770583227,0.00782037581471493,5.8608033596843
3304,158.679061145863,0.00115178225336412,6.88397806643763
3305,167.147745257945,0.0040074830064279,5.82393183934215
3306,190.22610464575,0.00211816734033141,5.24732477531449
3307,165.761448085286,0.00553122641883443,6.43703193712261
3308,172.327897362608,0.0015487423544296,4.74166093780597
3309,166.461061876074,0.00819310385619162,5.20724697459946
3310,178.129762116103,0.00168219603658015,5.1921739337959
3311,166.929776270753,0.000475322617346365,6.41154847610408
3312,158.762506510811,0.00278520282664745,6.85224054427374
3313,150.57107922905,0.000282064836219104,9.41419154426437
3314,169.447249538044,0.000313805932253239,6.7197412677407
3315,179.86549147512,0.00573870212289439,4.47221568085012
3316,168.466487945166,0.00314370800126192,5.20851108559688
3317,157.884930684812,0.00235404009059023,6.09960362207937
3318,175.90300112681,9.96583818897278e-05,6.85767544206247
3319,157.259228972298,0.000114747864804146,5.86472239716062
3320,173.187238212971,0.000211777266211426,4.98772340247936
3321,179.884778572672,0.0038558990788119,5.15559482349086
3322,174.558529047811,0.00306935002752966,5.36876896796242
3323,164.100867571669,0.0037852760853097,6.01414989046536
3324,171.781615438142,0.00157360499613472,5.1587976617702
3325,175.176178841632,0.000765482526221863,5.58917061342821
3326,172.353392213058,0.00786346109958837,5.49695965928755
3327,169.396082644414,0.00235612467232107,5.3489801214889
3328,159.980940373229,0.00226862698640127,6.48472628073231
3329,156.191786517623,0.00194782658215603,8.0346097943
3330,169.822175214393,0.00176821534807228,5.73642058397542
3331,178.586885683709,0.00276217988589229,6.71122687305327
3332,153.092735056183,0.000885576179611313,9.39958136619705
3333,165.81966947632,0.000298419990063593,6.43303477416388
3334,154.613928913893,0.00347614172204131,7.71180717214763
3335,171.368776153344,0.000690547300514513,5.69979915387222
3336,152.936832369162,0.0068212977141344,9.47413499941424
3337,167.266094985577,0.000700990474672293,6.15911637271233
3338,163.637466660314,0.00142521391302373,6.46814287685956
3339,188.586878882793,0.000345230733988468,5.17506712900304
3340,171.080995338812,1.62976138871457e-05,5.41742559229638
3341,165.931378645499,0.000634830144679355,5.65212275176788
3342,157.812946727023,0.000281970895277577,7.44379827353188
3343,175.514858224379,0.0110858305691723,5.38110571635705
3344,164.710232039141,0.00020900540435062,5.92734917005139
3345,166.862918667464,0.00733801736685857,5.1849039308894
3346,162.208580635179,0.00246564908587929,6.91544597789844
3347,166.239612258009,0.000429639078067318,5.28626044281843
3348,160.71807900099,8.3152723230771e-05,6.01936352785641
3349,168.264982620265,0.000684354853785836,6.17303215594786
3350,172.30821966373,0.000895853146504403,6.20098806394945
3351,164.153518106112,0.00223655177441152,6.68965238598406
3352,163.344949258147,0.00102761856029568,7.2476982504832
3353,171.770010482749,5.71620468090642e-05,6.62365486811744
3354,158.866275092716,0.00827288888745625,5.52554362105465
3355,172.138374617879,0.000983988728834075,5.48972035380796
3356,153.491000020298,0.000769340529095211,9.43310129780128
3357,192.525911897797,0.00160908083359158,4.15221352194713
3358,166.562443465059,0.000671857034984159,6.44406748180722
3359,173.424790410444,0.00314519599310967,4.96502224276425
3360,154.549679427819,0.000156901235685725,6.03458862134223
3361,188.104611614357,0.00502106974860687,4.66113532585043
3362,171.539981499726,0.0068885591253049,7.13171356736514
3363,167.781497749767,0.000139432407972115,5.97285823801312
3364,173.745745543432,0.0122989658872577,5.51061577471783
3365,164.261949288546,0.00425259084921896,6.0063314118941
3366,180.714121112992,0.000440225746348816,4.72595432497946
3367,163.150993832052,0.000222740819448668,6.48489378859651
3368,168.566846466655,0.00782209610747812,5.78250058388884
3369,166.868337509303,0.00221585023551285,6.12152773498992
3370,169.893769401897,0.000724013776114782,7.72259612980836
3371,167.154447851323,0.00170846373622079,8.12542168025566
3372,177.117714597813,0.000700254525897007,5.8994700065061
3373,164.178364878161,0.00351782597274327,6.27575604309357
3374,174.12540450324,0.00513481959500368,7.76904608152369
3375,167.882139380236,0.00071597303247762,5.41780359714901
3376,186.253673945851,0.0051286736086504,5.27605467064987
3377,175.909633641515,0.00119501801262466,6.01739860551705
3378,187.23361390468,0.00191908195970505,5.14337162896268
3379,174.095353375749,0.00557996742232988,4.70817097912831
3380,169.349509098212,0.00560942675058913,8.10462566903308
3381,168.456672855043,0.000580195170835758,5.38294268913703
3382,188.700169239822,0.00568598879596762,4.97656912454931
3383,153.324431437704,0.000118266260538934,5.93084173236151
3384,166.270647775921,0.000649220176284289,5.32192553878006
3385,166.377654761065,0.00148924198049659,6.65507469366548
3386,174.544656521475,0.00271497507420418,5.43082694857812
3387,165.765300896376,0.00635117055014903,5.77095475125559
3388,155.257124064683,0.00136533260688527,7.68007591584818
3389,160.710075179256,0.00305350525368499,7.17402795657728
3390,184.837674335729,0.00175006318334086,4.87717686929432
3391,152.211989477622,0.00123074459720864,7.28771751988267
3392,161.92727930084,0.000340044838674343,6.07111096224608
3393,174.36410423975,0.00204786544767206,5.67143883777457
3394,164.200307622598,0.00549055802142078,9.40416529587491
3395,167.482531962974,0.00233710939450839,6.6137967220703
3396,164.449821285868,0.00217844935259863,5.8353155018464
3397,159.322649688909,0.00216657808394124,6.06710033374294
3398,175.957903924804,0.00350561984817886,5.77157512760948
3399,163.179189658573,0.00274848347783039,6.76578839901855
3400,178.155140290225,0.00162426353002027,5.2404109828899
3401,166.872011723653,0.000226007182904372,7.01492043104855
3402,164.243975113468,0.00900105511869155,5.746752386366
3403,165.539053890624,0.00348876353472348,5.46767286399573
3404,171.81333468534,0.00215385267684929,6.57411747787112
3405,175.123280388658,0.0028222049921481,5.44677885013243
3406,183.818649340761,0.0016735510563981,5.44908673615569
3407,172.768029555421,0.00254771588970141,5.06175795224542
3408,159.29273543594,0.00165984616303441,6.65332450047417
3409,159.2728902861,0.00404616234140749,8.23553605798536
3410,166.48883006865,1.44063935794629e-05,7.35145950297293
3411,179.614327205694,0.00350587529759465,4.92781707143364
3412,154.77505901601,4.76342137601008e-05,8.26929684647484
3413,173.062484877367,0.00601172088136972,5.78672038032193
3414,163.818154659701,0.00129469635168922,5.73415092657625
3415,166.982214954772,0.000323596817288108,6.69591188503742
3416,168.559929631969,0.00109158193824687,5.38977785634394
3417,178.581174058845,0.00138058531616403,4.43406058929384
3418,169.467891381214,0.00170195338346432,6.77958642878787
3419,170.173089041242,0.00126807550473774,6.25661857215586
3420,152.613449716979,0.00386787127081409,7.37280059696239
3421,160.367869312232,0.000245748395216082,6.65569471127261
3422,166.131203201884,0.00137311617790806,5.71945521858573
3423,146.82919247056,0.00522274781109938,10.0219265322432
3424,169.426833929883,0.00361714687153823,7.15537253953778
3425,166.402440112427,0.00126498525358426,5.81112781635465
3426,183.604742517782,5.7533257091981e-05,5.4184158965732
3427,155.684450056492,0.000156730841100479,5.75516875237611
3428,162.603724140462,0.00200309126658428,6.02296107802366
3429,169.128088655561,0.000675671169428898,5.46665787940499
3430,154.950076247749,0.000815909050508169,6.58279981472714
3431,168.020649129625,0.00328073868800401,6.03404784751902
3432,162.181800449077,0.000975901171479711,5.97063564111953
3433,172.310394614677,0.00239159303355874,5.46650170126064
3434,171.623156253,0.000266137007408668,6.33563182878359
3435,163.522823404022,6.52137949187405e-05,5.41721170402458
3436,180.809834376946,0.0132726368554712,5.65277411773968
3437,175.936254969723,0.000714589498079821,6.57686844759731
3438,186.435816945382,0.0133054924451344,5.80220306408827
3439,172.974391996756,0.00510365631572539,5.91143240968943
3440,170.902978807567,0.000709098561003483,4.50995854984692
3441,165.058255933102,0.00523802620814358,8.79162324758149
3442,170.237856483629,0.000106815602359456,8.18956632873687
3443,171.514529227776,0.0054158641442485,5.8368615569664
3444,165.899988623237,0.00144340269823332,6.29051524664026
3445,167.57913301738,0.00738704635817682,5.85174479466779
3446,174.842245606976,0.00396955220999495,6.78564250536274
3447,162.441892138948,7.38090035054789e-05,7.65162992606065
3448,162.320040766847,0.00313253359655655,7.7925160669273
3449,158.772579022019,0.00285953987640647,7.97277037000984
3450,180.074708852203,0.00508269671378913,4.72765155839916
3451,177.541149134185,7.47898536248047e-05,4.5973467949888
3452,170.231476977064,0.00453817388685563,6.06767493208673
3453,166.386642847458,0.00302778432990972,6.0018451070096
3454,161.906277457319,0.00328197874347465,7.99548737753711
3455,153.48259681184,0.0112374766277783,8.67982827600248
3456,173.953134727973,0.00403056334549861,5.83966814715217
3457,165.118241378569,0.00365607817804105,5.74844299303968
3458,175.235903855768,0.002450850802642,5.09376078866373
3459,173.662603211198,0.00689375038482187,5.70853865768255
3460,163.894665953677,0.00559395641157046,6.54856609249594
3461,167.41323627127,0.000135507363688435,6.08435640319655
3462,169.962635557119,0.00363633842278422,6.05961524696866
3463,172.996732815011,0.000493951493877182,5.98894953012186
3464,152.752715437378,0.00214046332649508,8.03551856231521
3465,168.451299309922,0.00252936353881749,7.43036910757371
3466,173.596213633938,0.00284565678818524,5.62140289853062
3467,157.602645417265,0.000749913514514623,6.26413032020528
3468,164.668465529479,0.00199301452309042,6.53981859385311
3469,159.911620593317,0.00836457434770165,6.32327097963173
3470,161.646227030556,0.00589299681716398,8.2189644657303
3471,172.013933565228,0.0079077435009659,6.60032884366793
3472,163.516610870888,0.000688860372208002,6.29726963967773
3473,162.804504948225,0.00140253966487441,9.59938462761252
3474,175.051215816021,0.0050792735223552,5.27672438034389
3475,172.112135989336,0.00180915922754016,5.94455753527528
3476,166.844026265961,0.00340972953076287,7.6134662238485
3477,179.174855750283,0.000458129651061261,5.70315594670528
3478,166.674158773231,0.000232184967951758,4.90736679623742
3479,161.526401666686,0.00178629100524336,7.79914826633835
3480,177.424227656024,0.00220831767268669,4.90110109835366
3481,165.570977872084,0.00936625755784744,8.03523878749453
3482,169.399795526255,0.00126164112073082,6.4229786883364
3483,161.76996659787,0.000518075086748449,6.21215836145382
3484,157.833294461784,6.20594647904627e-05,6.14765045029888
3485,174.001381496147,0.000469100338359611,5.45041868706106
3486,165.077762751917,0.00377220834281503,6.61100832339474
3487,167.120312148254,0.000942111863240928,6.51719467625568
3488,155.586479239112,0.00164820903046226,7.44412971345491
3489,177.478970342808,0.00188821474187636,5.64212028486664
3490,175.058238636908,0.00216797152067538,5.20717392264059
3491,165.082820678524,0.00372135711290894,6.30388291730244
3492,166.149280898463,0.000280618963673879,5.46122796540527
3493,150.574662772601,0.00161937238861023,8.70501348426441
3494,172.985762458905,0.00722938843970678,6.37371771574377
3495,176.039004108805,0.0149614614326359,5.0417305736883
3496,166.193492227973,0.000737191334345447,6.08548013905031
3497,170.566938160311,0.000812879860031087,6.23879009860973
3498,152.138960926703,0.000104424394151972,7.33826414820329
3499,155.501892212221,0.00143666877933737,6.76154014628072
3500,180.054503297179,0.00351090618033882,4.99748035515602
3501,160.864061208833,0.00241289665477319,8.04315982483072
3502,170.993366617604,0.00133600692958958,5.40138960838455
3503,146.382190225174,0.000912914553337436,9.88591923393419
3504,170.016174706876,0.00700292990030504,5.52900424878381
3505,163.887714799951,0.00323234938134484,5.57216446559411
3506,172.096583404041,0.000134048366616765,6.38941277669091
3507,170.80486242127,0.00132246258588147,6.417454565291
3508,170.209766559282,0.000102283871630012,5.62820737664348
3509,177.167835378352,0.0014034311253293,6.40287749950692
3510,170.303315163212,0.00409237961814047,5.64023793776794
3511,169.404656460287,0.00613260151269626,5.5721947317561
3512,164.603322964296,0.000452910938173263,6.86473100294517
3513,169.27643053922,0.00647238806099416,7.20534839251523
3514,163.330671728704,0.000696961537821483,6.64953658740477
3515,176.477819160141,0.0132438559156063,6.72200667452637
3516,176.306024362709,0.0042116158946917,5.29519002889815
3517,175.7213077795,0.00831356018939049,5.51388915127196
3518,163.529548396092,0.00105750761081804,6.03722063066792
3519,165.18748964327,7.20736477087075e-05,6.1052488694128
3520,168.881640859843,0.00298187321967154,5.42569870314203
3521,165.424313360215,0.00238867861826019,5.12258841099571
3522,176.585831952872,0.00436261069855619,5.906268747006
3523,187.029663511025,0.00240633995332131,5.83693229272241
3524,162.561052389509,0.0127638512466202,6.85728735100284
3525,169.574913590183,0.0092431274070369,7.19677509237843
3526,168.912276115655,0.00271048781706206,6.38397226736205
3527,147.499788849838,0.00484813130668027,8.06283794625242
3528,163.221600686669,0.00356987002843808,5.86735658644941
3529,175.596238166084,0.0055758708011036,6.06693015840572
3530,168.360453350122,0.000560521059528869,6.10937921600006
3531,161.587232363049,0.00778300759066769,8.02955894895002
3532,164.809471970247,0.00146141703230249,5.44651344968622
3533,175.513490531878,0.00252936700151931,6.34524120735814
3534,170.096413142848,0.000573181410787235,5.28770545888958
3535,160.753726184268,0.0023477783043389,6.5988057637142
3536,173.490624676691,6.71827664635524e-05,4.8110872175081
3537,168.740806796343,0.00225288699895882,5.67949180077951
3538,179.20545911012,0.00729278936891952,4.87837820418835
3539,164.680868686288,0.00472341110728982,6.97781266351036
3540,168.043440986506,0.000978590987358365,5.12844375720224
3541,166.339217953922,0.00175279428025018,5.54270285156526
3542,159.461970811212,0.00239179490539904,6.51062575849228
3543,177.235719196219,0.00618013183113599,5.11654787107561
3544,155.029212728034,0.00225677576766327,7.16814586169541
3545,161.906818633386,0.00383822177916457,7.19133801992167
3546,160.735849120373,0.000381202675799119,6.18058898108339
3547,167.687512919537,0.00718595602430628,5.51568916136023
3548,147.275227614735,0.00389211780321182,8.35318728249276
3549,161.269911304047,0.0011666041133198,5.96921690918127
3550,153.470826750093,0.000773903399568634,7.16189129432189
3551,172.420357766888,0.00208974432149614,4.64003862343183
3552,172.405170545404,0.000678611729291187,5.68395541394257
3553,166.512066082436,0.00202230562586395,7.52988168175714
3554,150.097935298463,0.00588206695302679,7.91070547331302
3555,176.367955139305,0.000908870434719323,6.07551716513799
3556,171.976047550207,0.00214901962287862,6.07094073614236
3557,170.38211203337,0.00250798523308356,5.95005047213609
3558,168.942439679183,0.000753662876835647,6.69833794364776
3559,173.095375982069,0.00280740943599732,5.60164942575067
3560,184.950317440818,0.00373945541825235,4.410442021227
3561,162.398178505167,0.00142195158479337,6.93523167511047
3562,170.679883244881,0.00166710036694772,6.29902037513618
3563,180.541656512021,0.00169921870924826,6.18331783793855
3564,169.461333746573,0.000169604764603327,5.67148602233407
3565,155.061115879394,0.00157301183360916,6.54779295827896
3566,173.734068154794,0.00861515105384306,5.82129029538237
3567,175.205240153152,0.00521883721138204,5.53322508137853
3568,149.996378053368,0.00607970607546965,8.9812040863379
3569,171.054479906767,0.000459269951032271,7.27067501407608
3570,166.416553072804,0.00371060621636461,6.59607420958582
3571,158.038476251849,0.00107400710233699,6.5773865067113
3572,149.457283692925,0.00127956643224777,10.669048616775
3573,172.235861833241,0.00134958747510964,5.6680534129396
3574,161.869770277765,0.00173041114008858,5.78242905273086
3575,176.295999105756,0.000364574924436963,6.98657422774341
3576,166.061814393818,0.00259193575044233,6.22867777612763
3577,169.249867619513,0.00604603819420911,6.37838409450059
3578,172.789843432664,0.000204885804633723,5.84167287068941
3579,161.732793729957,0.00334799821030957,5.87416433373526
3580,161.054483161322,0.00323284469960532,5.69814663781502
3581,170.604658252656,0.00603461335419208,8.34246886880662
3582,171.466847053595,0.00417025600290468,5.85407920324512
3583,168.708745883281,0.000717602119359493,4.84317611039192
3584,164.880522395534,0.0106694234758007,5.20136268308763
3585,172.940499092502,0.0024137210547773,6.55392047038112
3586,171.442622983227,0.00525409696283141,6.6136147482519
3587,159.266325017316,0.00915719459974,7.41088794977047
3588,182.840224070588,0.00485224683809088,5.06517600023664
3589,170.035462032586,0.000456912276222196,6.41335657960963
3590,161.339226202512,0.0075894396689065,7.33619874687726
3591,170.527939803088,0.00115494192179593,5.94082289851393
3592,161.054294297826,0.000924113162978076,5.8915036948549
3593,157.135906097161,0.00347509046238147,7.31863124854619
3594,169.824038930655,0.00218665944267422,5.58842539820358
3595,164.617633946048,0.00423609596773583,5.27975241366476
3596,168.359162953554,0.0013053883645035,5.9670060277594
3597,175.428103029249,0.0157904311818229,4.87447450549872
3598,174.180803949648,0.00269157925001885,6.68934116596128
3599,171.886662574825,0.00160024558850175,7.40851331901763
3600,174.003452208955,0.0104825497322384,4.68851935905702
3601,151.600143601221,1.69389118390449e-05,10.0697947511759
3602,166.988795919753,0.00317959382209416,6.52314105525333
3603,173.285251591249,0.00423539932489592,5.38129286498473
3604,161.999755468895,0.00147413303332018,6.7909700424344
3605,174.714350958041,0.00259963128036346,4.65518469382487
3606,166.997855140085,0.000637933446286944,6.94460613919948
3607,160.661848294211,0.000792397266212217,6.15790952467755
3608,165.015288032379,0.0118045072166783,5.46748312421852
3609,168.76081676056,0.0037826135974467,6.36406545904866
3610,163.29124243501,0.00755856505460803,8.81126543702002
3611,161.016230574121,0.0010159749967344,6.134651682261
3612,168.075855293428,0.00159088157868811,5.84452924771191
3613,183.332874685184,0.00771066176116421,4.36499958105411
3614,179.48580609757,0.000544870577317473,5.43800346480509
3615,179.494737914879,0.00980692677460906,5.43267984929917
3616,160.200602296963,0.00134359644721317,6.11780658239935
3617,182.646546038396,0.00196167242585259,4.68455783960804
3618,157.568920647498,0.00292873005873383,6.6076722040692
3619,167.484869247873,0.00487675512744973,7.23939022441551
3620,178.372409882203,0.00174452449747854,5.06231277111059
3621,166.646539690271,0.00289714678172585,6.70948923775996
3622,184.94338623115,0.0118961899181496,5.74067672165094
3623,172.146001232374,0.000488225615972855,6.15382003865548
3624,177.737527275397,0.000493319478849497,5.86534868526873
3625,153.795756670133,0.00118399282801714,9.73245693907679
3626,167.752373954444,0.00410561334574662,7.35520456197438
3627,162.896321170203,0.0088928268125634,6.96782501100484
3628,145.56068912514,0.0109648807431783,12.5295178995578
3629,165.656765127447,0.000298122810063742,6.26137413329741
3630,167.114866067954,0.00262653775056718,6.96193178897376
3631,170.241396222365,0.00158846110709872,5.57366789238299
3632,168.555448980419,0.00285014138365308,7.17613143032096
3633,164.022606867419,0.00294985102737732,6.60850779543884
3634,176.327391729705,0.000859781110614964,6.05737809551275
3635,166.687882659685,0.000508683678860281,5.22185276511518
3636,167.789416908765,0.00308272666015928,8.33199834107864
3637,158.705073943274,0.000928356511788314,6.90334021453579
3638,169.300949706277,0.000707310481171463,4.74534948668342
3639,158.275664941661,0.000453242815216129,7.26155316476297
3640,152.585453282522,0.000777635609645114,6.09493898462586
3641,175.4651983124,0.00249536931631504,5.14598354723217
3642,166.253372229029,0.000816754064588792,7.77923265722826
3643,183.958241988269,0.00662128717653961,4.15470557578858
3644,185.357887462917,0.00356157080918347,5.13140979287581
3645,176.608682508233,0.00577714903277519,5.21160097042501
3646,153.501149151123,0.000868092034624857,7.91336266100531
3647,173.912859272424,0.000842292674980676,5.68723947572406
3648,155.282610535161,0.00371774879202165,7.57024741845052
3649,181.342896648338,0.0208485502468986,5.12492163894844
3650,171.65386573887,0.0020883387856428,6.55285019852974
3651,157.895992554323,0.00514495316556999,8.2550793794945
3652,163.967717910008,0.00111308176264427,5.54698987193872
3653,162.670642964729,0.00209116905679638,6.60759348495429
3654,175.284434951259,0.00139872668565635,6.1395622105623
3655,166.059856636079,0.000309712079203806,6.74468132082874
3656,183.199416901759,0.000599154317020733,6.05076585214106
3657,175.229913876225,0.00484008013339261,5.40604520479242
3658,167.633917686128,0.00134077095061315,7.36023265969605
3659,159.648109363762,0.000770186842641423,6.56823228361357
3660,159.563159850718,0.00203338236923576,7.73494715200186
3661,167.826733655653,0.000438002114567284,7.75500464780352
3662,171.690878539643,0.00191896775657447,6.53201183803102
3663,164.777845902747,0.00247262311496901,6.00494794068847
3664,169.151187489682,0.00356463688311935,5.14015419810995
3665,149.902394661127,0.00256278102075944,7.30287411026327
3666,167.349000368397,0.00117605807700421,5.74756738425719
3667,164.793807173055,0.000701701039426215,6.30905954306533
3668,168.883273296037,0.00158426214233929,6.56887854143934
3669,181.278778855988,0.000772748118842552,5.24104839984377
3670,153.006320788529,0.00208714159562187,7.46272058754909
3671,162.896086555288,0.00414468620714047,7.8212185484986
3672,149.03511437473,0.00060650920734806,10.0280600354858
3673,168.099096878087,0.00368947735129775,5.19009478239804
3674,162.196703216794,0.00150449067360222,7.4667724887616
3675,180.556028891911,0.00152858712932865,7.105279737895
3676,172.615666208995,0.00178290311288341,6.88525005516863
3677,163.959848276807,0.000454767689417613,6.03913419966235
3678,154.340142443459,0.00172751776807599,6.05763027836
3679,168.743137358328,0.00357845998474117,6.58198362849013
3680,170.468651134598,0.000525426548417533,5.98234683108974
3681,167.419666270999,0.000435774131642825,5.24010015181628
3682,171.187426069318,0.000815460796147327,6.04594825145548
3683,165.038128290184,2.71613985274256e-05,5.78771377788154
3684,176.787708459076,0.0056299775016632,4.79749401513575
3685,169.307035187181,0.00407722526603755,6.27845739228012
3686,161.224247271467,0.00292697495325401,6.92528404586062
3687,174.771323059538,0.00275827391737345,5.21688960384406
3688,148.200837050966,0.0027938983661088,6.31554486627633
3689,170.263035174502,0.00320631596636646,5.13566556763142
3690,167.128432054481,3.71541853424549e-05,6.29764109243999
3691,141.338164658007,0.00083750129251415,10.3646966166157
3692,176.871589160928,0.00172995886027576,4.7562762513558
3693,162.83545901048,0.00718532339742037,6.55302857806869
3694,162.631291986433,0.00729078884969966,7.28335508469628
3695,168.027694903462,0.000464562574487894,7.48137707012668
3696,162.025154688706,0.000806995078592101,6.61502824225976
3697,171.240885634836,0.00219771851275276,4.91870510967285
3698,162.350358017643,0.0011504564343799,7.12287437415763
3699,172.676767669794,0.00639133153675324,7.18713268638562
3700,156.395576851028,0.000692808826435572,9.19715570319698
3701,171.324757016895,0.00533728416044121,7.33411878012619
3702,177.52521511245,0.00997904467636342,6.21687275300997
3703,180.830923727401,0.00134484798183083,4.68259451361251
3704,164.143995389088,0.00329411626203303,7.12045586527743
3705,161.081082126291,0.00240348587778633,7.23966345294358
3706,171.106913449862,0.00421915445901331,5.31451397086166
3707,148.916136793412,0.00598645538610823,9.79764097775101
3708,145.84386289735,0.00275364961176467,11.1988216813621
3709,153.176943299882,0.000180456700969869,7.03569852900489
3710,172.422333226334,8.01864781245509e-05,6.30331152734649
3711,156.864400177765,1.42073971694052e-05,8.66713980659432
3712,165.090042410456,0.000101375873139887,6.15290503355485
3713,171.961959322888,0.00539167683145175,6.16367485948352
3714,169.861870803689,0.00376215997648746,5.64433673651699
3715,164.549876163418,0.0054565049656286,6.53825088040165
3716,165.418064072975,0.00259062859914058,8.15245608075427
3717,168.487970497576,0.00075838177488547,6.7531121256146
3718,157.437174337559,0.00241101982362465,5.86007194070015
3719,166.551439666753,0.00414460795467605,7.03767892220602
3720,177.118614178627,0.00338215874800681,6.2645841326044
3721,159.183534295402,0.00337444986021404,6.82239234006336
3722,170.783978029034,7.0730243065249e-06,7.75715567812739
3723,149.065297813575,0.00181391993612863,8.09716625057694
3724,151.052338240365,0.00223760291401994,8.48520124504657
3725,173.094304921449,0.00358872747693431,7.71945851770859
3726,163.534766415862,0.00219510626958512,5.64176398828475
3727,174.083503447004,0.0114967118355461,5.7754243185425
3728,172.147719921097,0.00563488985196124,6.98344995609006
3729,168.674408143001,0.00330315395456392,5.6554565403315
3730,173.181624908824,0.000521965839358665,4.9102110294253
3731,173.528804641587,0.0131800455350597,5.52590923897031
3732,172.278126585664,0.0033241498629178,5.9818511199184
3733,181.520896304537,0.00277371042249416,4.62064723895352
3734,162.569704929914,0.0045050474443628,7.3370417447268
3735,166.997066080243,0.00155213392760703,5.89276132145449
3736,167.110178630487,0.00200377674235569,5.6996487834481
3737,178.587176317028,0.00106763955921982,6.19066420515188
3738,171.221699852933,0.0016334962010231,5.99171666043144
3739,176.709636814188,0.00130070341322785,5.14210143983312
3740,162.932260564261,0.00839207611605749,8.13456166140318
3741,160.941239541381,0.000911137720881667,7.02943554080316
3742,179.144208928978,0.000505197116271905,5.05691616411896
3743,163.570063648294,0.00322721700518438,6.97874504954023
3744,161.97321417913,0.00224189248094309,5.84850261624317
3745,157.663014853446,0.00254868308204252,7.58316993621692
3746,194.165628598911,0.00147961370956042,4.22101995360289
3747,169.240737856494,0.00722699780940232,5.78964993136918
3748,171.234900122873,0.0102985109279895,6.00517859416142
3749,154.404159241198,0.00318887993152745,7.00461681712763
3750,182.741733437405,0.000569163475513695,4.84861851175707
3751,184.514564051763,0.00362737804559059,4.3014281140954
3752,169.604605679278,0.00199456778084551,6.23132691221035
3753,159.506028772198,0.00146832406897627,6.37116806376286
3754,166.466131912985,0.00610450217219954,5.8782007180889
3755,189.023517188404,0.00373212905064382,5.00274081145531
3756,159.387882222793,0.00589820697923463,6.44578815873894
3757,162.949991710391,0.00188987026014309,6.48793042709676
3758,170.569569537232,0.00374196452355066,5.10903304201362
3759,161.289909596057,0.000752449273021649,6.88037582473582
3760,163.815095563353,0.00415951072183408,7.30853875726731
3761,170.120478601037,0.00189609912413326,4.7457319668116
3762,162.663098275608,0.000767982205214958,5.51893143727519
3763,163.485257563832,0.00239467196602268,5.39378918762914
3764,172.841830969806,0.000627895494028106,5.0917576966698
3765,161.18627171102,0.00195786615700689,6.47904108941667
3766,159.831247862749,0.000300976536578615,8.98799373378798
3767,157.157081694933,0.00410350737555697,7.07252078451343
3768,177.443571290836,0.000433494804950532,5.10893130889433
3769,164.941305619908,0.0074497157974867,5.8452947498674
3770,149.907923088572,0.00381642800296366,8.59339363685125
3771,156.958105498831,0.0024641129199617,10.6970453817453
3772,159.377777418681,0.000769830801454823,6.23459625324446
3773,166.368101155838,0.00180424556420442,6.85732504390341
3774,171.676584775821,0.00356208322002778,5.27528248020174
3775,179.470675745856,0.000797554075937928,4.82838667241611
3776,169.214611614074,0.000199135535072074,5.5817154917399
3777,176.51969160538,0.0048644393194423,7.41846037592344
3778,163.253068608778,0.00331845879811462,6.8399482529315
3779,161.712603375924,0.000535047583635946,5.84463653518165
3780,190.298113908079,0.0021215685688554,5.30395588371348
3781,172.335676023151,0.00275265569823931,7.25508240019342
3782,175.619331217798,0.00564394990521001,5.25978439813621
3783,156.102463599565,0.00354458080776804,5.04343267284851
3784,168.333239041404,0.000371305563618601,5.25086098566044
3785,168.229210969262,0.000554212359816939,6.74744260704434
3786,176.863945097051,0.000609442291502441,6.76594331551772
3787,166.768879092243,0.00438796262682825,5.88275180357097
3788,161.767251675748,0.00604919825584384,6.43857778283099
3789,159.816786257714,0.00212243755379219,6.58295316514029
3790,148.125936740004,0.00219729148063528,11.1621155005815
3791,140.511066262746,0.00308707114610222,11.0810663358403
3792,162.886383800095,0.000658248165884093,6.34680846767949
3793,178.999425458138,0.000658769663875789,6.54398599839808
3794,169.096131302261,6.08191100983248e-06,6.11453651761356
3795,154.664764787556,0.00225786458283401,6.88842384782676
3796,150.353460358458,0.00648803367472877,6.16318189705741
3797,149.602314954954,0.00086562393721222,10.4195929776373
3798,164.059623605858,0.00273052609088325,6.56124602300086
3799,155.511388287455,0.00438355000209008,6.99775252065139
3800,182.716318131768,0.00329450659930828,5.27913890329424
3801,165.59507643753,0.000269550329899408,6.59393394363015
3802,166.898725081004,0.003997785019191,5.7553534839251
3803,165.835063957373,0.000847469787205656,6.77158153185974
3804,160.530495408371,0.000925442764132548,5.66751843248059
3805,163.421048931804,0.00138564737040444,7.67912506767883
3806,167.463075230881,0.0117732342635009,7.02538167560929
3807,166.729492746892,0.000701249499869149,6.22123051568244
3808,144.551511247668,0.00547699337368117,8.47295211958408
3809,171.160464221417,0.00269088694288498,5.35215725426504
3810,168.477938130545,0.000167005781457496,6.32547969921507
3811,159.94985903017,0.000841606844914012,6.82131219201524
3812,154.199599625332,0.00360410942392342,7.26892662130326
3813,154.459398657342,0.00220063011403053,6.94971183895723
3814,161.591496609636,0.000712963828593331,5.17177362274161
3815,174.151040788778,0.00711317691779368,5.48667065685747
3816,172.381703083587,0.000434861171771864,6.14052973567252
3817,170.718307746967,0.000889409771315447,6.24416184024502
3818,148.704848209654,0.00638792344346055,7.81234795280276
3819,172.62024122861,0.00265164162458597,6.12826047476664
3820,150.102665991976,0.00401531959069923,8.66503451496078
3821,181.477428974249,0.00424208849484003,5.34190556251472
3822,164.446668367208,0.00568463288875659,7.8934108663985
3823,170.042424815148,0.000437265546039656,5.43563553778718
3824,168.027073648032,0.000265960616784031,6.36561680552438
3825,184.093161828805,0.000556737374683844,4.77511335004486
3826,158.02716442181,0.00271808630114582,6.96774150426283
3827,172.981210595472,0.0110454809286755,6.69038614155329
3828,180.608036431825,0.00148523069438982,5.44037656440444
3829,161.878118643251,0.00203877745066172,6.41683751095543
3830,173.089044728313,0.00202844094878535,5.46144632005279
3831,164.984503181929,0.0120800010588561,6.43843155263437
3832,163.501803112681,0.000327304014562201,6.00109269998404
3833,165.377887314565,0.0045519872535471,6.42152648922639
3834,150.358861118674,0.000528037594502157,8.90400346659407
3835,158.650590639177,0.000374206522161549,8.41805819801787
3836,160.852738818752,0.00145256135124525,5.95971647713171
3837,180.177201718278,0.00503858276188674,4.41711150588823
3838,165.676941456043,0.00224017409147759,5.92882912814997
3839,171.836702652419,0.000662628186324636,6.11529684868201
3840,166.782616535508,0.0041851407661103,5.72745787890676
3841,180.668156021236,0.00437387944927812,4.84033452669575
3842,166.882190880779,0.000853693192751994,5.59611091088233
3843,164.797941322237,0.00238084792400074,6.16293585388982
3844,149.443189991436,0.00392615773786776,9.75821310214604
3845,174.093645547197,0.00166934748814535,5.09992919546061
3846,171.786374688741,0.00067235523107101,5.5171807740782
3847,158.041765488306,0.00591290372189667,8.01047626502706
3848,168.573260677081,0.00243391519195201,5.53856866762036
3849,162.363384442802,0.00192395310898576,6.36002350279703
3850,170.628871422858,0.00104232959524088,6.2735786950631
3851,152.769225859375,0.00127174689442371,7.83705019337678
3852,170.868860943301,0.00255152170308673,5.10139718832661
3853,173.878901320253,0.00196524870638688,5.21738972075569
3854,160.500965714552,0.00062467650158334,7.61309618175785
3855,164.103295589856,0.000379831205066098,5.43657904312296
3856,173.854958525313,0.00153052302081937,5.35824578054533
3857,171.147182690047,0.00354218529697032,5.28173322381626
3858,171.474364765797,0.00242997664556303,4.65799584515676
3859,171.835140525997,0.00358662199509398,6.00924233973107
3860,170.584691897281,0.00426498484390589,6.00421650074157
3861,159.21144790586,0.023113094772543,8.25792036145516
3862,163.83159377224,0.000222130775730527,5.7205643679842
3863,160.403748461455,0.00435199765080597,8.13270165181252
3864,171.174252720571,0.000125313470761507,6.17243778462654
3865,141.217726308533,0.000447422188088468,6.94766432601487
3866,184.329044294795,0.00109798898469231,4.4342682102238
3867,174.378710618057,0.00180721446301567,7.58994825516002
3868,175.707659956814,0.00357985807761909,5.01955104585338
3869,157.354267415805,0.00311384554780938,8.63002605249363
3870,151.69372096609,2.16623139003163e-05,6.35106045471616
3871,166.805109223793,0.00143551241769244,5.49761270090334
3872,154.230243999542,0.00038257608992846,5.46728663587476
3873,154.550142198308,0.00204574547689853,7.28726186000245
3874,170.473875340695,0.000769021975747866,7.05099590398666
3875,167.536552207351,0.000845391440413366,6.41738168677377
3876,156.994820545947,0.00785954641924943,6.50104294582032
3877,176.55124124005,0.000540646125044771,4.83063106350699
3878,156.308802847008,0.000542933509724398,8.34394292433065
3879,143.94605791554,3.92236992353796e-05,8.6699498253682
3880,149.788668320551,0.00753912225098141,7.32431105633186
3881,177.803776135085,0.000434224736648955,4.86065371417406
3882,168.561149959076,0.000583657194965322,6.61587004098767
3883,170.711075945776,0.00720824266406076,6.85688592186482
3884,155.266020525287,0.00291689764678433,7.30404754709644
3885,185.453067797243,0.00437547638089253,4.5253417229686
3886,168.028287316978,0.00050895807238587,4.49180220215166
3887,171.901256562788,0.00804524408411997,5.93697397628991
3888,171.901480970001,0.00593983002929782,5.59858336898945
3889,177.528137124644,0.00488566189356797,5.68549317707048
3890,157.613397715476,0.000750235386936643,6.65109784117744
3891,161.361581800943,0.0079592500269081,8.32269445171999
3892,165.636974766775,0.000351707349913151,7.06880948608036
3893,166.826873527594,2.04809488290107e-05,6.59960503898474
3894,176.236665323754,0.00328914137271339,5.58791986103842
3895,169.29210109553,0.00253978127971275,6.77328612535633
3896,181.575065176157,0.00171642495443571,4.08866831085258
3897,171.031896126884,9.45319243392302e-05,6.06357427343135
3898,167.331562204582,0.0054793332064018,5.66471261988791
3899,158.716532028448,5.25342730502193e-07,6.34654006165919
3900,166.259801494691,0.00387161600081186,5.84388862362773
3901,172.257102707953,0.000450224019496639,6.57710836840301
3902,185.569269780491,0.00128667582896551,4.6591718579996
3903,174.84729039294,4.23872450207638e-06,5.86979693970468
3904,160.857570180889,0.000172914402815126,7.88734817251156
3905,169.57985158047,0.000594296975972159,7.36839876482887
3906,163.20287057791,0.00171172169301268,6.27888999154871
3907,175.618898362983,0.00663235995426476,5.54834039614852
3908,191.111171862977,0.00426658225239221,4.8670628420039
3909,162.133940398629,0.0014930229070233,7.66418235563458
3910,158.80973583289,0.00671614440202588,7.69973275534366
3911,157.96588267515,0.00671598923183679,6.70178039641297
3912,166.246501171824,0.00103357302054536,5.57642281998202
3913,172.801743559352,0.000841355944188332,5.20876370284466
3914,165.283045498014,0.000912187147363308,7.14816740404311
3915,154.88217402288,0.00104669550668392,6.89303448605156
3916,167.666227990799,0.00234210358389587,6.36909002044071
3917,159.798130238552,0.00288304951646975,7.68048642729594
3918,179.406346560493,0.00606794840482509,4.00089473594153
3919,162.984383678739,0.00263345985401968,6.97436558967186
3920,163.992545614885,0.000242173442677519,6.83267136396404
3921,151.123685433097,0.00169275900118145,8.04951163840161
3922,170.012742344451,0.00489182614031737,5.28659991960112
3923,157.321095579755,0.0010483235886883,5.90715998099626
3924,169.547600928829,0.00159238545788231,7.21062636823731
3925,172.032748945813,0.00156935612271317,5.70326204119473
3926,155.080626386049,0.0081797072521195,6.60251363619837
3927,177.307495597637,0.00860545721730122,5.45349939219282
3928,170.900354014373,0.00196658704016873,7.85042158755002
3929,162.810476495839,0.00148347231681145,6.7550818294669
3930,169.571822309859,0.003276475854785,4.79664844194975
3931,147.806721146365,0.00222002785813601,7.27220293612848
3932,172.554126144769,0.00204283403827512,6.68828849216451
3933,163.621880653714,0.000324013860978369,5.97865236410948
3934,157.550807784539,0.000849486552862205,6.56603401022175
3935,174.445805746467,0.00112790730574957,5.4107924829272
3936,164.454805146723,0.000466735091819908,6.29634363913771
3937,161.930087427937,0.00286140361583991,5.85956766673595
3938,155.325137891517,0.000222335192341146,5.88771904785042
3939,167.574905963769,0.000198313333635188,6.12773025781105
3940,169.782288297676,0.00101307697487399,6.75487367371753
3941,165.042672866016,0.00365229655461141,6.9840935662571
3942,155.691005515588,0.000175107896141073,6.14670128299251
3943,158.590095332245,0.000975313731135101,6.93354124871552
3944,171.940398704861,0.00160216065422216,4.96463304272464
3945,174.308149282049,0.002863881573062,6.44552678188874
3946,168.336447685235,7.99131036103248e-05,6.08809622305004
3947,163.476536885435,0.000134109316033404,8.26947044466715
3948,185.388435721063,8.65265558254005e-05,4.78041944526933
3949,161.858649887486,0.000881945486272185,5.59643260461411
3950,161.415169588348,0.00171624013893456,6.93949993421512
3951,165.380228662069,0.00257262783482317,5.78179897580104
3952,176.108553896941,0.000970589963932814,5.45424925693837
3953,176.683008362396,0.00293468878393374,4.92314542476034
3954,152.335158788656,0.000450127755969392,8.45744345265531
3955,164.070994743259,0.0145917997147349,6.94413565932904
3956,162.379483932058,0.0018019250246227,5.84581953074902
3957,162.956230868386,0.00079094589278064,6.28499766914746
3958,165.479771026771,0.00716723930800851,5.33590633395264
3959,174.07739435595,0.00425456121950557,7.80629027143837
3960,165.1047556449,0.00551757222430259,5.11597807772462
3961,163.833457513222,0.00937719805836807,7.51121605409902
3962,154.839979309149,0.0035101406115928,6.98543965658795
3963,176.621633634131,0.0188132066834563,4.68310719537727
3964,168.796972622573,0.00807027961623742,7.88102990153081
3965,176.054240313428,0.0115371782210789,5.71552440536404
3966,172.226177540857,0.00186712086891599,4.52724709309927
3967,163.410454630903,0.000553201800830894,7.3604022820357
3968,167.767507691315,0.00639492609053151,6.79967058193974
3969,145.693324799137,0.00259950493188436,10.5443016150583
3970,151.0391369451,0.00124475525178984,8.29921514393217
3971,178.37507525246,0.00359207891807183,4.63099944207157
3972,146.877079157937,0.000253587286996585,9.79888336107093
3973,164.116276282167,0.00149522100433948,6.33706016065323
3974,171.479948468878,0.00336331240586589,5.92956204060573
3975,168.542092005915,0.000525788733434648,5.65196491057378
3976,172.297166729318,0.00397821292788756,5.73879631731478
3977,169.949697598578,0.00100349356102271,6.07812812246028
3978,163.196591599587,0.00461454877803254,7.15980013102934
3979,158.18425061888,0.00782720198455614,6.5173870543567
3980,182.695596594535,0.00253607531102843,5.17866648733321
3981,164.60399914453,0.00189277096007741,7.77599614789531
3982,186.880669585793,0.00187534001381644,4.48271910436772
3983,171.583563920962,0.000847475122391673,5.39381539235275
3984,171.487484812367,0.000446075289387449,5.51233635563402
3985,172.782504249286,0.00276408582634764,5.64048011580783
3986,171.048945719753,0.0143279825798258,6.28191733795568
3987,175.263600389863,0.00298592698977217,4.67660412477869
3988,159.489473936748,0.00161759396053462,9.40283494355798
3989,157.394592855548,0.000906747657415341,6.92741019963958
3990,177.107429202316,0.00887811471235122,5.79151663172328
3991,151.449890171589,0.000510148384955356,8.39555795567066
3992,170.696474273924,0.00225324114176037,6.16715953293022
3993,181.872316544061,0.00515586747752418,4.58528067607243
3994,180.510479478988,0.0054070926427207,4.37878729192219
3995,168.596273122721,0.000671018411049731,7.06593894676802
3996,177.929905343395,0.000455147087253198,4.65965237088303
3997,166.842135781831,0.000578641696320073,5.32123270573775
3998,167.652557249878,0.00574288478290145,7.91064008180462
3999,158.179721332618,0.0050434166763324,5.78790524681758
4000,175.759416590271,0.0017021282427735,5.60914989492713
4001,153.097420846573,0.000568226933189929,8.37767582928393
4002,177.376552890936,0.000704424772202734,8.14022149684804
4003,174.939284276055,0.000247376001518603,5.84149814883189
4004,161.238699460945,0.00322281981165323,6.60045079419588
4005,170.741015417621,0.00693289332178983,6.47742989509163
4006,171.407550245302,0.00267630349150873,5.78513401869787
4007,167.168743783502,0.000347909127930249,5.99289401032582
4008,179.656194334499,0.00148321759651964,5.72928000218455
4009,164.016290457527,0.00185994448302221,7.26832087845294
4010,172.299508839854,0.00195586747258696,6.84107544337376
4011,185.027129467254,0.00914369826651295,5.46355807714174
4012,164.084041909911,0.00451596784209968,6.7498522208225
4013,175.799464791596,0.00155404758130933,5.91445398814474
4014,160.567114254557,3.92707562889005e-05,5.86727321533288
4015,170.627909620728,0.00567741781284467,6.7973835969106
4016,170.260392320197,0.00539584679814422,4.64697384440323
4017,163.963614173495,0.00618768518570977,6.07861419669322
4018,166.977158400706,0.00253305540155654,7.735366502063
4019,172.672452877311,0.000555763972525622,6.1627252392372
4020,167.844276423902,0.000932944366312648,6.00342750276098
4021,165.596759345023,0.00221812486443758,5.35778485052632
4022,170.373564719865,0.000263922040408947,5.56898571661529
4023,175.355133822722,0.00246145048010949,4.50449873829158
4024,182.001146173073,0.000513388803690277,4.8099372115333
4025,173.215121424245,0.000371542612148564,5.66572496230654
4026,177.743464135999,0.00192347317291885,6.41568011410258
4027,161.006008662693,0.00102547849670977,8.52572103288832
4028,170.00213450036,0.00196724247665021,6.04952687463702
4029,178.49622976959,0.000401240192801833,5.7058697993388
4030,163.843138020434,0.00193470785771262,6.52733889811032
4031,167.353013827073,0.000113674949344567,6.36765676988945
4032,155.969886196164,0.00106677729577675,9.59192692078162
4033,165.534173485066,0.00129930268718123,5.68180727102478
4034,165.449311252643,0.00106082945559379,5.65554728183684
4035,157.85413426293,0.00315922267267985,5.99002386702716
4036,171.278659828944,0.000350648455570863,5.34217226739218
4037,165.056726385761,0.000282051583246267,6.51347681306093
4038,167.265991625625,0.00110832089280407,5.64822150964207
4039,170.670865260778,0.000569578094315564,5.00743199645365
4040,150.12994879644,0.000985669829954646,7.57044411906386
4041,178.579173505418,0.00398241053849314,5.09220505037591
4042,172.119210092554,0.000394470331963296,6.03869092568291
4043,164.78524752636,0.00289863858437862,5.79855967147451
4044,166.273922093172,0.0072223945666056,7.2186802259268
4045,167.126119444071,0.000385239926126145,6.57615051888149
4046,146.725329046245,0.00165573894469209,7.134982714361
4047,163.579558442699,0.00163732186405891,5.18045090912798
4048,163.133201949922,0.000225582060319622,6.49801738559382
4049,165.849073329139,0.00115148821283181,7.80003726357719
4050,173.066354991391,0.000846181135372879,6.73980979356777
4051,174.293416137066,0.00217032620123822,5.72190382596342
4052,173.440064709327,0.00124476214286924,4.79550125342839
4053,161.647129064285,0.00254855796017669,7.1411222143948
4054,164.948799386325,0.00366342955484488,7.76896499472221
4055,155.621167190674,0.00175082161024475,9.01407365560107
4056,151.067475887661,2.9520375651128e-05,9.7562404863364
4057,168.910745934859,0.00130256588563749,8.27477002294501
4058,158.387873366287,0.00195266248356258,6.16423201044798
4059,165.719559616986,0.00296223719733934,6.45851967912598
4060,172.069350274743,0.00101876537320279,7.75860967544657
4061,164.637171530145,0.000136661964738139,7.15729508609639
4062,168.342551385644,0.0103036056435248,5.59650898102858
4063,169.53077067135,0.00178647876576933,7.19868386024247
4064,164.697357902213,0.00562580468085929,5.46568639296056
4065,162.834368453151,0.00333566870490893,5.48059984175451
4066,161.124994188649,0.0044136117932364,7.89019819551903
4067,179.84165952657,0.00310933381763098,4.74317559858281
4068,166.765899450752,0.00154230400016429,5.89077958877277
4069,160.697024807871,0.00198373187732555,7.51751953340505
4070,177.204943359096,0.0094109256448576,5.64835597875738
4071,168.132840854011,0.00144855970495571,7.26059491524944
4072,160.436303716768,0.00234346103181573,7.30185567305559
4073,169.767062121619,0.000359925039169726,5.97071932278378
4074,166.934448210955,0.00170603807109006,5.96725722363585
4075,167.076220095832,0.000929980851231588,6.20555715613178
4076,166.956775340822,0.000605631668859845,4.83416293025663
4077,170.483764673407,0.00239691147585963,5.67986840325468
4078,165.344963956243,0.00449702855886457,7.8360783147653
4079,159.725744265849,0.0011920749068032,6.29361630815069
4080,170.840784629091,0.00131707669861748,6.42525651129892
4081,170.168813996782,0.000609158968413366,6.79469537577824
4082,168.865790068156,0.00284492222103041,4.81124826760302
4083,158.122797331535,0.00501758129111816,8.01966631267724
4084,177.378490816535,0.000126016756367594,5.45571440937478
4085,175.431303381017,0.00475701811548429,4.80878667294378
4086,165.972485049634,0.000232393590790171,7.60514714958843
4087,170.904887479344,0.000638165581647148,5.11782779567194
4088,175.303686521283,0.00187966888928275,5.42675433401375
4089,170.882763561801,0.00083673161113073,5.79950893979239
4090,171.621917705512,0.00139723040853467,5.03723676778045
4091,180.726934301546,0.00112717026092172,4.99588376390085
4092,161.518072046234,0.000765095932333263,6.58186628513274
4093,155.420999102544,0.000410069274365533,5.95066227877813
4094,167.86425725883,0.0090636248022147,5.48275941112662
4095,168.701167247402,0.00140478059778524,6.18151725119545
4096,169.195313722117,0.00161818621470331,6.17149370265948
4097,157.576310256001,0.00464230904520682,7.37643382674078
4098,157.678043816845,0.00313815355629124,8.05809759986305
4099,171.825218752314,0.0086609948380287,5.25124992052653
4100,163.002269703043,0.000485275477880169,6.57330593357241
4101,164.352269756354,0.000830872261869001,6.63574298530887
4102,178.261252012913,0.00525376887360875,6.570902328782
4103,175.344054700029,0.00135393860849332,5.58502107236177
4104,174.331875585454,0.00172709463175845,5.83695799967805
4105,160.096736759691,0.00286515633977946,6.7472433487932
4106,164.23900140756,0.000224326135313165,5.46734407164641
4107,159.541699232992,0.00973566680397685,7.87300202239558
4108,168.10251557366,0.00224219173734685,5.45829767639682
4109,170.664212056542,0.000683419678050042,6.16438929661703
4110,173.816029493708,7.90431394751479e-06,7.36761613566532
4111,146.64890879243,0.000510916933132979,10.9031165868654
4112,148.697830893382,0.000279569371031614,6.10279419766419
4113,184.456069386995,0.00761097966465049,5.13189176089238
4114,155.236588892763,0.00183966744733174,6.86199332509639
4115,154.129093810633,0.00206371174049266,6.37903374535706
4116,165.120142817598,0.00133141324405491,9.2166524278206
4117,163.095658501817,0.00630794719575824,6.03777894253359
4118,163.305724988575,0.00205695424041564,7.32308694203604
4119,169.586518854376,0.00457041912476015,7.26292187836692
4120,175.061467591105,0.00142381041021409,5.03241209979543
4121,167.996167319962,0.00297152956608114,5.050721427121
4122,174.520150958717,4.27547542492913e-05,5.8133974689137
4123,169.179176071795,0.00355507597544927,5.72877917007078
4124,176.730778245667,0.00438797455709506,5.6122827166838
4125,161.778579808392,0.00360036796787291,5.73438059876013
4126,156.0492619506,0.00139957846227414,6.55831500334218
4127,167.518052387607,0.00910759706856928,6.84088858279615
4128,175.801565916034,0.00216717492561453,5.54665106573679
4129,168.421185627401,0.00180696106504008,5.56323515615062
4130,158.60125736247,0.00335705255804902,8.10130496159699
4131,145.179270508246,0.00276819939656249,7.84906270005488
4132,157.592666135973,0.000147845302327502,5.86800166693644
4133,167.11179091801,0.00279387491589818,6.57273789941001
4134,172.225631170961,0.00365036214110244,5.61887559403539
4135,169.57859240834,0.00195491796737833,5.85485911756177
4136,166.824790574829,0.000905549650620204,5.85563158511564
4137,176.268974244044,0.00083883598227698,5.6502960841581
4138,168.569154441629,0.0017103132128445,7.44179579306546
4139,166.539420931488,0.00192035595909451,5.81979862993928
4140,168.217259306932,0.00623677063765892,7.88936413167682
4141,175.006125854074,0.000635307663119344,5.7426346412979
4142,186.536798159246,0.00179936617751031,4.42195941432785
4143,164.815755097707,5.68230551936735e-05,6.27206823331768
4144,165.972219623202,0.020024814203562,7.64414438591168
4145,159.49843563588,0.00818064944752366,7.6462160212308
4146,146.960970200248,0.00558380469583402,6.37892852617448
4147,175.529698049744,0.0104926177660937,5.20254574324514
4148,165.64616236218,0.000345397184102532,7.75048504943438
4149,162.454463796528,0.00119723467504392,6.73112816295628
4150,171.211198161021,0.000389845794576319,8.01043346741387
4151,171.048076190572,0.00389727251317723,5.45126878328452
4152,160.227259945021,0.00228301911941625,5.9701358165941
4153,164.572745316919,0.00585770258845925,5.9222360453173
4154,171.971747832246,0.00321426167496132,6.01166859049737
4155,177.834213239584,0.00100364742541689,4.92734300635088
4156,162.916421940113,0.000918222852025918,6.33836080245162
4157,176.361204675469,0.000221617608905411,6.26495084896596
4158,159.502080200344,0.00148894563333652,6.90659090950617
4159,168.95047855239,0.00142266643936186,5.97126607476935
4160,156.820115415728,0.00801072444359649,7.35437689202637
4161,174.109677013526,0.00216525301771271,4.93172587831904
4162,161.509011949917,0.00516924101677396,8.70204945710996
4163,148.516465889238,0.0012510961068873,8.38105825297534
4164,147.434842452414,0.00404486430798661,8.00290231808697
4165,165.091248635955,0.00138602657630869,5.42751476086008
4166,159.641282727609,0.00574592002301311,5.51395159966792
4167,165.666942056123,0.00107824063700878,5.90759536586274
4168,169.325233740608,5.9161090112898e-05,7.22728428046681
4169,164.501315429785,0.00301360740955771,7.5217508887436
4170,147.589000517592,0.00087515715660989,10.3746790837755
4171,159.609649335438,0.000552727281885227,7.20265690739359
4172,163.809748083453,0.0029422202668271,5.54728914677156
4173,181.403979999705,0.0026924307048163,5.83005436781114
4174,168.81183079309,0.00890288709103388,7.35789777875229
4175,178.239557031058,0.00258835084469995,4.45635189990481
4176,168.780883060127,0.00414071777713634,4.99218761633774
4177,161.3363311556,0.0103063975724061,7.22422328610234
4178,163.619972772937,0.00167250714348382,7.58444736124673
4179,165.765536171436,0.00320839285300445,5.83488084578248
4180,173.933678003667,0.000772232387108458,6.1721009483871
4181,169.73538918539,0.00016585841224813,5.56823228904454
4182,163.962430802816,0.0013598274970045,6.30988037558505
4183,164.604817629134,0.000186870274342759,6.77919850913753
4184,182.113572520059,0.003916970335246,5.72752027113998
4185,165.5063490061,0.000632246368765084,7.23788450395759
4186,185.127293973858,0.00249193115648857,5.03861297852656
4187,167.642340234513,0.00288489190735558,7.9352533082432
4188,149.930460955455,0.00580777036166312,9.83723397221465
4189,156.211285755555,0.00861388341320661,7.20308565830622
4190,172.202700703022,0.0062441051233157,4.87462716515267
4191,164.674118725988,0.0044349969277373,6.30599630797911
4192,149.995682167337,0.00116132043267039,5.78763192312279
4193,160.226988385958,0.00129113634150961,6.95456366925957
4194,164.437619650764,0.00661643539242671,6.72499894508441
4195,161.207433936176,0.000872654866889559,6.78500348311992
4196,163.793017533021,0.00197667743958024,6.43936550819601
4197,168.395836417908,0.0121016792446202,6.93861296562723
4198,160.844832371775,0.00146100999968729,6.93604056420027
4199,173.516415120906,0.00388867018599504,6.15140563821768
4200,171.904650087689,0.00155477190580067,5.04718458103156
4201,148.980121518806,0.0033710180939667,10.4209686706302
4202,176.317130244801,0.000127845518184987,6.89474647331955
4203,170.675345909286,0.00782448736664111,6.03356527907867
4204,177.913927936202,0.00289340295346428,6.39132152892086
4205,171.500746688305,0.00922542464152938,5.41296247012358
4206,179.074254917127,0.011958531532512,5.43980457455202
4207,164.321066515396,0.000728703879105557,6.62101435504857
4208,151.845508649768,0.00575738334788843,8.81832552193898
4209,166.94854438396,0.00860472490118861,5.13421450812322
4210,183.107210965142,0.00195242758947599,6.82544686266335
4211,173.062283592144,0.00549551492098516,5.84567956098084
4212,166.901460648422,0.00541514939320435,5.5263060474625
4213,173.181515070822,0.00348842369736942,4.87913872966324
4214,156.011495888693,0.00771596763711456,8.2193268922457
4215,168.607521372088,0.00506652754329811,6.73019606710301
4216,156.153259078593,4.83642716442343e-05,7.84824945279089
4217,152.951011624764,0.0012746989518542,7.11448760802722
4218,167.891866668806,0.000204395747260092,5.5788586646547
4219,169.49109038033,0.00109764630270097,5.87265222682738
4220,160.554526083035,0.006117948778541,6.82102475979952
4221,163.872718251369,0.0097022952946915,6.34164303593878
4222,173.153162841695,0.0012553556101551,5.54534096345757
4223,157.146862935566,0.00150873092427584,6.70996571977213
4224,161.751534191897,0.000903019248719165,6.15478036646077
4225,163.944428996902,0.00101181586230462,7.59605725070505
4226,163.901997038444,0.000378252401074234,7.87544005984519
4227,175.595141038951,7.43936482647823e-05,5.2889007958819
4228,164.799282982723,0.00641950942061653,7.07820929281795
4229,174.152857335511,0.00121395687055191,6.29361324215837
4230,168.003645061447,0.00298646738434985,6.09478719143709
4231,163.70005187782,0.00350897297938426,5.94141970593038
4232,168.199734120014,0.00584989521562513,6.14648944939358
4233,141.966506246585,0.00435083461678663,9.4854428837435
4234,174.589063436931,0.00831141896728006,5.99255646359504
4235,157.368917968334,0.00237379738851491,6.37417762401717
4236,171.580702135884,0.00176522354602832,6.47853089278205
4237,163.020915807872,0.00113270085548284,7.41687136333481
4238,173.398818991862,0.000937704463983689,5.98385520942321
4239,160.488232641476,0.00199725719198294,9.61937608790753
4240,176.07334777968,0.000771166593455122,4.90696538549612
4241,156.240042206126,0.00840064366933942,7.87733984830776
4242,164.755215144141,0.00321409081704712,8.02447412465172
4243,152.44025413584,0.000736957187635729,8.24062033444522
4244,181.655601608759,0.00137632361983997,5.13903980320934
4245,179.272693266081,0.0047919056906191,5.23981396686492
4246,171.540629136826,0.000314118991402362,8.01392741379041
4247,166.987198409389,0.00290250821666641,5.31378070884019
4248,175.181461718076,0.00148103667226626,5.54956726172396
4249,162.709433030195,0.000545518525260324,5.92709295026534
4250,168.949333444015,0.0001992815509522,5.08873290125439
4251,159.574715014114,0.0037140790582882,7.08417641001755
4252,175.125628918883,0.00808646414947585,6.12500134329705
4253,176.633557924747,0.00174689760372656,6.23394349021878
4254,131.82047536141,0.000883181859021733,11.8002447626572
4255,179.396108788707,0.00367540491338204,6.79234183688036
4256,180.62095420891,0.00330718103003126,5.96692094985467
4257,169.726434473613,0.000157973403914444,6.75055773062487
4258,144.58150248478,0.000147506531905901,6.89046415014254
4259,181.66866878719,0.000677311837043636,4.71967958024519
4260,170.756521909119,0.000775291972414552,5.27009803348493
4261,162.954228792978,0.0015334504910346,5.66580817313175
4262,158.068373826889,0.00116859335008164,5.83657865445691
4263,185.564666196355,0.00284350109716111,4.57120149943102
4264,173.533498906444,0.00068206132895876,6.12621359105102
4265,165.292033618026,0.00226031740030731,5.36722033574711
4266,171.779360035232,0.00169090571908847,5.47341010508688
4267,163.917644147186,0.0026098954827726,6.71663445794787
4268,169.63793833181,0.00115149191380285,5.03150165428249
4269,162.149478977229,0.000233811261112779,5.57683501636391
4270,175.953625608332,0.00289071914616663,4.26170051039088
4271,155.665711838819,0.00279572876844972,7.08625236265914
4272,170.544454061978,0.00184336985148639,7.17811272974901
4273,164.548752763423,0.00162954171819854,5.72577892772053
4274,160.163110341617,0.0106721123080296,7.59646633207707
4275,171.81772329662,0.00170543544970052,5.60332944768163
4276,167.182556695358,0.000462569582388863,5.70675638724121
4277,179.897079550851,0.0129056930205925,6.84487537731813
4278,160.983696716564,0.00405483331755205,6.09202313465025
4279,175.164547964004,0.00119758319783439,5.07960547711737
4280,168.208830638578,0.000702333667696041,6.7746407518317
4281,163.260712681816,0.00351180808305927,6.32154098348613
4282,177.976689917851,0.000176399482196111,7.17188320785587
4283,169.397899394634,0.000644641806280577,5.14199948273128
4284,171.994882026481,0.000247798919881087,4.82698234977722
4285,178.892168244901,0.00117864243507311,5.57664372429976
4286,170.525321047191,0.0051370382523284,5.2460766392572
4287,172.218849926117,0.00272036852589577,6.3255632533381
4288,164.750411733353,0.000756862063090005,6.43654811708556
4289,158.192642746606,0.000760123488305031,5.35838148496058
4290,166.250028713868,0.00080666195566371,6.90092721672301
4291,154.231921494292,0.0002397817383365,6.57261779483369
4292,166.202387082951,0.0109248743550752,6.85755356329403
4293,169.449504928359,0.00320875713793908,4.71373997292529
4294,146.990288864216,1.99768140754055e-05,6.79116284994444
4295,177.39153605922,0.00483575655449982,5.45335760226424
4296,167.632567735214,0.00167923960683084,5.63314573642694
4297,158.394176819162,0.00324938546579446,6.07977321900967
4298,163.072696626279,0.000805093651931592,6.20871669723342
4299,146.10374907939,0.00145023662696511,8.70195595003548
4300,176.044856828717,0.00466482613040054,6.20768839689105
4301,175.539604492627,0.00601849650224733,5.19130333988805
4302,149.419645888563,0.00012088519349016,8.71625755113705
4303,163.378420795829,0.00395480752126564,8.00641984606809
4304,189.709474267042,0.00327898054184324,4.78292264002027
4305,166.280923042788,0.00150514048809924,6.16759826845871
4306,169.405827614613,0.000832005242572833,6.14365990920297
4307,172.107489483722,0.00222728650737715,6.59353650382783
4308,162.855483673875,0.00220853106268756,5.90571826644861
4309,168.493117804164,0.00699689172312614,6.38080946638669
4310,157.767957666222,0.00017372640975796,9.04024375975821
4311,165.975247189631,0.00424982929279654,5.83385951208132
4312,163.427834790826,0.00125876250296369,6.35847516654415
4313,170.72802575873,0.000751904258928324,5.90822097503494
4314,179.254055086681,0.00670446882675468,6.0277314305185
4315,189.407069499065,0.000498289201655615,5.04849429188526
4316,169.146964210243,0.00197560565160794,5.41582427994948
4317,162.305742978803,0.00526367206113225,5.9461638318829
4318,153.212357859115,0.000158454007988941,8.22156501548558
4319,172.788523569232,0.00286499544265771,5.84091118945705
4320,172.443732472953,0.00467777945962388,5.77249659647759
4321,172.354174364987,0.00394716645429621,5.53766560389037
4322,163.88473292547,0.00101521990568466,6.73276185193363
4323,171.759066195408,0.00136300118179027,6.31327815640004
4324,162.856741659977,0.00225937213352507,6.66059285747074
4325,165.095794020158,0.000760092207567081,6.43684879480579
4326,166.359983019092,0.0119019627653488,6.97910111172878
4327,173.284445304905,0.0026727449116391,6.63608641110856
4328,168.145970530425,0.00131728999564103,5.27548057254169
4329,148.16726981768,0.00131079390354276,7.06090089036476
4330,177.72061492772,0.00151555434881231,5.46141676336276
4331,159.93802678732,0.00119054875281666,6.47576377208544
4332,174.765483822884,0.00163798856848727,4.58864462847868
4333,168.406000007207,0.00476706740768225,5.46367878138302
4334,168.099767264418,0.00396145351929947,6.16246232039118
4335,172.472114526026,0.000937227978902592,6.00664404476742
4336,168.607171534848,0.00756216998788639,7.39129623392923
4337,169.258882018582,0.00639942038077788,6.4957924776608
4338,159.975005482777,0.00272659917364991,4.83323266699123
4339,167.376415404527,0.000484806829444834,7.15062045163737
4340,161.377368055408,0.00298037857235178,6.38177097857299
4341,163.998391542255,0.00149411557095315,6.58332682679868
4342,148.227187769682,0.00296220889946612,7.27423144734793
4343,170.85496752034,0.000560344202350453,5.05927850930826
4344,173.057032262695,0.00429352410368988,5.62030895695597
4345,183.130538345756,0.00102942415931732,4.74539723702835
4346,163.011890808429,0.00308112341887266,8.76459032389985
4347,169.69652557267,0.00192349955837037,6.3011777984182
4348,192.029677909961,0.00182789660483483,4.60485825061863
4349,165.723242386988,0.000158723431452015,6.02587283796481
4350,170.968976068409,0.000297712414989587,5.78023993798207
4351,164.867384233534,0.00363225435963414,6.16559755489849
4352,169.200088972867,0.000767958056620126,8.5032353052252
4353,176.171307143105,0.00137938704723076,5.79301976528862
4354,176.872387388936,0.000544331554951631,5.18895998103017
4355,169.020939005341,0.000916116491023332,5.92958914235923
4356,174.256332659323,0.00176835119381237,4.76717203735763
4357,173.417988930362,0.00444409053950108,6.9976885088243
4358,176.444867845788,9.07731305633588e-05,5.50895478634574
4359,152.776485307786,0.0021338794191164,6.12554631715452
4360,148.701149477221,0.00134470933180725,11.9210060896275
4361,145.800011008786,0.00201311036111737,12.111208220977
4362,162.245975636013,0.00341566154374622,7.88523752579434
4363,152.39592153998,0.00240305878964189,7.3205543904419
4364,173.673154130199,0.00185260084031791,5.37130952666646
4365,167.773556481399,0.00266480443729949,7.06150464320167
4366,172.594354211147,0.00525762891627189,5.06289052287953
4367,158.704883052759,0.00123622859128506,5.54337364969481
4368,175.199098396169,0.000934355569965134,5.35328223850591
4369,173.705401044206,0.0068719746726387,5.33080441414682
4370,162.720231032226,0.00598774481337211,6.91024006997527
4371,163.442963459203,0.00200059949444967,6.88444560267341
4372,158.117052225097,0.00264008042261776,6.76598393229855
4373,172.529073413038,0.00189462310214158,5.46102177388207
4374,166.71346903861,0.000100183892147907,7.02585389116975
4375,173.928395161848,0.000271283750018854,6.65364562770715
4376,164.102119032324,0.00406388763059364,8.12135015645846
4377,182.594014625792,0.00684413196630122,4.66122926349014
4378,161.399186623412,0.000885497959177151,6.76076226793752
4379,182.08247369765,0.00209394167920717,5.54240185885897
4380,166.921041935803,0.00490824974262228,5.37910138890296
4381,171.657662481245,0.00695347489923206,5.34322684416581
4382,177.290052586237,0.00478302342155748,5.1697948468462
4383,167.178966702465,1.57360996607679e-05,5.1577824438584
4384,176.468732745682,0.00559494786282039,4.99439915910074
4385,168.943266993854,0.000142866708284309,5.47258185281201
4386,175.687181044534,0.00533197953765845,5.3695430245087
4387,165.083202457815,0.000439491615397041,5.4920575116273
4388,164.334331353684,0.000743094859702485,6.90215263491846
4389,174.959229921177,0.00488316774069872,5.56022823291954
4390,169.59636347012,0.00120169018277492,5.32362193258836
4391,184.280597520356,0.000388356157597063,6.53687182133373
4392,164.880185325202,0.00566831446189128,7.27767630117619
4393,181.25488976447,0.00110754460091795,5.78176605301456
4394,163.087787678188,0.0033322339698439,5.62104336604939
4395,169.142403513752,0.00359213557434475,6.17867334208652
4396,178.688520652879,0.00242779023023716,5.19693345067376
4397,174.905151928,0.00232971463472153,4.600364514721
4398,180.31119550898,0.00374227726479638,6.02945560740574
4399,163.279652423843,0.00479333572097957,6.91791115081939
4400,158.971790112727,0.00043122526486582,8.1462843060623
4401,164.267924879542,0.00170060087149994,7.17505706554607
4402,160.078958953408,0.000826978477827575,6.30486014034495
4403,149.925643909107,0.0071984159629204,9.32711692136291
4404,176.099845230642,0.0021350083816434,4.89159792262344
4405,153.584525365561,0.00192877940407721,6.58677935474173
4406,165.555324604261,0.0112073255487573,6.89949943356112
4407,157.679942391908,0.000830111810463274,7.2545453346997
4408,165.222120349318,0.00128854698803374,5.2622069307623
4409,163.392065034927,0.00228529005532267,6.37070545870975
4410,170.563848646521,0.00159946012467957,5.53948802840456
4411,186.128218605577,0.00485997163049137,5.65914702225009
4412,167.95913726885,0.00312398320321488,5.04506418319622
4413,168.301858949854,0.000218282248390146,5.59047974284605
4414,163.196429634636,0.00517087460417549,5.57324539278021
4415,160.824345107757,0.0013861586228489,6.81253300364296
4416,185.139099842983,0.0052328237968857,4.3072302367974
4417,170.090778441949,0.000451340660526941,6.3494829075512
4418,175.403314841471,0.00361598870916554,5.12271698117756
4419,177.239709310659,0.00211915047512318,4.60523669639742
4420,167.560707985007,0.00335864917405539,5.40902701487743
4421,155.786623881875,0.00114088002874592,8.71393706545647
4422,157.902749260318,0.00305796903315603,5.62004757586072
4423,161.595303194969,0.0053163225814866,6.86215161378002
4424,188.008999936555,0.00358335251553141,5.8786225451416
4425,154.923046776439,0.0030223475090203,7.07736349958954
4426,163.505905369599,0.00361502443639636,5.58864524315264
4427,170.771832728975,0.0017692185293599,6.60614622521257
4428,171.488440498244,0.00189272145768842,8.49754219509068
4429,180.720616481454,0.0107290348056533,4.23371658749924
4430,156.943856825819,0.000383547144460898,8.43172492235562
4431,170.959414792571,0.00974131758059098,5.42074016858107
4432,170.191240579686,0.00214471877464694,6.99220633494419
4433,173.942497439701,0.000144824589500012,6.38054586259546
4434,173.036707643625,0.00831124323435407,5.8821526026039
4435,172.987441574425,0.00275421035927548,5.52073920015805
4436,178.266546402687,0.008679393087506,5.24432182979929
4437,185.725963210568,0.000611561877267224,4.95095781714062
4438,178.88256915249,0.000169732900720369,6.65144140261521
4439,171.734296493985,0.00175325864792603,6.54710765608314
4440,172.913215835799,0.00325426622976477,5.78381068182453
4441,167.619839649846,0.00680983089228528,6.34380870006957
4442,167.774908741019,0.00379332344475552,5.7643061706747
4443,170.7215706565,0.0064633439355523,6.32147870657024
4444,165.991969893658,0.00292418576580517,7.13830088891241
4445,179.273551631002,0.000394668127091713,6.63906431517228
4446,156.983846674591,0.00145686007026052,6.93905763264211
4447,179.511790750861,0.00513103677485508,6.29765226849652
4448,178.584243866408,0.00388465229574222,4.86670659051311
4449,167.923553767613,0.00746093947678038,5.44038974325514
4450,173.668045929913,0.000390959525989321,5.21889934431696
4451,161.433594812414,0.000566384965622608,6.3373999832957
4452,165.168847027809,0.005447657120244,6.42939186331483
4453,167.593597423683,0.000867807483110531,5.60426078922451
4454,176.333467170263,0.000886958448677502,5.16148035690633
4455,172.170873605594,0.00214570425728535,5.24321852286495
4456,162.186238588327,0.00173435133730259,6.73657767214133
4457,156.689962207752,0.00154266351684625,6.61873104969224
4458,152.138686884166,0.00217877397713742,7.12588631756902
4459,164.795059523088,0.00104165903082254,6.01928304414214
4460,160.543656660227,6.62063687665111e-05,7.08559771689948
4461,154.617348843981,0.00275417241715507,7.60608543747083
4462,161.646826882985,0.000494066110586014,7.827788059216
4463,178.343430643898,0.00354486426978248,5.10812083827553
4464,160.270437474003,0.00565011115237053,6.93679333921433
4465,154.207621762223,0.00309386202030444,6.03304772853659
4466,155.929271469012,0.00344610181494424,7.60375559545419
4467,158.95208755707,0.0016593241486863,5.34948564465867
4468,170.023354668283,0.00255086811922829,6.8112473138085
4469,170.822545453101,0.000523337904076744,7.22466157378378
4470,156.015047109245,0.00151904665205756,6.77320891201779
4471,168.288206708806,0.00110084938382204,6.50072058614982
4472,159.88701115552,0.000604105187528432,5.90248181542185
4473,148.278078491034,0.000115987450120567,7.43557818540767
4474,149.250538860956,0.00232664366741176,9.56274467029061
4475,179.787273219007,0.00335263982016388,4.46044393414177
4476,158.386494791859,0.0052810327068354,6.51746482519633
4477,176.576356682326,0.000555427811942306,5.85880886707218
4478,166.417929038272,0.000214002169902918,7.13221566747572
4479,176.93727905273,0.00203059582252913,4.98441662534558
4480,163.539317329014,0.00272588287937121,5.63355189524713
4481,159.392079241888,0.00113129746735991,7.2565256840519
4482,172.670052763367,0.000407869839763507,5.2597113231726
4483,172.856877155981,8.59872793202376e-05,5.1613386567493
4484,170.816785379595,0.000552505882690998,5.71389965778436
4485,149.783488296714,0.0018151389754831,6.40175246691761
4486,153.251493866396,0.000554038303473906,8.42006652875321
4487,164.088348511242,0.0172185874508923,5.67577952500167
4488,171.510310177825,0.00103232307452361,6.20001722715327
4489,161.299519813612,0.00673021322512399,6.57986584149948
4490,166.144384483936,0.000165173722538666,6.2233175495789
4491,143.945219619237,0.00596950944453006,8.79305963934622
4492,162.393719306029,0.000186374100085802,6.12165603935923
4493,164.052917259715,0.00309165677917124,7.43223858393094
4494,169.773643809332,0.00204160136444158,5.30982910917553
4495,165.873633769778,0.00129326216881072,5.63322585796114
4496,170.154722971185,0.00136030412917237,5.17024320669255
4497,158.320005474226,0.00451644651944904,6.44183411493162
4498,160.557089478642,0.00248802624817455,7.99988258713034
4499,168.616973647952,0.00322350775587597,4.97106558806351
4500,171.639215522142,0.00462636102508127,4.45984059135344
4501,169.467942808047,0.00438177086453095,5.39914972515529
4502,169.948484035029,0.000259059988923495,6.81096260248391
4503,174.98217562155,0.0024676446114853,5.40267672353254
4504,176.533885408759,0.00010812678454259,5.38353913944028
4505,174.921845099207,0.00235506384068283,5.53630392186617
4506,166.306683570644,0.00330874022115641,7.78250405510861
4507,157.310858621642,0.00175920473048753,7.243108522979
4508,168.091285577768,0.00250917007855162,5.54196889919971
4509,161.146679047735,0.000264150319751382,7.05769579648904
4510,178.684877138234,0.00991209747529545,5.6718940378223
4511,158.471980268452,0.00964145738426606,7.54602521147891
4512,174.871320002717,0.0035480316291315,5.50652095414088
4513,149.976015650217,0.00404997532385921,7.63433048820787
4514,173.427443551808,0.00040445755277005,5.45188125164655
4515,159.767099427376,0.00228525643102151,9.00909281495623
4516,177.602945555429,0.00338531873905157,4.91179069168814
4517,163.882771185279,0.00362941481911543,7.00485640527664
4518,150.114084054489,0.00223975062684885,6.00622199854511
4519,171.505492399705,0.000513752542057399,6.4390943454145
4520,181.852181962597,0.00393595558545952,5.35407630671989
4521,163.41958068128,0.000261360613975459,6.10798453111458
4522,174.975110561958,0.000183914867123649,6.8628631300295
4523,172.872907342371,0.0013678236096536,7.65511989778066
4524,166.409266436738,0.00343766364677429,6.19754288637785
4525,172.986973904341,0.00172359544743735,5.61821718153683
4526,163.62726667905,0.00282124218023835,7.58466436186768
4527,165.049496815814,0.000734978112335196,6.2328795806758
4528,152.243730859083,0.00226045916452186,8.03520773188632
4529,167.069357812787,0.00737134772640168,6.1974463283987
4530,173.243872931424,0.000961570786437286,5.6473393257689
4531,170.256803618887,0.00444796397941241,5.09385001206464
4532,178.189384700838,0.00164905235269251,5.02386459818475
4533,160.013451631514,0.000251278240041333,7.58041102826024
4534,181.251494512386,0.00699579113502476,5.12934775106129
4535,184.572809697208,0.00114951673792357,4.61202431308272
4536,160.837840779813,0.000162462985206791,7.04076138391951
4537,172.574938211876,0.00168236771245617,5.98024361573637
4538,165.248548179148,0.00922652294062909,5.8407791274673
4539,164.709576994858,0.00688276917133454,7.98467221062213
4540,177.295162971098,0.00222326116800046,5.56633056050708
4541,177.725361256172,0.0180607148890464,6.15166213897888
4542,158.126620952432,0.000873801031616863,7.62470219998975
4543,160.292093128835,0.000566091598250839,6.45756814407729
4544,174.915166164754,0.0002722262774788,4.74862583261373
4545,161.587942289082,0.00633622362242155,6.77642341078038
4546,181.323677625797,0.00545775988786604,6.73447410291708
4547,161.745119289523,0.00343365187547128,6.74725934120493
4548,173.591549716882,0.010254367141324,5.02153755048126
4549,158.85849508932,0.00850747081768,6.99330372031482
4550,163.250103542777,0.00310284717194463,8.24753562042543
4551,168.932102369993,0.000595067697863899,5.6507463574143
4552,161.802969709395,0.00314827150437722,6.60825637080127
4553,160.101676318754,0.000554274898919307,5.91657447188801
4554,156.421054166714,0.00400860179305867,6.85838009031097
4555,162.644305403735,0.00404571938661357,6.59201459958298
4556,161.121989508517,0.0042965480862584,9.48086697863682
4557,169.449052070876,0.00793734511406163,8.22120929311841
4558,165.451838230719,0.00431180847206622,6.74504443978398
4559,171.995723549727,0.00115280616942657,5.88724503113955
4560,176.840457446449,0.00240617133571711,5.18806292940267
4561,173.176215009448,0.00177824431018277,4.66760519380507
4562,162.813543558862,7.36816178242437e-05,6.34938860456324
4563,164.070085557734,7.09782617080344e-05,6.7218789738087
4564,165.877869580998,0.00434743728323512,5.59119087394278
4565,144.637545789041,0.00433882030773531,8.30496533296726
4566,170.970571238938,0.00819399134874332,6.2856356732977
4567,173.351902195165,0.00282721404276511,7.88895684122931
4568,174.679382300784,0.00443389879887884,4.90847631320941
4569,151.784908951943,0.00130987701342918,7.94178287887214
4570,170.462125226906,0.000667114491487693,5.58148939694016
4571,165.225449547176,0.00249954860319249,6.19758997473683
4572,162.839915603495,0.000229478876470416,7.20054691661043
4573,158.226512993829,8.24542631709135e-05,8.01335504301592
4574,158.113403180964,0.000219877789732956,8.3494503197128
4575,168.76676463856,0.00434665677680439,6.29012069139541
4576,178.213370804842,0.0057275311348656,5.37582794082214
4577,170.671613180194,0.00315060231044522,6.5129044350646
4578,170.670545014113,0.00563845035028598,7.2796437446324
4579,174.440998395199,0.00251047134191002,6.49239571111508
4580,171.692413809723,0.00484933969407541,5.62491509730602
4581,169.939111710307,0.0013352184643163,5.77106332016623
4582,169.208372294282,0.00172873184599429,6.42543568950118
4583,168.082914953961,0.00226319730398224,7.26471479893573
4584,179.8851064309,7.69875842392618e-05,5.23383918148885
4585,160.622213902646,0.00105510350793329,8.0122617151706
4586,162.018544655948,0.00197844468887014,10.1061876187038
4587,176.652016603337,0.00501922619038552,5.59249976340492
4588,165.877898575229,3.73446057985295e-05,5.46168147367283
4589,150.960173768105,0.000372219068950299,7.79072665268157
4590,165.600973098124,0.00445733758197328,5.37592423254983
4591,172.832121341818,0.00202340737750361,5.14164801436954
4592,166.993887398536,0.00143303898113673,8.11329776556784
4593,170.696353753383,0.0061728712801122,6.02764213718563
4594,152.137763245061,0.00462008084163099,8.08948260005316
4595,168.663626863815,0.000652182068109228,6.35844634455425
4596,176.080814431608,0.00681698861607465,6.88781127747034
4597,164.932648558158,0.00160516100202848,6.23709801519599
4598,163.406601516203,0.00147319580095019,6.37365624162391
4599,161.780805211624,0.00112351704125595,6.80429580497891
4600,152.779249056712,0.00280059292392814,8.39663153077364
4601,168.58907918256,0.00411863141273088,4.88339433255822
4602,154.367231921163,0.00348684519730548,6.83425483645155
4603,161.246287865324,0.0126681135600018,6.51627915285502
4604,147.488589470421,0.000313294065882647,6.95639090824544
4605,158.959725786272,0.00462957471550299,5.86719022561285
4606,160.97526499604,0.00336812244390676,7.27250238973684
4607,164.342149284533,0.0127248035663593,5.95460929622465
4608,157.763156254627,0.00191759493587596,8.10778729962498
4609,166.633051722063,0.000833896856883897,6.59855988831072
4610,172.132248742461,0.00142161751674988,5.99438604115622
4611,158.940186916174,0.000328431683458622,7.88169399392092
4612,162.220259865972,0.00259651643852539,6.05741161806602
4613,165.294026573533,0.00570084764957233,7.51008635903497
4614,164.611592105006,0.00133700863801032,7.93594350712179
4615,174.483004832288,0.00442304084746581,5.39182739795441
4616,174.475087448306,0.00116754573154099,6.04918311778763
4617,168.467970038228,0.00424969977803013,5.89391049103398
4618,179.377808310746,0.00355167798589776,5.39596273372975
4619,160.077131393567,0.000490642397080249,6.99882265245166
4620,175.274183673349,0.00208185807316163,6.23759110965359
4621,170.8501796002,0.00187713223392414,6.35355963607614
4622,170.896404176276,0.00524700916810829,5.76272091040071
4623,165.312786966124,0.00136461066052915,5.53373999437438
4624,178.088412026728,0.00479077016163019,5.20709475546444
4625,169.282730087339,0.00083152515990109,6.70016887320453
4626,173.685232471369,0.000726139868946981,6.12349278070946
4627,144.367205011505,0.000320151551952442,7.66933548184256
4628,172.181523103318,0.00223277644239457,5.57290148617061
4629,154.938739401124,0.00429019918018886,7.60185211827467
4630,160.748784436954,0.00281281357665977,6.70860251956957
4631,167.802155388346,0.000566768674891498,6.93474301269253
4632,162.155509288107,0.00421059255458156,6.62216296606132
4633,166.615240174329,0.000561835685788083,6.4551226460424
4634,159.314928382666,0.000219217559904942,6.03625249402613
4635,177.430199103052,0.00206573345197902,5.15077024732983
4636,170.002799516208,0.00525536324994464,5.64537130269307
4637,159.177325315039,0.00379944329807097,7.54936054294867
4638,163.173784361116,0.000415325319682398,5.18726607112132
4639,169.845355060677,0.00424047208907282,5.19267083049259
4640,161.728107741452,0.000880085704800635,6.53266013066871
4641,168.03788933617,0.00324448444268653,5.20859587191552
4642,172.087723607334,0.00182451524302108,6.54838355423026
4643,169.924840901009,0.0069871494264743,8.48198714972481
4644,166.785452478552,2.83681444199531e-05,5.15268977440841
4645,167.889011893977,7.09808010625603e-05,6.1526834947822
4646,148.519977035605,0.00111800179310906,7.67523045372221
4647,156.902797621001,0.00476943056451363,7.03759293543827
4648,185.703101754454,0.00278617831308996,5.14282388524756
4649,167.054121474989,0.0039145053752475,6.69385817881042
4650,161.093662104347,0.00159146241848958,6.13331061051306
4651,151.757566169653,0.000791046029369268,8.92704350283873
4652,176.355126577825,0.000797046136892374,5.33301015196181
4653,175.602116811681,0.00129886630231891,6.12885528310355
4654,152.231873171752,0.000570170356056408,8.15746034705679
4655,165.939522787584,0.00034961669042508,6.24420351236925
4656,169.712985244727,0.00654455774623611,6.59964919257346
4657,167.29736068918,0.000888558820676926,5.08784255256752
4658,168.839892876043,0.0079078380116768,5.58682109868709
4659,161.170954127201,0.00113999649879726,6.96722899858717
4660,161.59921487733,0.00179414809553238,5.74281112389636
4661,173.872661688975,0.000877238361891193,5.99408202266328
4662,166.071703066628,0.0010890705194935,5.12108088179976
4663,185.274439427686,0.00184565457432296,5.55429070282051
4664,176.639945694559,0.000138155226755587,5.19090188813301
4665,173.328220620659,0.00124607276492169,5.91150339878471
4666,163.771564593359,0.00106070262808774,4.86712152018495
4667,164.810668201658,0.00260902054694885,7.16220943642232
4668,167.118856269087,0.0155941978208822,5.7798747791093
4669,166.245716530074,0.00151071727463043,6.93465086253642
4670,173.427545647747,0.00295131789539543,6.43597179138057
4671,158.142668071294,0.0014098191691931,7.74990064702574
4672,163.537067115269,0.00476907404553448,8.05259967126497
4673,171.251314984407,0.000120472819035738,5.32977944714533
4674,175.100227045825,0.00310295843105278,6.99434208190987
4675,174.458898706252,0.00118868727337704,4.718001656607
4676,173.512821212849,0.00199043010083686,5.16339003091026
4677,171.526934968089,0.000919629926021825,6.17486678733851
4678,184.490465916373,0.00411240880043634,4.84311293612836
4679,174.6320985147,0.00334639605865883,6.32436295361694
4680,167.96275106386,0.000655763019028476,6.03375723184845
4681,179.728306767223,0.000657306212725019,4.37855560661351
4682,173.785365695186,0.00354161265776645,5.52386353749937
4683,164.669785216063,0.000976302695293721,7.02908792280377
4684,180.480698692035,0.000191312591433724,4.6414850969909
4685,168.351803373682,0.000397678993503884,5.28721825017532
4686,179.026017847011,0.00263914473069866,5.56746671339781
4687,166.389572507524,0.00122864476306031,5.7704146112799
4688,157.317945936726,0.000517348933543854,6.42054416824074
4689,172.879703249449,0.0030007264976748,6.19166398877435
4690,180.006058636964,0.000635843971998714,4.68433505794881
4691,179.050651901474,0.000829007254972849,5.98802780123462
4692,154.178745635267,0.00184708504487525,9.87209246336586
4693,165.433478548505,0.00152549825724178,5.49782140139646
4694,175.863248603251,0.000858123034444024,4.50320865789219
4695,171.686628126675,0.0029272815504096,6.27407483574805
4696,171.916287896835,0.0016191722045043,5.66894230590961
4697,171.324415102994,0.000971593741972944,4.47184378760417
4698,166.020711520987,0.00183567776394714,6.6967229594871
4699,181.393697763993,0.0104219042929742,4.83999156746956
4700,158.78662650182,0.0130166533863144,11.6786864525522
4701,155.657141501733,0.00259985314694488,5.765534438006
4702,170.808543733927,0.00479641362730772,5.78709917600333
4703,183.036050200329,6.96686199748828e-06,4.49378058840134
4704,172.047823653421,0.00812953380076007,5.48158692432861
4705,169.638582689258,0.00240343723867668,6.50200629303216
4706,164.689792247732,0.00150299704212422,6.70136907480498
4707,168.788797790485,0.00397928815797692,5.70276468734835
4708,173.865185737755,0.000788588736568357,6.01419984714908
4709,169.123976425357,0.000753985204850111,5.56421263229719
4710,166.867189935625,0.00599323275042544,6.76813712028637
4711,170.544855667235,0.00324310342236631,5.3948085515516
4712,160.088386200417,0.00137844426001579,6.03554570076417
4713,155.621196375302,0.00214281770303807,6.1448328949471
4714,175.609345055505,0.0110921481691275,7.01013493983099
4715,165.84846799801,0.00163190240162227,6.44939319143293
4716,167.246206270267,0.0026569639715483,5.66989157892587
4717,168.812279526942,0.00273415329006072,5.14925828904047
4718,164.100487163962,0.00359896191067215,6.46242009586819
4719,174.714845156463,0.00141697146961696,4.89651815527862
4720,157.719806460651,0.000875968237020081,6.29885589790016
4721,161.236642470402,0.001620989650521,5.49910397671804
4722,161.594992572774,0.00202588917245079,6.31157176145079
4723,176.838092093865,0.000541403417498044,5.45840284122246
4724,154.958611383715,0.000533729274095955,7.98034481665811
4725,164.83754959026,0.00290055353167596,7.25342464928332
4726,165.979467334826,0.00352298568837895,5.6153527773726
4727,162.338985685335,0.000364563470188031,5.52722038019829
4728,162.43959084642,0.00176568628982514,6.67151026095835
4729,156.948233439589,0.002172928861128,7.05608605705348
4730,165.853595274133,0.00870691824722295,5.46721930402642
4731,142.185782363841,0.000991861814346331,9.24444921892878
4732,159.217390699184,0.00498214981741225,9.50312424853184
4733,161.31367153702,4.21526841593297e-05,10.4599327216152
4734,170.468229984201,0.00149507059561817,5.17244225468913
4735,175.244728167709,0.000202432846800666,5.66002857570431
4736,165.178904318949,0.000106694908766509,7.03284952995269
4737,161.127310733673,0.000652995568270492,7.56850941285933
4738,167.016532934372,0.00650596398066255,8.09963322378414
4739,157.655446233471,0.000204731988427846,5.37734268324025
4740,168.234908023025,0.00391548627071966,5.44307803258223
4741,158.314268870889,0.00054399273838386,7.18413087563132
4742,165.978991086751,0.00413335022722508,6.48726225654177
4743,177.304989973802,0.00264526824693081,5.75804343204203
4744,191.811773672495,0.00262385931074334,4.6426426529109
4745,171.008944061124,0.00869659118313518,5.26280826928967
4746,160.86288410218,0.000620770763665921,6.71058263922358
4747,158.312358235379,0.00086079703392907,8.81239345361191
4748,160.238217297411,0.00182158932490035,6.18316874752759
4749,162.033669395435,0.00755461688087197,6.15745194425446
4750,171.481920384735,0.00264845774288909,5.25157509389599
4751,165.377151001384,0.00837525326552655,6.59027885401947
4752,182.927390257874,0.000203426259770612,4.90029677620178
4753,181.246476414827,0.000296234111527091,4.72118090217562
4754,160.665792495224,0.00396745385041042,6.69069899142834
4755,155.987550614479,0.000402458788691019,7.62740345111502
4756,163.20902111241,0.00016690111497456,7.3959918214612
4757,174.254329606843,0.00276596958650296,5.91667331199271
4758,152.40608838145,0.00163218907285317,6.68143593609267
4759,151.044501632329,0.00207670023319946,8.26174307335842
4760,166.145805865576,0.0023247909656141,4.77928104237442
4761,167.206178988615,0.00251802356955464,7.29570973032917
4762,162.040787563511,0.00493108682257132,7.11204861733244
4763,158.039078982158,0.00235687819706883,9.7180438935065
4764,149.858920996991,0.00102561099777435,8.20834878902266
4765,167.901751637237,0.00152696322346427,5.31077493364416
4766,156.564322466114,0.00315694551457702,6.22133774073418
4767,155.695413615554,0.000492546107836647,7.03702935606829
4768,158.089660086869,0.00255812249604785,8.05894503035602
4769,165.470520354973,0.00160401159292074,5.71936888962456
4770,168.545690426238,0.00196511913042873,5.9141980529746
4771,168.83508722191,0.0014025403673034,7.81169658032246
4772,166.469323391292,0.001078225475643,5.35807407747616
4773,172.048517824049,0.00220395070213972,8.38544911178098
4774,174.701229674835,0.0035560699162383,5.48200517983487
4775,162.139712051589,0.00196777955859024,6.1793774145661
4776,170.833202965107,0.00453840352745584,5.31085696581541
4777,157.478086926663,0.000803295263855912,5.45245311153393
4778,169.852292997986,0.000362001963905019,4.98471071425302
4779,169.444295616718,0.00802163668439323,5.6692752298735
4780,158.590013354148,0.000673516185123301,7.87239676309748
4781,167.209981918789,0.00168650666861127,6.14021745502821
4782,177.555640012886,0.000593006801676191,5.11892534640413
4783,176.223743971491,0.00530808783913423,4.99296504581899
4784,177.034639764853,0.00266046300669822,5.40192711061221
4785,158.636907906042,0.00202576527690135,6.61534151159061
4786,150.608346885981,0.00245681269572851,6.33567803174848
4787,168.791387710231,0.00613905307989102,7.23060608180893
4788,171.536756653798,0.00401353870330433,5.02579078501109
4789,161.866335808271,0.000125153820816867,6.48441496222543
4790,175.984965966418,0.000535970211213509,5.20771173386741
4791,153.357349669579,0.000404320889498053,9.50429957402263
4792,153.469650564786,0.00117386975913794,9.61607460533704
4793,182.757370516586,0.00336539423247334,5.42361690871298
4794,175.365659751842,0.000314409363655228,4.85103585999591
4795,156.506650880433,0.00172944353933037,6.52634350047386
4796,177.883650414104,0.00379342302392959,5.2244454172981
4797,165.254721939396,0.0049631783123458,5.24068203390702
4798,169.956136810045,0.000998599975732316,6.89301075132809
4799,168.918200091751,0.00117482224792234,5.18723788184669
4800,167.669901539962,0.0085178412893318,6.01605980979972
4801,158.937201601466,0.00455869498722184,9.01430549701159
4802,159.899697809806,0.00644391672356343,7.38157615280934
4803,173.287284325517,0.000143927533879927,4.95015346519727
4804,179.34550554922,0.000420060286564584,5.60309160653058
4805,172.859456909628,0.000197338007714399,5.6076450529318
4806,168.773786053546,0.0027138446653735,5.53482006396184
4807,180.88505070471,0.00154771992626585,5.87871826594792
4808,164.183900011682,0.00366968614512441,6.08714570721757
4809,177.289236558419,0.000183685106298506,5.18012196923858
4810,183.819316388833,2.93700858845292e-05,5.33323407893812
4811,173.874303014904,0.00614872284110182,7.26742588527884
4812,146.016066531466,0.00799055164875627,9.81960797603717
4813,165.759048393828,0.00401229258520749,5.78783317725766
4814,160.998604841653,0.000714999105985359,5.9576065394171
4815,166.050161147641,0.00202120937272314,5.89534014579781
4816,176.169991404987,0.00515218300893618,6.70714346752814
4817,152.558443335509,7.98002980167623e-05,6.76882474502026
4818,167.26883422368,0.00795962670579207,5.68307265478482
4819,176.823162633521,0.00303394598291041,4.34121080900103
4820,162.604957817064,0.000360897251355215,5.82219412183259
4821,158.843568973931,1.14972098393301e-05,7.21096406380725
4822,167.54882950492,0.00123535829335869,6.7422268125877
4823,168.783605359233,0.00438824475294412,5.18733612126988
4824,160.080186945188,0.000748033497395357,6.37187182249345
4825,164.680844630893,0.00209058812568647,5.6173996453181
4826,167.464772139349,0.00197182154852869,5.7781381003679
4827,189.002628709056,0.000686420625460322,4.41900109142236
4828,150.660583585757,0.000122206227174233,7.90444956505611
4829,157.884254545478,0.00137163968790445,9.27281326205284
4830,170.463032592188,0.00375484372046407,6.00100783937326
4831,172.886143313527,0.000621413634219258,5.67440285469636
4832,172.399871455842,0.00411124197369358,5.8387545595176
4833,177.812310869251,0.000447028235025781,5.02423160459088
4834,169.291314561221,0.00752353096563312,6.0380612354843
4835,165.55888833426,0.00952354308158622,7.62051333294108
4836,179.57343200584,0.000104931548217756,6.45915909765791
4837,164.53164119663,0.0012438749568726,7.8237687029444
4838,170.701485318781,0.00351373024496526,4.84773523655539
4839,174.348892380571,0.00205418951910165,5.71777264761012
4840,168.735394625801,0.00335026711044325,7.10299519528378
4841,174.782676590629,0.00339687861139158,6.43010976811636
4842,170.13728622989,0.00143177025620912,4.9589883504875
4843,188.241750644765,0.00559650762585505,4.82459672854439
4844,160.903545245432,0.00254826845706085,6.26752656491471
4845,179.218979082727,0.00296003800555079,5.63190933164779
4846,162.632867350942,0.00036490034721694,6.66175580024048
4847,165.727275187957,0.00407001975173169,6.40340012922532
4848,160.180245935975,0.00250993867624067,7.38403710267737
4849,174.696473269387,0.0033301866264884,5.30318111540235
4850,158.627350555196,0.00446121549474388,6.79943548455735
4851,168.660006448171,0.0034554794855564,6.37522212745328
4852,151.745627699257,0.00100070059802681,6.74516726148147
4853,164.903102960894,0.000696791466723802,5.47629645046478
4854,157.511008415984,0.00347534722085806,6.7593643029663
4855,168.554536952221,0.00560395507292328,6.64810160360219
4856,159.735601327435,0.0153955370758379,5.99789396888223
4857,157.560458208907,9.28265273510638e-05,7.34835980543774
4858,166.652109649073,0.00343615726594832,7.39778238339036
4859,162.876348419666,0.000843644930158811,6.20623512529043
4860,176.819609261122,0.00281239521134756,6.3021130384976
4861,174.756972763124,0.00355065786712737,4.90181632023345
4862,171.514322987343,0.00189961417326667,5.74026656317908
4863,182.7766538368,0.00191953001427255,4.38952103415864
4864,173.292207190536,0.000744638008767994,7.51026511932284
4865,176.597019020411,0.00119487119691834,5.4267167672573
4866,158.161615654742,0.00365509626593698,6.29544169986009
4867,176.035967864148,0.00580214035437696,6.03297983220204
4868,155.258488493533,0.0046230256834698,5.25889428047388
4869,165.092815542504,0.000897491047978876,7.02149225630409
4870,169.52830264373,0.00359064354404408,6.04802303146295
4871,154.91438672303,0.000801708905707263,10.5714668287167
4872,180.258176594779,0.000149752680712019,6.45135281778983
4873,152.826073024325,0.00227531063931109,7.24664518331493
4874,155.186033835302,0.00232824584756011,7.61730682272662
4875,162.501946880421,0.00822851523083823,6.8832282704366
4876,159.854898619926,7.36400268173707e-05,9.07847800330988
4877,168.211918203049,0.00213608289429434,6.55250572764627
4878,158.314024416938,0.0038309769258774,6.2045377645184
4879,164.417107048874,0.000569783778822318,5.36836402997207
4880,175.175100164646,0.000991149090417129,5.72284046976504
4881,175.054212441164,0.0167789615181512,6.10881664824985
4882,154.342812493292,0.0033399052259812,7.31618628808207
4883,161.915132467638,0.013568488412913,5.10944359757362
4884,166.884891418398,0.00330683503000355,5.69666947804958
4885,168.762293200845,1.08858685288236e-05,5.74066232847584
4886,168.434277904366,0.00256670725860368,6.56140440203856
4887,175.024107937698,0.00365908651739444,4.45131943490381
4888,182.243945954369,0.00319224592625525,4.35866839141015
4889,173.77422905652,0.010863857535228,6.04152828030544
4890,161.120056382157,0.00122212820921075,6.59570437785521
4891,167.193073341142,0.0160123835962322,6.45945997457407
4892,177.654072183443,0.000831452532552982,6.15779926482747
4893,172.275399546429,0.00392412296207384,7.66424766304635
4894,162.87282073224,0.00478861958469867,6.48330430432123
4895,178.087961944616,0.000162978063144494,6.41987250529079
4896,165.896730137551,9.76097370837293e-05,5.607407808569
4897,148.845698510584,0.00124613372102932,11.139532000176
4898,175.100156709719,0.00292575418404873,5.28534650919292
4899,164.095341487051,0.000541191360227562,6.19679791814203
4900,152.465324251709,0.000547464802758896,7.66317220406545
4901,192.896714880023,0.00110257730049926,4.75155074907705
4902,165.04501491076,0.000969849307062719,5.35262726842961
4903,157.65557285931,0.000425809228176934,7.82878165487491
4904,166.071951473602,0.00813896508985896,7.25008947056273
4905,164.029109792891,0.0032899148972688,7.29842678672266
4906,166.533983299846,0.00342547581259871,8.97814854966633
4907,164.708711694215,0.000867239079879374,6.27573034160162
4908,152.644411954543,0.00707086799044637,7.33075298427073
4909,163.66011993597,0.000261163224667595,6.91619129440411
4910,162.641237353106,0.000402186389452462,5.8839467059246
4911,170.400962731965,0.00174667849171406,6.50096630577238
4912,168.08102914099,0.00175465691378537,5.9761138259218
4913,176.136666412055,0.00417541945562551,6.17456973968118
4914,165.16023539316,0.00354956879113171,7.75397356310735
4915,167.136887529522,0.000732663560596867,5.42460682679415
4916,152.120720983903,0.00909711458461517,6.3678340293327
4917,171.773551635156,0.00535992118838882,5.54620359059257
4918,180.548949698883,0.00105036890043722,5.90553499849732
4919,157.034857410548,0.00173532939506906,6.63920346028127
4920,166.323822022288,0.00486190481797409,6.92816327510408
4921,166.655852802238,0.00524765130221666,6.45709352572874
4922,143.889217408311,0.00168781229087636,9.69345065827465
4923,174.818483937607,0.00035122446228741,4.76524448221657
4924,169.451799825,0.000219613602176826,8.1317347600993
4925,161.600958988227,0.00904801669304721,5.11391090919406
4926,167.637869736597,0.00309182051792656,5.07265688704336
4927,167.7525558008,0.00287729091625248,6.47833434416562
4928,168.289592538976,0.00231979585644662,6.20950464837773
4929,166.746600449372,0.00207069294946659,6.22090677006909
4930,171.37984497489,0.00380937415291538,5.13728958698218
4931,167.399189597811,0.00608354120322469,6.96006328762102
4932,166.17376162783,0.00461793687442894,5.95652876553147
4933,167.068885409436,0.00706157187427598,5.93413472579232
4934,157.936207314436,0.000889591447106896,5.93938983715893
4935,176.701877768565,0.000440033499636488,4.63572110547776
4936,181.789079624393,0.00252906525146989,4.24968600089065
4937,170.832880195163,0.00220763862340109,6.44213686522925
4938,162.347243287786,0.00291134351741725,7.65326136948323
4939,171.67300720991,0.00288258936289084,5.02282717042279
4940,158.27272108918,0.00493058687379595,5.6676458161201
4941,167.338190696028,0.00535155275810396,6.22152898477479
4942,156.90693948615,0.000208709554097183,7.66020609033379
4943,172.15341845268,0.000339241668656048,4.96951140230011
4944,172.589956891507,0.00208254155344596,5.87107655434164
4945,168.826277641475,0.00569734122228076,8.21462117413796
4946,159.255954598111,0.00257088938306729,6.12018676451087
4947,180.677780863289,0.00114448346554576,4.92327355094739
4948,176.279898808313,0.00389791489810496,7.58490416388321
4949,180.202474334828,8.28695532808042e-05,4.8234474919604
4950,169.142066087738,0.00328525465279587,6.14736880266015
4951,169.685085205081,0.00075670056073337,6.18404064178112
4952,166.661555721282,0.00227187254306509,6.53111593960631
4953,170.265343249726,0.00589666028451887,7.32654139821654
4954,173.107794145864,0.000640153199537583,6.2766745942855
4955,167.906222030355,0.0016482942702857,5.19071917909868
4956,173.612740534923,0.00223908939051643,5.88672029937343
4957,176.120338435704,7.04641160384945e-05,5.72714789444607
4958,159.236144039394,0.00111596449329606,6.99289623092054
4959,165.564502567353,0.00182404617413552,5.98270839526544
4960,177.701402546408,0.00058691178597361,5.0975578911508
4961,147.759906503053,0.00532696998162723,8.90294052287188
4962,167.20752906486,0.00488964234185657,6.26577398802772
4963,167.591335102979,0.000761116484435995,5.9588752847657
4964,166.850429422716,0.00282900864240181,5.84400863858369
4965,158.00419788164,0.00714383435738289,7.81397319784407
4966,161.829499164419,0.00521246055918739,6.68423984646997
4967,169.338285244389,0.000812681838858357,5.38655175686574
4968,165.560714153087,0.00134867410098422,6.52974690431712
4969,161.194803555826,0.000690885365214375,6.97513952233173
4970,177.725812968546,0.00789826868236876,5.74637653882845
4971,172.579941925997,0.0200519294949172,5.05173483847793
4972,172.73056050834,0.00349560535942024,5.46251705462681
4973,169.071046728802,0.0107275076112741,6.71876185311127
4974,163.91912397717,0.00258840979370847,6.07187692181089
4975,172.814537336011,0.00255177614440199,5.43420528785593
4976,175.432631114078,0.0020637029804228,4.83630388362291
4977,164.030922636186,0.000411307963494671,5.58385421523328
4978,167.929533389074,0.0101900814776254,5.50512523175826
4979,164.985494201998,0.00153984208588356,6.01491034788503
4980,156.72935560988,0.00392932603270385,7.03931415929738
4981,183.48994262876,0.00184895178390794,6.74008358878408
4982,156.505184801224,0.00111648229229909,7.22143756310174
4983,166.870350816605,0.000113386799206913,6.30557232397369
4984,168.944028298139,0.00689532722130224,6.99652441787441
4985,166.276805639567,0.00124286674773177,5.29972197562413
4986,159.076051325045,0.00354194916117082,6.01282302416235
4987,177.1071732409,0.00891952822684266,5.21986268669599
4988,159.808018030134,0.00524937305977474,7.44868031996685
4989,176.253764197454,0.00383444462080724,4.68039534051695
4990,171.053386432929,0.00547791918562582,6.13568489235566
4991,172.919624137186,0.00349755465763974,4.77260658583914
4992,180.826688146082,0.00256108479515104,5.26944421017988
4993,167.477886755062,0.000731149484794392,4.90015718099501
4994,162.067519183213,0.00153107038826462,7.44794553379943
4995,158.646276890305,0.000600598103644268,5.9883399328454
4996,162.379785432942,0.00472936209012994,5.41687583091905
4997,162.688696483618,0.000900298655426268,6.55269248104109
4998,159.1836267917,0.00222915081655526,7.14907063114213
4999,164.472669598697,0.003498580222924,5.72903630225189
5000,169.144477709233,0.00525393311140598,6.35335308992657
5001,164.566629627818,0.000458445721127203,6.96300543148229
5002,164.871407486129,0.00101955159046285,6.01431596404879
5003,166.123012892668,0.0020835401901244,5.60725716864047
5004,166.663775608891,0.00187677483587751,6.0099536204205
5005,168.66575154536,0.00547329315924421,5.92703443351302
5006,179.263693191581,0.00306966024887168,5.46283013445137
5007,166.248093018088,0.00315254911847825,6.00254095661116
5008,160.780098321886,0.00819407319489314,7.23178702099655
5009,165.354833677914,0.00316916724581495,4.9008686456187
5010,180.093366645785,0.00104463648909177,5.32594017963972
5011,174.645277415991,0.00553135298413362,6.09990511820397
5012,149.1478782844,0.00515258163162685,9.77943211470762
5013,163.566049098454,0.00342555955536701,6.98277135678962
5014,174.586116834236,0.0132829634071915,5.33594425135383
5015,157.101647704662,0.00145940699524662,6.49768144394214
5016,172.540839209008,0.000596683014481823,6.22948173557329
5017,169.250523902983,0.00442186772789717,5.98037340489908
5018,170.994651625465,0.00351910670358498,5.36220227757488
5019,163.626463569611,0.00266210650434967,8.25962732820588
5020,171.333907453639,0.00135856020455347,5.71391499642986
5021,173.395344281999,0.00195167822027795,5.70977239858215
5022,167.232071189413,0.00145842359156722,5.7931911451193
5023,156.231212720858,0.00621735146956665,7.4437213282425
5024,159.344374857687,0.00636640223186224,5.61227986331869
5025,151.085883335253,0.000852407853952999,7.02046831146569
5026,168.414555119486,0.00462901849128453,5.61573691487022
5027,176.966621037192,0.000327388429531441,5.03269088618975
5028,164.123884495337,0.000586183929448602,5.929806828165
5029,167.752122303759,0.001234989697387,5.94780980091151
5030,160.127510255213,0.00238017008091652,9.54274177493271
5031,166.410113022599,0.000838877044398566,6.30150986717866
5032,166.195918808793,0.00183489990141242,6.79189772934209
5033,178.543688168203,0.00383708477912483,5.18996813595303
5034,174.091445161838,0.00143412713431265,4.9111801999845
5035,170.137202693663,0.000527812241011418,5.70017457989713
5036,167.540471375562,0.00252317036964976,8.40922266872148
5037,176.474970535271,0.000639079286603672,4.98236043881691
5038,156.251950731192,0.00122266183565969,8.62823320834125
5039,180.073268350904,0.00145112886909062,4.94073292973985
5040,165.632659809707,0.0103818695844958,7.26566401178248
5041,148.422897923963,0.000166485735826466,7.546589727447
5042,181.021343767614,0.00121103552897809,4.8662300536048
5043,162.681132610775,0.00235404645609469,6.99878868376452
5044,145.262619511094,0.000987991225519166,7.07655130500575
5045,174.179519649829,0.0044010153322782,5.91764073861534
5046,166.213904152635,0.000680946153341924,6.54507063537462
5047,158.662346845762,0.00211095618808948,8.94381989689756
5048,169.656471795594,0.00109683978723408,6.46968767859017
5049,171.794031143574,0.00205317662743809,5.50330646757867
5050,174.657091710628,0.00640997485065105,7.07689215509997
5051,180.006762600473,0.00231228622981805,6.67239643111617
5052,162.420469598069,0.00160566376428332,9.95208951424903
5053,164.501616019948,0.0145438722672277,5.8525006129804
5054,169.305609236496,0.00212841055100349,5.32000823241058
5055,177.063792165773,0.00115201760302984,5.68704848384865
5056,162.991288745037,0.0005787534086693,6.07853995806959
5057,156.133718080838,0.00586619270499053,10.6366883463313
5058,156.522239023811,0.00215679905144748,5.78412937435699
5059,170.394580421737,0.00284840563968879,7.65961673748133
5060,169.906429721221,0.00921146744666041,6.31493861612387
5061,169.940755026274,0.00210721330227401,7.21311089930315
5062,162.922684571325,0.000845333893822295,7.7437858992681
5063,169.478032871982,0.00299592785625221,6.39697101157605
5064,169.534640907142,0.00563931110313033,6.04074570212165
5065,165.1123943581,0.00356295906648693,5.71364715415691
5066,163.960149717016,0.00908349403673491,7.2789148027971
5067,154.418817946257,0.0038752068277288,7.19162129167146
5068,165.161775612976,0.000118886056829663,5.98919237454721
5069,160.562555886702,0.000797988754872208,5.7279192858175
5070,170.093285336208,0.00314003896123941,5.66153727033923
5071,166.561142705728,0.00390488077842331,5.57950292856812
5072,172.63876879006,0.00319075411203954,5.39498237442879
5073,180.448319677671,0.00592544473559221,5.18671735759702
5074,159.529013176284,0.000471776140118364,6.72147947632091
5075,159.459649798004,0.000389280477556337,5.8629178366143
5076,183.346227567799,0.00208762584419352,5.29445878060674
5077,169.449552325404,0.0043760398575479,7.31368826704118
5078,168.226661042989,1.30893807065957e-05,5.27710884952446
5079,165.178298138404,0.00284075945957007,7.44352451781459
5080,163.755642297101,0.00611320385879684,5.05609246267253
5081,177.159822647088,0.00406776109904861,4.65784619438746
5082,167.248856708589,0.00429436339138569,6.88940740707862
5083,169.899749562767,0.00347023777351133,4.79770626686767
5084,162.012957463298,0.00344680945649986,5.97488719616694
5085,166.649834216888,0.0047580359740968,5.62252597563495
5086,152.111374399881,0.00233182630390297,8.50507409857611
5087,174.857369078518,0.0080875079859048,5.34455891111163
5088,181.122681056604,0.00464960301063877,5.24820453417146
5089,167.049862024792,8.43261372387693e-05,5.27890369212874
5090,162.205694726195,0.00374154688547964,6.12723569834338
5091,164.038369265174,0.00658005659805306,5.90820339486821
5092,170.155137155884,0.00242610979172255,6.05006046298099
5093,165.050395720483,0.00450652057000453,6.18654434298943
5094,163.201345559506,0.000988968381468572,5.43624567436559
5095,161.260005588587,0.00128957059790867,5.95224069865075
5096,146.657625855109,0.00803530155181755,11.1222747548294
5097,161.432796533414,0.00157626068559173,6.5940471108022
5098,171.069199646179,0.00330997679878967,5.5860501256943
5099,153.11798398723,0.00530683653047036,8.19065905544654
5100,166.269672871306,3.97623592449047e-05,7.71786085313364
5101,168.177225692134,0.00242791941522002,5.10781200095129
5102,157.09413811872,0.00140000305289091,7.11962500293906
5103,157.870620969758,0.00177262024167206,6.9892971496253
5104,171.101596618164,0.0132233415996978,5.53945565242056
5105,165.131221882983,0.000361619132506426,5.42596586124476
5106,165.154121410924,0.000594204278946378,6.00232051312683
5107,177.97968078157,0.000251813598760678,5.37827556581674
5108,164.704540910591,0.00246461958747957,6.9324015574071
5109,166.602163522457,0.0037350180961086,6.51636203141454
5110,169.474400860361,0.000950070133090108,6.12745828791185
5111,155.015673661469,0.00088152418189665,6.60818638022806
5112,168.214632646122,0.00068363499121335,7.09957816266693
5113,158.900114484375,0.0002175502795747,7.54828785621303
5114,157.413077395521,0.00162613187463343,6.06216691542509
5115,181.850258882364,0.00607102535345542,4.70780385360441
5116,147.79713147814,0.00275312863978117,7.37868291612988
5117,168.690961098091,0.00283169208292438,7.92091968104025
5118,162.558648087063,0.00382886787075295,5.4595550348688
5119,170.215746521176,0.00320031988519319,6.2457360820413
5120,160.016124919482,0.000606378180732371,5.89154786965495
5121,173.847565993815,0.0153118897348386,6.27638478843738
5122,166.731990291186,0.000103256504860302,6.30124679137201
5123,147.087560591362,0.00235483114392552,9.61142996485672
5124,160.171598584339,0.00388787506022812,6.88927174392802
5125,150.284222873939,0.00128868572385105,7.15395515004213
5126,183.017866428126,0.00284153246688648,5.06379692690821
5127,166.287982152922,0.00219230285465507,6.65113583491076
5128,164.084202142166,0.00381839582401379,7.01076960554203
5129,140.297282357328,0.000274774614481484,12.6720185399082
5130,169.556292592895,0.00192103742713282,7.66473676104358
5131,171.366640921619,0.000182737221058147,5.11330750694912
5132,160.605074346201,0.00235347525422918,6.6691667107107
5133,163.808778666942,0.00221200727022232,6.80439753408751
5134,181.112758652459,0.00207723806952405,5.14395426201002
5135,166.057100110231,0.00695958148363262,8.18304517651606
5136,166.521716379862,0.00371070040776196,5.79183222904543
5137,164.296421348969,0.00561024767496716,6.14119582990752
5138,178.264190321384,0.00356060698086926,5.97829063559613
5139,164.100174049117,0.00324878227923808,7.43353763679688
5140,165.411709756286,0.000707474075153278,5.4541384712227
5141,149.652186817589,0.000959172974015879,8.41175497480961
5142,166.274472772377,0.00470065456710251,4.58902430794058
5143,155.932374511015,0.00434050353206729,6.36913888424305
5144,164.283100546752,0.00282166899154921,6.94381395423178
5145,175.930644297657,0.00962575530445565,5.0881996051318
5146,157.963115733337,0.00346168108461949,6.52109718823121
5147,165.699447498955,0.0038687341453694,5.65086976433489
5148,175.535062986801,0.00201282896859473,6.1874467945486
5149,157.031173354887,0.00327337422972195,6.42094183414678
5150,175.05472290181,0.000489754224035326,6.18501585018434
5151,170.690300043249,0.00339942259410305,6.76881351180978
5152,175.041929949794,0.0191186875245913,6.03325840619876
5153,172.878681164543,0.0066622763757611,4.96947661664088
5154,162.620179489121,0.000355810104684063,7.26103301193683
5155,172.479776084132,0.0116760141632244,5.65645143923466
5156,170.744149080418,0.00513457299367338,6.73996260971625
5157,161.473031510497,0.0028184515376702,5.24506321716059
5158,188.585061505851,0.00519525754900202,5.06788823386161
5159,166.526173784332,0.00029494510097772,6.3429532781137
5160,164.878095357501,0.00192382663683336,6.1716828342462
5161,178.731609423486,0.00235625421477248,5.94797899562725
5162,165.327587428136,0.00665332762982108,6.7399759945898
5163,172.631300416357,0.00394371512310975,5.43686995584191
5164,170.678932583008,0.00156496856979221,7.40365614424339
5165,182.094813797092,0.000545460824983733,5.6085297263607
5166,187.22630254554,0.00399076086435924,4.22383732977118
5167,154.776256319162,0.00183487693348014,7.61027855798855
5168,173.128826705087,0.00979441251239164,5.30821363659018
5169,165.991445433074,0.00185693720040331,5.98637392005158
5170,155.287638314976,0.00492532145743131,9.33902402203975
5171,157.687170807917,0.00317323550153969,7.35691794931261
5172,154.383160362241,0.00136051995948931,8.43646194634232
5173,161.939783340839,0.000502650244435761,8.3640217900628
5174,166.234059164085,0.000690762339118489,5.93568566817984
5175,151.557750286103,0.0013751816338195,8.21806033686425
5176,153.983289757813,0.00428271448717912,8.04400777474082
5177,165.469405998806,0.00103176642067483,6.81020710631584
5178,171.754701911382,0.000363352541941784,6.21658369052218
5179,161.090576192875,0.0100283229033143,5.57458429185855
5180,178.634629496548,0.00154530715596619,4.54284923489148
5181,159.332488394515,1.8892732031101e-05,5.62558207520588
5182,159.103842412788,0.000331398676718609,7.64444316309498
5183,162.153133086078,0.000391724393178453,5.7535700794334
5184,166.751039307413,0.00773408845209684,6.06543092926087
5185,170.375523950916,0.00534097070042431,5.29892598567309
5186,157.030100410961,0.00504020439551247,5.83444562808623
5187,165.404321984797,0.00042858081300083,7.15885221572235
5188,157.550311359721,0.00163048386785542,6.86200833204073
5189,165.610636504023,0.00360810697285355,6.34630915643924
5190,167.730894288945,0.00435446271385997,8.41359593494211
5191,160.739375831162,0.00110217433152982,7.67238348530883
5192,177.711895815496,0.000704520939940446,4.9257548713084
5193,177.163102419639,0.00439897247106203,7.8827818204448
5194,171.030829763193,0.00345772399090479,5.19847249346287
5195,178.585704472143,0.00214168193521494,6.04958859042568
5196,162.14747493754,0.00179563780683885,6.30762559613834
5197,174.697112561581,0.00581310588918856,6.89721244363567
5198,160.433931277426,0.0038548813086419,6.70147520234709
5199,173.869919578226,0.00365932214308942,5.46094675613144
5200,170.691466303646,0.00195035081609979,6.59800404343765
5201,166.902720948836,5.77613840369386e-06,7.51825247127169
5202,167.707918980646,0.00305381562873218,6.84828313061459
5203,153.083310769017,0.000173046609262657,6.8342718988805
5204,175.20032999667,0.0039125059882886,5.37099926572898
5205,167.608039132406,0.00350045209242699,6.46894873255324
5206,162.367070230562,0.000935512490989239,7.93133679942195
5207,160.056287462614,0.000397581208370777,7.726476153932
5208,179.797653215704,0.00477371376194639,5.16615271411241
5209,155.712047244653,0.00184180141031079,6.63620413863517
5210,150.188806757132,0.00207972209378524,9.02836015734109
5211,156.798615533933,0.00328211573699661,5.55831889169715
5212,174.883179542438,0.00473932882111196,6.40832465509953
5213,179.204093055229,0.0045257697196272,5.73010206959836
5214,175.438227355273,0.00361367343610838,5.51750849917485
5215,172.353836312253,0.000328270076193383,5.97485845431113
5216,182.097950014191,0.002057349848678,5.13477011569825
5217,154.169207167972,1.59985002288672e-05,6.21295256553987
5218,163.373355572113,7.40513322704298e-05,6.33073589722964
5219,164.713263363517,0.00396801247918201,6.92325187446909
5220,160.537228401548,0.00298771911565268,7.76052056251001
5221,171.203986521915,0.00127104537996441,5.07060361692467
5222,176.79398513267,0.0029848370842289,6.19968619216554
5223,157.342393382694,0.000632504836383977,6.76935029586069
5224,181.056519044189,0.0079325758525526,5.15530982009248
5225,159.967043437944,0.00147732599809158,5.7133401667059
5226,151.012693529419,0.00401350893692493,7.27811297321768
5227,177.685291574907,0.00260708616648264,6.04367917450569
5228,162.917875986096,0.00298120972524626,6.70285330353634
5229,173.881555180077,0.000771578135525018,5.46995455256995
5230,163.773186879679,0.000860939699521034,5.89426150231626
5231,180.418653596721,0.00102504593371192,5.53027452290978
5232,167.811001297616,0.00409650312485492,7.46066434163463
5233,166.02998148858,0.000551462275262552,6.71479744988304
5234,164.435464294616,0.0002199300479976,8.72046730208258
5235,173.516039002148,0.0111544288279689,5.51332203961733
5236,158.532129330759,0.0044883338707769,7.80278914816092
5237,169.980661054307,0.0100388366453391,6.22342945026414
5238,166.949120102862,0.00313453845265984,6.26894890866152
5239,161.735584293984,0.00367202767974194,7.34387510111924
5240,176.175267146517,0.00023176487177403,6.23511103356854
5241,162.888058318774,0.00266937400855291,5.43618152083264
5242,159.730898391181,0.00885748396161187,6.74485150237176
5243,169.679234840055,0.00263406351060342,6.04768672170198
5244,175.707604515783,0.00365352274438794,6.00087305654347
5245,170.198581692962,0.00203313820376958,4.90934177922616
5246,176.456522286259,0.000687461400401072,4.99609729915354
5247,173.885390635533,0.00202435066047403,5.60996023742421
5248,183.901981492745,0.000933909956896465,5.32559357897377
5249,184.255655275375,0.00217623706607226,4.3352349085962
5250,165.859940122377,0.00323517356020091,5.8359637607566
5251,169.594701585014,0.000505650144111772,5.52829115243107
5252,160.910814091575,0.00301360146803352,7.10222611653313
5253,166.055637603508,0.00297131197096266,5.44590843128651
5254,172.779424746196,0.000274482177772151,5.36897637470555
5255,185.376840755352,0.00225327215269563,5.03151449669754
5256,166.616984897561,0.00320837793324905,5.66284092100012
5257,164.029203572221,0.00119885841021968,7.89945152134484
5258,159.981852700081,0.000192363360779804,8.07223914936167
5259,178.534348919273,0.00074896279884476,4.95536533629847
5260,168.695296699426,0.000387489001444532,6.7485476414475
5261,171.846296066783,0.000740533414154343,5.45232877556785
5262,173.710703161063,0.0048414202308177,5.93085953732162
5263,171.15027901972,0.000210880707938351,5.81887096848245
5264,179.489350845285,0.00270422880482264,4.5673849867861
5265,159.100415810234,0.00113795952216431,8.04305065262117
5266,170.147428608958,0.0105073942572649,4.60620125471705
5267,169.083874979263,0.0119734871170137,5.29123296074072
5268,149.537697753222,0.00288481460176661,8.7365145825196
5269,161.781867321572,0.00183119213975912,6.88659604469666
5270,190.977603907957,0.00188355031671009,5.05063715385251
5271,165.466531071787,0.000219762524093267,6.03578873735524
5272,155.930889352503,0.000810868182626658,7.68315678148412
5273,175.402233062357,0.00146082337930462,5.93338867918371
5274,169.848677311903,0.000179716816598327,4.85998451146338
5275,155.159653575082,0.000191401224998708,7.76352872791872
5276,165.686939630819,0.012165294557812,6.65572623635773
5277,143.52187602477,0.00119522643526516,7.36003140775914
5278,161.542604838641,0.00273799919117719,7.23538227048053
5279,178.719450292529,0.0022614465354128,5.57964510867875
5280,175.547324987569,0.00487118037904302,5.04618979459414
5281,172.715930319005,0.000228085661294783,7.49359671846436
5282,167.687916987475,0.000825723962292255,5.52190832242796
5283,169.476211667066,0.00295998728118705,6.01652592470909
5284,181.743768220921,0.00531668291363115,5.1811081772021
5285,173.585209180991,0.0151034326150148,6.69988851986196
5286,165.870670441461,0.000381232842269712,6.08663007808787
5287,148.476099313369,0.00293927931038161,7.11207697935372
5288,164.130744519781,0.0013854825940928,5.49239240898178
5289,153.720343345294,0.00318023601608024,8.87865639621921
5290,149.36545031558,0.0072784604483981,8.2375828793507
5291,147.996664270847,0.00202521610834789,7.44893713461759
5292,163.274026070678,0.00239541569366911,5.46270215797335
5293,177.317716001755,0.000275157275293198,4.59715061988239
5294,168.976051885831,0.00133778793984436,5.35661233997434
5295,159.826550946039,0.000516245221601046,7.75716573380047
5296,159.966939626719,0.000137030753516664,7.40264803679212
5297,184.474896234417,0.0019439915300101,5.30240693898365
5298,162.397341491492,0.00471871611025375,6.75840359774272
5299,157.184276263085,0.00491007230567865,9.99222116057056
5300,169.898619033882,0.00144866190249543,6.10052338200139
5301,169.212284064766,0.00252148912712595,5.50993682797977
5302,178.767066113607,0.0059376053292201,4.63031567620999
5303,140.858484975034,0.00239754233833259,11.7043149583126
5304,171.633532111845,0.00778207589338981,6.59261785340526
5305,167.825191766107,0.00209990561538864,7.90229829048141
5306,162.486783549004,0.000131421909324067,6.65306798341037
5307,165.140763915427,0.00126309939389564,5.12295188197974
5308,171.583403858786,0.0129534391349002,6.26275279748682
5309,159.467573379955,0.00425098526864563,5.64323974017832
5310,166.724136653712,0.00258302692904251,5.70630359500403
5311,172.777202764356,0.00678205142650114,5.24267843111187
5312,163.754716837357,0.00874736610916454,5.81153762963181
5313,173.799507763305,0.00507673999334905,5.51242681489251
5314,168.402596897981,0.00421759822861814,5.49845571028919
5315,176.226357724567,0.0131816364050274,6.00834131293609
5316,154.494475327517,0.00293434763080272,8.09464645869885
5317,167.645567001392,0.00753165064261077,6.5710335382806
5318,167.032064159087,0.0150960764231675,6.06684140954141
5319,176.993391623154,0.000490080166182061,5.7314992117407
5320,163.575398704355,0.00447217709749171,6.56578513247584
5321,154.396572143818,1.96550990631831e-05,6.91060937778863
5322,164.31550314405,0.00401564065081036,7.03555483194303
5323,157.607943307336,0.00570858822228442,6.13624005357661
5324,146.47772224376,0.00220701220624973,8.12237249103055
5325,175.51021696442,0.00106021132738156,5.3652950384514
5326,152.776305149202,0.000579803727211298,7.92792649102727
5327,161.276006040334,0.00949819728294289,6.92498638889901
5328,157.774360702632,0.00034348923958469,7.60911138573847
5329,176.106845739274,0.00562961199824041,5.70742232566525
5330,168.280410796255,0.00277851929332969,5.3530511878159
5331,163.376105126306,0.000228278989147219,6.34858758517064
5332,176.225661436098,0.00184650592783049,5.48496989922188
5333,166.396535352187,0.005040684067015,6.21455774622603
5334,171.358796168511,0.00536448221166207,5.43608354342674
5335,181.720595554388,0.00258663252537411,5.63200855217577
5336,165.486734622041,0.00894435003795614,5.71940301374467
5337,164.394931874977,0.005310152535,6.00043013038731
5338,169.251239186627,0.00762857336598046,7.34886307298488
5339,178.211666676292,0.000500114854470885,4.91078313719435
5340,164.388292991629,0.00247897340388169,5.62213209520917
5341,176.0635949568,0.000465580882104509,5.45911983760693
5342,163.736688511817,0.00190045780560365,6.63129055601454
5343,157.421269018998,0.00401767810067849,8.60498465877281
5344,185.501056960299,0.00199019247643952,4.39233857381326
5345,167.640703198594,0.00334362060292995,5.09973727171503
5346,157.48298855411,0.005179668157252,7.69209451590387
5347,166.621186743345,0.000798295429655214,7.00592640743437
5348,157.633421866129,0.000584766323720722,6.61895341755574
5349,168.276970674236,0.000133418560699928,5.96893452691072
5350,165.220981258902,0.00061546529668257,5.83213649290914
5351,152.47149905628,0.000277054029262723,9.82765812633286
5352,175.139647917508,0.00388651246794816,5.76339211022499
5353,174.469525675834,0.000435760759770648,6.06903820685322
5354,165.253415213175,0.00110833855304268,6.47831851304044
5355,164.057310160966,0.000483087910567721,6.48659328772523
5356,157.201456291208,0.00181873829433357,8.53438003454533
5357,168.804385319088,0.00196052986234494,5.26242584809255
5358,162.942393092397,0.00150428575628356,7.83591665544941
5359,165.956879443628,0.00376976319323068,6.70216223024394
5360,173.37397050259,0.00659839357500124,5.66368161695558
5361,179.524699263131,0.00208120254052911,4.51476748055861
5362,174.157599351581,0.0028559655252382,5.71031808730163
5363,169.490341567406,0.000222754704160949,6.06841127915872
5364,168.455057240302,0.00919475500738065,7.14152139595884
5365,175.079425488453,0.000436365119931017,5.16665557288884
5366,167.491408438877,0.00364549882700723,4.92065518175819
5367,166.477048788683,0.00397379058652045,5.88496342655697
5368,158.56425922754,0.00700672900662452,6.09869926238188
5369,161.826488575374,0.00154321880878251,6.12303940170883
5370,173.72283577347,0.00102240565736593,5.17158698774088
5371,176.934367356718,0.000300171752873145,5.49513904463624
5372,169.708989627116,0.00014244105457282,6.86418938043522
5373,179.395241923347,0.0023796044819756,4.21166375931865
5374,171.76016038367,0.000700776595274074,5.87572871344615
5375,166.528187411243,0.000347228651086622,5.51639907779674
5376,163.022557211523,0.00246419586567145,5.79867194483742
5377,174.736063914007,0.00361833971465606,4.82673306499175
5378,153.765724518764,0.00599847449842811,8.33488195157331
5379,170.315657046267,0.00127137873821736,7.26374506581194
5380,163.694568721064,0.00169597327309185,6.38067330227284
5381,171.729161604373,4.31755034255836e-05,5.2850163189725
5382,168.151408904565,0.00148881489074277,7.97074909638124
5383,163.21147588447,0.00126629752305881,5.59596763056788
5384,163.812792884227,0.009972365148574,7.46666455360486
5385,164.972712950039,0.00481213885091816,5.49363865693099
5386,165.905165353954,0.00239174787311103,7.40368450850085
5387,171.424461215452,0.0101653874277906,8.23710130857802
5388,180.864592907041,0.0112219808017957,4.87966518261485
5389,153.22513266342,0.000801229589630746,8.00417614774963
5390,158.845564951254,0.00395063324068664,8.35222187383519
5391,179.775563674188,0.00485807622441262,5.52453448172982
5392,163.105910704013,0.00146658617675925,7.27384221683974
5393,161.813278227433,0.00140603540523762,6.58636740934906
5394,178.540758050877,0.00158741814664982,6.08765589275817
5395,168.59628962052,0.00350404845219956,5.79510849750948
5396,185.165941303725,0.00461207412461089,5.58321318123734
5397,167.001144454069,0.000234478265662271,6.40391661505374
5398,181.917085738134,0.00200202846490251,6.45332204507348
5399,155.322715578072,0.00446948463304398,7.28550480681974
5400,165.166172413767,0.00455543467640381,5.79667055464891
5401,162.015116621656,0.00354438119148479,5.53362657979528
5402,165.37846181576,0.00476564101040215,6.10118233243831
5403,162.816474118279,0.00623096593253282,6.06024012682682
5404,167.142604950521,0.00236414745701813,6.14446342450264
5405,162.984630520997,0.000484106771307546,8.49469271681338
5406,168.78018980516,0.0182566459508656,5.54955951040453
5407,162.491614117218,0.00453205998554819,6.27329440057329
5408,161.355700048827,0.00135920044744979,7.82997193439754
5409,181.419908135745,0.000715263513345287,4.64042762383037
5410,163.258667863143,0.00863568363526625,5.5136021716591
5411,173.30355605342,0.00322304507738318,5.28777671150778
5412,166.741813569494,0.00108415474023889,5.28006935734399
5413,181.416148000761,0.00159176858756459,4.8614637904672
5414,170.309847415641,0.00193725957371529,5.98103704157702
5415,177.800943930535,7.51135443557443e-05,5.33891185910342
5416,159.31235592307,0.00607629797167796,7.58524062508275
5417,167.644820490975,0.00242911407854007,6.59355671448334
5418,157.411490486301,0.00140899903784034,6.47952214002468
5419,175.531040051221,0.0013165977666782,6.0398350228469
5420,150.578682854311,0.00297771973043891,7.50682733661599
5421,177.072796986067,5.60462952584782e-05,5.38643188831451
5422,170.432059364321,0.0020255366460093,6.98788728355778
5423,182.22844431529,0.00533837316444892,4.61970404113075
5424,165.310704061534,0.00154421526788434,6.18949238511102
5425,160.794183308994,0.000788474253123318,5.95493662353265
5426,161.101444342242,0.00500496704302535,5.60174608209375
5427,165.399806118062,0.000797516098619523,5.59534155669285
5428,166.699514838263,0.00174767643600133,4.70344542160178
5429,166.942482964159,0.00298845125744357,7.59999319229253
5430,167.52966828689,0.000269739498307135,6.22558342935065
5431,153.291944531366,0.00148098272921559,7.28042454335022
5432,168.733921436159,0.00214469099711267,6.29509025925434
5433,159.266254474765,0.00618200694559647,6.09467926029884
5434,167.406295663817,2.91717805621058e-05,5.53807002373733
5435,153.177828845026,0.00301405579749225,10.3184360606742
5436,152.580330738917,0.00077134009117474,8.20701424330537
5437,165.376603579192,0.00727944899979196,6.76920137525325
5438,163.97594493358,0.000259846682126477,5.91084439180838
5439,174.964645655657,0.000154604810598913,5.34754672596529
5440,164.002262342253,9.89256101425352e-05,6.5537466487889
5441,152.672273816592,0.00988222269236674,7.5100265718239
5442,164.459984122198,0.00190335425916067,5.97044753489058
5443,148.324384171396,0.000627080353570408,8.88686147521846
5444,167.474284791499,0.000930749989252763,5.69797323827398
5445,157.894752289254,0.000950504870397399,6.93676283175602
5446,159.751930239797,0.00287727845826323,7.59427282467481
5447,157.886520636804,0.000258421209968168,7.99864031756266
5448,153.172917442575,0.000366906110147589,8.09018141790319
5449,156.221027503625,0.00974632606589538,6.97429641067176
5450,179.172348110781,0.00826177786691639,6.22364802904531
5451,168.743246443013,0.00694597072690448,5.19571181178047
5452,149.473046889453,0.00757901527959236,6.67683566836322
5453,157.206396421252,0.000317649022189728,8.73643990490236
5454,154.353237040836,0.00681343523200953,11.3423552336904
5455,193.155334887643,0.00329555331878702,6.1664493523278
5456,174.153585378523,0.00377391652987666,6.43625538088954
5457,159.961621149104,0.00169148995836322,9.46229155781
5458,160.956411176088,0.0160658177520738,7.24575509247165
5459,176.071449598414,0.00172953830563107,4.97895289660958
5460,169.637905113567,0.000624955395520818,6.34142641474001
5461,162.0110985116,0.00164808614449152,6.28981639731577
5462,171.250969385276,0.00129141685750039,6.45388742133964
5463,154.036046416,0.00109039488417131,6.82115478884612
5464,158.662048709158,2.34174272455083e-05,6.43137118857298
5465,178.627321915877,0.000639282284096803,6.32092158253355
5466,159.345294967045,0.00255612751141206,7.87435836356605
5467,163.533728503769,0.000426409879112965,7.23724840391534
5468,170.687582435277,9.67982809653519e-05,5.93966674615311
5469,157.856530662778,0.00322361987422683,6.3789838612991
5470,161.213633929861,0.0013169712245243,6.69912194007928
5471,161.533578296495,0.00245800111414128,5.96433665769339
5472,137.478694219297,8.79018979609872e-05,11.5234192470994
5473,177.150717948199,0.00100626241174153,4.45743698337936
5474,162.813856607561,0.00444526132938837,7.0096745224465
5475,160.635634798312,0.000158232659108409,6.34408535737077
5476,161.91800935791,0.00180501180113132,6.8539100006294
5477,169.073619361556,0.00471030609276678,8.01314479579016
5478,182.722329284331,0.000535004421560599,5.66672907535076
5479,164.690400027523,0.000639454609059871,6.4043737216113
5480,172.388662605396,0.00103343871927799,4.62535545501204
5481,164.282029941419,0.00334752497835923,6.14527420797018
5482,177.836565280124,0.00204176753857483,6.11262896163747
5483,169.259395295491,0.00358144279505526,6.71107384364719
5484,155.694428962031,0.000798758430350767,8.46144866572992
5485,152.10329838577,0.000864082175392614,9.57333016322165
5486,163.04845515292,0.00171088638604133,6.98011045667933
5487,166.332775767688,0.00906950775276458,5.53290866347052
5488,172.212577553063,0.00313397558896645,5.36870197526478
5489,178.277884688697,0.000103682404790207,5.80734051251217
5490,157.893588313506,0.0066268489749145,8.08403314246456
5491,166.801752474217,0.00337584449580151,5.06668270867593
5492,165.502257459911,0.00058875200846909,6.67612677832447
5493,152.602867601522,0.00239013057699266,8.02615531937433
5494,169.991777708915,0.000500621844206414,6.46157467673789
5495,165.859948337735,0.00313267088974227,5.88997785818309
5496,172.29639307157,0.00175834524408844,5.30678457031149
5497,169.286167073842,0.00124993371030932,6.44671702485549
5498,171.407099110586,0.00233476346951497,7.24982429996008
5499,172.924412853241,0.00719510909462754,4.83666792694226
5500,158.887131326935,0.00545838445286395,7.88902258179465
5501,170.549799970115,0.00135474405152513,4.74267706450872
5502,161.833212088613,0.00795821546177719,6.2229159407042
5503,162.381988108854,0.00206437121304323,6.46001806352351
5504,164.457378175206,0.00852005055077305,6.40774065806718
5505,178.289123066562,0.00251806034882079,5.27303906737287
5506,163.549805943692,0.00140023360814201,6.77839701975593
5507,177.993893736384,0.00115454498811045,5.6925810464757
5508,165.3336132239,0.000726774710588353,8.05772174762647
5509,157.539677439566,0.00126282619512406,6.75950569745733
5510,172.749564136134,0.00167778057000088,5.04900172982075
5511,153.652996784923,0.0129569810437118,7.79364215772492
5512,144.281710426242,0.00225044793138609,9.65400270317151
5513,152.855192910064,0.00129474572839862,7.28412502272788
5514,181.683930740912,0.000795271672353607,6.20589244642052
5515,161.528428174369,0.00339373871061427,5.76131169603837
5516,150.060086708961,0.00223812694379337,9.10796069783224
5517,169.514109688896,0.00589932763310474,5.256829572281
5518,178.928781629095,0.000713490793609361,5.43217712944152
5519,180.55041886292,0.000574653252140614,4.3452777350118
5520,172.082903710085,0.00298893206306867,4.87095027197062
5521,176.497089829565,0.00371800787644355,7.34176469772865
5522,175.456263401863,0.00212828450229497,6.39961880778948
5523,177.389576124693,0.0219582810993736,5.7343923194462
5524,172.088078974153,0.000185884445531011,6.63358631704723
5525,169.256441096994,1.85174270419557e-07,4.99909443608605
5526,168.582387480868,0.00273341564156285,6.1747544217399
5527,182.250087111818,0.00296297516470124,4.4887107062826
5528,178.411362660626,0.00492564235488321,5.60639650205357
5529,177.920247813397,0.00124251799773735,4.76516936076362
5530,160.636790419396,0.00261913628721985,5.68990684479803
5531,158.24206823494,0.0065037075533506,8.38818568225217
5532,174.313412011014,0.00313104724219931,5.57585980898075
5533,171.776836735761,0.00122896695833054,6.35394221155921
5534,190.389966744344,0.00397967207315979,4.40994537678641
5535,157.799425434312,0.00112051224146627,5.81618108275401
5536,173.638029998174,0.000714386838873716,4.90023744407267
5537,176.675213877037,0.000403075540462813,5.25920396816426
5538,173.107880061008,0.00158308024237623,5.94025196094623
5539,162.242991760975,0.00915526511861699,5.50133366201665
5540,169.524848427859,0.00305916242636077,8.18454346994072
5541,171.516722615119,0.00292455770890768,6.36242929742975
5542,175.202036223959,0.000417955382699917,5.54106367546511
5543,178.349088599134,0.00148335098653048,6.41923985239731
5544,168.637799033362,0.00246471953724254,6.55334684463237
5545,174.565084341329,0.00120736156328265,5.13315926251483
5546,158.455144883465,0.00364094014866015,9.21049429498585
5547,165.124974640233,0.00608704556876343,5.1947391917533
5548,168.111185432718,0.00514280970312155,5.6860727262042
5549,157.295405387176,0.00234649850323956,7.13042477250067
5550,180.012541479287,0.0102957238283284,4.81802757378298
5551,159.435163978072,0.00586101335012659,8.12591594672393
5552,151.531210545755,0.0012653558478111,8.75082300461585
5553,158.5823289396,0.000916760093875647,7.41629986718026
5554,172.126746741214,0.00109423936198442,5.14165264892905
5555,175.722782744105,0.00228010062235823,5.93927382495757
5556,165.278494988275,0.000231619148777578,5.18902693931516
5557,166.938397266597,0.00524446331879998,6.41556178420358
5558,151.676403414557,0.00395300207931561,9.85499286261655
5559,181.651953948771,7.43915250856593e-05,5.1304289653821
5560,173.547884975239,0.00131167822616727,5.60784650638227
5561,169.15381082343,0.00140042549502381,6.04252306954919
5562,171.810404300875,0.000210677232168793,5.15997744202514
5563,153.724099273095,0.00226260840483773,6.7772012519876
5564,163.775029149812,0.00138014088541299,7.8280375530066
5565,150.318260902016,0.000592920206452085,10.5989611816147
5566,174.039307395119,0.000961198227009123,5.04457764630799
5567,177.193296405881,0.00387669064584029,5.84662211718131
5568,174.311929191297,0.00284996187022968,5.50499844475878
5569,161.791956871086,0.00983430658864509,7.00391257275149
5570,168.292883278283,0.00109762909521406,6.35111598245241
5571,168.680737977231,0.00251215762512793,5.82393825470336
5572,174.474429275687,0.00881103032647912,5.27095487562126
5573,165.881846645536,0.00898587933288148,7.36235707005801
5574,178.758887181915,0.00519684945466693,5.54011294167566
5575,158.398644158576,0.00121803717858833,7.88845763405624
5576,158.059508410621,0.0013824624534427,6.31897891685179
5577,160.656276789745,0.00249954728238905,6.54464154073454
5578,155.490540018333,0.00197765812721259,7.45179717053057
5579,163.855146261759,0.00589723277975094,6.66389983675528
5580,171.238869758214,0.00503895073376109,5.13200103761992
5581,172.339984780573,0.0035345177416485,7.94244757349178
5582,175.262596206632,0.00123000505419804,5.80806042344391
5583,162.365481756076,0.000787647710604108,9.9113742768852
5584,155.099068193515,0.00482735682703298,8.84860568658465
5585,171.127762437153,0.0160515361521113,6.13848679677624
5586,153.960623370619,0.00234231590322244,6.12367603463882
5587,163.437569023388,0.00350171064481167,5.76732859269386
5588,167.46497713005,0.00167166302747749,6.91996133372451
5589,160.99444429775,0.00154651521062145,7.09262794127694
5590,161.762478281497,0.00195128971269482,6.96264781693209
5591,158.70438268315,0.00691708676242928,7.44062331915595
5592,172.456113369551,0.0018061290063355,5.24921960099732
5593,171.256880371037,0.00100216047681745,6.51064745003613
5594,160.477145725596,0.00126722485340026,8.35702667313433
5595,162.49846675964,0.00210936880084174,6.89009108610009
5596,156.907734445855,0.00998419281164329,7.26465679527147
5597,153.51135394366,0.00254945559673907,8.44501832293662
5598,166.86225186046,0.00433517294294682,5.71873201355903
5599,176.813281949275,0.0036162333084324,4.48649719936359
5600,164.784999323178,0.00495797116138819,6.44336738528382
5601,184.322804728112,0.0070541471990788,5.2896008447387
5602,171.535870823136,0.00579979859860681,6.54151414726569
5603,169.93731043118,0.00868791549010193,5.90604193877902
5604,161.467924997646,0.000278440413830134,5.85591175906299
5605,177.846519839478,0.000747177598890053,5.7436055870385
5606,175.511342656686,0.0014686142769891,7.11235738749644
5607,154.437854559234,0.00572737018458021,8.12286946551455
5608,178.998482820846,0.0048623994082104,5.54563735965398
5609,179.376804496525,0.000415508996884257,5.31261283977349
5610,167.826156955317,0.00485402899502357,7.7549604453175
5611,159.675588372071,0.000516722763560565,6.3862315266626
5612,160.34093729943,0.00403769491384,6.80758083813884
5613,185.220077260699,0.00786257635290549,6.28328726308542
5614,163.172233481941,0.00490856622532289,5.40236070738012
5615,162.935505993908,0.000718288257098937,5.86767275694334
5616,166.206608087895,0.000329243337271941,6.29673618388657
5617,177.489047136432,0.00225054554435916,4.88317440740106
5618,164.587862138151,0.000671567196576953,6.51334617755701
5619,155.138942569095,0.00481068999464052,8.3926253758176
5620,174.730182504085,0.000412131739451277,5.04422772781816
5621,183.781386802048,0.00231028095544859,5.17585236716677
5622,154.995576896929,0.00436785944061117,7.21673124636063
5623,143.220238244828,0.00798473547594311,9.63094464232607
5624,178.060827959726,0.0059234220407209,5.66908722805396
5625,167.383452379891,0.0021186849601259,7.24808886487886
5626,153.091420817334,0.00718253569565587,6.5278657219564
5627,159.761143352403,0.000766870931995102,5.89068085921304
5628,164.608207080134,0.000869450996072563,5.14680668052512
5629,177.958467394512,0.00287136626250527,5.27617025910237
5630,169.758230406179,0.0110920686080224,5.83502241519278
5631,171.67406505834,0.00135017034181483,6.27077807902951
5632,167.964108987724,0.00223261861353266,5.06793203619516
5633,176.99499805444,0.00221653029411994,6.634077184354
5634,181.153156251646,0.00644095565673757,4.83464630487962
5635,159.568382867318,0.00317974364866015,6.75554348406706
5636,161.407309646846,0.00605035401107026,9.57256549364504
5637,164.421494663674,0.00209740994963182,5.51106967805035
5638,166.524917425248,0.000416877521721579,5.24330070382084
5639,159.338500800251,7.80012421329124e-05,6.50820458940452
5640,170.031164619754,0.00156578260315817,6.23695480559813
5641,163.577746323588,0.00120231644334593,5.54781616958512
5642,160.500896384702,0.000583208361642718,6.85049414504111
5643,162.06799638183,0.000125228378061255,5.81916227474424
5644,170.568341673496,0.00406431127761033,6.7780625476828
5645,185.779477028071,0.00436690339380458,5.01562399491397
5646,159.033100983462,0.00378866222465198,10.4733840533747
5647,160.092275885943,0.00134553284133968,7.00307397842261
5648,183.547396466764,0.000602305753073901,4.86904839754684
5649,173.112099972695,0.00346578516897764,5.75071016239804
5650,176.610333077342,0.00711456243821973,5.26869954495377
5651,159.629224417466,0.000705169132083794,6.53271876409774
5652,164.441872303289,0.000529173719600921,6.00982185575122
5653,164.048316785183,0.00223136312156346,6.97986060287824
5654,154.490067213986,0.0135774929449534,8.81965399302395
5655,168.050773566315,0.00144238849241265,5.53004583281579
5656,170.533203985819,0.00661709500459088,4.51251186079506
5657,168.749452444383,0.000133649831250853,5.81343873376981
5658,173.63857518792,0.00422301578919371,5.59524718246395
5659,178.030658961894,0.00478225601139958,5.3103923743437
5660,175.064555932884,0.00765405568909217,5.27455593451536
5661,181.900831461688,0.00667605340337779,5.66638446623474
5662,169.559408388034,0.000471611104095527,6.17386100291397
5663,157.218987456232,0.000545998504451994,8.65258407421475
5664,175.769009371949,0.00441640509502359,5.70154325573953
5665,160.584074224746,0.0022429676121898,5.87347063238835
5666,158.941591161578,0.00152011113899778,6.76359165859494
5667,165.631538698052,0.00736728390859699,6.09176647789717
5668,164.801327014519,0.00155974712690976,8.44585076207152
5669,163.22766095169,0.00456425746389246,7.02211268594476
5670,158.611957591588,0.0011299598432933,4.64063582788179
5671,181.499602928481,0.00247291921751579,4.70332087614728
5672,166.471783243149,0.00232636926250092,5.8266058867118
5673,161.44705649642,0.00305335591221506,8.81109172986236
5674,174.104327942508,0.00779089078066411,5.3744256742467
5675,159.738947696026,0.000200622568887527,4.78979328001165
5676,162.470376206826,0.00526306091777746,7.46433975001295
5677,165.238890097157,0.00104074186277704,5.53154226183528
5678,160.136023786895,0.00456260999262218,7.16506550688432
5679,170.947440983132,0.00597538888142891,6.80118786833421
5680,163.14520570499,0.00215038894303637,6.14044843570501
5681,160.792903560408,0.000215521975872571,6.11096339010526
5682,177.229478456348,0.00119150124992813,4.81767612512205
5683,165.455164545666,0.00598427395369448,5.93912360045152
5684,171.28058384045,0.00193538354897271,4.76732263404806
5685,153.359530019728,0.00170312612087689,6.62704938791863
5686,174.644537006976,0.00280826378928902,5.21702751311309
5687,170.885551729781,0.000683345772993491,6.00052361769019
5688,179.053654869631,0.00164237170809975,5.69568272116032
5689,174.330507602835,0.0114240230778975,6.39516475043151
5690,170.443777035289,0.00325222728549609,6.3405034088237
5691,170.774029178342,0.00399818840092676,6.41291898094537
5692,179.442087944536,0.00324028308113073,5.07815920536436
5693,151.877347378473,0.000217147462580261,7.51500990273265
5694,161.996613090402,8.75419061441393e-05,7.58474691574098
5695,172.386339944396,0.001750918351252,5.59971169113581
5696,178.790808595453,0.000238315273314118,5.72560483360688
5697,164.84300146445,0.000165746179282554,6.55308840354192
5698,171.291156757472,0.00684459775346078,6.92940626115661
5699,164.650173283034,0.000818170164197086,6.74045408935478
5700,167.330182151222,0.00217733500665507,6.87505277061913
5701,161.883667819376,0.00043941327333666,6.49680591206701
5702,168.347778040373,0.00777684839197011,5.92535717492808
5703,167.486758946688,0.00518683402306022,5.27160986411406
5704,163.832705509054,0.00134168856056949,5.78503255990913
5705,169.562898967283,0.00595843715628143,8.36918895095193
5706,148.585853493405,0.000134056369061469,6.66445428948525
5707,165.415629363725,0.00204612055621764,5.61684275224141
5708,156.962107964531,0.00268441141523,8.95377929222063
5709,176.123931717712,0.000671975549705802,5.11702598211013
5710,166.812474932771,0.00195679878301339,5.86637565527227
5711,151.948144891436,0.00187872029010044,7.17087377051051
5712,172.923067670261,0.00173794499910705,7.85387637933089
5713,149.128611155951,0.00313770871544657,7.28292731233029
5714,173.802573328898,0.00531561563592608,6.1905306220623
5715,184.929863520654,0.00160645306066824,4.84953859495941
5716,167.241115404828,0.000578483919562096,6.93877620035164
5717,167.150294088395,0.0030535766747584,6.17680220653618
5718,181.557723690136,0.00161616869634039,5.06634466543549
5719,148.276863993663,0.000500554762882815,9.46001494317037
5720,166.020405914116,0.0020113590660239,7.46272855604497
5721,179.047439125235,0.000778010479452238,6.15048018126458
5722,171.991951346206,0.00172373265745546,6.04232250780996
5723,170.237524140084,0.00472652995810171,5.92490366648067
5724,155.719806090136,0.00560640222965967,10.1919906422946
5725,170.265359522216,0.00273432403747116,6.4727611485441
5726,159.056260025152,0.00452334586357592,6.21494816775464
5727,170.389364484783,0.00134251384305632,5.72234780353243
5728,170.640531143777,2.24148939080492e-05,5.81475224815412
5729,150.244830275847,0.00149802315998002,10.6368078498143
5730,152.18713236036,0.000819725110029945,7.74855820917615
5731,163.285085734134,0.00181618067884257,6.1300574439385
5732,168.210268362553,0.00353854952608325,5.75455942667361
5733,158.417905792376,0.00139065918397101,6.32471959132867
5734,163.761039153786,0.00338843958781097,6.5485880382871
5735,170.414885410212,0.00162551642695652,5.25403054997125
5736,167.709559693173,0.0108770913905684,6.33263412338492
5737,160.864770056669,0.00694494438856701,5.85770497228128
5738,172.15953415335,0.000522544670358923,6.3599611068366
5739,169.206609351553,0.00158523892050862,5.33974052697602
5740,180.783211548492,0.00195477228947178,5.04137687360595
5741,169.120727355151,0.000106406516197106,5.77404027968074
5742,195.391408692021,0.0174836067901786,4.30471977139357
5743,165.349268404076,0.00540631548051492,7.01232961465852
5744,177.103975467923,0.00914356445061054,5.17870592747428
5745,151.891478339225,0.00350590433459022,7.93679619703403
5746,168.681348184887,0.00498601062108271,5.79280342025822
5747,175.530990032558,0.00294982773981485,5.24746093539999
5748,173.826805649548,0.00280835551671909,6.66264323792122
5749,167.699111286533,0.00121377687715273,5.96779594805134
5750,175.683811098028,0.0110012629391884,5.9188246944739
5751,158.362897553216,0.00542351985797777,6.98658721278209
5752,160.249630993845,0.00195865436251241,6.4990513277709
5753,169.084720594286,0.00307359467875579,7.56075907123138
5754,161.554872619181,0.00812609230590432,6.93833317744104
5755,164.55788579082,0.00365568844859853,6.12944297325668
5756,168.185140800387,0.00192752804219075,6.26341940162654
5757,164.649196480178,0.00338319285081173,5.94817641295575
5758,166.157269382123,0.00505983757603906,5.91337564105492
5759,164.889257062234,0.00374292830435587,5.59046214077425
5760,174.535709100198,0.0068404541197281,5.09349716631094
5761,174.848020811152,0.00115209093906508,5.52197012825111
5762,158.952332572553,0.00054202446412402,6.16216749935246
5763,180.109368161463,0.0030951247150014,4.47187356554989
5764,164.425266261652,0.00933333436427462,8.53968603274305
5765,161.893480682292,0.00239772028338421,5.74157467608592
5766,175.466691971416,0.00420057329493555,7.61072246469795
5767,166.358291587295,0.00194599051608395,5.30061494520167
5768,152.955532309807,0.00223017675130314,8.66302735677587
5769,165.720672508468,0.00486213658293987,5.58067987707159
5770,172.008066091953,0.00143825163640252,6.0556979394282
5771,182.926611843771,8.06631807624014e-06,4.89684334977174
5772,151.212388181536,0.00362855866663904,5.92526585668094
5773,146.818444485219,0.00649967557367165,8.66594229133902
5774,168.975419260519,0.00601620069793814,6.97975528255885
5775,168.05726588431,0.00036307818347419,6.02772692925793
5776,164.872196273699,0.00288860243936579,5.49005395195485
5777,168.677933324054,0.00181949970298937,6.91051983307502
5778,170.325580354397,0.00336717306676993,5.01612870954208
5779,176.534549542773,0.00250174884946471,4.77483583562512
5780,179.685456089576,0.00135798573880933,4.98919936255579
5781,159.147638473535,0.00394134360188686,7.70799016130388
5782,173.264216353377,0.00236859453972491,5.70072834098784
5783,170.507405914867,0.0046644016902748,7.4060981403851
5784,151.281943062478,0.00315694481270574,9.32701182134952
5785,179.205393044323,0.00185102871413693,5.80196480443092
5786,160.780577979975,0.00074210347418647,6.79161275738857
5787,165.308440295749,0.00264454814052674,5.73852329457096
5788,163.612224096012,0.00331545120894085,7.39651716658263
5789,158.853312336256,0.00897237907258691,5.91726501622389
5790,172.454811836158,0.00246526133990811,5.63227618958035
5791,180.3085684774,0.00175855363802538,5.94756315251489
5792,171.782645365965,0.00161727167027308,5.64601385081232
5793,182.1584382848,0.00939305675315413,5.59156809368775
5794,173.552273166337,0.00400030473720952,6.22941730306763
5795,165.087412729535,0.00371299184981378,6.19192998118736
5796,171.410058440288,0.00134738572593864,6.13585593840121
5797,174.065963229226,0.000178805321039745,7.16793882818666
5798,166.384782179601,0.0052926268651792,6.7715721669954
5799,166.688450168614,0.000799390301827504,8.25107359708822
5800,172.049192878595,0.000330991292369215,4.93264549555111
5801,171.451475414144,0.00268858027084356,5.1512048473393
5802,164.184974963075,0.00157976376021987,5.8245505714832
5803,167.734120657978,0.000417009930574528,5.88425934847968
5804,173.072090644131,0.00418766880213374,5.76116816178583
5805,159.937567006178,0.00574090391972901,7.57074524770304
5806,154.133942032898,0.000719639979479933,10.5128014110175
5807,176.294715438987,0.00436036334285119,4.80316194846114
5808,159.324231924895,0.000355942823977312,5.92972416294789
5809,167.061170019052,0.000499488783650739,7.31263464575302
5810,160.714243679938,0.000238639990440581,6.07854670040377
5811,180.038137835613,0.00130847779335469,5.82358049280284
5812,163.96443803071,0.000588774163375973,4.79717590556884
5813,158.911521402435,0.00517072499787385,6.09081091441608
5814,174.025605010406,0.0087569061671094,4.48719700900681
5815,162.770109869072,0.0020529133157556,10.1160929841117
5816,178.044838376461,0.00403825830117571,5.98061083383749
5817,157.256853650524,0.000227839291521446,6.37082501704804
5818,159.05088463724,0.000484890193524822,6.55252258948846
5819,169.486513128521,0.000968078751660232,5.08520997017626
5820,169.760686450101,0.000231350337228764,5.11595027261833
5821,153.254283902055,0.000737756965662804,9.07647730757751
5822,170.579755144358,0.00738941668438113,5.45201072759676
5823,165.06911187117,0.00342418082420158,7.13477999728878
5824,168.49531065519,0.000727082947875924,4.83763255534691
5825,159.771862500707,0.000779221546902166,6.0782721949537
5826,144.051411808762,0.00142716044570505,8.89125797450848
5827,160.773952806421,0.00447638402255533,6.87832016064046
5828,154.156978607015,0.000704130451040704,7.00036970651688
5829,163.244828919323,0.00191032341339332,8.04453300155435
5830,179.790156408993,0.0107188467167685,4.94007400784392
5831,188.259009248158,0.00232098309324192,4.49480994381248
5832,173.549092789855,0.000753444795336551,5.52750435951128
5833,166.200901263106,0.00056378272871277,5.57310378768783
5834,137.975382590638,0.00154971156315229,10.8342349936836
5835,164.78879404246,0.00279393343496554,6.56556166804876
5836,177.802123106619,0.00529609083233992,5.09477011381684
5837,169.788245123627,0.00456983135613208,5.6954859658418
5838,178.15087383692,0.00111348169043481,5.09016340165889
5839,157.722122023863,0.000690698738704279,8.48555832203751
5840,169.672154287874,0.000738601430214403,5.9071183693952
5841,169.377837041888,0.0016245792858149,6.19541530814249
5842,184.688572812451,0.00262370429380494,4.7141212207043
5843,161.996878249295,0.00346174527543003,7.12034066921978
5844,173.924919344707,7.15154912358493e-05,5.87864406596359
5845,161.852159746362,0.00348406542151158,9.22599334813346
5846,158.516760373429,0.000580057598056515,6.01042778634245
5847,162.308558283149,0.00213748343553503,6.32819516140701
5848,163.64912756615,0.00167369147320179,6.58044699875889
5849,182.464039959556,0.0071762139503766,4.90638794204897
5850,185.843058874729,0.0030946877915541,4.55413592670801
5851,167.445834677048,0.00265444897450771,4.7781687738005
5852,163.305377425562,0.000366170982192095,5.98638502145403
5853,155.584784156914,0.00565699692150936,7.36887321359203
5854,154.702745226306,0.00106745821006331,10.5037847680332
5855,173.828326106209,0.00563148479088431,7.26919482153714
5856,169.291330187414,0.00198499986258603,5.98965506792019
5857,173.3106118685,0.00498834338827016,5.71482788711181
5858,174.315736153375,0.00456693173929443,4.80125866568874
5859,180.637097392567,0.000381894624325437,5.2222563912207
5860,170.511809605116,0.000836618675496832,5.7283123178351
5861,170.833723939006,0.00934424091545503,5.95353581972003
5862,169.531898026537,0.00209178800230875,5.48076088054641
5863,162.044402232613,0.00350183583984911,6.03287782175917
5864,162.984535680637,0.00419057326506237,6.94234143404402
5865,178.507151061964,0.00325506946735876,4.71432543068677
5866,166.289715146056,0.00705803173293536,7.03737372282601
5867,158.359223237319,0.00274184276603239,6.53069863647509
5868,160.212331266344,0.00212547739363923,7.17170116696836
5869,178.094040476563,0.00275139077413416,4.81671385553137
5870,174.706470829599,0.00176489676155428,7.01670647484451
5871,174.717839178462,0.000413622754516358,5.66915920978839
5872,164.523456059034,0.00475864419958301,4.86420858525934
5873,164.906649753592,0.000809708018354172,6.16785754675902
5874,167.635384227336,0.00361903997193187,7.14861229603278
5875,151.34879296738,0.000128383280598539,6.46554684013482
5876,169.731696259648,0.00465785649346656,7.78027678955427
5877,169.82033787901,0.00482161593836498,5.87719888728459
5878,161.959604340454,0.00288464287323959,7.86225748605291
5879,152.6703015155,0.0031592773460126,7.92260130220889
5880,164.015463042582,0.000746146716854008,6.35354923693334
5881,149.635401511936,0.00493781621267587,6.43578002275039
5882,168.873005257997,0.000130995113925547,6.13564040670783
5883,168.40555735849,0.000247940155840636,8.31338564538562
5884,168.309400587698,0.00511341846641581,7.21012354702302
5885,181.136909943388,0.000457857196467415,5.43367101245202
5886,170.54848946628,0.00637909869632541,5.44293603713004
5887,167.243443041784,0.000313913494548561,7.43407988835678
5888,168.045959814341,0.00375832097898301,6.08439732000028
5889,172.370619770784,0.00265952907791842,5.68913783773371
5890,172.475121537488,0.00216030513719542,6.5050347923098
5891,143.806189208903,0.00162595590340342,9.38308889864382
5892,163.1644057448,0.00179746314923369,8.44523944014552
5893,169.311634560944,0.00757523615377727,6.86835249576672
5894,171.142834969996,0.00615038069187851,5.84366061423821
5895,177.078991412967,0.00201037790292411,5.94854881607838
5896,162.264900732785,0.00537784126119279,6.23638003852546
5897,166.403975468416,0.0110749857252061,5.51797761343897
5898,170.235067430282,0.00075924312901769,5.52795312878898
5899,147.800877403599,0.00251904512192733,7.75893690596323
5900,149.742954297742,0.00438646020203871,9.42475236730477
5901,166.33344949421,0.00110031220172147,7.51720018849867
5902,160.609422746659,0.00741997315198004,6.27667409908688
5903,163.365509126009,0.00137220046049159,7.16745912150807
5904,155.901648902631,0.000183003673639132,8.24333224450373
5905,161.076945673687,0.000151309438618942,7.14748002511018
5906,159.667988207172,0.000723202860174836,6.65226203060556
5907,162.492065293208,0.00692330652623542,6.20380143123082
5908,178.81215956312,0.00189941400272526,6.00654453908127
5909,159.195353639585,0.000800430985822974,5.73749048049957
5910,174.699824383713,0.00262318409371309,5.57123868776538
5911,159.221107782751,0.00101826222021592,8.91558599022465
5912,160.63102740841,0.00675380417583765,7.84748964689171
5913,168.176576174426,0.0101312819721149,5.9231239356126
5914,163.697052297534,0.00818338432234199,5.81188909828414
5915,174.743185867489,0.000130060650342275,4.37255671100415
5916,186.516157776652,0.00646949448390488,6.16168089432524
5917,154.848318419461,0.0014895007124801,6.41913317547323
5918,170.505111522745,0.00189350352991534,5.52467235534389
5919,152.745169706929,0.00100339516918059,7.29105040832952
5920,175.279694953359,0.00643700660981373,5.30884712651044
5921,169.152503395476,0.00580626938406175,6.00617363409873
5922,162.198869033829,0.000503988727550195,5.11090968781469
5923,153.998971777819,0.00202165742619817,6.7856192949073
5924,169.087761933356,0.00306049858540076,5.26472300045149
5925,173.130679639266,0.000474555275064667,4.85769554855902
5926,175.035660610206,0.00054458783401178,6.09170395033794
5927,164.459260618877,0.0028943644242871,6.59993292715167
5928,168.674366794707,0.000722069464894024,6.10235969734676
5929,164.833007027529,0.00389078516789699,5.67593422051179
5930,181.762768045216,0.00418124079034887,4.24597385550839
5931,162.023510197446,0.008273434340675,5.92765913728276
5932,164.959580295759,0.00766792831772191,7.13871938094371
5933,164.119237095491,0.00444415701775299,5.3567059939273
5934,158.324688682083,0.000274101742753715,6.66906960849508
5935,146.849548187541,0.00522081647344746,6.94811585447128
5936,149.576263886478,0.00381573669514969,8.96275396360637
5937,179.428060030633,0.0024503184070812,5.28658634374379
5938,158.242370558805,0.00882351974396237,7.09278006850462
5939,180.652835230201,0.00553393158194362,4.83080131344044
5940,173.948911474805,0.000440068980460487,5.04547570716097
5941,175.486833084742,0.000628238265951651,5.67995127053467
5942,169.934530378033,0.0249484807635958,5.54040115588328
5943,185.146664298029,0.00394847835113848,4.89991722229339
5944,169.477540438258,0.00395596020849267,8.42082571549556
5945,165.432574981879,0.00565324575059727,7.26837664574239
5946,171.057756181197,0.00699371203377427,5.57070661723376
5947,167.224409093913,0.000946048721128104,7.12976807571682
5948,166.175930388385,0.00210377981731616,6.27073219182069
5949,164.703678429984,0.00183877359522523,6.88040866013215
5950,163.829964221297,0.00453045831341768,5.91910499815485
5951,156.03472790577,0.00230661473919109,5.54118495734718
5952,185.44438692986,0.00261932910688459,4.47032778754917
5953,146.835580060526,0.00265220414995383,6.46446498121753
5954,161.027457917583,0.000513384965810436,9.17916134186598
5955,168.228244098345,0.0076555582269729,7.19699893092388
5956,154.262229930318,0.00122828014413177,7.1817109811051
5957,164.207320487699,0.00110381946928179,7.82506404016161
5958,172.769726104014,0.00340569512343867,6.12487624109141
5959,169.862687896774,0.00960842961792296,5.96518718911604
5960,172.987094849608,0.000447088610282055,5.44930189684933
5961,167.354562688624,0.0022285106075404,6.4595064998726
5962,165.305564773146,0.000724652195307345,5.33218321793096
5963,171.079276280077,0.00375505030778567,6.48707100380573
5964,165.008555451566,0.000450715010307939,7.76453413706519
5965,170.488045785061,0.00315858055332695,6.14397514650804
5966,165.317034369922,0.000452340460255501,5.31364995372365
5967,157.103326544492,0.00152401937118256,8.33543412239188
5968,162.74043078697,0.0039088606259242,6.89894305079512
5969,166.678382958478,0.000143513436353123,6.69533876452128
5970,173.371498935214,0.000909708756112712,5.41225680754179
5971,157.65930582448,0.00115133319911905,7.01407218410856
5972,174.258590574375,0.00151504504130564,7.59830842532835
5973,161.773759103598,0.00188536217810467,5.9899746671096
5974,164.456743621392,0.00307198379964365,6.82443957749245
5975,174.057677492436,0.00281611201161419,6.30765675654073
5976,144.157682480885,0.00116601013290014,10.8621319365242
5977,162.651547039768,0.00714840733934389,6.06762902557507
5978,168.719065568669,0.00214399588198722,5.90506537438543
5979,168.380929129525,7.69976275442797e-05,5.4093349524446
5980,188.701129974086,0.0167864984839,5.64155877167593
5981,169.920191955773,0.00711202389347233,7.24085118375807
5982,165.235730188332,0.000193047565600054,6.88799377204474
5983,171.299779843859,0.00180430442705748,6.1187722877788
5984,175.849379957229,0.00706445577435257,5.60079254317534
5985,163.664326231864,0.0155905853339147,4.98886279400086
5986,164.749777712139,0.000250545261183368,5.45037830015364
5987,172.754513882428,0.000374164206360928,5.58338227541132
5988,160.318148764231,0.00324165279493529,6.30386923327398
5989,166.585023638469,0.00160996586924899,6.77485124576635
5990,158.697734664357,0.00220989892725112,6.26931738897407
5991,169.384706834641,0.00123520225067082,5.52863483876496
5992,154.360706120977,0.00188012639763758,8.93927609764191
5993,169.773978239028,0.000607563177500321,6.20404558958514
5994,172.29664697746,0.000521021418937984,7.16147110182694
5995,170.375620206478,0.000461246874977842,6.62974909199622
5996,164.343356955727,0.000276132534675875,6.60322125022261
5997,157.690790019854,0.00216924270985269,7.15585266109405
5998,179.409456348692,0.01237932478036,5.88607153751726
5999,162.935019801955,0.00206087256917909,6.37663718196607
6000,166.440998432069,0.00336229656705016,6.75320222953831
6001,159.960806420535,0.00334637892062568,7.95102894742362
6002,154.204574992525,4.49905652281773e-05,7.92490273158975
6003,165.2619949707,0.00268014619274806,5.44968965300984
6004,162.961158598338,0.00201261169545194,7.84056783353983
6005,157.358916705259,0.000578760115155857,5.66771744609019
6006,157.489644229376,0.000123052231970441,7.70022271030908
6007,168.891661800478,0.00382987830156629,7.07064388681811
6008,174.156824382449,0.0116080284232548,5.21031985185884
6009,163.098183655483,0.000864542767065631,7.88991898252511
6010,173.139055544407,0.000858946716586631,6.6988023423964
6011,166.068810304273,0.00246818248875214,5.07562238536229
6012,181.12709888384,0.00154832280608976,4.82432800545776
6013,147.200602927731,0.00250613262604889,13.3186842076651
6014,175.328762991543,0.00195356005999358,6.06977788607425
6015,166.330938726716,0.00030120831024814,7.00985254275695
6016,170.68558680319,0.00589570443433714,5.19513100851808
6017,168.3420107338,0.000958873699876053,5.86009147619233
6018,167.468941144389,0.00330926160991988,5.9479464025065
6019,160.440559424691,0.00175138175221218,6.1383877213445
6020,174.500019780921,0.00178631835659313,6.26773787220338
6021,176.447406713255,0.00116040182572189,5.85719801495817
6022,171.90541954881,8.21572567164364e-05,5.5820236794509
6023,173.882589455288,0.00457982896295897,5.5418220664548
6024,170.847415827327,0.00136038009738744,5.45597808442779
6025,175.464868170209,0.00581952510772859,4.56327700901203
6026,157.89563881824,0.0207912752018864,6.64913623938162
6027,154.280032763814,0.00260818137798615,6.9746865620384
6028,162.085899667622,0.00349224070451872,5.91861876395138
6029,157.492925621592,0.00143262544748198,8.55122407889928
6030,180.911752998822,0.00386694244666922,4.46775585096244
6031,166.238415592321,0.00682883847348903,5.70514134628707
6032,155.898674111488,0.000360170083334005,6.26950257442448
6033,178.680789226032,0.00418333044736257,5.17206390401966
6034,148.36903333727,0.00127528419454002,10.0682992199732
6035,147.025654316363,0.00144826212658084,6.82331594110052
6036,163.568753002521,0.00390725022126818,7.0223227978626
6037,157.783398468294,0.00116239450042951,7.28874738810912
6038,162.12911191722,0.00308434361117553,5.85195852696862
6039,151.177506106918,0.000471303438323402,8.01813669650161
6040,158.685015224115,0.00183106776265871,6.07671159028642
6041,165.95598563549,0.00149774918681432,6.48053266729368
6042,164.501396630718,0.000119043586200343,6.67644789784354
6043,171.051320671581,0.00289734581728014,7.2598639308412
6044,156.878689721585,0.00384932061476296,5.88833602919948
6045,164.661913735951,0.00150807747493485,7.15191245146898
6046,187.625997449376,0.0052619214998953,4.79030567682224
6047,180.682836120176,0.000413813574156613,4.89320770941885
6048,164.16872975465,0.0061876486718582,7.67433786604779
6049,169.520920240635,0.0129944648786601,6.07218302889624
6050,165.836819947601,0.0158191936075641,7.66960332036644
6051,171.151400360882,0.00141007404138661,6.11109336271534
6052,165.227013559601,0.00253974704541049,6.27921321258915
6053,163.912738629934,0.00170380024233524,6.55193037879806
6054,148.386946866305,0.0083816409059383,10.2178676103407
6055,171.373911521023,0.00212761495936955,6.85614161429015
6056,177.322977766735,0.00191414154430976,6.7753440377713
6057,149.193024475392,0.0069662694462196,7.9183986733019
6058,181.903800147054,0.00173392870041817,4.85211675827985
6059,158.95595259697,0.0149669702819913,6.58401241199283
6060,171.630845643112,0.000215563685267839,5.3442275762059
6061,173.342439849522,0.00219500550311778,5.25190728960806
6062,168.989193300954,0.0017897225183466,5.34456244349248
6063,155.692121506056,0.00314320235239335,7.92614360596891
6064,151.542101297741,0.000981742087811561,9.02213724488107
6065,160.034671268406,0.00324130582959392,5.73485195773231
6066,151.648174421982,0.00137953751379716,5.60830997677917
6067,170.833696955529,0.000462968085764389,5.532406794425
6068,163.282828735704,0.0105379045001989,8.32610534582025
6069,158.66122161143,0.00144314315058334,8.18064000214715
6070,183.021968756466,0.00398450004635285,5.52212193545849
6071,166.017714510438,0.00474815471577699,6.4105603113488
6072,174.732753871861,0.00353889277341018,5.11708081792419
6073,169.15771794056,3.62354836421864e-05,5.57178295834301
6074,178.082857118205,0.000815974547920373,4.6063530403419
6075,174.556721390851,0.000745716763906816,5.01575818713549
6076,162.58313714377,0.00589540092176047,6.76956026988683
6077,163.732737343259,0.000247353384376307,8.04998085312274
6078,178.606516407516,0.000120654101617884,5.03926490362668
6079,176.872749048137,0.00117915282221915,5.75803430536034
6080,180.055433204524,0.000789936505276462,6.83676637298905
6081,158.213135501544,0.00867874276889066,6.99262217025046
6082,172.718196116421,0.0235908664584469,5.52064728593287
6083,151.536907978149,0.00500064152268683,8.55137954894351
6084,164.745027705586,0.00439794609945506,6.63557193046493
6085,173.403878897584,0.00370099661342958,5.61448788126477
6086,170.182300948082,0.00213827642150232,5.65010737736899
6087,159.826036617156,0.00011489152574791,4.95230199678028
6088,151.842348348076,0.00188016691615875,6.57507907076437
6089,173.824505010635,0.0034549386453586,6.66833960086247
6090,164.277298535245,0.00715258033496208,5.73365937944388
6091,160.393057917805,0.000163565677265241,8.66376832812208
6092,172.628755031665,0.00171665156949708,4.96859775435786
6093,157.976409009986,0.0150458068483584,7.92677719791001
6094,156.615562447657,0.00597334963230325,6.60864469415759
6095,171.474281133173,0.00171104498456717,5.38882403225602
6096,173.206666969778,0.00193088460817015,5.85429724088471
6097,152.750643283651,4.55092528211368e-06,6.8247601337205
6098,179.140417960918,0.0014299397129121,5.93261742851428
6099,148.508156396468,0.00248103217796673,6.01943417349238
6100,158.902660867979,0.00401051350656364,7.14806219445963
6101,149.578439205173,0.0024961140310799,7.9147086377092
6102,167.135945152383,0.000496341886620615,6.6514247423116
6103,160.823145051784,0.0007438733860803,6.03307538189375
6104,165.942145803642,0.00268390505623421,6.41724857474828
6105,161.868598465676,0.000190585605799864,7.49696240608966
6106,179.59804422662,0.00444518612825071,5.41422024357018
6107,171.851040921391,0.00196275737716737,6.99667061083641
6108,166.320668515748,0.00134740475857392,5.86296542057837
6109,168.08328351172,0.00213112034229167,5.02935559490621
6110,161.297837136712,0.00115423725845132,8.05877084312878
6111,180.558431796974,0.00612265112573876,4.44086732165146
6112,147.919211333834,0.000396225074701183,7.76377811920655
6113,167.294833813887,0.00057702870699847,7.43671431262152
6114,167.311015263909,0.00475162322341296,5.07215844173257
6115,164.271313770053,0.00514888641344059,6.64896404102673
6116,160.806433337559,0.00501038149438491,6.13486539672345
6117,169.472144055483,0.0049813885800033,6.17758843973462
6118,167.622108670136,0.0035500415824396,6.75504307460209
6119,161.377259363961,0.000448577067485751,9.61619515753379
6120,163.442412112136,0.000973908856816937,5.80628746609334
6121,172.851970484021,0.004002167644642,6.40433621557163
6122,157.488379349235,0.00174884640017176,8.17790512617756
6123,180.262090191467,0.000419962811891755,5.03710963884064
6124,164.45532186959,0.00255384328078336,6.59061277869852
6125,173.534833340014,0.000998023212390484,6.083434281578
6126,166.642972620441,0.00861185859592335,5.70846163801068
6127,180.429017402976,2.10227273125363e-05,4.78126973419942
6128,177.696525094026,0.000888077317851919,4.85312632472575
6129,181.593178776655,0.000843280898979202,5.96571035706157
6130,166.219309858432,0.00314707083443895,6.18569660845947
6131,177.160932482469,0.0134014721502365,6.0164187028727
6132,161.318937816473,0.00965953572539342,9.24698768785342
6133,170.863334554089,0.00201057190064923,6.06823468483565
6134,160.281662360384,0.000486517341908628,6.23685559914333
6135,177.725563621553,0.00693934039046024,6.30969139587357
6136,160.967112246329,0.00138414778192989,7.4828234614247
6137,181.759755978927,0.00851967690428876,5.72034139573663
6138,166.224554621062,0.00124308900310615,6.93945999441455
6139,158.592422150476,0.00180937046164833,6.65386028253686
6140,164.02570737402,0.000550997553632001,7.07866020958639
6141,170.1005633287,0.00159163616705382,5.13135828326537
6142,154.032728692075,0.00563100221360285,7.31805682237866
6143,160.490067463015,0.0032566051822223,5.70062303278074
6144,176.825089092762,0.00546350514636,4.69762111899173
6145,171.949423005884,0.000375878763681327,6.83191702638868
6146,176.35696694287,0.00476704241097798,5.23424182852646
6147,165.316512892023,0.00251959163992496,6.60081042979749
6148,175.089938968544,0.00425979899537946,6.60035993763283
6149,172.206786865838,0.0156500737036288,8.03373335497448
6150,159.97653089915,0.000140892275832245,7.14224953658734
6151,167.905159994885,0.00176854372294554,6.72738143916469
6152,176.927281345892,0.00462059442914173,6.15209001999839
6153,167.840650371174,0.00787632987204016,6.31400051203941
6154,162.325818726122,0.00187346985851208,5.87937524146744
6155,154.904963049323,0.00189780211002356,6.91942915567458
6156,167.762948989566,0.00751719459409604,5.3771876479719
6157,165.138400125208,0.00322761566076739,7.19839724229333
6158,164.628072694189,0.00158042350906539,5.93989026330761
6159,175.095269982225,0.00510943488056234,5.99275984822676
6160,166.240271838428,0.00247404785823546,5.15644284286454
6161,165.198102696409,0.000114211163596994,6.33761763577018
6162,157.328367518103,0.0037086984421781,7.4525803018641
6163,171.084940605279,0.0112744329880467,6.53631447676091
6164,142.917149376374,0.000974227973713002,8.81894245668082
6165,154.025482530059,0.000874496528546945,8.48710069546243
6166,160.07689155172,0.00168150708812832,5.44730724103148
6167,139.805937368239,0.00428718605531342,10.3854955505886
6168,161.164139901938,0.00340550426933339,6.38002552895867
6169,157.299603142341,0.00108204829110933,5.78653986279763
6170,162.374759816367,0.000621958229671562,6.19757628912657
6171,167.526928714396,0.00152099275842213,6.02206311578542
6172,159.649452973932,0.0032243652636844,6.38257281090025
6173,163.747878719791,0.00414376481731831,5.15609495501793
6174,159.174281512675,0.000827736933979679,5.87691888259811
6175,161.813491568709,0.00476355560558806,7.4266002018363
6176,176.386252333506,0.00176597589213956,5.4271806321466
6177,179.82439619406,0.000210419268148444,5.17822905596864
6178,163.390931348913,0.000572234885331514,5.45504010141076
6179,162.568831089568,0.0129007940826901,8.23618037930354
6180,158.332313008307,0.00368161743007125,6.18486145718448
6181,180.715722474211,0.00329991606159929,5.68805563669465
6182,162.495646523748,0.00290549542529899,6.7245158605087
6183,171.885722974408,0.00453568212210289,5.67362428707339
6184,180.543492326768,0.00109653032286055,4.82191318273805
6185,138.487799628684,0.0041762666847982,11.1230593945165
6186,166.59709472382,0.0146680147887478,7.44324697506335
6187,176.858538512641,0.00149183718373248,6.17332697984189
6188,174.5009295305,0.00239069192554065,5.98387235773595
6189,163.208362596135,0.000573117900495066,6.6165019794691
6190,162.036590789424,0.000820145828096348,6.41343582356227
6191,171.453381409896,0.000476218456147313,5.49881849638346
6192,156.344253961122,0.000440345860533713,7.66539047811793
6193,173.98828952572,0.00077204511121828,6.30965672454585
6194,180.51983165078,0.0109856706969423,6.18121614221452
6195,178.752657220817,0.00321821631186068,5.66187989811652
6196,171.670538774315,0.000858613015449166,6.42975912723646
6197,179.668631011103,0.00171877039170046,5.07981492698098
6198,154.210760392806,0.000495525951850934,6.14210072320598
6199,176.704167710232,0.000476933863863042,5.86814521830939
6200,171.432283877033,0.0175259172565733,6.27925587557449
6201,165.647789648509,0.00223012453449369,6.33317575418863
6202,175.63976289883,0.000884718883698775,5.02739990590315
6203,145.367369009798,0.00548139662702593,7.71461598729174
6204,180.466179646906,0.00115998130802956,4.62481773276133
6205,163.883155454225,0.00870696366434539,8.12976702159207
6206,165.203545583064,0.00199754144090577,7.59252735004646
6207,154.837821479794,0.000192852202641855,7.43166987178807
6208,160.840472852633,6.54697380601014e-05,5.70108157729828
6209,153.79577997475,0.0056827057251991,7.25088418854329
6210,175.336512462763,0.00150240334496813,5.37951057594884
6211,165.648483033167,0.000702427659875514,6.03732377278121
6212,163.164254207128,0.00313756666077662,5.60119632056634
6213,176.795617605193,0.00200335653158231,4.91997055404723
6214,173.007750301067,0.00409089782361344,4.91999353642827
6215,168.846941483064,0.00200629235832087,6.16474895239297
6216,172.301436864053,0.000418867012302541,5.60360291497483
6217,163.481258729862,0.0071577821474903,5.45574396576489
6218,155.516262478584,0.000986213378930262,8.05490721107341
6219,165.341995192772,0.00649231540679058,6.05790043106034
6220,169.656453275111,0.00296872892773699,6.96347469325178
6221,165.874275842033,0.000528382077677004,6.82746806182076
6222,147.044605887667,0.00589401331306095,7.7595663955813
6223,168.810964549616,0.00126820873249817,6.22136817059913
6224,157.561187855889,0.0049974335354327,7.49841159473357
6225,171.89809214426,0.000154645041621578,7.92195333225654
6226,160.373354288991,0.000559266222507315,6.3635471244836
6227,168.538462774166,0.00250932412245039,5.91243680994876
6228,180.480209526832,0.00577920657638463,5.27864423804954
6229,172.371156390612,0.00014589759053179,4.9527632434805
6230,171.031182699545,0.00540406384260048,7.24983142623655
6231,164.886618423709,0.00130228887162954,5.52141654582284
6232,169.4878020751,0.0040734436330243,6.47533121118308
6233,173.970841808627,0.000562204356153954,5.3941815872031
6234,173.211435775764,0.000318534886221681,5.80787900033234
6235,174.655826320638,0.00817177405772697,4.92713563993457
6236,153.582363086964,0.00292410746728331,6.18498994549558
6237,160.573905853925,0.00880935503981039,7.31609490641602
6238,153.240687885068,0.00462627125338418,7.98273873210428
6239,158.019061752033,0.00424125463265782,5.74036964854539
6240,172.612943479523,0.000837289666709835,6.05821490248711
6241,186.163403532879,0.00109171201516525,5.52312197828918
6242,165.258695190147,0.000294035218341063,5.79983482144501
6243,152.22778105367,0.000654113410265825,7.5890665929875
6244,170.785543855363,0.00369987775542125,6.38404845982839
6245,174.291848890961,0.00472640933872115,5.82299931111223
6246,157.763121998255,0.0010576002690505,5.9252441811223
6247,165.360229957199,0.00103497322477754,5.31409341549593
6248,176.558578610883,0.000470927403710333,4.94832550011332
6249,173.200053734157,0.00601805484517012,5.23348827846842
6250,156.359199760804,0.000122696076520662,6.93858107610539
6251,170.171944520129,0.00273776610075699,6.6176315162368
6252,183.874577431976,0.000412568390007453,4.42367931702974
6253,171.636378722948,0.00252410186767756,5.74894782370407
6254,155.985466758341,0.00259379369109446,6.77598487978045
6255,170.669332564309,0.00280270700164459,5.27230630754368
6256,159.251355266204,0.00280574996907503,6.63347476022221
6257,175.707822563242,0.00321280756929225,5.75583107145159
6258,172.809862572225,0.00126920569903667,5.63379100386367
6259,172.618522795397,0.00256053907039714,5.40951829106128
6260,165.637812631008,0.00322019729080143,5.98845960643664
6261,159.57874799224,0.00389076433928703,7.44225746486636
6262,166.051965060751,0.00893160515155326,4.93359028485351
6263,174.919538196509,0.00751280070422269,7.24255569996802
6264,165.966056243661,0.00211455161369047,5.35931577471149
6265,164.856084126393,0.00277018687598173,6.19868991830125
6266,173.29653944447,0.00198313856495736,4.8705839558004
6267,149.352348774857,0.00160214360430925,7.8080456183433
6268,162.754096157603,0.001098663165986,7.00211726143948
6269,167.947599555855,0.000793841966161465,5.07266559352896
6270,161.631416571394,0.00326681278373755,7.60813611761467
6271,170.31539354647,0.00928070621308961,5.6922079223651
6272,171.306759753583,0.00182340498165169,5.762617059553
6273,158.130018770256,0.00522935989187236,7.68326301464256
6274,159.188455719996,0.00116099562732459,6.38689097282313
6275,171.225812191613,0.000512912521751881,5.21402641775505
6276,182.373686281452,0.000505136345079368,5.48457079579774
6277,170.30997871295,0.0011064431926452,4.93972399607016
6278,175.056811863718,0.000482040965593241,6.73343287157874
6279,162.596087758001,0.002277517692315,6.33022882469063
6280,167.836180328002,0.00290952803389065,4.98688147595778
6281,160.819541641015,0.00132665949194087,5.9866522081202
6282,162.972085374478,0.008282160563857,7.28005578579099
6283,178.697029506646,0.00241363141727747,5.41499605357333
6284,174.54840087452,0.00125329526631786,7.00664650657047
6285,175.566679258185,0.00567302813232843,4.96539295263483
6286,186.263200582677,0.000820201829079554,5.33324604401879
6287,165.934194405856,0.0083112483541644,5.59653486246064
6288,175.280013698722,0.00349283590351494,4.83095757459215
6289,184.287456788846,0.00611709220990917,5.44219656712587
6290,163.074146402642,0.000360749943126509,5.50806947164608
6291,161.959566056634,0.00242817326357202,9.41791409338592
6292,174.458857323008,9.71714037371092e-05,4.82559556314899
6293,180.428907648633,0.00468052280013447,5.21407866393267
6294,174.452066040517,0.00347400271878215,5.90619824014827
6295,159.064603626912,0.000233351597881718,6.17637706084597
6296,153.806059184167,0.00169015470022581,9.56993828837334
6297,173.037028319917,0.00317439831900765,5.73733342099295
6298,169.094543984256,0.000892189668945345,5.63401082555846
6299,161.193629271772,0.00383055527247401,5.18896167489784
6300,166.320642530861,0.00136266672861423,6.49827197402883
6301,158.204073337448,0.00104320901586771,7.43508181122298
6302,176.84493372616,0.00186616224256037,6.38452452027279
6303,172.024582131947,0.00361069694161638,6.48027675247351
6304,159.281443430037,0.00545252846848692,6.53151911858861
6305,166.90767786298,0.00673834339576029,5.77197562460542
6306,163.314088515758,0.00022002411764838,7.51245444336562
6307,158.955571773078,0.00199547015841296,7.21113596849415
6308,180.152411241296,0.0019648534644377,4.67734283349072
6309,182.76003267981,0.00346667596961125,6.1688414991615
6310,178.082050315912,0.000801658483644934,5.35871066975545
6311,168.574048969513,0.00235627953905489,5.83583605654842
6312,150.290437440656,0.00331917302079501,7.0179889317242
6313,161.779009952755,0.000434941136657814,7.75202333633166
6314,146.896087262836,0.0126715350378561,10.3846747521121
6315,156.702597293935,0.000735853411910179,6.64537415858852
6316,159.338499744084,0.00097217115995593,6.74398956719429
6317,156.402315361283,0.00135317549533764,6.38801908661681
6318,182.635984536215,0.00298881189200667,4.98425893306648
6319,159.444588942885,0.00120896614938127,7.0712262401487
6320,156.826349452123,0.00151178492227165,8.48430465017617
6321,170.987153981349,0.000718374172003876,6.3444517585443
6322,158.585550654015,0.0016182644965955,8.2971414623278
6323,184.433336951421,0.000481468149453525,4.30657053350143
6324,168.253883588192,0.00291836456148228,5.07070399756575
6325,161.32088921345,0.00298417398939649,9.56690154732413
6326,165.784462896358,0.00273509207293881,5.77644774266334
6327,180.298224109935,0.00326521859013651,5.01555561558674
6328,163.382290010393,0.00388263474767323,6.52322275963807
6329,168.302262739714,0.000601814157395849,7.12158884531795
6330,161.66268632215,0.00169774999195514,5.93894480513754
6331,170.786009947125,0.00175653536992036,6.65198569507282
6332,173.682294713507,0.000153405820894716,5.99865571426109
6333,178.213168369191,0.00454468199150214,6.863681558755
6334,169.784963651998,0.00269315007832935,7.23375910928178
6335,158.498301785516,0.0021042286918785,7.43991983979203
6336,172.211362938748,0.000461638036947007,7.24010796391627
6337,166.055966025476,0.000242941039538835,5.38182947649486
6338,163.334995145211,0.00253098041052188,7.12086853532828
6339,154.671059894366,0.000243912905527387,7.42287697981225
6340,173.670493329077,0.00232831875462478,5.69980255299383
6341,173.075691767011,0.000872105739131771,7.79291403780169
6342,162.840797975335,0.00529202987448089,4.86188603916168
6343,164.065876989568,0.00395784805567763,6.74885762799816
6344,160.0570511697,0.000748070340748623,8.27836767541691
6345,177.481708796934,0.000441099426547913,4.98102882242631
6346,154.229789939897,0.000697982403885525,7.73406626245231
6347,173.27850441605,0.00173126631161393,5.50444757218032
6348,162.552062601667,0.00503684519248978,8.3407650855047
6349,146.901065533013,0.00201059008217817,7.58460761137263
6350,169.629131252003,0.00315146026955652,7.00243427897043
6351,165.268752075675,0.00221743091891944,5.59090264206027
6352,170.316545748976,0.0104383198556996,6.30819580364291
6353,162.464562669659,0.00371933091963483,8.33930982153421
6354,169.171113431452,0.00275875533933073,7.68428331412921
6355,154.229625626482,0.000609738300593973,7.66615593256266
6356,159.376390809359,0.000299808310314029,5.33836247643359
6357,173.17154608994,2.95200974856131e-05,5.44379241233068
6358,164.706830746411,0.00105830427450058,5.99229133908633
6359,166.314645522895,0.00471965205493938,5.02060377626598
6360,168.323888500714,0.000300339747990549,6.73815743360772
6361,174.222337987953,0.00976441609349715,5.88199105658877
6362,160.812814609443,0.00769115230562363,7.35672623243881
6363,144.419137614723,0.00787057762626038,6.78718825091224
6364,168.921256387651,0.00101748871186758,6.6227841013246
6365,169.663000155317,0.000403816344819792,6.24508238307697
6366,171.109030703994,0.000846080534866853,5.1448662304022
6367,171.334150143301,4.35789607120918e-06,6.55622322881291
6368,151.365748420263,0.0107089952949061,7.44689413222078
6369,133.442317161956,0.000297293883547411,10.7882102899086
6370,151.837305443624,0.0029486659684178,8.24772377754181
6371,180.449281534077,0.000881651572086613,5.32809460911598
6372,164.67497898155,3.69606823643045e-06,5.90982797860589
6373,167.43190192234,0.000891063693650888,7.50656498082973
6374,178.305917217847,0.000846573721249084,5.36025257624368
6375,171.347929155509,0.000955367754468748,5.80147064096777
6376,170.237239548075,0.00122583646574948,5.95581652394796
6377,178.100452292978,0.000233466580788782,5.72741552405132
6378,152.091801345245,0.00184724486021215,12.2930696273863
6379,160.585330774975,0.000357409727121332,6.5908285907034
6380,170.892808746051,0.0012810702414072,5.05423905631677
6381,180.539399272028,0.00513291974915464,7.29301687473401
6382,163.253893371642,0.000105350275724152,5.47217590767883
6383,153.765138147187,0.00169690635450957,5.78792143175561
6384,154.115297357664,0.00634900165508558,8.81187543169999
6385,155.171358843784,0.00125286656062904,6.0753642003464
6386,177.538625007243,0.000338986775763517,4.53867179447997
6387,155.603694594706,0.00471663122960561,7.14461871996403
6388,166.225938550417,0.000657098129933254,7.01332100797476
6389,169.520921800109,0.00102760256043744,6.13883628490033
6390,164.853668421622,0.0097671864916716,7.54784421741581
6391,169.091537097892,0.000278423091052655,5.29226902744521
6392,164.26320933243,0.000849974858851506,7.40839075495284
6393,176.488731374839,0.000845138237552681,5.91727925662746
6394,170.361753367949,4.7289793039223e-06,5.31091959098406
6395,167.381640138381,0.00527150411263291,6.38318735641308
6396,155.635211926019,0.000568678050968762,5.93196116602657
6397,154.652442453255,0.0065222757707681,7.2574068258372
6398,167.204942626705,0.00133856864046429,5.26961693978129
6399,167.109811266566,0.00269862496899006,5.45072905683336
6400,168.509984975776,0.00171079391293435,5.2679251950801
6401,168.848411788435,0.00464917786044236,6.83103587667931
6402,156.560234078857,0.00654216991125882,6.78689667318084
6403,169.341047413499,0.0022306683786222,5.69755791326879
6404,180.731235392049,0.0023515643494168,5.46584316675163
6405,170.500018310365,0.00793346769675012,7.03308603400959
6406,154.511033643349,7.30920753147315e-05,6.87012823995707
6407,175.48646500245,0.000324198728604392,6.71711664375114
6408,155.422541010912,0.00527433517677562,8.27709130225047
6409,162.833688340711,0.0016916372955889,6.40126795823864
6410,173.170759318063,0.000872746773194217,5.45325440762918
6411,167.180113608299,0.0185645822861066,6.85243262232559
6412,165.149191212248,0.00109690240234726,7.74174809230111
6413,188.575860741266,0.00173811787273543,4.80344218676097
6414,170.63598776586,0.00772883208637339,6.08001651852451
6415,170.990505782413,0.000131892086689867,5.63922121218248
6416,163.073509595057,0.0021528696784001,6.13355972184888
6417,159.761104148623,0.00335301404770332,9.39252238859745
6418,173.24287937076,0.00100724764790651,5.18913000865935
6419,161.770253603988,0.00374315873061224,6.60513082588511
6420,158.130446421085,0.00545287504531946,7.71203973390677
6421,174.903107127598,0.000272484754814481,6.80980877736109
6422,164.917991365473,0.00410832984071018,7.65423625732594
6423,163.75035364288,0.00239845975913485,6.09412163294965
6424,168.981497046803,0.000677460317005229,5.96489261210362
6425,170.272076468064,0.00195731457198512,5.69456564237151
6426,165.950096399823,0.000150342380957469,5.76265297280989
6427,168.496267046377,0.00330575677878793,7.1543846785208
6428,172.962569736683,0.00293758213859397,5.21526776483883
6429,168.15676134366,0.00234400712050123,5.38046195685576
6430,163.105989841562,0.00145223999986909,6.04502423236421
6431,170.836563853243,0.0048120304636053,5.80934445647803
6432,155.397424351615,0.00126077771143315,8.3229952262225
6433,166.253067044641,0.00198449486127203,5.75168151616225
6434,176.314355034425,0.0070243200037407,5.89658932965305
6435,166.247889756732,0.000763260231521758,6.13875592573343
6436,175.709443100382,0.000983177892794654,5.59785575356265
6437,171.135867657491,0.00235877763347031,5.08812468423995
6438,158.33782289459,0.00141342342694847,6.7268061055816
6439,177.127746480295,0.0079707297047176,5.74380824344497
6440,154.709775341978,0.00239295701074055,7.63926978669512
6441,158.622664465188,0.00250831842852456,6.24185435370488
6442,188.612692034279,0.00110889682751037,4.69011790884932
6443,160.396420671891,0.0031319650289314,7.7680712221144
6444,147.045031874447,0.00232963653090973,8.95020351322492
6445,167.797720157608,0.000845422198136677,7.43688110418754
6446,170.259082709071,0.0042957985144027,4.75744482933599
6447,159.787926483722,0.00316832537303066,6.06129429806675
6448,173.585936968002,0.000783026275977594,6.54944314026413
6449,164.745612245524,0.00304790940269308,6.27102960528145
6450,158.554638810255,0.00394046121156422,5.69164280042487
6451,171.651996506605,0.00146565116961135,6.62659511029625
6452,167.936897778408,0.00175799377730598,6.11871457981258
6453,180.388234998225,0.000907456196059073,4.86284360596392
6454,172.070246429992,0.0055520396767533,5.25110237537599
6455,176.958592415666,0.00279073189411509,5.78015698723497
6456,171.676850357384,0.000535885379204246,5.91890195518639
6457,167.107710066968,0.00549990887712647,11.0835247055431
6458,160.993600442545,0.00365753277677754,6.2934726766669
6459,167.140864005029,0.000324688036256495,5.25918884196723
6460,168.873405177517,5.84544892782004e-05,5.73979472092701
6461,172.802317613304,0.00158051553127834,4.72110679756451
6462,163.492522561076,0.00117299854303472,7.37248769666007
6463,169.017489008292,0.00156333622507973,6.73887809294495
6464,169.494647524018,0.000471226412279869,5.89540527785179
6465,174.90512809752,0.0058856531573475,6.42537693822992
6466,174.820667541433,0.00230296509965771,6.04691175032755
6467,166.727067205854,0.00623121443333599,5.02203205113253
6468,184.683828623688,0.00117108616700078,5.54753623134216
6469,160.007149762055,0.00062360719675231,6.45223674420362
6470,159.944527700752,0.009498572633795,5.93810827462211
6471,183.236082698731,0.0009695555703099,4.51448357184988
6472,177.222668826091,0.000965878415110107,5.34429263531382
6473,165.508017191996,0.00171122617771522,8.86636577250591
6474,166.952828151022,0.00247030288173085,5.75974429827958
6475,162.27415919144,0.00427183413780495,7.49246012661842
6476,164.806675778418,0.00304816508863169,6.03443622458764
6477,158.477192661878,0.000257770765353055,6.49320912042611
6478,196.994275869748,0.00374108177028576,4.204201800424
6479,154.691957430913,0.00229161294353127,8.3192943120987
6480,169.750939759147,0.00414874561578183,4.76240665268439
6481,158.876938549139,0.00194309953182506,7.94989751422365
6482,155.709638859484,0.00233436771258016,8.14051424788509
6483,167.924767671949,0.0004369714400452,6.35301640045674
6484,153.819739714792,0.00260953530155496,6.66700520390047
6485,155.338669636643,0.003209350520856,7.86499030739103
6486,159.154155580127,0.00205041594119409,7.4791915476193
6487,153.904753306043,0.00370300563141403,6.99763415593546
6488,166.301041093117,0.000747053933765943,5.32781822131622
6489,161.745079374252,0.00515148145127829,8.73597226232643
6490,180.025184384226,0.00413745498777304,5.11028755570999
6491,175.781202915757,0.00118043606810708,5.99262967500288
6492,175.672780073538,0.00705985299733423,5.19211039776384
6493,170.677826890517,0.00380615430648931,5.87977145596488
6494,149.816860828927,0.00176262242624163,9.58173424774894
6495,147.440031560402,0.00112308485324619,6.62839107116705
6496,178.180599377567,0.00150433993219204,4.8844435954563
6497,163.194143423642,0.00078269128124928,7.08633662531341
6498,159.741873932319,0.00775605771926802,8.0094392904796
6499,171.707252879237,0.000549713219472207,5.40810424800279
6500,185.134925690465,0.0015614574842579,4.75619463698991
6501,170.868705943882,0.00143266716444618,5.94529307482479
6502,165.681319391471,0.00776375705094041,5.56844967456354
6503,156.409596801279,0.000324933853565073,7.41355094296293
6504,168.947983929328,0.00610417862417695,9.05153485929364
6505,163.240713194177,0.00333977947211316,6.93039591439765
6506,160.063965421372,0.00182138957726838,8.44861464501172
6507,168.313816591055,0.000614789460131424,5.2615948720135
6508,164.087029894395,0.00057536160886499,6.55670345330542
6509,158.970530913084,0.00111444486561905,6.00329108882009
6510,168.104912139712,0.00589044758206098,5.65086526347381
6511,161.769874714795,0.00242149941761785,6.46969428684098
6512,163.039128305146,0.00482280794499848,7.37687149772175
6513,172.927400790495,2.96872281015862e-05,5.93341186031259
6514,161.859362121362,0.00466311411393921,8.9277954758056
6515,152.483820701907,0.00100725039088729,6.5082239432655
6516,160.431592823562,0.00720035033273167,9.02204949449039
6517,167.363700069423,0.00152062684614068,5.90010320392941
6518,176.627954153131,0.00639058157447709,4.93816274732547
6519,180.780896804736,1.99894552020514e-05,5.70284253897269
6520,174.551355342399,0.000417512373753149,5.92016700254156
6521,162.458610918134,0.00467276523504348,5.16202257494968
6522,170.552009129017,0.00158046170413269,5.9564050033306
6523,159.062067063271,0.00416199544496883,7.95144651451485
6524,177.402702350707,0.00117170123341696,5.53844351890297
6525,174.065854775213,0.000410875416802028,5.74779381766689
6526,167.356229319363,0.00237325541862037,6.79925241378955
6527,171.77324166402,0.0047988013751923,5.31727467291668
6528,164.660087274692,0.000443094304505498,7.21981980831623
6529,172.113794266848,0.00741991505970154,5.77046839422195
6530,166.116214112366,0.00579084353745443,6.39775071337207
6531,162.514223934945,0.000588039536790496,7.57582836769527
6532,158.661143596009,0.000882370196905655,6.80192515724312
6533,164.041987162293,0.00501382285016208,5.3384186230361
6534,170.196419330535,0.000567224404911876,5.17040477783364
6535,170.461393971676,0.00281284450231135,4.95737664150658
6536,173.248417468874,0.00147818067576661,7.94527156981244
6537,168.954729997364,0.00301925943215822,5.73794897927968
6538,175.475017497547,0.00321234616422879,5.69064803052668
6539,156.233019349853,0.00571862035060883,9.1248192440894
6540,174.079378820977,0.00331598647305924,5.72324383121208
6541,147.155801964306,0.000931054540107919,9.41570733798721
6542,176.838825857724,0.00522202303572167,4.74777662778522
6543,181.756789943161,0.000143162084094365,5.54539607844113
6544,180.789908576804,0.0122973375709484,7.9977445792928
6545,173.326472092906,0.00588053459271434,6.25759312910264
6546,171.588820259231,0.0026783679054823,7.93095671527633
6547,178.622049774529,0.00540739581357445,4.94899637169138
6548,166.01063237697,0.00485514544799368,8.84395285767037
6549,147.613843877953,0.00561055325848789,9.66454585834022
6550,171.254702395409,0.000340033158456918,6.6314650676974
6551,145.214819807471,0.00363374638997751,9.86172528689572
6552,161.646564940896,0.000386988105261024,7.76845762258051
6553,155.280690137849,0.000939107891858753,5.94012334353438
6554,154.535692980974,0.00158104870914419,6.74408966144954
6555,172.130879125264,7.24011604541298e-05,5.51667323408958
6556,150.737568521027,0.000474850035981205,8.28249220390536
6557,160.057335926963,0.00624985699797609,5.73255582564729
6558,152.314779420248,0.00170957283435676,7.64160217146521
6559,157.954367999641,0.00580863030368707,6.39682334831347
6560,150.788672567783,0.00413543272402643,8.00155639115093
6561,177.491456378519,0.00469929017290497,6.02427161841825
6562,151.730987822119,0.000590901233201109,6.99740160408333
6563,171.847590002995,3.76462234627246e-05,6.35472127065825
6564,148.078352203096,0.00309894872603176,9.34584140085152
6565,171.557226433287,0.003038569981966,6.54511472994073
6566,176.247349871422,0.00248485717611542,5.61578483416819
6567,163.207388808058,0.000613017370179222,7.20368357642562
6568,172.563521593783,0.00160875361725727,6.63590293681433
6569,158.902840309411,0.00445989182061758,5.95936926610754
6570,165.842622709798,0.00388960674336103,7.25114236957935
6571,171.103142642673,0.00130570474056723,5.27012262373864
6572,166.709176036704,0.000199268175160699,8.22333933502723
6573,172.433910664243,0.000191535089091478,4.67673814827692
6574,173.202679993687,0.000278283676029104,5.48963664319026
6575,158.028751756911,0.00105150350354567,6.93982259411565
6576,173.551781888467,0.00296698221035952,6.42273217284439
6577,164.721041849177,0.00253405705175251,8.18954564929142
6578,168.716792873545,0.00520326717615571,5.88840830374718
6579,167.862754159892,0.00035134310580573,6.63314427528048
6580,153.477067474383,0.00122342277063265,7.16527223160448
6581,179.35976977822,0.0020673543452354,4.74598704292656
6582,181.926181065593,0.0054374053960682,4.72884409936677
6583,167.741155228723,2.07799060930425e-05,5.63050981829531
6584,169.681151265748,0.00787066044552949,6.14203983303019
6585,177.954301316965,0.00208500444276211,6.0380296546366
6586,169.68541046504,0.00133366522946151,6.0176122796288
6587,168.400812290859,0.00165143092509494,7.5754941185966
6588,153.41224999535,0.00169465088953117,7.16863338464941
6589,144.280554843247,0.00221816618387061,7.92992801593778
6590,158.04120205933,0.0039063620888063,7.07377121904455
6591,165.660661319393,0.00161966348423373,5.22243156435419
6592,175.054519308525,0.00244759750656082,4.84160343837096
6593,169.91967610101,0.00033967138701892,5.55047155375506
6594,158.075091560533,0.0108725486225423,8.5560936854802
6595,168.958821823175,0.00284982797408716,4.76758868511428
6596,166.917308568693,0.00280574737127453,6.15094499078863
6597,158.092560241073,0.00385721392061644,8.81111530832107
6598,161.813109122088,0.00106393313049241,5.52202590089995
6599,174.266697161266,0.000430910893334747,5.39926425686731
6600,163.611566579769,0.00361535362656539,6.75859841829776
6601,164.196504902259,0.000418082567454384,6.27122599343804
6602,148.995784752427,0.000159674052253187,7.8541625120578
6603,171.669705691509,0.00243129433679908,7.08892832622714
6604,148.25060300239,0.00117045734967385,9.88956017895538
6605,164.588985437635,0.00399706099086409,6.63306444754645
6606,162.150502083264,0.00595987895848916,7.00225990348869
6607,159.534151405907,0.00180215974507837,7.94645838243408
6608,167.057175695895,0.00353224664611392,6.16319773286633
6609,163.540144392718,0.00291110019786783,6.10537761558554
6610,166.128098100008,0.00529681519186206,7.23014491030896
6611,179.671034407743,0.00205956207535397,5.00501486269143
6612,162.7818903591,0.004205841317012,7.73404665141151
6613,142.04085888926,0.000978743072240448,10.2891143781106
6614,146.810924130137,0.00860450908973526,7.91927766735179
6615,163.129508705138,0.0011367847445108,8.05755533176761
6616,163.23368247502,0.00599700357238591,8.81952003408693
6617,170.144551433474,0.0122110552277604,5.7478478367488
6618,184.224809799125,0.0142481736315337,4.74733658862561
6619,159.284092609916,0.0023063665676587,5.49677887677803
6620,171.670711638907,0.00333562461252206,6.44881371079946
6621,158.801263140605,0.000193396537513369,4.8831851356053
6622,166.079798684179,0.000376278216843885,5.63884965392244
6623,163.146603626308,9.29900245693331e-05,8.76440863981678
6624,163.154742612691,0.00011042856316378,6.9530064757669
6625,188.223955773682,0.0032016990009132,4.42751018980249
6626,169.925427794781,0.00413232729579517,6.21260114640334
6627,151.292690082078,0.000985470636717229,8.95217170905979
6628,172.708466954596,0.000613714418220135,6.04243065971576
6629,159.224307359872,0.00111875991656501,8.5925304072664
6630,163.841869520639,0.00119467386364311,7.53472959722201
6631,177.548375970133,0.00123268474715288,4.78475750589481
6632,157.389697223584,0.000275817747300308,6.4712056509752
6633,159.147525015493,4.5907679318302e-05,7.77808156625213
6634,170.228250682419,0.000720782782143461,6.01989342798277
6635,177.345273960316,0.0082010025053655,5.19334240050356
6636,155.984905186575,0.000594332960844793,6.46562782634826
6637,171.430661440916,0.00429584193856852,7.43918987811131
6638,160.015221422053,0.000531347075362123,7.94082043134371
6639,168.628408280027,0.00413410325986738,7.71436790230333
6640,179.773820064889,0.000708316028390905,5.17358971902492
6641,170.981035566805,0.000538809330917882,5.40139002277801
6642,161.739932897622,0.00198799820852431,6.12308985672521
6643,178.26331048018,0.00442512786833551,5.78412452663903
6644,160.236327261383,0.00116512667689531,5.80728173323896
6645,168.875763759847,0.00439155077919469,7.06882405892565
6646,178.409198826872,0.00215575094717499,4.9089222030212
6647,163.316286026279,0.00102019824486742,5.38581017956569
6648,168.438225255659,0.00704258185005375,6.69841593638828
6649,168.86404755297,0.00287487633162534,6.37421243341083
6650,166.032929254215,0.000103602261586243,5.83739552347481
6651,168.42247844309,0.00223218259826595,5.40415540972171
6652,152.238808265804,0.00239665775610107,7.83616741308732
6653,160.103396553783,0.00465108482400652,8.58835105630854
6654,168.68196666933,0.00124320591470724,6.54353291506999
6655,163.49371802689,0.00326901583986549,5.89063503241046
6656,179.09982796029,0.000706722297014187,5.14564459847322
6657,172.729741071104,0.00401414177973704,5.16189852609941
6658,152.500538265289,0.000942032229944228,9.54674051543969
6659,177.406481854424,0.00468055765173104,5.84298443581953
6660,163.859095960304,0.00104994708626771,5.5515743117118
6661,170.013656571414,0.00956341788275289,6.82184686866655
6662,187.758682958995,0.00328837403743268,5.01658158497324
6663,173.981246382241,0.00488983656895333,5.29001110076622
6664,162.816100510264,0.000490471367964432,8.32836202083394
6665,178.622104435168,0.0025712410018355,5.42951854675915
6666,167.061735363401,0.0018192382701467,6.99782532158836
6667,162.436961125825,0.000310022843062478,8.01980168621975
6668,168.123604102937,0.000336264502798545,6.41277064904421
6669,173.678930071505,0.000101440973370337,5.20427481474023
6670,173.378135540032,0.00381743662235738,6.08207774962183
6671,174.075168492807,0.00637232198504783,5.21138339502472
6672,168.290718595002,0.00509009642855194,5.84379000496129
6673,161.16587200436,0.00162901658671968,9.20011686796024
6674,159.107606325182,5.60953860977348e-05,7.38517213089071
6675,178.311344691956,0.000631191382064754,7.28101519233159
6676,171.744662223428,0.0057256443732942,6.24040956633936
6677,168.048293518052,0.000458394677167068,7.62942600265795
6678,168.88229715328,0.00837971495800034,5.68223829809882
6679,165.746588133334,0.00190440397065825,6.01402448774242
6680,162.017637026379,0.000217844158003831,7.69503732959978
6681,158.463682164162,0.00635631381019058,10.7790164666495
6682,180.13395286142,0.000851916977042901,5.25996760999118
6683,172.23811706355,0.00422711330036515,6.05441579386966
6684,163.301363891864,0.000810660153568234,6.83242063169854
6685,159.588546812039,0.000796903261580489,8.07595782283948
6686,164.620581835163,0.000257047056108446,8.60287167577736
6687,176.993660015831,0.00162666899181137,5.22683590811458
6688,162.464437063888,0.000670745864033611,5.63448592355092
6689,174.859495722457,0.00405594797099805,5.86895766720763
6690,155.550664604607,0.00191341143502975,7.77600623068063
6691,169.597356826127,0.00186005545287987,6.74932686214874
6692,158.589377594846,0.0015782742357676,6.56016768998777
6693,152.823245361171,0.000361831955090656,7.35524175532538
6694,161.693456463563,0.000899947678087481,5.75768562835783
6695,161.314451032357,0.000434373272743658,6.44288726161302
6696,159.033979305132,0.00625861809454057,6.51803212229206
6697,152.300393113266,0.00226555789159249,6.39667052513198
6698,162.329180730023,0.00304387706496868,7.8050335341271
6699,162.087742943431,0.000773255302913949,8.84476486794943
6700,163.253749529221,0.00506833725358583,7.04274684268992
6701,154.525765373891,0.000715755872145743,8.44153392139714
6702,161.181013500412,0.000409561133954176,7.34631219941669
6703,163.207471177703,0.000824663338140238,7.18360884048744
6704,176.384542727635,0.00234866014316919,4.76533017478479
6705,178.079150330873,0.00410030696262242,5.15950949921611
6706,179.991796285212,0.0077448063101533,4.60439931104625
6707,163.975412838204,0.00285310229522726,6.8792904371582
6708,165.00293524007,0.0020089960314826,6.13994597064364
6709,180.196407018705,0.00120363758999929,4.919641280684
6710,172.044113974963,0.0023622414234549,5.8247548032124
6711,161.149466378644,0.00337640962376105,5.90810401282876
6712,180.134112154595,0.00158987703575516,5.49302467382865
6713,162.772237583251,0.00340020491635298,6.18282650495218
6714,153.632039853319,0.000974727994926713,7.26383447372003
6715,165.448434489551,0.000262471515587065,5.92678372464186
6716,170.327464453768,0.00235454339832876,6.22269439852447
6717,148.267555304234,0.00110594681641116,9.41164226975827
6718,174.085006660025,0.000469238398661938,5.84159749266861
6719,158.499002057595,0.000362921316495181,6.71195725298698
6720,168.171962822469,0.00151085307898247,6.00518733595709
6721,161.729937400703,0.00727139345664276,5.3832208445276
6722,160.95516255554,0.00138914697278974,6.3483218339346
6723,175.848976777553,0.00105552595518709,5.81254312874677
6724,147.581084763481,0.0043387333337558,8.03387284014076
6725,165.6179000889,0.00701735212167614,6.1580726368719
6726,165.825335603657,0.000109688944237305,6.26356816961731
6727,172.08312434374,0.000978689678433324,6.28978885763433
6728,181.797253438613,0.00636659813504572,5.92013018858912
6729,173.190308819762,0.00195985104136659,6.04225669517224
6730,147.460171219707,0.000160606103943258,10.2267909104132
6731,162.468062934223,0.000363234560871678,7.31882798843931
6732,162.959488002082,0.00641418943717852,7.43401940994732
6733,174.366637748601,0.00173488095856828,4.81915202736513
6734,159.292904064364,0.000719394583362447,7.00224335246302
6735,180.235529367655,0.00345220171082225,4.27655557746802
6736,174.866462456269,0.00241908542609813,5.36523315393022
6737,159.310521660233,0.00146441847444644,5.8989148590419
6738,170.747334087177,0.00584290039597917,6.90591203225745
6739,161.162721789302,0.00253755985457642,5.9871053790788
6740,151.634668047018,0.00225155663433586,8.1234055741301
6741,165.771049940724,0.00128597710587347,7.97726985800651
6742,158.6091166036,0.00101888015709407,8.63457814044373
6743,169.03861161025,0.00235296081489215,6.70077653732805
6744,145.180051403218,0.00294327850442973,8.5434113480162
6745,162.456682668799,0.00114804479449987,6.18739736806468
6746,143.513086241318,0.00343348374592914,8.02948835931428
6747,161.390903354733,0.00124116280787753,5.88559885525434
6748,160.997763697009,0.0018636253175746,6.04609414142569
6749,166.76340207177,0.00266187522314317,6.59397581228529
6750,181.21174663044,0.00722733692660603,5.6626911458726
6751,153.133404439298,0.00214735265604614,7.44546717318546
6752,174.064992547484,0.00173662880609167,5.69084859627488
6753,172.92801629666,0.00247630854219045,5.26307690558332
6754,176.063745802425,0.00278847388747678,5.05190672289232
6755,152.703955157791,0.0116665967424686,8.13395868298548
6756,175.462415422111,0.00454132048693485,5.13302461094805
6757,166.679064399704,0.00159788089729803,6.10717125927932
6758,163.63492422101,0.00197273947174307,5.87120228957395
6759,170.23578612946,0.00467780033076765,9.36078646040715
6760,165.851381024688,0.00866898941062987,7.21088645461139
6761,156.600342465219,0.00205967798499743,6.67457663696835
6762,174.653016808673,0.0028398203042605,5.11728330245002
6763,169.456450708304,0.00106473435915877,5.95743317768907
6764,183.087967813575,0.00243572359952593,5.74739347608713
6765,178.623698439386,0.00184022177228373,4.49874825101667
6766,181.458767436853,0.000639492859298251,5.3277512225472
6767,152.781435713069,0.00535685020708838,8.30531440265201
6768,173.144236932922,0.00485151487379952,5.46385485845518
6769,181.367327149552,0.0034742531851587,5.14040709844684
6770,170.637470318197,0.000531001608406008,7.53102738167358
6771,164.113982142521,0.00452452100618612,5.79180229949751
6772,166.696446824184,0.0105148484355132,6.67306879986565
6773,159.295045966923,0.00576974678336737,9.37533916948705
6774,168.691816467241,0.00207982944654388,6.68672596389773
6775,165.263396894503,0.00158193292640439,5.95222186300713
6776,157.169665187561,0.009946316156033,7.9882478633521
6777,166.359636035615,0.00262184500872968,5.79941871595275
6778,162.667943041595,0.00286469733898494,7.46649749308438
6779,174.628473048831,0.000773347634684643,5.1133878041093
6780,178.318838234026,0.00568422989302474,4.4646295220976
6781,178.672820430914,0.000254851780013557,4.80734304271225
6782,184.330087817068,0.0112056152632603,5.35880022655286
6783,174.628539284,0.00918085397946409,6.15601140359922
6784,167.166010292666,0.00532850912698508,7.05786855755838
6785,158.314289423621,0.00139537516316792,7.10217995525566
6786,154.309398240342,0.00123463883379036,7.43103268073653
6787,167.10170917732,0.000811091895607868,6.05954334893711
6788,154.570241655275,0.000220089401096304,7.22262954323334
6789,145.98737720294,0.00278095609422813,10.9279243896324
6790,166.765487079746,0.00430933612130238,5.89029499543833
6791,169.623287940186,0.00305631849456795,6.54718236562078
6792,180.744497272896,0.00073220835238716,4.97954500153216
6793,158.406034448947,0.0011122449530697,5.44707096210942
6794,165.504125101913,0.00520958846064257,6.67625878370937
6795,172.861234953034,0.0041713557922583,5.13567525131922
6796,161.460567532379,0.00222407242448623,5.70040104313494
6797,159.887761789789,0.00239489805445767,6.60865044379339
6798,164.745920097617,0.00145455709666292,6.63477218891514
6799,165.409357895593,0.00947135269691226,7.09589762665531
6800,170.122443185973,0.000458711943082248,8.05302148577995
6801,163.117258751693,0.00114343890368628,5.80376288912759
6802,162.307878699051,0.0015071755645156,6.3842343827574
6803,152.799624323135,0.0022022382851535,5.78011064950275
6804,153.539417784659,0.00221721160909102,6.9230232373349
6805,165.486283458834,0.00786837982000573,5.96436791815585
6806,162.493998933745,0.000413417206226302,8.14418192074832
6807,154.984972245232,2.63067235932882e-05,6.69961414238173
6808,145.789205659886,0.00151514620860288,9.0696745007899
6809,172.770034221384,0.00100467268543343,6.83201556047538
6810,162.539108997072,0.00797777016135005,6.75120296139364
6811,161.050708200926,0.000710784759994434,6.60190428119141
6812,164.844432832826,0.000392097720660464,6.87016106610761
6813,166.259799137684,0.00248832187241496,6.04811768737827
6814,147.928086686617,0.00533421172487495,8.60780859612779
6815,174.954229177199,0.00064412366968262,5.53642305093985
6816,180.220927528572,0.000306879034730696,6.31356123385763
6817,164.029346814122,0.004426624354094,6.3890334180459
6818,150.183175139566,4.17284853550893e-05,10.1974499712577
6819,166.440214990115,0.00721097107316581,6.17439048674358
6820,164.703723074244,0.00611253035440525,6.44525338069841
6821,150.932308037578,0.00292535343459545,7.0976471302817
6822,169.472815047015,0.00846796336070034,6.6750156888203
6823,164.788629767852,0.00232210753373898,6.10890674523426
6824,160.790540591657,0.0012786395340798,6.86522174621077
6825,183.283462087696,0.00818443505957852,5.04014582226452
6826,166.363677811622,0.00290709157089141,9.15121018720393
6827,177.663975133023,0.00119900039573232,4.83298433508023
6828,176.492012804106,0.00149471118342389,5.90753401897099
6829,162.886530761163,0.0101087186298043,6.1434625812019
6830,160.035482698361,0.00392595762911458,7.24591639946748
6831,165.89293808218,0.00382120242510777,6.58026582151802
6832,154.984463602308,0.00490502187067991,8.04807508530378
6833,158.843339280148,0.00171365075070637,6.18137585404052
6834,175.450928157283,0.00138225259533042,5.68983614938321
6835,186.597573817563,0.00386881965456197,4.82247536975311
6836,157.123304184035,0.00409636765855142,6.08131758871951
6837,168.342932570848,0.00492579156129884,4.80630501085637
6838,159.660584015682,0.000331464998265101,6.41899376563074
6839,143.703868215709,0.000864101694671455,12.0426550472826
6840,162.709878963569,0.00468590804051512,6.99534738344005
6841,157.987481767659,0.00520192179053179,6.58566912396287
6842,172.008720120906,0.00392084354605934,5.31531751252637
6843,156.883237362816,0.00192676707367967,8.4263164740496
6844,172.405439532329,0.00280320495404875,5.19803714867929
6845,154.653376249811,0.000993544612459688,8.48925939787044
6846,164.633749796177,0.000263150038165425,5.87365940325553
6847,178.91262614426,0.00133539459928307,5.06188902065441
6848,175.274952624364,0.0118354836481354,7.23586635306044
6849,179.876219972618,4.69968547727974e-05,6.44316200333232
6850,158.86558832415,0.00557908454138353,6.53252033094985
6851,160.632616061522,0.00112052054592603,6.42364305794201
6852,183.465061943698,0.00182423425609005,5.22769578493092
6853,161.463333285296,6.53378101669419e-05,6.24277644029174
6854,175.527647992405,0.0011245919359584,4.73841303736724
6855,169.895481391746,0.00256680042693071,6.69227322589912
6856,173.974509846135,0.00982872191138376,6.18069781620316
6857,169.702156218431,0.00518482446083167,7.7737332157821
6858,168.305254165624,0.00280310906147994,6.25451845308107
6859,166.19632099307,0.00166752853889911,5.61073726530509
6860,171.661439208881,0.000215220631523134,5.5302133107046
6861,173.117428409602,0.00013841341519096,4.96542260316651
6862,152.061744560667,0.000763168121934295,7.30000336376451
6863,156.738820422032,0.000277977958202444,8.62594116816776
6864,174.147735967921,0.00363488359688585,4.97120175810909
6865,174.958135808769,0.00597409558883441,5.33350034571582
6866,152.119197135215,0.000864216433450255,7.33658176589875
6867,168.429465675443,0.00237409690505564,7.83599184208735
6868,158.25457402888,0.00220904191514959,8.0777872398868
6869,166.461582484592,0.00185759903022629,4.51414037994116
6870,162.787213810601,0.000666175715211237,6.43491171468429
6871,160.34114981236,0.00357314570001947,6.4123646544815
6872,180.444296895732,0.0019603647368816,5.03536866431635
6873,169.694984068292,0.000178584416731502,6.5884019201244
6874,176.743182360405,0.00131226261827247,5.39108201021948
6875,175.126426039318,0.00325771647842796,5.59740631106405
6876,167.813579074194,0.00476160157353949,6.01805941994535
6877,154.912184684732,0.00167602470450082,6.90059507043402
6878,169.956868228069,0.00685304431820496,5.29719552103842
6879,165.586527580903,0.001444259055835,5.10508395254228
6880,153.23490236181,0.00298266104290053,7.52366250511288
6881,156.598744959205,0.00326664771649672,8.47872874952989
6882,168.811338266242,0.006690682213675,6.47571266556308
6883,163.269814264716,0.00786083379112154,7.11035981283782
6884,164.614097747777,6.62052211533235e-05,7.68164648471996
6885,168.848299852574,0.000820089166692418,5.92440851513334
6886,184.040097419487,0.00703780376993859,5.67807109674882
6887,161.639128037546,0.0107340666416801,8.4360323009683
6888,174.162147841794,0.0016188277948991,6.96929931864742
6889,156.877411289889,0.000408517940634639,7.00547254574457
6890,158.440284967834,0.00157540383956751,6.97256064940622
6891,178.687586503926,1.68900898039932e-06,6.24929490426214
6892,177.094059105671,0.00279561672288379,6.26987969661938
6893,156.367808074289,2.1446542556191e-05,7.1329396565177
6894,136.976230355496,0.000113540338563293,10.9531316851545
6895,173.345010985633,0.00499212806795515,7.05252456600973
6896,182.232104783582,0.00422477789591943,5.00200792914979
6897,185.277190208582,0.0040326716338913,5.27077483286451
6898,165.095825722367,0.000675042468417732,6.25585859144051
6899,153.746776808697,0.000105154514804726,7.41537954136369
6900,171.667458401781,0.00081849438986264,6.81223570599794
6901,159.715805946482,0.002095508824467,9.78363065739568
6902,181.511737679497,0.00369645403468537,4.84732577122886
6903,181.554492689601,0.00122561826081155,5.48706474281876
6904,175.334321506607,0.000591953700299322,4.89161549824012
6905,151.606819358434,0.000716082116011969,8.02568824278132
6906,163.032224316502,0.00157678714026096,6.09572634674932
6907,164.159341374616,0.00118448601143405,7.63059071451554
6908,162.41871225806,0.000905745056424752,7.80010994661485
6909,155.340486187015,0.00267635005580065,5.53824383958154
6910,163.278405694032,0.00301815894867659,5.48138507476995
6911,166.946794927534,0.0046055181812904,6.63114184992536
6912,164.228874719321,0.00228064775887269,7.27306628172681
6913,165.928760970603,0.00306877139674727,6.70057473886747
6914,170.572459620253,0.00480489684459704,5.54523816663503
6915,164.294413453023,0.0031326621026616,6.41442434404637
6916,165.258661296541,0.00255310026210749,7.38523343159641
6917,166.95053528786,0.00477719554611104,6.1494458158043
6918,155.038742099074,0.00129393701886062,6.91049329410669
6919,156.021086886738,0.000260181480494977,8.10641014003161
6920,172.854364639274,0.00331223381193072,4.72660131800164
6921,154.217543258644,0.00308396717655773,6.32062897312245
6922,164.202737548112,0.00447839699984815,5.94086054528618
6923,156.312372102084,0.0011413616241566,5.81035882609284
6924,173.432372722978,0.00554917215778309,6.1787723062263
6925,156.172882963014,0.00119838304613962,8.1697937060618
6926,170.691684665679,0.000371083371261236,5.63125876596301
6927,177.230696948264,0.00391890354715016,4.76166651122565
6928,197.728443874214,0.0063557374372095,3.90365644412505
6929,164.18869655008,0.00239817447156906,7.05826366236743
6930,171.694458222728,0.00613056548176638,5.24452173822222
6931,168.996260299085,0.00204347626241537,6.00301079866681
6932,168.038820918372,0.00266696768449435,6.92011041978274
6933,186.371795979813,0.00308192741010186,5.47104991395771
6934,174.475901441256,0.00014334602611338,6.10230445559094
6935,172.592594312177,0.00332178769136594,5.70278068791331
6936,160.524638622157,0.0136640381597616,6.79176180759885
6937,162.990988147533,0.0023317666437818,7.22323834522061
6938,168.22055003765,0.00363470436001727,6.937373827814
6939,162.437442050558,0.00221141133385453,5.73193801012219
6940,175.83068518754,0.00501646927941248,4.91684981057909
6941,161.49328731095,0.000169477753400113,7.1150928950611
6942,165.798275311238,0.000267643536116334,6.22073866160005
6943,152.617696855171,0.00462294911968068,7.83614446471013
6944,162.771735508755,2.56779569109171e-05,5.72658799165431
6945,147.32540163647,0.0012820284300432,8.30216803246181
6946,166.559741841194,0.00343980221129647,5.73683611993503
6947,174.632393034101,0.00565968178708726,4.66832845116328
6948,167.479239938055,0.000211628107618905,5.44886128213717
6949,160.774926642041,0.00252763466317888,6.5009900426678
6950,156.365636439308,0.00398230603582777,8.23261558817106
6951,159.793258147001,0.0011605909299392,6.52911560671185
6952,167.76766552766,0.0142507967860056,5.8754838070438
6953,178.79810690818,0.00188807178822194,4.97905463200141
6954,170.287594620781,0.000603545409134464,5.89548762935308
6955,175.996836195822,0.0026191607267401,5.46801220887189
6956,138.821860117862,4.79477982748868e-05,10.0613241487509
6957,162.787659091801,0.00210130093479304,6.40683937243965
6958,178.078361247595,0.000458970650389216,4.80248136419194
6959,162.506581722064,0.00514469391335723,7.8799628050904
6960,163.30166756334,0.00129509288741396,5.89206859494638
6961,173.157532448576,0.00152160398662167,6.03628479644465
6962,148.1033922703,0.00463170185015512,6.51880173441567
6963,168.944752419049,0.0070464962784204,5.88087527809555
6964,155.451063701226,0.00422998921247895,6.85263958616822
6965,169.717398079595,0.000213281625953744,5.49976559470419
6966,157.94657694677,0.000478395829681431,7.09867290757728
6967,161.641643870603,0.0022041495021587,7.36350092317499
6968,183.554491109955,0.000966745576995345,5.97867081152486
6969,149.845536356222,0.00176794851418375,10.1004613379074
6970,165.80440777335,0.00245826711778597,5.59114079990669
6971,170.215700076465,0.00438645523524421,6.46702768485794
6972,176.757650042377,0.00810510819014782,6.90752524254061
6973,151.139328357454,0.00250892604850473,9.72357178454818
6974,180.207521192024,0.00297848469746729,5.23834556753961
6975,169.82310761511,0.00302045811766398,5.21129815855939
6976,176.375184873749,0.0035391691510948,6.66668613752903
6977,167.036996867513,0.0038106652999225,6.04981913178862
6978,175.490646503452,0.00488135204652665,6.20946179768433
6979,175.748522193478,0.00146187965507825,5.06687225682808
6980,166.01584314224,0.00505152006075299,6.26994134018997
6981,164.445855038147,0.0070201823360351,6.30707736927871
6982,167.238894481862,0.000418506319034257,5.7459970861578
6983,173.184031964238,0.00118993628858559,4.5895372380446
6984,161.626388396672,0.00271384388488943,6.1568611968139
6985,181.785511597737,0.00295012354452523,4.74217893999696
6986,167.963522096477,0.0050278226748476,5.82460049526208
6987,160.851533691369,0.00294954751828818,5.72629322043455
6988,174.077324769969,0.00230515724991004,6.04033217224576
6989,164.899202428483,0.00099223051721838,7.85888578250053
6990,172.29128037386,0.000824909763332041,6.70647884299847
6991,175.895411585894,0.00577163132966414,5.64965210075237
6992,180.611659409067,0.00144535934462287,4.7855451198624
6993,164.620372048185,0.000606361167848,7.91628317055701
6994,166.914732285956,0.00252654514730599,5.56272265960331
6995,174.536334933166,0.00151483633249987,6.28535593263503
6996,173.293703790796,0.00170385552424525,5.09517453427014
6997,194.868574424868,0.00982398502871083,4.24203733967006
6998,169.299056952646,0.000331992802339378,5.24823255773251
6999,180.683771689042,0.00156047868730021,6.3186228435792
7000,169.720782725656,0.0021635686682006,6.14653834114246
7001,167.201205161003,0.00561835803657678,6.28146991366459
7002,170.042782878801,0.00357256060942017,7.05852729599474
7003,160.964219013011,0.0014056008214027,5.78268050378089
7004,166.723080253205,0.000287146619521959,5.80256778252849
7005,146.159029558467,0.00237325191049687,8.14282333858248
7006,165.454949042142,0.00205046389881919,6.77951555533338
7007,177.403866211922,0.000389817526608443,5.39852125473398
7008,162.704240209413,0.0134748620331719,6.20013145469874
7009,154.948855743575,0.00124594443735288,8.72498738877552
7010,170.900445422938,0.00925610267539259,6.42223302559842
7011,151.009110385019,7.15852476979399e-06,9.54700517021342
7012,164.492227798828,0.0111726216222977,6.02036265081968
7013,158.166730035137,0.00252422367236,6.65946968110226
7014,181.37686917511,0.00145728290811893,5.12799088399437
7015,183.229381839647,0.000645339876700625,5.15306680480645
7016,168.393953874892,0.00169184475245128,5.77109286368019
7017,178.545085932791,0.00941252738971265,5.81100213957978
7018,164.667419881704,0.00156738164459599,5.69847666018012
7019,160.014765942858,0.000461654729732803,6.45983698268759
7020,163.748093859969,0.00682728248166319,8.05484140116265
7021,168.732473428059,0.005619190919316,8.23185337272131
7022,164.521938441067,0.00571748767945778,5.29159060034165
7023,152.521774281932,0.00157297238112448,7.66601748148797
7024,171.468247486453,0.00238209734379359,5.95727579490995
7025,160.459266678532,0.00062124072918457,6.189572987075
7026,162.630497365469,0.000500997255055943,5.74712503512694
7027,177.048108831144,0.00190671334858715,6.36417958009564
7028,157.631976078239,0.00707034192420238,6.25347177327747
7029,158.205728331084,0.00025297691508046,6.96980367154934
7030,167.033015101346,0.00280492686389331,6.61280434394306
7031,179.156477112876,0.000454296194312195,5.26714361410002
7032,175.887409459625,0.00103442908069127,4.63491126183794
7033,167.208107058436,0.00140809252242566,4.83468907253167
7034,159.439795180054,0.00126109155335756,7.01546886456658
7035,157.232342078655,0.000556580105718345,8.41344523395549
7036,169.092108595997,0.000667494979923167,6.17723128642835
7037,166.474821314289,0.00295331861621013,6.88018218477595
7038,167.711931811859,0.00594886010977307,6.73267634372348
7039,153.962816111355,0.00121920122239787,9.04670496497964
7040,159.309762748363,0.00584156732239735,6.73959700938542
7041,168.2838397044,0.00226160084923704,5.68400329904312
7042,164.935195935409,0.00321470982487413,5.5865991567459
7043,173.555039040019,0.00193030364820932,5.11886063848394
7044,169.104882318302,0.00621936129484929,5.20991952104215
7045,178.521380495444,0.000495559936909492,5.13815916084158
7046,156.972076319623,0.000759994086513967,6.70609137855152
7047,169.032469121507,0.0103167726607308,5.80983554911857
7048,161.914765411458,0.00247753380180293,6.21463321422048
7049,175.901592506839,0.00181341089366958,4.88668055267258
7050,162.493560187974,0.00193694289283777,5.92307548342407
7051,160.063262847561,0.00120044379915482,7.12511903569758
7052,169.280744843341,0.00178448667661061,6.02385362803914
7053,163.570393323465,0.00492268328175246,7.13304868889148
7054,157.781525096965,0.0036632324378488,6.68247225615391
7055,170.22299884432,0.000448858404244139,6.7398461072273
7056,159.93925691593,0.000258793527194288,6.94796718911897
7057,163.491107255345,0.00165629863269522,5.9181999769939
7058,171.197555961573,0.00189755414912024,5.40417876185485
7059,174.513564755911,0.000499840413211472,5.59592587887183
7060,160.492720646514,0.00101568961026209,6.47506259852684
7061,175.944718871247,0.000149937237109629,5.30514553424282
7062,170.487517758864,0.0033922837060041,7.73831615101333
7063,166.022515251252,0.00483756038097446,6.412014620429
7064,174.971285731478,0.000903814844335831,5.68676187047591
7065,158.540843994305,0.00222660398435947,6.67974821179299
7066,157.757957182026,0.000574545481000283,7.08575661857741
7067,166.838283310927,0.00288730570612514,9.53238720651161
7068,164.691521383746,0.00081190806592613,6.49103056210997
7069,166.039760967924,0.00824141882237322,5.74545747337113
7070,172.429830504542,0.00150423293503949,5.14343373391672
7071,157.910476678454,0.00282450652139653,6.87824525907601
7072,161.206526542753,0.00100664040369598,6.45519272088143
7073,155.978512914873,0.00195111471883995,9.57907590178381
7074,146.653113672573,0.0018223361340244,7.24063622276585
7075,154.656648664385,0.00689961038476784,8.18324572449925
7076,168.07284843525,4.7479877498147e-05,6.51231472426635
7077,160.357271105452,0.0105078110380051,7.01014125667782
7078,155.971760578339,0.00311317237328976,6.62057747146195
7079,174.447900194092,0.00710237552126017,5.16557983250752
7080,164.719000280403,0.00273670690662504,6.11417668600486
7081,168.222876010155,0.00876864336993797,6.35997493787359
7082,161.918218393658,0.000919363341435697,6.69919492337557
7083,168.691479295382,0.00395115506250713,6.021666977169
7084,153.181266244983,0.00812178558320383,6.45764223062114
7085,177.200169172789,0.00823418102947078,5.64253569589209
7086,153.869566845526,0.00207035162873351,6.24805557319542
7087,164.232902363858,0.000232088613729489,5.47822975458428
7088,179.732373213927,2.61834864428453e-05,5.13529815464829
7089,176.183464948842,0.00124353973290446,4.84778739537845
7090,161.957371460858,0.000709927553985928,5.94829821860456
7091,177.210287622716,0.000736022635970741,5.20956035942053
7092,173.148912560687,0.00306082494595245,6.13653315704221
7093,176.900421326049,0.00580047019650865,5.58228818479946
7094,167.794024691914,0.0118986808244616,7.39276003458993
7095,177.264680162706,6.84929090094131e-05,4.88949003190883
7096,169.851310794496,0.000647391660901183,5.26743540897909
7097,169.646999227368,0.00726359965097114,7.08616810248146
7098,175.997960377314,0.00473096549604636,5.66998049638526
7099,157.829290872356,0.0066424279556616,6.86810324441614
7100,153.330387941273,0.00458645752721797,8.29989461391889
7101,169.8594702907,0.00320707988638778,5.53090822535664
7102,169.018742841339,0.000130319062129132,5.00140638251584
7103,157.968967378767,0.00178096742923736,7.16940281840133
7104,160.259925167426,0.00575350552447564,6.02030336858137
7105,176.397938866391,0.00281833180271693,6.82397028613972
7106,158.679968361247,0.000755839579259719,7.1221318476704
7107,157.171828032105,0.00220811989652667,6.85932260274196
7108,172.908703773898,0.00151210336859438,6.330642630234
7109,165.279650100988,0.00212263767109131,5.49294590698662
7110,175.974480684749,0.00129172223049179,5.38510445226366
7111,179.740511964179,0.0086345437000637,6.68204449222079
7112,169.9365963828,0.000211840810931784,7.46261463098112
7113,155.785128390488,0.00117136295205386,7.46801423865059
7114,168.308738933856,0.00306224645870904,5.38929854340717
7115,173.337187940944,0.00772634137791009,6.05222558872776
7116,153.139628577983,0.0038329830387239,7.31716228020554
7117,164.15199342547,0.000765841329599324,5.74088070803483
7118,179.367990960001,0.00346954533538145,5.5468637272139
7119,167.840287518459,0.00688905255448809,7.57010946956703
7120,175.147216233945,0.00173410074034329,5.29943583432395
7121,166.235458299373,0.000278738526888462,5.43540829286245
7122,163.32831524061,0.00895899284537606,5.54338743755083
7123,171.25132214325,0.00135136393846901,5.54854668261916
7124,166.012322244574,0.000255715662988172,6.03891274150114
7125,181.67183959435,0.00711586528015227,4.65539489011338
7126,166.478080257529,0.00162912807271467,5.95350110661016
7127,154.052785117511,0.00397668597439034,8.08287598447028
7128,165.822004315423,0.00314820451179173,5.13088474919607
7129,175.72629475183,0.00122269267386286,6.27147910833033
7130,160.061026827075,0.00262980996879308,5.89076146539904
7131,167.360279016165,0.0045168457445412,7.87284604925313
7132,157.448549162649,0.0087195900953264,9.91860115628957
7133,167.528085411701,0.00604922645755231,6.01413481731286
7134,176.083650582491,0.00312056925739386,5.17463016144215
7135,186.354467113041,0.000397788736856589,4.53744315200628
7136,163.653744538015,0.00879250075050009,5.80309779474446
7137,165.100091301363,0.000312112227454521,6.1023695813643
7138,153.854184616086,0.000683288589267823,8.11600274941085
7139,167.896813752696,0.000877108637550118,7.48337258498619
7140,164.531839919581,0.000292859033146528,5.89763402140726
7141,167.736551049226,0.000802187544081118,6.61790901945173
7142,176.484907837378,0.00194683951038071,5.763158718381
7143,163.098517214155,0.00412644426122002,8.5483966534343
7144,168.445387260641,0.00157929480320191,7.22456023567824
7145,156.680507205025,0.00488075819713819,7.21058263014102
7146,161.809960635356,0.000518170135505344,8.43405482954858
7147,164.446539129385,0.000579466554502759,5.18148720295892
7148,163.148017245224,0.000770709961000146,6.99457296439623
7149,176.635598510891,0.00268428900713462,5.57739385376059
7150,175.691405719143,0.00688214498454816,5.28524220718477
7151,159.104284536362,0.00371776374611089,6.35717920223976
7152,173.961578092193,0.00167603686447667,5.7933817734168
7153,169.119204626258,0.00220721826655206,6.35034862926521
7154,170.911291116192,0.00178251291354876,6.03472001096282
7155,172.768693568359,0.00569508297141821,4.87037597238646
7156,169.49648273772,0.000824555705710599,7.2009615937198
7157,163.603209546119,0.0030523465359682,6.14347035155547
7158,169.148958384402,0.00190619513980481,4.99325002037084
7159,174.028841145078,0.00187593006820838,5.45782300951323
7160,164.322582929349,0.000523101481060605,7.19262856740046
7161,167.650902156681,0.00546260619921915,6.3639422871451
7162,170.160754203734,0.000106909549800093,5.68071659800949
7163,157.155610045874,0.00281589270780782,6.89609719493596
7164,178.91983513561,0.000702817087561162,4.71702985755006
7165,183.030515834483,0.00398499899925808,5.14587084502212
7166,171.484768777615,0.00395783060295628,6.621406684239
7167,162.897567167789,0.000695172886340657,6.89675307746188
7168,176.201817743269,0.00262961420440286,5.58512444787887
7169,165.317582309843,0.000354307817333912,6.15854767453378
7170,171.320781779839,0.00353112443777314,5.17832315826851
7171,148.600537482937,0.000593245346021507,7.8424839613079
7172,165.685868575794,0.00156422209925621,6.4995107462487
7173,158.16884286747,0.00085010846518368,6.25486575476579
7174,167.122507676778,0.00170581163618209,6.25319052898597
7175,175.184551439676,0.00153254338471266,5.39021558211991
7176,160.052160450541,0.0108315492157278,7.08353508988089
7177,163.210901117099,0.00154747789119862,7.03359415957702
7178,173.692022846692,0.00167791309464446,5.49695367887831
7179,154.098054287498,0.000328579112424854,8.07040788638352
7180,166.256184087836,0.000774474143924333,6.27197452275335
7181,174.606076092982,0.00143850247888508,5.29335075637103
7182,183.654066826627,0.00133314748939633,5.25100651223292
7183,167.433854713327,0.004012257935489,5.18899737847019
7184,164.216458575301,0.00337777866848023,6.46884553810361
7185,181.393182540883,0.00464294180868634,4.63271282656722
7186,165.665266508617,0.00111378006094266,6.90345842522058
7187,168.299593553409,0.00106545209124679,7.45363470995397
7188,166.05862063797,0.00525511178144284,6.96754219899524
7189,175.768328306596,0.00124765378981796,5.69806892143642
7190,168.11884039949,0.0018846049743809,7.52225302144372
7191,159.671562890097,0.00119208333643407,5.49133119161692
7192,167.581163288103,0.000199773780379919,7.80241343771489
7193,162.269954576354,0.0013086465978066,7.21118130200027
7194,163.715535251604,0.0017222943062791,6.06897019304383
7195,169.163815551988,0.00267737380739293,6.0370631028093
7196,180.084439952185,0.00108225069953819,5.59946117578871
7197,175.108212070914,0.00162991474233427,7.57837050995396
7198,169.54735544662,0.003864327723038,7.92031796823226
7199,164.559224546186,0.00423970222965077,6.30716407238071
7200,159.287935189818,0.000635069642547396,6.44079294743061
7201,163.297351630554,9.19034334229397e-05,6.4269119381768
7202,167.355791874277,0.00186327509772796,5.74026249249571
7203,156.452259610276,3.99482480771769e-05,5.62164640254823
7204,176.715738809609,0.00396177034324262,5.86778713237209
7205,148.902328604274,0.000780430401986745,10.837938734314
7206,170.531093242469,0.00158313686534729,6.67700063076796
7207,174.377498078326,0.00149642391819776,5.49676057491958
7208,172.038906685145,0.00525935557883247,4.72882663139384
7209,170.202162698349,0.00147366991476028,6.55637457190738
7210,159.785335466934,0.00442712893555029,7.28583801456259
7211,166.363792094718,0.00209256453606644,6.40505399231591
7212,159.487571011486,0.00338161914358455,7.08554852067615
7213,182.958821687286,0.00493324962050911,4.98557530485615
7214,160.383937226265,0.000994729005037362,6.88928024422172
7215,168.146541571686,0.0020953680361645,5.51501069677776
7216,174.791702424274,0.00535699014410134,6.08757727571247
7217,170.791371707111,0.00291891796174856,5.36572135724309
7218,171.2286427787,0.000275745538284778,7.12855086592669
7219,167.186698112829,0.00450783226883278,6.23221599306664
7220,160.439650338865,0.00391930428271322,6.3309260734155
7221,163.376110161958,0.000867620632575279,5.59472828564998
7222,169.810239068572,0.00161296386120055,5.53541946969088
7223,177.283496693638,0.00304219504794351,4.62109573943981
7224,164.076190847073,0.00623868719820976,5.90046526142229
7225,162.756741107207,2.79185848603512e-05,6.45919742914133
7226,161.65287587726,0.00943368384768231,7.30852919485774
7227,163.250044866689,0.00172591214268842,7.81288907978667
7228,179.323447681142,0.0036056503029137,5.07975144584334
7229,160.8252075049,0.00376727559237728,6.8269500562366
7230,168.971755988956,0.00037923058095553,6.38070436866919
7231,167.95377881213,0.00390327962273886,6.68181023246917
7232,159.485130684598,0.0014524055995782,6.73021946904908
7233,168.442914879064,0.00612633437125001,5.47077202088268
7234,165.780301358526,0.0017492942842031,6.43293818929511
7235,167.132745126874,0.00083644440841323,5.54972684109476
7236,161.634899792035,0.00509692759116991,6.6999060425658
7237,177.314813530031,0.0100902771033115,5.10037522656655
7238,162.157644583188,0.000362271559807053,7.29612969320209
7239,175.578966562416,0.00436240693438822,6.54062597065187
7240,162.690133845586,0.00250453877063537,6.78073999794752
7241,154.70136136507,0.00542586730347799,8.65890291880766
7242,178.509753087154,0.00191404813937523,4.81128801189631
7243,167.763997817361,0.00492286755775794,7.78530653399281
7244,171.443824746298,0.00120249222903128,6.83250618346712
7245,167.246615739523,0.00273823510448298,6.47559334162291
7246,158.193939742222,0.00105030023443978,5.821829033053
7247,164.078648497167,0.00821737921079749,5.68839402939005
7248,169.81834293166,0.00326795546761197,6.67049900954436
7249,159.732471923364,0.00343109352534495,8.21815052891152
7250,161.154681846154,0.00706122537534834,5.81845812531416
7251,170.717198470959,0.00214307933318853,4.34657866977762
7252,168.062203181781,0.00108788090667618,6.53621000693207
7253,157.220798455763,0.001944975080325,7.06688306073149
7254,176.050692695952,0.000309521830277273,5.20724730479954
7255,148.591345683112,0.0016356909464872,7.66391951199153
7256,172.780020146726,0.0028741899513854,5.5279398007171
7257,165.198827011236,0.0134357109745943,5.35796764043801
7258,163.440216992789,0.000461225439696447,5.65275238894367
7259,165.185741617458,0.00122321453211152,7.03803628445432
7260,169.235411974719,0.0101544111954723,5.89114048042699
7261,165.96877759686,0.00238750977058,6.91574977988942
7262,175.116750943921,0.000784339759600615,5.3262761614075
7263,178.498471578612,0.00382800637832426,5.26296263059107
7264,165.225522419504,0.0124701111058459,6.49384973156998
7265,176.637149338561,0.00578557098290329,5.17354557220039
7266,167.422114359477,0.004120979200705,5.54696348659788
7267,155.379580922831,0.000225175909954868,8.51708236635679
7268,165.417980353813,0.000537695906775945,5.30267111625586
7269,181.731017143332,0.00305291870692065,6.08069698738155
7270,164.824290939799,0.0114684303888778,6.27662319239512
7271,168.518425280166,0.00137192891074285,5.09565255783114
7272,165.348974328833,0.00152781738043137,8.62215794442201
7273,163.733842720295,0.00370147930418639,5.87324312870853
7274,160.514902077578,0.00143437214660472,8.50493692820733
7275,172.921234807913,0.00504648604608364,7.67824200002307
7276,175.063499949604,0.00149488557255056,5.69307112209318
7277,167.047438416328,0.00500685825505673,5.62746722516274
7278,167.853091490388,0.0167289810467972,6.99742933339803
7279,166.952316453277,0.00645380663076236,5.96406232244162
7280,160.586739883463,0.00180620317197337,6.8122844784636
7281,166.719478316061,0.0155497506320572,6.28877181975465
7282,157.697157120811,0.00310787706753704,6.46962123544048
7283,165.623839763782,0.0026474809367799,6.26593291730259
7284,162.563417997136,0.00499359719935063,6.67177948193604
7285,177.37960710463,0.000867714652625093,5.36317520507812
7286,168.008786220562,0.00136007879332228,5.66022241185822
7287,177.733146977548,0.00371516473345372,4.52494966470915
7288,167.370209464751,0.000139475329197323,6.1080700417345
7289,170.756690312191,0.00718268318129089,5.01419281928925
7290,156.64140119484,0.000780074938134743,6.66773061485582
7291,164.648202246095,0.00157892991756679,5.7973763015391
7292,176.72939782965,0.00361589981192482,4.88274834040359
7293,172.435420763024,0.00444586117359544,6.61667597444151
7294,151.980050305434,0.000124057464240816,6.36928386807459
7295,163.409111203232,0.0047128621173153,8.24138878121679
7296,157.84234079467,0.00471594476961891,6.74287720304532
7297,175.452433012187,0.010609196107216,5.28525478805378
7298,152.150600843296,0.00950975334883842,11.9291005525791
7299,167.568812384014,0.00415977594523635,5.66227540720122
7300,148.54777104108,0.00132490751977074,8.58747362396158
7301,182.616666113215,0.0021278556311064,5.53197459583754
7302,142.110698705194,0.00195434225707674,7.52385662573525
7303,167.310840973801,0.000881234234959498,7.30032001487255
7304,172.038667991834,0.000729952610665561,5.24173014166866
7305,181.325616668334,0.00660235152188001,4.73276084053354
7306,157.629877660696,0.00923552311794079,8.99111612136918
7307,169.638157505618,0.00243896889568474,5.36758564686367
7308,167.93253183253,0.000355000489056912,5.88780423646493
7309,160.284092203771,0.000733507229013824,7.31592909704016
7310,171.31664046257,0.00349335009967658,5.26927172698478
7311,156.591997774966,0.00156407651115232,8.61359347246479
7312,154.479955687493,0.00165051408054859,6.80639498139933
7313,164.672855513574,0.00130201666708022,6.10436902549183
7314,154.275687098571,0.00384097740357681,7.62621427594288
7315,155.72117089738,0.00603254623186492,10.530786966721
7316,174.396462263784,0.00365676787964926,7.18696980563332
7317,166.722126692691,0.000729463346276335,5.6114817271216
7318,170.228637922001,0.000635344890481517,5.45265279623261
7319,172.246667793588,0.00821306121917994,5.9302642868591
7320,156.672873435122,0.000462488572776182,6.92068591253683
7321,165.407983929642,0.00126071371491387,7.12769096675962
7322,169.680558574151,0.00101601327034684,5.01148537999196
7323,185.227327192569,0.00673014894200282,5.42031090639404
7324,167.660352130042,0.00581864073311402,5.27580562772442
7325,172.510205064786,0.00362714621396085,5.3960989930094
7326,151.674568447414,0.00664062859941851,7.61279555821545
7327,180.175823314034,0.00141416583844211,6.36111273952549
7328,165.482914161955,0.00520125343544796,6.53852025957115
7329,171.581943609248,0.00953276724967852,5.42804408033274
7330,178.814834975954,0.0173530342702712,6.41344850592888
7331,167.061673897573,0.00234274333915368,5.87607998853641
7332,165.05038321736,0.00199358364311524,6.56836852400045
7333,172.181198669535,0.00502276215109812,4.98822811167601
7334,174.237032333182,0.00521305146120934,4.52592096294918
7335,170.255059411829,0.00152111367586009,7.03070739141307
7336,162.153266838168,0.000374998598609379,7.64169559967134
7337,169.966410911235,0.00196446199538605,4.70195830896399
7338,161.465487736384,0.00156331635454993,7.96824067794543
7339,148.669683432991,0.00138183260117401,9.96897990065377
7340,164.953529323523,0.00596248919649276,7.24482183228963
7341,149.66282311792,0.000957373263145885,7.08172551359437
7342,151.234832351468,0.000513101485457263,8.42745313852121
7343,161.288670674831,0.000819726976485273,6.27435462167828
7344,145.767912858355,0.00150333904575742,7.43076551359124
7345,161.931477151015,0.000498920663831114,7.55479511479123
7346,164.512079629336,0.00156166034321503,6.66311402811227
7347,169.129396415631,0.000778668177871977,5.15350717703602
7348,170.583791483139,0.00145092787342484,5.70662327450779
7349,161.898252045239,0.00138681061217738,6.57149883642767
7350,180.466395035736,0.00421744468525605,4.74006278578941
7351,173.708894353364,0.00402073331481779,6.17057114509306
7352,162.83297667826,0.000258436690855184,6.93912024559035
7353,171.906789583404,0.00350822348432006,4.87976419557666
7354,157.410574986818,0.00481104977506251,6.47149981027176
7355,178.934027779591,0.00392021540975549,5.73259916726833
7356,164.602076561383,0.00349722120274926,7.03402685226956
7357,173.714172401182,0.00197314077193047,5.46815155625216
7358,168.981533019926,0.00417852885924082,6.99192250345706
7359,174.35144856707,0.00324808082389335,5.83546787412364
7360,187.17690970089,0.000254596251145291,4.28841653902
7361,161.197726777517,0.00624379041659197,6.61422364841291
7362,167.277838462335,0.0118327119101904,5.95642038600079
7363,166.433594712907,0.00384662347846572,6.45965635342523
7364,164.488859782094,0.000799348433215873,5.95189788745381
7365,167.853029916157,0.00143396092207052,5.67218462424554
7366,178.15684349121,0.00148556876412805,4.54920617228925
7367,158.066159842886,0.00186095357122029,7.72726453270943
7368,164.794820585296,0.0043853606662106,6.16316075965385
7369,150.869400472231,0.00185506824020076,5.69387767014562
7370,172.359740926355,0.0035068904642479,5.71287733207503
7371,161.474893436388,0.0122172569546736,6.85983484295444
7372,160.978931257804,0.0013909489166865,7.16621505198357
7373,183.495778150408,0.00377836300965631,5.26392773586837
7374,166.242612099536,0.00273569249003698,6.402030517759
7375,180.166192389406,0.00503422089590673,4.68586197322643
7376,168.200072993589,0.000988566381670519,5.31427960888916
7377,170.786177008651,0.00273298473663358,5.17702860196118
7378,150.407500921558,0.00341923745797076,7.84050609759583
7379,174.140464635845,0.000896595770741507,5.75623183351394
7380,175.192828537032,0.00232281771365789,5.12701473233507
7381,183.141292492234,0.000476770096687701,5.5286907274312
7382,162.14690366383,0.00421537521970566,8.46230359327641
7383,175.127001727232,0.00216733060154792,4.94185736454887
7384,157.951908894037,0.00474655566373588,5.33274842326462
7385,164.872650067981,0.00118941286760006,6.43277198530995
7386,176.134701684483,0.000316530957283246,5.05819944801506
7387,171.091804703472,0.00547701041445164,5.5066145182012
7388,169.300349541467,0.00415628544857383,5.95671019016094
7389,175.160871969486,0.00225410321190005,4.65171828471284
7390,172.689099008671,0.0105398584745462,6.58641127687406
7391,154.858555741985,0.00347311374985394,7.87149463958066
7392,174.886079680473,0.00595315980168,6.75320677671055
7393,154.335588424539,0.00577943250822209,6.51697955822782
7394,177.641404904913,0.00603069106262591,4.95755966756005
7395,164.287816379448,0.00481018558379794,7.32448835149822
7396,164.49234966857,0.00202205542794817,6.09383950555493
7397,176.030620047208,0.00344776102762452,5.19394373097807
7398,171.256293220589,0.000433918973037164,6.82568706961331
7399,151.759234820758,0.00117271007866592,7.67341586209645
7400,154.705082196701,0.00136964393847225,7.54388434079475
7401,155.816709026298,0.00184024389663185,6.92681502224036
7402,163.28956076613,0.00289485300111366,6.67466809974356
7403,155.274007965143,0.00371248632969127,8.6527963692397
7404,166.392320144779,0.000257800532244929,5.98289044691596
7405,175.323295901063,0.00539173492801033,5.4338386806132
7406,167.747665377738,0.000712409814686267,6.09749520208226
7407,161.771559629659,0.00906282758345211,7.041275203999
7408,159.852379826948,0.00544924211402322,8.40982840230629
7409,150.485406144908,0.00275659684680075,6.98180487906425
7410,169.81213045475,0.00170324277610919,5.9862222311467
7411,165.284413134113,0.00216045126554442,6.49522721036585
7412,164.379575327251,0.00150783041886549,6.30065707025668
7413,149.788847467171,0.000459875313710003,6.34185906893242
7414,173.538651884543,1.8332766903842e-05,6.53988090719894
7415,161.788644090968,0.00117824697847469,7.14047474207068
7416,180.842059006201,0.00209960091083021,4.60554291772149
7417,177.063718959103,0.00526948526552012,5.31743424192233
7418,175.09479060595,0.0109920899581601,6.06428825096586
7419,149.559300138463,0.0106628902250386,7.26498199246632
7420,170.076515483037,0.000827592206192366,5.4461804187428
7421,160.636377825607,0.00390886793154981,7.688522854946
7422,175.592935587167,0.00130482372837861,5.63377377957307
7423,164.146013112105,0.000636577960051302,7.02920796330787
7424,168.927589433538,0.00677724214744643,7.68283172935611
7425,171.20920113666,0.00384521784575914,5.26358733953431
7426,166.978633910504,0.00222777230812069,5.68520778908361
7427,170.333612428617,0.0023398923670943,5.03011345242427
7428,169.493570988115,0.000688954558758138,6.24128572821631
7429,169.804948702906,0.000584018256199968,5.86445600387061
7430,183.078806987034,0.00209766254754094,5.19877846052687
7431,159.198855707926,0.00157152542688609,7.19759703935072
7432,173.335791988775,0.00523355097842843,6.23380400351427
7433,182.225522406367,0.00148811869856087,5.46591394812865
7434,172.370493237311,0.00540726248959768,6.03792173030282
7435,169.591617534208,0.00137277808310105,6.26851958324894
7436,171.212149345291,0.00701929997352274,7.89096989289325
7437,174.32552564386,0.00125616287293381,5.48926039700977
7438,183.393203009379,0.00212826994141843,5.2841630659276
7439,178.705066488095,0.00392251437627579,5.0564392768249
7440,155.137297425669,0.00536723437969201,8.84741945866484
7441,174.845213104975,0.00119046791913757,5.89992473497189
7442,178.868304548413,0.00409535406973355,4.39841852201218
7443,168.864337162955,0.000100169622293532,6.77814757083849
7444,160.06649478424,0.00336513802015255,6.74686334653525
7445,165.975251495301,0.00112451575604592,5.10003774157925
7446,153.509640658392,0.000753090876239544,10.2987187124958
7447,161.922590910097,0.00212521882020463,8.5828286773096
7448,166.470777725212,7.37731839074415e-05,8.25778517642683
7449,149.607085094271,0.000182920277732673,9.44251681556054
7450,165.415658832581,5.33124765536893e-05,5.72415319619823
7451,181.592057271163,0.00508171509758259,5.75471303703758
7452,170.911918146229,0.00200373837102765,6.39351907266793
7453,160.548406908907,0.00994628226711841,6.94377200406904
7454,161.954441019417,0.00266038889651092,5.7679905792288
7455,154.658953437311,0.000882872664666816,6.74943676927946
7456,158.480275426615,0.00116821538243819,8.369022936891
7457,170.853641921968,0.00213069648182504,8.0193772024327
7458,178.053951837359,0.0019038080982028,6.55898068258984
7459,166.430319308434,0.000322834728992554,5.50538645574605
7460,173.797867515586,0.00222387319327262,6.20052512901375
7461,162.775536901455,0.0011463613312289,6.3329235746609
7462,172.438474272507,0.00772984177583696,6.42677213645654
7463,160.832245125835,0.00565698174309786,5.94232136610197
7464,168.623721021592,0.000458460591442429,6.44334662703025
7465,169.203510219209,0.00129233673037449,6.62200051194074
7466,164.532565730657,0.00079824756743653,6.31172456896111
7467,162.90893792463,0.00877499141323666,5.61196023229277
7468,146.13861685367,0.00217514721090626,11.1708320355711
7469,179.301006907588,0.00217078684623646,6.17941743042615
7470,155.589760244277,0.00164954337746556,7.31128755345208
7471,170.871794450034,0.00143901044731186,7.26888477201132
7472,157.768620696758,0.000434466542857307,9.03642280742382
7473,174.879368364989,0.000723256959617015,5.83200824562088
7474,178.383031114991,0.00485467963939659,5.74542145554166
7475,187.320440972879,0.00299367165536125,4.65551788112129
7476,154.648966596637,0.000607089859084381,7.7506755465163
7477,165.305717821606,0.00335422719654066,5.49352262741985
7478,176.708934180123,0.00852248336089969,5.15316379669043
7479,160.013325999969,0.00185087454474865,6.18771898072905
7480,168.445656793642,0.00194405152364631,6.61768812677865
7481,166.313962927015,0.00498054026203491,8.12843113920027
7482,168.638620464469,0.000556132252178291,8.16700809036873
7483,160.559537355826,0.00191019361780978,6.44124793843575
7484,163.148475808037,0.000122464567489277,6.00029581519983
7485,180.643032533851,0.000785261134026402,5.22805509837948
7486,166.386945707142,0.000923399733184484,6.16537729203806
7487,158.833903685672,0.000109477275440247,7.90584578890373
7488,164.631237702574,0.000250782801747551,6.73889165058561
7489,181.582088683223,0.00545887072903111,5.10889638681399
7490,171.288830432849,0.000920853873920986,5.76131138841807
7491,158.255941499719,0.00464620358997295,7.20807266973023
7492,162.218325526134,0.0103779955602264,6.32068623325932
7493,160.911957253761,0.00458398000354318,6.63686056151277
7494,172.903125479664,0.0029384226761278,5.40794369551853
7495,161.739288615301,0.00531618269149384,7.28608597415856
7496,179.430410997945,0.0012345378379874,5.16766445824169
7497,169.666328094489,0.00695261680849452,5.57581207987648
7498,172.361815128276,0.00869911171200235,5.74129340821277
7499,169.746849550925,0.0119356535725748,5.22562947925876
7500,166.511313341549,0.00627323757934465,5.96000480569124
7501,147.383315968737,0.0015709701060088,7.65348715758304
7502,172.094804812507,0.00430955336361032,5.98840738409606
7503,162.109992773591,0.000897427547740329,8.07781907444095
7504,163.042931268141,0.00687676125255171,5.72379713341765
7505,178.989267617494,0.0127276908142772,5.03811196239372
7506,150.898424611929,0.00704615733212419,10.696522494251
7507,151.831173968966,0.00833404541454858,6.35402780463785
7508,175.077015404579,0.00247731741087917,6.33534495993315
7509,165.078658062069,0.00161938445192002,7.30026011787878
7510,164.379587790037,0.00732109174370792,6.23593022820074
7511,178.004600280579,0.000578809200306463,4.87393073985162
7512,161.265124581417,0.0060762642654792,5.8271457158593
7513,154.855392037516,0.0030548678218378,6.17240866094595
7514,164.221308574274,0.000971288392578768,5.83628016148007
7515,160.094876849366,0.00271543115782064,6.35275331447544
7516,168.758997579525,0.00137959376254341,5.88192569143167
7517,178.769422064329,0.000817814834010414,5.06812084984255
7518,176.618339430442,0.00329653601804801,5.41871715340746
7519,175.946207195564,0.00358960949510755,5.9579346659107
7520,173.331512612786,0.000428966095721092,6.09834889468808
7521,154.370823523186,6.92328047477713e-05,8.44902519753396
7522,163.477300389307,0.000696923210964213,8.34025867971299
7523,166.509604745544,0.0049742774923901,6.14774741300852
7524,171.12108475444,0.00357756200983121,5.41233911499003
7525,171.403522720164,0.00512160842618706,4.55358586602826
7526,167.497239080596,0.00326065025861991,5.93933366839287
7527,152.159194151463,0.00760128231827867,8.76448927146142
7528,166.488730559944,0.000928971795253343,5.39746426582113
7529,162.03445006738,0.000863957886978202,7.33061740085276
7530,173.720489815265,0.00342078943949758,7.861828271665
7531,153.93081282913,0.00275089944993796,8.56128782334446
7532,171.212837757182,0.00067596864132863,6.02583382238041
7533,167.674849995156,0.00414677061483307,5.65590163074382
7534,183.706554039175,0.00284757678156652,6.01245233876706
7535,169.421974743035,0.00160932400889876,6.19792499347837
7536,169.95032474668,0.000332866210019475,5.07294068447896
7537,174.012484343238,0.00192046281478271,5.55882010649645
7538,161.841100822981,0.00479762339695489,6.0045151655129
7539,168.10411484086,0.00105032412143955,6.69304768769199
7540,176.305561613931,0.000596852806066057,4.97360863987822
7541,157.957903038551,0.000844067807034364,5.97301874814711
7542,159.888147647953,0.000330766901636392,7.69135566164176
7543,175.83371672709,0.000767838270020832,5.4356442816832
7544,150.611467335331,0.00132932033752039,6.59051049953298
7545,173.064712252238,5.25278546002346e-05,5.92789739716045
7546,159.083627751365,0.00146872354159336,6.73604218589812
7547,175.30414075493,0.00591969191425996,4.72380334681779
7548,156.286883904036,0.00211430166428153,7.15440785338618
7549,171.216546693301,0.00297271640174782,5.3660993028532
7550,181.008842252077,0.00267304848053576,6.35547555077571
7551,166.4937858943,0.00179994493025846,8.18437959809897
7552,173.557518109327,0.00411802389870955,5.96642622151935
7553,153.97675474665,0.00146373408164414,5.96381029937426
7554,170.402229499138,0.00833784750691121,7.28761461392797
7555,155.298654928681,0.00843094133699399,6.31031163094796
7556,154.665064983771,0.00319299891665458,9.14390264913924
7557,174.581646135458,0.000614307154265841,6.15078258397168
7558,172.256621723535,0.000732599686229701,5.62092353581233
7559,157.909285761448,0.000862394890342372,9.15594947690195
7560,162.437150690752,0.00132430012944673,6.31001919612059
7561,159.99084679333,0.000249833298978387,7.58623205032638
7562,142.857957040149,0.00196748108168412,10.4647049343158
7563,161.178112332078,1.86423743099537e-05,6.23904562114226
7564,182.598062249562,5.23080758311901e-05,5.48004907668124
7565,167.617567171222,0.000171457140155929,5.44069380051194
7566,153.749598105325,0.000817529292554151,7.42766052390482
7567,166.722152579778,0.00419057364511422,7.62853209276325
7568,147.367723110961,0.000266595657122676,6.68978234196631
7569,169.872393587846,0.00327394770181967,5.92049869543514
7570,170.601887092297,0.000883010049241756,6.36632974911521
7571,165.713764276678,0.0051591488341201,7.84980652767718
7572,184.721147462397,0.0119592342892608,5.59016165783014
7573,157.587111866679,0.00155496423584049,6.60499696039227
7574,164.785699508922,0.000474966510631159,5.08437705559978
7575,174.344116348495,0.0156215595680663,6.28302505474493
7576,156.512961611568,0.000418357416988797,5.67195984715199
7577,184.021145467875,0.00705096735256818,6.71187114443584
7578,171.172562426019,0.00704943561863963,5.91818069616728
7579,176.347850513455,0.000579907162481684,6.29695826538858
7580,162.13671438874,0.000703880238553843,7.96567681603092
7581,150.593679278903,0.00707020126025151,6.35991649454514
7582,168.070574171682,0.00038299123819706,5.14812278189842
7583,156.447941749171,0.000365069534109988,6.72430762017291
7584,163.00197606757,0.00125574383349967,5.11049804525308
7585,162.035404915674,0.00346209363666862,5.6633487876638
7586,167.228120463909,0.00725935772862597,5.48725090414253
7587,176.983415299458,0.00269988137409171,5.7448883294912
7588,174.65178564942,0.000104240485189763,7.01348662003763
7589,177.989111390028,0.00459240918785106,5.77358377916646
7590,156.48697398172,0.00289269081781756,8.44807301840182
7591,173.829272059741,0.000227562914192773,5.68883430255611
7592,173.804487728268,0.00213415984652513,4.69071385853905
7593,194.916619473153,0.0113653287784351,4.30703568787887
7594,163.078951611532,0.00454308301852906,5.31585316131872
7595,164.348542137576,0.000148350873264178,6.7662127241929
7596,163.668540168481,0.000413958283920923,5.91307373749706
7597,156.014050197136,0.00477707053383762,7.07072807766625
7598,154.508514548831,0.00190349431105424,7.71532295873916
7599,160.3514542946,0.00179334805345245,7.79485217079579
7600,181.040133247804,0.000825493599730678,4.52227491814806
7601,164.107113683851,0.000411438099653969,5.41137308836968
7602,154.200345426688,0.0026223895462175,7.77900437073877
7603,154.415925979476,0.00619849482466939,6.74017919746188
7604,173.698508213665,0.00143836256352165,6.63848954162883
7605,168.985205323074,0.00397754421224316,7.6130146067956
7606,146.858559584453,0.000570214434844081,10.1420332128247
7607,154.996204153365,0.00773312874476524,6.61277896880612
7608,160.742928287043,0.00851453715427256,6.14789999809394
7609,163.760105982685,0.00139118455174503,5.83805869097613
7610,173.878153651549,0.00280705319258332,6.34216257866964
7611,152.158383875194,0.00458735720649595,6.92950517880047
7612,181.774327263656,0.00451035460539092,5.14205934674574
7613,173.291729497304,0.000259925925675107,6.09686603267606
7614,161.070313024477,0.00132693177966642,6.87219996788387
7615,166.202820899307,0.0064996296975624,5.59074543056485
7616,177.077794745817,0.00401831161848142,5.00932503351371
7617,173.6630240964,0.00136937636223916,5.04006007728097
7618,159.551873264322,0.00719588666149496,6.55550670527189
7619,163.257222912312,3.7620409942113e-05,5.48501137326184
7620,177.187826868024,0.0115865853843459,5.55897905806956
7621,172.483881366385,0.00606878319219164,6.28199095449088
7622,160.574116887356,0.000906842542201177,6.71782349328438
7623,154.196071219076,0.00326289641555809,6.27364785382997
7624,152.505826147104,0.0029635685548137,6.99288249707868
7625,161.410642649869,0.00220288624774245,6.73125784983068
7626,161.364780618877,0.00769422791814731,5.53199976759925
7627,187.640114926244,0.000776833285001912,4.36372517735126
7628,175.368331379139,0.0137657274004094,4.9962812502842
7629,166.357793499929,0.00508252464596501,6.18477933636454
7630,148.278870066052,0.00113764245972176,6.46435827529867
7631,171.303248361849,0.00442509910025399,5.25753052369452
7632,152.066701272351,0.00432786701547018,7.32642049370661
7633,163.957923705017,0.00200526691781748,6.00593474734113
7634,188.580224919326,0.00278907462924634,4.67168362408527
7635,173.895475847891,0.0159833242756399,5.85898251466522
7636,175.482120653646,0.000988466963565104,4.43204397413498
7637,172.297475541866,0.000710501526646497,6.2296791356633
7638,174.070827314411,0.000176910635519552,4.98137061106068
7639,163.040860815522,0.00142615696427484,6.87342902925184
7640,168.345053798424,0.00256813462569802,5.55088224658067
7641,165.953430742514,0.000543365783647536,7.73194867992289
7642,157.648336479213,0.000106378442798982,6.80542227400784
7643,166.101635969947,0.00139764933841655,6.40341587999979
7644,164.459915371262,0.000162346234002266,7.49249209331717
7645,161.855939177864,0.00243847695665984,5.25718482690827
7646,160.491640577486,0.00264060507775848,7.5654195332056
7647,166.570540041104,0.00211923850151337,5.90707055306858
7648,154.900722059801,4.01588171424419e-05,6.84676200106698
7649,170.571955766306,0.00889843429610713,6.42523973337503
7650,138.024371471069,0.00275297981704096,8.09038632624426
7651,159.955048926402,0.000706618921908992,6.16421409587277
7652,157.089888599446,0.0139211720230927,9.06816123995833
7653,153.991377140415,0.00750408678335981,7.16701852299786
7654,167.373952992176,0.000114703815338897,5.55720313662176
7655,165.946373594894,0.0021477240228975,5.19096508062326
7656,167.800490094161,0.00288337942114265,5.82755578404633
7657,173.76995484332,0.00353955407085592,4.70721004141612
7658,178.035257336632,0.000315413416595749,4.92476286111636
7659,160.497372046212,0.00638677324407675,7.13408210284329
7660,172.335748017723,0.00683282841473494,7.45133711568754
7661,177.377253776081,0.00130839768840341,7.40171520658535
7662,161.277065677735,0.000139393878812291,7.05164296066867
7663,167.980459132214,0.00695108597809345,5.83168249643891
7664,174.812890957636,0.00249322961459896,5.77681899069223
7665,169.21046017741,0.00855857542031859,5.49191949706722
7666,152.22002723646,0.00116711387633146,8.04601223389013
7667,155.874168818276,0.00119669158165832,7.56962387205088
7668,159.948733697339,0.00145812023754607,5.61596809531252
7669,169.282685410982,0.000802001609531866,4.78939858469798
7670,176.582445489663,0.00475881016024674,4.65478305739669
7671,172.374203861164,0.00199780212354957,5.29595483729426
7672,167.750296227204,0.00395223376221432,6.10104422115717
7673,166.772601096998,0.00851079274480545,6.78572334878288
7674,173.437566890576,0.000235559074538906,8.48058470547175
7675,181.929369337538,0.00337900559876313,4.98816010459516
7676,177.556074467423,0.00128649980153709,6.28811020015605
7677,168.901682033859,0.000332285069035585,5.77823071179425
7678,162.583430957637,0.0030755333459629,6.48101230979591
7679,186.499389139674,0.00563674381361099,4.49879741699599
7680,180.828225380413,0.00129000096326415,6.1732467317482
7681,181.362615521397,0.000753628580080619,4.92691008334584
7682,179.58932698269,0.00663359800592599,4.18687513526266
7683,173.960433709101,0.00447017914753504,4.83312603454265
7684,166.607274298298,0.000291993800483135,5.5782905396753
7685,167.613869533411,0.000655942160623137,6.55420207138648
7686,170.303339666731,0.000164741355866773,5.59744264425575
7687,183.762336611549,0.00460595505026254,5.8603274546004
7688,162.203459742248,8.8766856353809e-05,5.3320084989824
7689,174.95524660086,0.000558334579793926,5.97582336146212
7690,166.626735765435,0.00439666231292848,7.99971678680492
7691,159.28880270691,0.000975231185898749,7.45140468672071
7692,149.461853420742,0.0039201431205644,7.81285885517352
7693,148.835654150832,0.00487721805808051,8.60788724867672
7694,163.13974895739,0.000979363276307252,6.31482234283695
7695,150.498298921777,1.61520378152055e-06,9.54157509375854
7696,157.875271178318,0.00326778767539938,5.41058922590658
7697,187.275998492846,0.00302938480989818,5.20975029612908
7698,166.499958396989,0.002747086020602,7.6438702734219
7699,167.723749268605,0.00384914055131233,6.12775786209583
7700,182.518135216165,0.00394623335814079,4.9324195476088
7701,162.589404985756,0.00245709979067692,7.61402899887923
7702,164.866503419684,0.000547526287817954,5.81023420624184
7703,172.497315746003,0.00239428143224046,6.46102797398013
7704,151.018042543707,0.00518569315334763,9.74787069329663
7705,160.672432120329,0.00137360302295561,7.86118064766484
7706,149.718111051682,0.0059238041757174,7.92678342628405
7707,173.464846880724,0.00167747512494052,5.17176602176746
7708,165.005455459326,0.000183586257432072,5.9209990491241
7709,164.914879488675,0.00151336385515633,6.3317964281955
7710,158.057034997247,0.00276363667477491,6.50171818177019
7711,168.107423453421,0.00170620859881255,7.26321732355985
7712,166.355435478739,0.00268521582536998,4.69642819515613
7713,168.054734858964,0.00143561127959504,4.8916269701046
7714,175.215796426307,0.00349968503473609,4.8958092346657
7715,179.163377137723,0.00259894687234064,5.99090257280082
7716,174.636339198003,0.00236309954623706,6.98526446628037
7717,173.024959326071,0.00132567382143312,6.68874427125983
7718,172.443018618987,0.00389531707920679,5.08990221866779
7719,167.416825069729,0.00087985446293688,8.549183364186
7720,170.173269939547,0.00151697286587889,4.88719956244641
7721,169.818915856421,0.00257855053775179,7.55807948452765
7722,157.344011697855,0.00483386653311545,8.70850971279238
7723,155.391466921645,0.00456241617460548,7.20819662238589
7724,160.054588449607,0.00049305200511501,7.9855108852442
7725,170.005619804357,0.00170871145951764,5.01756331240812
7726,162.455312661519,0.00784376430893584,6.44297017009738
7727,174.768241138189,0.000735967957190665,5.24395030877262
7728,157.756206180148,0.000181971902880758,5.94197994017121
7729,169.86579316968,0.00114613243117918,6.65905822143481
7730,166.657799521799,0.00205568959447792,5.22325453735237
7731,165.990593044361,0.00347174963203612,7.66455968515006
7732,178.923432227304,0.00164640492937335,5.00116974675007
7733,175.615334861848,0.00177885820511972,4.83619546747297
7734,171.130220711191,0.00368002771707597,4.71050308752424
7735,176.317808125396,0.0012632531065819,5.0371524088308
7736,167.201873455844,0.00643530443160125,6.13852789547259
7737,165.94169819026,0.0032774505772047,5.66167668478345
7738,161.905798919731,0.00197657768233937,4.89010640923628
7739,157.418605393856,0.00049460005266311,8.42699006943631
7740,161.077970003919,0.00372524289188091,6.88568626506759
7741,154.337636808537,0.00521023729350657,7.64298666221814
7742,153.572077777284,0.000505338727849055,9.55933740740463
7743,152.24872850658,0.0019114664361344,9.08346688704368
7744,163.416959803852,0.00343042481300092,7.01619437652176
7745,144.047945685865,5.92627483368412e-06,9.71221637314394
7746,173.639638485536,0.00126281641995397,6.02525756196208
7747,152.570239037554,0.00166162960494791,6.28626177319102
7748,168.024226577354,0.00424819184063914,8.24619304823777
7749,176.612583801159,0.00399857090091729,6.00530520293557
7750,162.970464993655,0.00254151564206754,5.54989029612943
7751,162.907162210947,0.00331802697251745,5.99320576440639
7752,185.389655055413,0.00720544063452659,4.93761236730293
7753,158.708524611793,0.0018487530190219,7.57540206446665
7754,163.567492225911,0.00436677788265763,5.87697660092165
7755,161.932412565374,3.28282084507055e-05,7.2134380566464
7756,171.044007601353,0.00438497498532875,5.99241919163684
7757,180.042836919389,0.00283277297133807,5.30278739192637
7758,154.229195402683,0.00469461345913391,9.54833939972976
7759,165.441341066529,0.00446409311922025,6.36660676548306
7760,179.325944613083,0.00213550704931493,5.6092955724623
7761,176.961281592141,0.00366246083509511,5.01500492534909
7762,163.568458767432,0.00392180494379649,6.73982938045522
7763,166.595854731093,0.00981834956437242,4.9444267223614
7764,166.262345272308,0.00843721159417456,5.275355478359
7765,168.173240640947,0.00537124138133294,6.29813891931694
7766,165.392699196158,0.0036900181230528,5.81485959466764
7767,162.753300346246,0.000299589997912076,7.8567645357906
7768,162.682533329696,0.00639085189657472,8.19142507331006
7769,165.589667736892,0.000163964924407329,5.23227302970788
7770,160.065823290325,0.00119766492814618,6.53694594387169
7771,150.722796974058,0.00169108858495294,9.02650624703931
7772,177.681684433131,0.0010512995156023,6.03595304069077
7773,159.716313184854,0.00213030020812227,7.60462001306815
7774,163.853487638056,0.000382826329503224,8.13898998078117
7775,161.570811777805,0.00365147959262333,6.83745077563396
7776,164.270765782204,0.00425735921796776,7.3084455960628
7777,162.279526219302,0.00140802340174156,7.54761996775068
7778,166.113505563714,0.000387028950951743,5.45921617315184
7779,175.44519556497,0.00323017532059519,5.61516208314953
7780,157.356372170405,0.00704549769981901,9.59818769788302
7781,160.00476871426,0.000582027238418887,6.24810629142144
7782,171.274119078369,0.00345000636153577,6.20181867523308
7783,174.185512552569,0.00211562036977646,6.97653600260346
7784,183.661207160687,0.000981819871906174,5.2712814205386
7785,183.637957914643,0.0012166410607986,5.34051702913944
7786,160.611345279724,0.00224350041933186,6.457096900232
7787,167.800707406063,0.0071869161221744,4.98817406337534
7788,160.834479949319,0.000438115898309356,8.17134212131509
7789,165.131435819413,0.0010232528244684,7.14801121249803
7790,157.782819431229,0.00101593136946564,6.07828438879227
7791,166.001422557512,0.000331652978169699,6.74722292114762
7792,174.694094560533,0.000581903455737,6.91180591515939
7793,158.106433572201,0.00436517559069076,6.83446516250113
7794,173.686455534149,0.00119899287899782,6.39949926016615
7795,162.607760653911,0.00102824869778518,7.71115656965598
7796,148.7171795604,0.00658570199117972,6.17588074527549
7797,171.905809044587,0.0105458635363563,6.22108521523828
7798,165.192750631512,0.000381054822317687,7.30208963958465
7799,167.879035456624,0.000408719646928841,8.6722346340978
7800,157.630369449606,0.00473122219567362,7.66036007527132
7801,168.375357606853,0.0013926389682881,5.63062007426998
7802,179.748106275456,0.00193427179878846,6.05624792262701
7803,171.056255208792,0.00175214326777121,6.0653189402398
7804,166.737580766522,0.00407299580490691,5.5985972500048
7805,160.228249618751,0.00719432547725142,8.94841782919052
7806,169.465368334386,0.00290901817510733,7.76520463838468
7807,159.304501125043,0.00319341267340026,6.02306478942061
7808,159.136546635776,0.00138810331637805,5.36829367412555
7809,179.439525927392,0.0075110494112267,5.06318222828512
7810,171.1503040724,0.00650370380926443,6.84991614709839
7811,187.20064837652,0.00583341930801357,4.3666964546865
7812,184.831390158197,0.00379045772352494,4.60730231439015
7813,168.72883190929,0.00076483308373141,6.84146816894969
7814,163.498816831778,0.000469038450625484,6.22278617611019
7815,165.487947906344,0.00381229317341245,5.76107640986515
7816,170.043999724629,0.00178516925201407,6.25483080349207
7817,163.418700550663,0.00298208918047139,6.00921328696985
7818,153.724184172473,0.00210340370450211,6.05320692463582
7819,168.104154217649,0.000868206606823176,6.08493125436606
7820,178.574182449786,0.00340820849793135,5.29511520312606
7821,177.792360348217,0.00177947235826613,5.66761483260277
7822,171.721629576216,0.00363399125228814,6.14509950363446
7823,160.057563456412,0.00102627331437124,6.34667030653143
7824,162.353467260477,0.000360781452853949,6.76130062852854
7825,170.268071162103,0.00341328469251107,6.17670693583894
7826,166.987519022973,0.000661669748463591,5.74105435691052
7827,163.153444559721,0.00359657126640864,7.36280890205349
7828,158.992185014333,0.00228473531440118,6.61501997791207
7829,162.683661957527,0.000696747626152938,5.52124058080857
7830,159.551955447782,0.0114966608810608,7.39548345112694
7831,168.879861847384,0.00234824029714531,5.70004123500702
7832,165.225854675524,0.00249749145531053,6.39308812026496
7833,167.636642716098,0.00206685132605007,6.48293348795207
7834,163.505355529623,0.0014241849459779,7.19835810166356
7835,162.396145408485,0.000381993701922267,5.71539737661445
7836,168.165349024537,0.00243690413775842,5.752258701988
7837,156.884545256755,0.000454456130665101,5.69995184958288
7838,167.526634255073,0.000185873326580494,6.19924261596561
7839,177.527466254349,0.000224294852300372,5.79369209770428
7840,166.582368441971,0.000601420460126974,6.53769037090081
7841,172.427150945519,0.00315391467856531,6.17524388124992
7842,164.938093591589,0.00134009844030259,5.14376588347626
7843,177.128964014511,0.000315368364418446,4.04868327569808
7844,164.83173607846,5.42032300461368e-05,6.39631202074546
7845,161.727470827823,0.000941969970493458,6.45563490188288
7846,155.483163601421,0.00280290866461388,7.71204277981721
7847,175.264214172675,0.0032863917854084,5.40855921802979
7848,173.898825075119,0.0114427042177973,5.72004347750984
7849,163.345569457169,0.00065610724799958,5.61267926329516
7850,165.735111054814,0.00383428586127738,6.41787741558598
7851,165.829250402049,0.000409294454770977,6.83372109959293
7852,157.596933873562,0.000863976088345833,9.0426261858457
7853,173.555753722287,0.00132017040013609,4.98402318127908
7854,147.670231953618,0.00055014446303143,8.44552328505467
7855,153.404791934667,0.00393260114088887,7.25665496891556
7856,166.64623674779,0.00467101726101336,6.5089398038206
7857,152.371116570083,0.002893836201337,8.50701094849209
7858,167.965441422945,0.00360880155771445,4.92681489088313
7859,171.597799896893,0.00147903391581692,6.67481062798171
7860,163.899104943259,0.00854576728978672,6.82861802843963
7861,179.142380184839,0.000679691219362412,5.10401624613142
7862,163.968465138721,0.00272188495015191,5.96470643650426
7863,182.910553574066,0.00401602928338053,5.53762143188434
7864,189.334953538877,0.00166779274063435,4.14956932465367
7865,157.022089831641,0.00166098244380004,6.58932498277378
7866,172.180444918805,0.000711226057846814,7.52543055470191
7867,166.363844814903,0.00220017919441893,6.14159185335835
7868,154.915449534169,0.00492915491577571,6.85804282461659
7869,170.031471170141,0.00298374897453999,6.09672116776723
7870,155.046522264157,0.00690478451908594,9.11024648002161
7871,161.934542818849,0.00175441804730731,4.92822189786622
7872,156.958546793386,0.0010596323514749,6.9494522740031
7873,180.622693103014,0.00195086707450067,5.56791360358505
7874,171.312790430686,0.00142291351124441,7.46637953357346
7875,152.193004169225,0.000781689251473557,8.93816037353647
7876,160.267280185271,0.00778857067831194,7.08936564607452
7877,165.916185528063,0.000819132480033221,7.12110822524978
7878,170.095087063187,0.00039367375677456,6.26682422433495
7879,170.460837616033,0.00102216974656885,5.89874882484989
7880,185.483941212429,0.00739802504529272,6.37780689964648
7881,182.71694135958,0.000443711669653986,5.81129156642367
7882,158.530545518197,8.75173689723709e-05,6.11461109505442
7883,187.171851457614,0.0116661021550699,5.37238856382653
7884,167.018950212251,0.00588742987908406,7.19227444336379
7885,165.992583584725,0.00145174005587523,6.0319588753276
7886,159.800862712026,0.000502607277442757,6.15357192941714
7887,181.466299064114,0.000617531599638874,5.07339999166382
7888,165.628773507503,0.00417064892849372,6.17769910445808
7889,163.322390395158,0.00292540862482971,5.83701849918362
7890,167.171665626877,0.00135771502583779,6.03648395662029
7891,172.895897034251,0.00179052546456505,4.64599648078321
7892,179.302928857818,0.000835386867007722,5.82518031815089
7893,177.290900878395,0.00285421620646925,5.13856097547974
7894,157.498917416693,0.00184140140293791,7.20923288918187
7895,159.186867896689,0.000937861458139758,6.16507169869077
7896,173.330236934126,0.00381114100566221,6.82160164924067
7897,161.926991632636,5.22545978869029e-05,5.4852692992247
7898,159.114265090053,0.000322594952176234,6.00352817262155
7899,158.007618935521,0.00190833682879822,7.828008255856
7900,152.626382796347,0.00261970113284653,6.69348215087461
7901,174.073001375943,0.0116518875141897,4.73325748279271
7902,172.889486568974,0.00172260860770893,5.02397345561246
7903,166.238936297771,9.221367369779e-05,6.36476448010816
7904,165.688467804902,0.00140306643154776,7.59781395542995
7905,177.871157250485,0.00145000631729436,5.84995833631318
7906,168.18681151033,0.000849696014662067,5.02357691614486
7907,162.403595865152,0.0115369504263651,6.28072224090825
7908,168.697540560805,0.00200837874036339,5.68933412899559
7909,180.244842990834,0.000718311625315146,6.79904069540165
7910,168.658717614827,0.00155996803164094,4.50451922542144
7911,169.960908453532,0.00077127513871679,6.59306199257118
7912,165.811943854417,0.000618127617600143,6.12896102219582
7913,167.854636721462,0.0040286817887584,7.22683623801019
7914,166.914558948244,0.000727130997947949,6.32747934487138
7915,165.896283458686,0.00422103897966941,8.54391239469743
7916,163.283015162122,0.00665900105245001,5.98591453127038
7917,170.082138207826,0.000211425234096575,6.90211295496082
7918,179.947337260874,0.00203334116110699,4.64200261885749
7919,164.762202508174,0.00278336433497183,6.33268586013923
7920,165.095033448221,0.000325317276725352,7.39215574890694
7921,154.373931320963,0.00285380500033195,9.10482113886105
7922,175.352273748052,0.0110592775102625,5.46453816350209
7923,172.297135540231,0.00624649094268373,5.92122007146821
7924,174.204298342962,0.00195672098835802,5.77416859411973
7925,185.828263987005,0.00949823291263438,4.89176275170686
7926,157.366350118043,0.00433675542082105,6.73269644429923
7927,159.178875500213,0.00046607520450092,7.04509638997863
7928,169.516276580734,0.0013419407752099,5.99926115552036
7929,160.118894744844,0.000110548297302426,6.52531889905974
7930,162.814730929007,0.00111510464825986,6.47434223008304
7931,180.365117407322,0.00210769555645727,4.82104818799666
7932,168.9578359575,0.000838666573683954,5.27426663181026
7933,160.356122004151,0.000267579967482862,6.0438447271666
7934,151.64310648027,0.00196879554146837,5.84048845486708
7935,163.931395596267,0.00106770866411777,6.0792825436332
7936,165.235286425217,0.00177586171037149,5.65125804298601
7937,159.464915181446,0.00289077418901951,6.80240110224764
7938,165.096174511955,0.00528171058547971,8.24633955890894
7939,167.635367389307,0.00228206200421493,6.8774257625447
7940,166.654728611629,0.00142537950766368,6.01042279167777
7941,161.778127233566,0.00710836241307617,6.18894011257629
7942,160.975222183543,0.00479352865527531,7.03028978837233
7943,167.72831820939,0.0115165515884405,5.25277911433978
7944,154.813190440203,0.00165057425157907,7.13988691375889
7945,166.156779949226,0.00335867243897327,6.79526050514386
7946,187.868421943061,0.0121135000926372,4.31640642762554
7947,168.121727776347,0.00613682871342646,6.10866867672982
7948,164.386549016935,0.000121577903024212,5.69381247437576
7949,157.969152343773,0.00251428964617497,6.54064059734305
7950,163.068349035974,0.00162322081605998,9.94301648158911
7951,153.887456238481,0.000515519291968449,8.31656249050653
7952,160.70105286177,0.00232900108354369,6.63668943774654
7953,173.948023960032,0.00225488844087218,6.37510676703503
7954,170.742615625287,0.00233455547239688,5.33040419904908
7955,173.14767470013,0.00220825824550958,8.44527190935814
7956,172.809885442181,0.00153649516353848,5.79244720324728
7957,173.527795107751,0.0104104629449173,5.05457447536093
7958,163.635163516985,0.00300577688266522,6.87951563778428
7959,176.852766769037,0.0018268007537342,6.17678624904745
7960,175.316083068401,0.00176286397397065,6.52707715943164
7961,175.023151020594,0.00333072097288278,5.90064699871088
7962,172.833521217553,0.0243570526477636,7.20927227488617
7963,170.814731353017,0.000844326907832583,5.30575012645362
7964,156.186414889824,0.000667135035273896,7.03681530181769
7965,164.613667359842,0.00532851377512446,6.43820401361782
7966,158.189016026054,0.00153158775205514,6.52385653063349
7967,167.299139553844,0.00552240985050766,5.97899305337309
7968,153.269683185392,0.00792880758300632,5.7624900572927
7969,167.186574595968,0.00696128076976744,6.5924612759547
7970,162.108424602394,0.00114127423202699,7.6900720541611
7971,159.667391700449,0.00052787468106327,7.72018635690445
7972,158.385166440686,0.000261118671035047,6.36804116897619
7973,159.864274013495,0.0014335303539494,7.3662333440531
7974,163.992424442009,0.000706798272554242,5.91326677975549
7975,170.640993935437,0.00805127271991048,5.77721399547008
7976,161.094802771804,0.00325417110154237,7.76723121127764
7977,163.019036240328,0.00188141468789673,6.42034601813367
7978,175.054994898171,0.00183804837894983,5.22168715850368
7979,155.817569160914,0.000413574426021683,6.45515693734989
7980,152.020536276583,0.00044681420268662,6.7096448495221
7981,162.218360166102,0.00100005782114956,5.4433934522771
7982,154.898398450936,0.00227923959709438,8.17763623536374
7983,162.1527587236,0.00071220387093025,6.02022676413465
7984,174.326326882745,0.00105677925152327,4.84463408807066
7985,163.892107668538,0.00693360004401094,6.05472944271844
7986,161.680243555788,0.00245792923508615,5.98147283037008
7987,173.474510852784,0.00057392825770776,4.35970650691404
7988,161.929863967417,0.000833996235546624,7.86795461936829
7989,151.637865200888,0.00129041353516936,6.73788172298446
7990,166.83277689119,0.0023790053673841,5.97046820002001
7991,161.732373609187,0.00132699029349505,6.44262891143029
7992,177.964721898334,0.00666782088600531,5.5824669983207
7993,166.224063917597,0.00120404010395417,9.51576578878815
7994,165.810903891468,0.00218991006369515,7.57870829849472
7995,165.587550812114,0.00339973489162519,6.01844897796249
7996,154.541104449671,0.000104341028844433,7.19176685767542
7997,193.43903211293,0.00500164169924533,5.08639052460051
7998,173.813789890878,0.00689656623793914,6.6278899041058
7999,174.017795692862,0.00277903892502467,4.99463912571715
8000,163.318246217396,0.00195887399026854,6.44502416941456
8001,170.498759324667,8.10305010111254e-05,5.06899920644521
8002,157.20363682953,0.00126230071302938,7.31689743551963
8003,179.77157382411,0.00686245388345204,5.20375450472902
8004,153.743259592748,0.00303227150573442,6.29774718125592
8005,177.756434168684,0.00171671516012015,4.61728497461378
8006,155.424379873946,0.00549287511264268,8.49379466205518
8007,168.171628048434,0.00183872890056597,5.81626853632448
8008,160.66038649177,0.00506234953483762,5.88359155559193
8009,162.198694406322,0.00142239840784769,8.80264876871393
8010,180.160657943881,0.00515406053104126,5.81358807131753
8011,169.36918755804,5.65652387656273e-05,5.89433165513421
8012,174.933182248822,0.012621485552587,5.72618344899375
8013,176.6618253949,0.000729175062019427,4.88197555608694
8014,166.318835317372,0.000685161621158641,5.54814449684831
8015,147.789974714918,0.00313780292272338,7.95727294640098
8016,157.959883673053,0.00646460086898806,6.06965452136671
8017,164.64287856867,0.000443087738670054,6.12972886211852
8018,151.471365085155,0.000599488640622015,7.70533195665534
8019,177.789417033125,0.00617655624851341,5.10283640370243
8020,155.35477415582,0.00652949222691681,7.95596849112322
8021,175.577827409317,0.004502984930921,6.34390155315301
8022,183.570318788865,0.00201711732702866,4.47120642988276
8023,189.676756613461,0.00941095890408533,5.47568737723437
8024,158.636671521507,0.00095727218872313,6.74373049617838
8025,166.025866314659,0.0063424537947415,8.17518823328997
8026,173.017203175873,0.00137312868829486,5.57051300422594
8027,158.725791512954,0.00316941612805964,8.85773499734444
8028,170.018809532076,0.00657777290017794,6.0761170172808
8029,160.063670793453,0.00131446485577541,6.79183911084138
8030,170.07843651825,0.00440422994708487,4.52862658488317
8031,161.445622653844,0.00747530376202757,7.45542890296478
8032,160.851676870755,0.00164152705471023,9.31398829008865
8033,171.986024978248,0.000309423247449402,5.77562773228398
8034,165.534516970345,0.00296044497916588,5.71240660749087
8035,168.234458717423,0.000141961920766451,5.15346857999673
8036,173.291488120069,0.000274069335923248,5.19966611076717
8037,172.490217220998,0.00305906588372465,4.96126211405992
8038,166.449859569673,0.00338374508459416,5.66881336716602
8039,157.140908370895,0.00099170995503577,8.53984669438826
8040,176.824554114139,0.0173929626128489,4.91129378890859
8041,172.278658820133,0.00215272562497064,6.67994280888159
8042,161.611300769744,0.000955424382855324,7.52656027319293
8043,166.976797831308,0.00152733779103904,7.29143836069417
8044,157.209072504666,0.00180835639560053,7.18547363708209
8045,165.119195286091,0.00227569068242564,7.03025197627099
8046,171.94486846279,0.00735603641398845,4.83867634857486
8047,176.190455273174,0.00479321452155416,5.82405058974487
8048,178.654492258527,0.00492402673588925,6.13756153608019
8049,163.043099890077,0.00385378480358398,6.64295742403268
8050,177.126924156741,0.00388435965220579,5.37048415859871
8051,161.37521560473,0.00331178758073988,6.75332609354878
8052,165.906265985502,0.00156873828887822,6.31610950001383
8053,170.959230319387,0.016357099507165,4.98531578754105
8054,157.938524504557,0.000642495332826771,9.16725694081763
8055,164.42124409104,0.000221148707019524,8.65723253357826
8056,160.92116786258,0.00107887409260307,6.7511821956687
8057,157.983201087207,0.00623814170707504,5.89660232502269
8058,166.987189751987,0.000743751868731107,5.62099697566495
8059,157.470519774501,0.00206613325918688,5.08868774309701
8060,170.143929011134,0.000578397289482819,5.7220938209369
8061,160.428751481371,0.00312306868204469,7.7954751299258
8062,169.215418604801,0.000163784926602479,4.39915690493103
8063,171.160047113823,0.00182523239868062,5.27476428146485
8064,166.777036523146,0.00148373617329853,6.38570206512308
8065,157.114927341614,0.00125662901935882,8.09075792791788
8066,152.813852768269,0.00405461266194111,6.03935204517065
8067,156.980868851606,0.00184443876654771,7.61839539629742
8068,163.189927346116,0.0022002443395956,6.41273207143386
8069,149.23096660267,0.00177093798378786,7.82335007202387
8070,159.962081892609,0.0107230681660095,6.06693671976587
8071,177.462935685188,0.0010752155952829,5.35287379797107
8072,182.954720816304,0.000934243728269166,5.02076228624932
8073,171.185862999665,0.00374051822651857,6.10907570074275
8074,174.948509956716,0.000761284833879256,5.93230656405126
8075,171.576720393971,0.0052327591831944,5.51701104919002
8076,177.44333145234,0.00412535094466718,5.29994843359616
8077,168.738748694576,0.0016053941943943,6.52172169037066
8078,158.906709623067,0.00051958813808568,6.72080967386947
8079,187.803348298489,0.00755450046069479,5.51136735766862
8080,178.348498487919,0.00555759214013275,5.11366895212223
8081,150.993201170266,0.0015022137700716,6.95186744656136
8082,144.810089763822,0.000464411354634075,7.92614534244803
8083,170.251506162934,0.00182426748101788,5.2725966688594
8084,154.667528886429,0.00729673196806471,8.59632998948675
8085,167.70564758544,0.00426153790142689,7.18980686287259
8086,161.687740780155,0.00308476876049964,11.4838999847653
8087,166.671979857782,0.00142140969542273,6.66121617805833
8088,168.31746584525,0.00750997928741282,6.71260968354019
8089,162.464490265842,0.00389451298488525,6.35654657029601
8090,181.698899584374,0.00342253940639589,5.12438997334874
8091,178.659081294835,0.00257439740980044,4.7431490410626
8092,156.491782052002,0.000801246448173167,6.46789315136389
8093,155.464750368113,0.00881446550802004,6.12242084655774
8094,161.530704321557,0.0017931621450859,5.79144402107765
8095,171.083731162074,0.00575335908344944,5.53771635995207
8096,163.526047153317,0.00175571170568469,5.89066133302115
8097,156.69059638545,0.000139321309946981,9.05902661296357
8098,160.05585073237,0.000710991350434034,7.98104961318421
8099,162.98972792588,0.00814045305792182,6.93321366480196
8100,175.825600485828,0.00126321194891111,5.7016964990614
8101,181.5943437307,0.00971151362570605,5.21271637549112
8102,162.099525843645,9.40772196732086e-05,8.8024263337601
8103,165.183947513871,0.00162925444164328,6.53214209200283
8104,156.416308504149,0.0030287434599594,7.61666186691459
8105,163.045210220322,0.000362433164124219,6.84352804918488
8106,171.484848969309,0.000758654900023968,5.3047450525128
8107,168.646753962,0.00123001112068202,5.44557370303459
8108,148.357617165883,0.00125446906296356,10.5059659472856
8109,176.29357017121,0.00694672648155281,5.59764323527001
8110,169.5360383924,7.78342580337079e-05,6.03738224491645
8111,158.530548932315,0.00055254620291044,6.70873950947441
8112,190.459193570968,0.00137609126973415,5.01288787565634
8113,176.24987370539,0.000237597988922536,4.84886398269489
8114,156.489923241966,2.87491760012113e-05,6.52302399055651
8115,191.602892300031,0.00530488189746122,4.07260433705454
8116,183.428830870728,0.000204650907475125,5.69549416173534
8117,163.763745521196,0.00323538593934407,6.31150517857385
8118,162.21247422285,0.00354427243303952,6.66649024648722
8119,163.542932559748,6.70564342493347e-05,6.64231940481421
8120,155.225561257291,0.00193997777256631,8.02865491871198
8121,166.292290017647,0.00152225045955149,5.92461237244682
8122,170.183890646429,0.00194130892222973,5.17112726354723
8123,166.557023080826,0.00120130223713578,10.2974086703917
8124,154.80781400175,0.00257461491139746,6.54500353318243
8125,166.910848257227,6.18146280293268e-05,7.32496855105823
8126,156.4344628205,0.00330760233880277,6.75053929892804
8127,162.640094144741,0.000405891186681086,6.10829223609321
8128,174.341086673504,0.00126054482748134,5.04978713596309
8129,167.383792593356,0.00101203438016629,6.87437167599648
8130,172.410769771624,0.00212689272145206,5.07383798117964
8131,179.056275650928,0.0019029737205455,6.92199694319602
8132,160.422827424486,0.00425607674163391,5.72545669962815
8133,173.539770299501,0.00200771038802678,5.09454638079527
8134,150.076564201205,0.000405891643836409,7.80873210678566
8135,181.842525349578,0.00576641995821831,5.25319868866878
8136,159.104335717037,0.00249951528352217,7.22045201807375
8137,176.074173999318,1.79496922167151e-06,6.0553864063164
8138,153.092938241653,0.00323423062647939,6.40904362317278
8139,160.28893844037,0.000285628674514239,8.74717832028372
8140,173.615873781493,0.00999095871339284,5.51892682105344
8141,159.978923655909,0.000588474768503423,8.23416993661674
8142,166.145146942036,0.00528669888666262,6.50843849420478
8143,182.48351175724,0.0125670593422524,4.66019440012344
8144,182.422006884729,0.00150424921162133,5.44657469591407
8145,153.644919215405,0.00449583719754178,6.27620373939157
8146,162.663252633056,0.004390478644398,7.41074192374862
8147,170.549404192665,0.00251174102396347,6.27467371162188
8148,189.522514605265,0.0128926064058856,6.00468027508615
8149,181.91256669666,0.00222412331506266,6.94352860749134
8150,153.365767367475,0.00390955049498636,8.56325830845673
8151,161.097180606469,0.000315790330808742,6.43663539219315
8152,162.61197564965,0.00018950407696758,5.86633802165089
8153,171.093609719659,0.0033479647671048,5.48894509421289
8154,166.54693416602,0.00801477704628757,6.71542974391071
8155,164.675820381742,0.00109087080755212,7.06940851908834
8156,153.272910025249,0.00219713744908775,7.45523906481853
8157,167.274075464135,0.00203349510229705,6.25535128788652
8158,169.313856211917,0.00222574417446953,5.03694529747288
8159,183.173715823809,0.00204592364628307,4.42911363960301
8160,180.020422563154,0.000458683573922135,5.33308500337159
8161,164.426412302576,0.000807162904210143,6.71014707426134
8162,172.781299269979,8.16590919457371e-05,5.54038607211977
8163,150.954988737111,0.00177658288744245,7.99572586824775
8164,161.472940801775,0.000682720209218735,7.39115843898625
8165,172.245589649579,0.0068992523480564,4.79750344757956
8166,176.084555518851,0.0030950231669745,5.44731763796722
8167,152.719631329401,0.00307645124131572,9.5821650535377
8168,169.863395854496,0.00523794941468062,6.41871063320453
8169,153.601228536639,0.000122201166694114,6.71758856447457
8170,162.558049458224,0.00984151339813357,5.98692480796289
8171,171.95643487363,0.00311331363315483,5.88107618725664
8172,173.514216017961,0.00173611982862145,6.71643389218024
8173,160.725836888562,0.00136353245433759,5.97243418282063
8174,150.320973787405,0.00347520377325877,8.70722122662592
8175,165.391039526514,0.000335656041401409,7.91500105635963
8176,173.679883429641,0.00170359270224184,5.47066689328214
8177,162.696479053736,0.000449144399397855,6.02137124688505
8178,173.549726439644,0.000510064821529545,6.26796878797878
8179,183.463836055054,0.00161483616812494,5.00532339185342
8180,162.473581250544,0.00835565557709476,6.02966777382243
8181,153.082568746955,0.000763128132666003,7.09377836567597
8182,163.605007397369,2.93071675624632e-05,7.50316448127063
8183,178.36759679063,0.00930244386103016,5.49321119970175
8184,172.755257439119,8.71168217328441e-05,5.33701418826572
8185,156.069248215503,0.00112758974816426,7.97695358015876
8186,165.368710614832,0.00565796526849383,6.4117115727342
8187,166.191499735882,0.00331715577167111,6.96413740009312
8188,164.114245134899,0.00133976608182466,6.83698303362091
8189,162.320467627013,0.00335253232810257,5.59253696222623
8190,172.522035883042,0.00535589041832689,5.29703344068516
8191,175.96136118368,0.00279582581229285,5.03817828250479
8192,181.400343354237,0.00190129972179139,5.25332292948858
8193,169.395852842683,0.00667329182524109,5.03636259713881
8194,169.258950293829,0.00181313331555988,5.65394271411686
8195,165.254627184937,0.00173858253413291,5.66745988650159
8196,168.696750653029,0.00038142597348362,6.28667099506547
8197,176.026687127162,4.02811327700728e-05,5.79127009956384
8198,160.263568186494,0.00193528748202219,7.09109761279936
8199,159.887479582483,0.000123605190076806,5.89211523952011
8200,165.497207014121,0.0013804833001842,5.800959420416
8201,176.891643475707,9.56027342039761e-05,5.68936453511593
8202,163.438672711087,0.00109980295641003,6.37595494430639
8203,178.836763426223,0.0046583385480796,5.60735195691635
8204,149.849454342097,2.24597156082614e-05,9.36458222475803
8205,193.997213491795,0.00159247366719415,5.32832026435708
8206,146.37797482512,0.00545227256056329,8.94093505177509
8207,152.81434046147,0.00396712034769794,6.57881906837752
8208,165.916632089321,0.00232134387645702,5.79819537705703
8209,164.298142527406,0.0113351088787249,6.65717815586508
8210,167.485978157847,3.51015837138851e-06,5.12100972801937
8211,153.287032816439,0.000254310860212943,6.01681454795689
8212,176.886864152036,0.00595697224267333,6.05193789533878
8213,164.49575224338,0.00454393706086516,7.44647091697136
8214,162.31318125695,0.000661391453744265,7.10970092443513
8215,169.693793584953,0.00506152794861867,5.81219173745652
8216,179.63448863916,0.008981101394119,6.22785728832364
8217,166.574751248712,0.00424875188988005,5.27505560870407
8218,170.841824393149,0.000643942242566449,5.24840173921163
8219,169.58255581873,0.00166084088532628,7.32107293490333
8220,160.064830564959,0.00142555153561458,5.36806512661672
8221,163.43959977244,0.00678083015763232,6.92611161850815
8222,168.87337936188,0.00638850927288194,4.7444801429584
8223,169.809595164872,0.00238213097377375,5.92375691570917
8224,164.981432091569,0.00360267748951397,6.22214626669862
8225,172.892333785991,0.00738243500043086,5.25088146128708
8226,173.123652603932,0.00055721000420477,5.53881746003866
8227,164.129810947848,0.0101297509926691,6.23842408208368
8228,155.938162294005,0.0020272466715535,7.23800165624775
8229,163.48738781109,0.000524637376544603,6.22415484707481
8230,164.817237085927,0.000358247312262014,5.90783866579011
8231,181.380746533386,0.000563925374341535,6.34255949453895
8232,173.653944267341,0.000232981038490388,5.75533627937533
8233,169.946742722084,0.00773332814127511,5.91955118976544
8234,162.990228079037,0.000656727771803612,7.32886813000418
8235,169.001304764868,0.000238326389409298,5.09808682766436
8236,163.262897398519,0.00311324499557161,6.7962004559776
8237,176.622121537894,0.0139297568261622,4.94853949788764
8238,171.991984564638,0.00443919403071503,6.2009262038633
8239,170.812987274227,0.00302198385388299,5.38261120726724
8240,171.804945570091,0.00903828250974081,5.31652516476549
8241,172.768514656915,0.00743479701259286,5.58483058933326
8242,168.254219863618,0.00515934426986308,5.5126997968742
8243,162.637341429406,0.00396268092502373,8.71035443083571
8244,165.07224651193,0.000636461272587334,6.72814031769696
8245,165.35537922923,0.0110391374059613,7.58930251117382
8246,178.290598249244,0.00136638397059364,6.66805998504013
8247,167.413949606657,0.00404248957348396,6.77552370237067
8248,166.901430627404,0.004222036002756,5.81310612390588
8249,148.197576841779,0.000224565026320675,9.06358108425577
8250,167.017037980993,0.00180716167518769,5.6598355801657
8251,171.191253107019,0.00194136389803827,6.16401151039888
8252,166.358033489257,0.00505407398996805,5.91106649422474
8253,168.699933338857,0.00693591690731654,7.64956173256401
8254,159.164286947469,0.000387284948167864,6.19093257728555
8255,161.810823097559,0.0016265891516583,7.95315666729552
8256,158.752527594287,0.00226788062148878,6.91122140226251
8257,159.927105965298,0.00147980531914777,6.94506578971516
8258,182.050443997416,0.000947815751374715,5.71487994764377
8259,163.50062855317,0.00352240618659026,8.4616359499551
8260,172.467815376897,0.00755498350958621,5.36056282284361
8261,167.506710896774,0.000426909955448308,6.88714950566907
8262,170.229220072113,0.00178424105392724,5.21765893770241
8263,160.387008089601,0.00389266588918541,6.04443440828976
8264,181.787573936988,0.0127295058432207,4.69331914138841
8265,156.398381602707,0.00112142295327121,12.5642203159499
8266,164.63003079798,0.000917396642369681,8.39219312349344
8267,160.14072902234,0.00497820770747289,6.46775942090758
8268,162.789737860096,8.73555509543132e-05,6.95665766853004
8269,172.33416932496,0.0138676065306513,5.93405395693764
8270,164.160248718818,0.000831347720414284,6.12508794305841
8271,165.276249777578,0.00313221474283397,5.38104508617672
8272,156.506305623295,0.00202780872267382,6.6856847295402
8273,176.234502435149,0.00499860639851682,5.14621047964547
8274,179.248566583364,0.00152541531662787,5.26199314453467
8275,156.946446436283,0.00110690988003451,8.04317652439478
8276,154.014562165566,0.00130776598064069,7.09760921785011
8277,175.075715328137,0.0020890200992453,6.23424776423577
8278,174.823491600026,0.00493092353816263,4.68215553738952
8279,167.511274616681,0.00687588308929967,6.56724640068719
8280,166.324877199675,5.84442939604408e-05,7.50511044096122
8281,151.865053872769,0.00201839860099257,7.85728157740118
8282,173.633442554003,0.002655312989746,4.96386733652389
8283,169.372969139297,0.00275685063184876,6.00785150884402
8284,174.08565304571,0.00508873335820822,6.71157764040025
8285,184.164246799643,4.1698888172889e-05,6.20556570560554
8286,174.128831195783,0.00560971600087447,5.46276341458249
8287,168.103518582343,0.00785239167126899,5.39490227379828
8288,161.577386212595,0.000358542152130408,5.24747193306076
8289,149.05669511289,0.000328462382465436,7.21503340320913
8290,165.939645625311,0.0101367499283354,7.74017132137381
8291,158.562492305777,0.000127250467455158,6.51717328131612
8292,172.850476671753,0.00301726277985022,5.12498458481345
8293,156.219554645314,0.00125133482704684,8.9302865104278
8294,167.29830294326,0.000718873171476361,5.60016981026439
8295,178.506928355652,0.00841753253982837,5.99394364308672
8296,170.966394961535,0.00174500182002413,7.89152845941677
8297,172.063442299289,0.000998437993784711,5.9839178961179
8298,168.689545382461,0.000581154519133012,5.82902243094146
8299,167.021449736094,0.00147742163606386,6.63494009299958
8300,188.095210108144,0.0013066119728249,4.68607683978035
8301,156.589854966795,0.00750001682723273,8.27784505803722
8302,181.034456152473,9.51932201905514e-05,4.6212504823346
8303,156.750934334691,0.00330157129959625,6.85548302354683
8304,150.335111118577,0.00171293091349863,7.11075147289597
8305,161.764985137343,7.66915497717263e-05,8.98063294154275
8306,153.059873512009,0.000558203891275865,6.98140683096226
8307,161.143235697616,0.000684165456997915,5.7742399629746
8308,172.748797967427,0.00903304875231688,5.24563928289342
8309,176.737791018626,0.015874082049761,6.3371252979037
8310,187.743424560945,0.00766821287707204,4.25930605577417
8311,159.690785507731,0.000302442563966336,6.15332906206674
8312,156.332653858582,0.0044469702210421,7.31370652417017
8313,168.739021289137,0.0113998884567362,5.53624835720994
8314,165.536860879874,0.0032359221983103,7.28620788846848
8315,154.37760883221,0.000542834343151877,7.83098731301012
8316,168.200714461518,0.000602693467711075,5.95100821219934
8317,185.803810514897,0.00392370762224087,5.83477479998811
8318,170.648151758501,0.000310905811925843,5.76238796868158
8319,154.380971814729,0.00332418378637176,9.08986201065354
8320,162.858840452949,0.00145638921693408,8.96791602727052
8321,157.88170576719,0.00255308827121756,8.46594393710478
8322,164.670716557607,0.000621808711519282,6.93476808712262
8323,181.669656661065,0.00023342745167898,4.41597999654767
8324,171.457708757057,0.00334605026630358,5.53544063723534
8325,170.743885019954,0.00111654086845024,5.13769799089746
8326,174.46006843501,0.0029008807107336,5.49904790103256
8327,175.568468904131,0.00499698623320585,5.02659927695508
8328,182.079932366756,0.00782256936626319,7.04467713890339
8329,184.651690647883,0.000816734097174613,4.1254152496275
8330,172.013359882309,0.00377083734838032,7.56877913517436
8331,183.80695103712,0.000911651782741612,4.72392954388195
8332,174.593086051446,0.000981599059694253,6.51248572121202
8333,166.749272061622,0.0010752258113687,6.183839737537
8334,164.43977611633,0.00332478589383894,5.7263913782483
8335,171.972797460216,0.001205460497355,5.61199800490749
8336,160.223887561867,0.00282706136621218,7.67752001523329
8337,167.643619131347,0.00123836371268788,5.87364575623339
8338,171.675052486737,0.00259684470945811,6.84863897958245
8339,168.839106038801,0.00101427570557693,5.47706547402033
8340,159.545368572804,0.00399783168339947,6.76390683951241
8341,178.50248316706,0.000321590174314978,6.66688720402923
8342,159.126102750636,0.00308907930203531,6.71680951578676
8343,176.544751819553,0.000848941394660808,4.76895555869355
8344,160.968901848244,0.00172977562474675,7.09578675682106
8345,157.917986068917,0.00200236655218155,7.20064290405163
8346,162.816679560684,0.00216851210474973,6.75007624148392
8347,168.011465395268,0.000552501067558639,5.86810665803219
8348,167.135280631238,0.00224224991993907,6.21681541919912
8349,172.75259535247,0.00271566339163467,5.2536262635889
8350,158.061349869569,0.00251845495668893,7.09961476165604
8351,169.148275306572,0.00371614346276826,5.55918712844873
8352,171.764857310301,0.0025384481416569,6.0498973059421
8353,162.530862573729,0.00179441637789327,6.76674924462589
8354,170.22050905804,0.00187665611759668,6.25678721966814
8355,166.82002797765,0.00505867969630002,5.30234757117363
8356,148.338376419244,0.000771338180686385,8.83358687502097
8357,168.145958265674,0.00402379202757181,6.77426826096233
8358,150.407922743571,0.000637288126608896,6.65082890071485
8359,173.448745096631,0.00143600667981937,6.11762562163835
8360,175.365397718924,0.00169916066019213,5.7411750807997
8361,166.332194458049,0.00729658871115883,6.3071419784873
8362,154.722023124831,0.00715268426424249,7.3447199660674
8363,190.173498773784,0.00211093208914312,4.42938616958722
8364,185.831418350399,0.000572957235808547,4.27350557162063
8365,159.308176042008,0.0005286454154253,6.14338482695358
8366,166.249882557178,0.00968607302274289,6.64358774966825
8367,167.380305999929,0.00943759733368382,5.82471766410144
8368,147.172240049177,0.000457112334918993,9.68450200646342
8369,165.838873776276,0.000279617877192543,6.61079366072963
8370,166.866684475078,0.00266482764086004,7.30153975480753
8371,167.074902647219,0.0047990620735789,7.00637758635642
8372,175.631851232567,0.00514972618358053,5.4639477392849
8373,156.176779713695,0.00347864471520128,7.59302388070614
8374,170.038351966163,0.0056673074608304,6.33477904031618
8375,190.793641720094,0.00336855518363496,4.98917451795303
8376,160.207378066074,0.0049726308076043,7.33888050114483
8377,174.326301983706,0.00296674649426773,5.68290217297635
8378,161.908914101875,0.00834136447212683,6.98255405153525
8379,168.808703983213,0.00143014369445417,5.90374597929351
8380,173.667267974244,0.000615363236862138,6.41243596487545
8381,178.729394921344,0.00138298731827236,6.26572450371162
8382,163.513545738893,0.00280599385749312,6.90099314892204
8383,164.643658212157,0.00213452014743774,5.86155595962206
8384,171.49446060758,0.00349299129695868,7.50400274114352
8385,175.033724822405,0.00195109558700006,6.3602693563436
8386,177.928663890372,0.00356850302275386,7.74750583104093
8387,162.258041608636,0.00553454954831422,6.10894871240708
8388,169.530888029182,0.000506429296912981,5.90440606273213
8389,176.355104281103,0.0037046416176427,5.2383890663325
8390,160.22766460874,0.0066934584216719,7.60279362969998
8391,161.837457313542,0.000317906497755638,6.20086581098166
8392,173.771315889901,0.00285056895457253,4.88947345136184
8393,166.457653468243,0.00401807170429546,4.73618942035951
8394,163.43698552154,0.000413384342980126,5.64749493543839
8395,165.521370287288,0.000399980569006699,5.99678224058992
8396,167.39909613399,0.00466445370013717,7.98748755555508
8397,162.108243890041,0.00788002674476234,5.56491872725633
8398,166.535715493302,0.00496961699480986,6.75952881821401
8399,162.106726514024,0.00237834349625014,6.7282140559817
8400,167.896895991438,0.0092500351303989,5.56595923110715
8401,160.625058516228,0.00152094529034284,8.05524203415373
8402,163.099958507649,0.00212059168652524,7.48864748507033
8403,158.102579279374,0.00304564420061296,7.34161175831657
8404,162.736792132658,0.00731812430728002,5.7249611544804
8405,149.912855245059,0.00132638843237515,8.34736630299215
8406,170.643400960665,0.00228028457767731,5.25505580960642
8407,171.338372735992,0.00520849493632453,7.07667468644323
8408,173.463351388001,0.0092289973562581,5.49392329833032
8409,163.342752693266,0.000910997982940479,6.79848819596742
8410,183.768619960048,0.000108805566869767,5.10391191547873
8411,162.781209277724,0.00652378935825558,7.69175612112502
8412,169.20528318955,0.00116060148151083,5.86550304407242
8413,141.612820842103,0.00325601953156458,11.8748750360698
8414,169.052599571476,0.00151350073220793,6.31090866383196
8415,163.806690350405,0.00356132140650136,6.02801316332952
8416,170.46598138008,0.000228384034726712,6.66372219913974
8417,162.830198881794,0.000341866101414341,5.95074739691274
8418,176.81076574383,0.00450440156171669,5.75093248546136
8419,171.432924632501,0.00181885164438182,4.87668507170502
8420,149.799587699837,0.0100327936150335,7.99557680004929
8421,176.159752330865,0.000733823615039707,5.83825566519431
8422,159.230125602022,0.00056857956410765,7.72669438732317
8423,151.471402210734,0.00141552585914024,9.66427848476093
8424,149.631935762374,0.00267682626465964,9.51440630664439
8425,160.3052888082,0.00416116936713028,8.81160638812556
8426,167.007764447883,0.00142333182040318,6.52476993246517
8427,161.889034529962,0.00137258177214026,7.48751173781883
8428,157.52573948613,0.00281077662431463,6.10330128328336
8429,177.072119966465,0.000910209032802605,6.08228626641805
8430,181.275534850097,0.000693938973464573,5.46245055318206
8431,171.091616395809,0.00248419799953099,7.16743938745018
8432,155.880211776398,0.000414035505299799,5.83447484111653
8433,176.33750535676,0.000798396963740857,5.11145433766637
8434,184.082880788943,0.00290932492959396,5.01433813237173
8435,167.8945141583,0.000183395078793787,6.37318712126693
8436,153.971744207546,0.000240865848710991,8.2561440006379
8437,175.93019003772,0.00172397961125724,6.69333484639004
8438,163.283082760927,0.000502884475196439,6.5936680966308
8439,148.339096803867,0.000354534155102179,8.51470235903755
8440,180.813768810188,0.00410287490526237,5.90802220547308
8441,191.394623875596,0.0026760998292176,4.72417662584881
8442,172.974409059755,0.0114130397403467,5.66734485312219
8443,154.858440731725,0.00656651340708321,7.57459384483603
8444,181.494673209274,0.000870699963124805,5.46857597191605
8445,156.557265260918,0.0010939753975385,6.83584775461076
8446,162.63335526841,0.0109603475926312,5.89084389034313
8447,158.329733615483,1.00891797267503e-05,7.48628867574601
8448,171.567312150295,0.00601953951724554,5.94374490792122
8449,161.36284508242,0.013471957855808,6.46301435849898
8450,163.75030176571,0.00448682902401587,5.58462839850788
8451,163.849044674523,0.00290796818022534,7.42291298511831
8452,148.07278562789,0.000992071519230783,7.14187027707536
8453,167.893530204628,0.00536868515595699,5.80681508925051
8454,166.533496262522,0.00435240498477126,6.35533072523973
8455,159.356820542263,0.000886084315847893,8.52662199518555
8456,156.826071829464,0.00558113783691083,6.91364808570069
8457,158.930496231308,7.25213786873311e-05,8.60786468962953
8458,161.541297193144,0.00456912137295486,6.29553884729212
8459,162.631417221506,0.000948080987214403,6.42313296048849
8460,171.615053094577,0.00157332915506718,5.82786684478555
8461,179.632156821371,0.010833643896849,5.95659474535197
8462,168.879173301002,0.00180494772871882,5.65930541414701
8463,158.097191894375,0.00242524912654329,6.2959200716559
8464,170.096121026417,0.000227189297663426,6.41437887671374
8465,154.613826909566,0.000783828288481514,8.46333448181175
8466,170.496238934189,0.00699054555620067,5.76483478227419
8467,153.483419424051,0.00351511981276883,7.02480225201468
8468,166.608040469865,0.00859748468703469,5.79390400011115
8469,151.098562362884,0.000853698053249523,8.68413483289692
8470,157.995239513478,0.00839779533848438,7.67419675653664
8471,163.345079023915,0.00134290691781512,7.99788494914611
8472,163.987894377345,0.000138599925287919,7.0463639277711
8473,173.947576732776,0.0112916256761649,5.57540796984866
8474,172.162559123405,0.00905986614987035,6.36377124063614
8475,161.966731396408,0.00752282620100213,7.02149223830779
8476,160.164154193138,0.00549162782300419,5.09964157015467
8477,181.306467873216,0.00135401932454142,5.13811327420981
8478,166.431350185339,0.00328559086405745,7.38729097569579
8479,174.347649773819,0.000981735011188873,5.11086280538246
8480,181.435983773518,0.000114620571197684,5.64333100186037
8481,157.584689479218,0.00144225438466741,8.2397980807311
8482,179.729360589685,0.00502262553651343,4.77569441775921
8483,162.391661091878,0.008426850092075,6.06102030435022
8484,156.22193797445,0.0131218861378068,8.2835914294834
8485,171.991970883741,0.00517445233737345,5.6151880508639
8486,146.231014393579,7.00519899173183e-05,7.03594200911838
8487,160.534073109751,0.000351832764427768,5.97196892390047
8488,171.688742337899,0.000492293334907595,6.8658502961694
8489,155.827574314566,0.00414687275361764,6.68762916052964
8490,170.292484207208,0.000192601303469386,5.9654613112149
8491,165.363324533733,0.00342818958682408,6.23587170584855
8492,168.903067511017,0.00575128762397633,5.63405140392226
8493,161.509373238834,0.00481307105108239,6.44878792755743
8494,160.727086407388,0.006361160980592,7.51896649104587
8495,165.351266251068,0.00130201795900466,7.00266699251474
8496,161.176199611885,0.00523741083940918,7.14076590992555
8497,168.712502473321,0.000284098960324282,6.74116544805458
8498,161.609913790996,0.00725863634012902,5.92916134697808
8499,171.789046548036,0.0018984461333615,6.48057678147653
8500,178.82748052453,0.0034377436169716,5.0308980502852
8501,168.040766325973,0.0151295385783257,6.40463726341146
8502,170.785619835134,0.00832332709002032,5.21587000602842
8503,168.513898606013,0.00235963107975352,5.91808211157321
8504,164.298749009744,0.000111838147376256,4.98049991846979
8505,171.192109707279,0.00101840550035972,5.64154152944903
8506,170.176195001105,0.000817339639020017,6.43852421576122
8507,155.545338571367,0.0053023236981074,7.4068433486596
8508,144.253861139186,0.00331510527314655,8.32651288313149
8509,149.016671498806,0.000150960963844562,7.25549823944907
8510,176.669876596522,0.00434414690200457,4.35518496447281
8511,167.931355099453,0.000310264205278036,6.02229697076897
8512,173.216843624954,0.00812500513048254,5.36612035933053
8513,172.088860205173,0.000828945108593733,6.23049149124896
8514,173.007946888166,0.00248670273427272,6.44123199156275
8515,178.459921929609,0.000831413393818593,5.53487906253182
8516,152.108011812391,0.00356798762729833,10.4165369440239
8517,169.435180799259,0.0031605165817259,5.85104840196316
8518,168.10006537825,0.00184866560427829,8.205803257761
8519,160.181674688141,0.00356756644162577,7.34316158860703
8520,176.58695733701,0.00562575213690874,4.96077099721484
8521,149.958992712062,0.000434738764356131,8.02079280436687
8522,171.749036423838,0.000787027322554691,5.6973351389139
8523,170.505174183051,0.00155829208979399,6.44889802476255
8524,174.551927801139,0.00275489575502926,6.22843652416576
8525,158.703135003299,0.00173269959002831,7.21004791843866
8526,172.439511149085,0.00238808757400237,5.01875524651724
8527,169.106290997071,0.002007414258357,5.13084554531339
8528,164.423791085812,0.00258245446139323,5.09409151862798
8529,170.093923282117,0.00502417726896525,5.46526228191751
8530,163.843758930494,0.00156542569649835,6.98745672178072
8531,183.513995088191,0.0027690372303848,4.74902301072777
8532,172.120944881127,0.000913224063598525,5.79042631725011
8533,175.319428417032,0.000757629773826256,4.5053769944552
8534,158.934013183003,0.00298806973113927,7.06099105508662
8535,155.354198282912,0.00186790848868277,9.24564108221984
8536,170.65432352553,0.00651754931196953,4.58441203311759
8537,161.834769833185,0.00379610960203095,6.0794236576961
8538,156.267155636724,0.000543093417169433,8.3300953978611
8539,176.198414007085,0.000985943087042439,6.6397703145298
8540,178.812781672714,0.000627576818408884,4.73517368909645
8541,162.206309830351,0.00699619853836859,7.44495144231652
8542,176.287506292361,0.00387459397979592,6.85531381453797
8543,156.349610588089,0.0047358247636732,6.52643249733378
8544,166.617681581656,0.0110373629504123,8.0921708178971
8545,159.833497767119,0.00524349966909089,5.69314153052556
8546,185.599080255173,0.0058636478280154,4.01302883451943
8547,163.115498517676,0.00136111312248124,6.70907877722325
8548,168.094119661077,0.000287456423961398,6.4452457204085
8549,170.587004496449,0.00180086418393261,6.03826872067121
8550,160.66243386555,0.0043566446253728,6.16820277298017
8551,151.663459946975,2.11841883496549e-05,8.33285753681219
8552,164.754032766623,0.00172803104615962,5.72878827286015
8553,155.027011974816,0.00172695776020748,7.89125595941768
8554,178.489631126567,0.00356512026875336,4.51439098002492
8555,182.559044272344,0.0048351380545052,4.22313098095827
8556,177.424519561529,0.000220828623804908,4.86012450826789
8557,162.905062417539,0.00838917245989932,5.78408550436011
8558,175.611599700743,0.00184262543794679,4.91832419695546
8559,169.376696415421,0.00569238027299282,5.61178005874157
8560,171.346382469905,0.00141297242429849,5.77875782022898
8561,170.919884963205,0.00168190050640063,5.09934919261262
8562,163.290017151357,0.000568653771400148,5.80786897488484
8563,159.363065081596,0.00119186205338171,6.38263381922944
8564,169.637571294015,0.0101681501485344,5.83692893228844
8565,161.893843161533,0.00432505788718286,5.69106663771568
8566,144.12879747926,0.00352974553620445,6.7424927559832
8567,164.265035386762,0.00855470927246457,5.904951100593
8568,171.821469362499,0.00317566471901606,5.60896895416232
8569,151.432531161967,0.000499060344837305,8.48678835992326
8570,163.679350051741,0.00153301769184324,6.02880016534338
8571,169.31296310672,0.00099796191780485,7.20628517075964
8572,160.797328261123,0.00213087670886995,7.42086564446397
8573,178.207851355608,0.00467899416256224,6.04137852595273
8574,174.987011307021,0.00484871440245898,4.81760322584797
8575,162.666521844085,0.0017872360961585,5.73929118046396
8576,165.003136447544,0.000468740685441648,6.53733778413794
8577,146.645134130561,0.00197183245257943,11.7294030020928
8578,162.381388389386,0.00167257541853151,7.96909775680475
8579,163.643941429388,0.00177246471491118,5.91015270724969
8580,169.172824456729,0.00163215484133987,6.89151102408854
8581,179.5855853052,0.00401703461170027,5.23223116070061
8582,164.870781934285,0.000886727804366576,6.42236842520837
8583,158.246460942987,0.00730325063761263,8.93085270401275
8584,171.880830454964,0.000542995793100847,5.36251032624997
8585,172.619019074779,0.00365404970184877,5.39538987846627
8586,155.914931667476,0.00554616242922153,7.32519584615296
8587,159.536540177532,0.00191461561530503,6.31147541283843
8588,161.700745844668,0.00692630630666424,8.9596539771805
8589,162.093665785795,0.00065858326192106,6.56639044374858
8590,180.398859314222,0.0056707223173697,4.79820147224483
8591,169.265619592712,0.0100811093996725,4.98247694934784
8592,157.117831347655,0.00130739555313609,5.6547443475221
8593,156.800902919767,0.00124170764405695,8.64283375448425
8594,165.941945789265,0.000473865155097706,6.62411543784586
8595,171.63031936395,0.00166072594691022,5.3641079499515
8596,165.669548298239,0.002461839400195,6.23733579994536
8597,155.184886808473,0.000635650977045806,7.01569759809188
8598,176.002970552471,0.00416679798560531,7.47589263500425
8599,170.766558620438,0.00162002761860008,7.82451860717078
8600,154.628772558069,0.000106578298189772,7.86789802963739
8601,170.913441713474,0.00472892186219546,5.50628032299076
8602,154.730765032704,0.00140903501533907,9.65161993868072
8603,178.104327825027,0.00184225216578068,5.28757245852546
8604,169.804458381211,0.00694350017904613,6.66951335263479
8605,156.85988194587,0.0035084984161008,7.23358747022081
8606,173.288953090663,0.00747241510517414,6.26498305162164
8607,163.697547163701,0.00209669886550463,8.38169047510451
8608,171.444443696549,0.00371660087450094,4.70870404008287
8609,179.737860638782,0.00493112844349538,5.07357997118011
8610,167.664103311482,0.001984638717546,5.94180421872452
8611,172.05207365655,0.000473125039091274,6.0248269918702
8612,171.983207205603,0.0125538376386701,5.41137025360969
8613,175.953213189524,0.000731145733577393,5.98215586713637
8614,168.872192078766,0.00100580835850364,6.03062118065358
8615,171.615089589767,0.000287862869573122,5.56186749287756
8616,157.675165541945,0.000496349515744459,6.97317823511594
8617,174.201443201778,0.0044259635788427,5.35108621789459
8618,171.408599680265,0.0038856418147765,7.31732623225779
8619,169.69379323609,0.00786236307061903,6.22182918548159
8620,170.305474388319,0.00252984117521724,5.45088905626679
8621,151.811101078902,0.000838771834293159,6.66588766834186
8622,154.989331843866,0.000163589669703605,8.59769727557394
8623,177.305155850197,0.000401131654894893,6.43001405632034
8624,164.434920868591,0.00142867391768216,5.77436859396523
8625,184.789762436091,0.000964393595731482,5.29020894282238
8626,160.97758575271,0.00205563398996667,5.00988859210934
8627,163.281345787478,0.00236971532190068,5.9175754965825
8628,159.218769599067,0.000794751942595722,6.11182392491276
8629,176.628952341564,0.00151908374630837,6.73954129973643
8630,165.306981884593,0.000233020648101208,5.86951582633699
8631,173.884982300722,0.00094208100858161,5.45283010458395
8632,175.771466123777,0.000398313171500897,4.20582490681905
8633,169.124615956988,0.00307890903248007,6.62207500187297
8634,164.095569205683,0.00236737692606564,7.99154190510687
8635,153.347436500074,0.00209730387807024,8.32132377322677
8636,166.172220506139,0.00352571354720311,5.14482538432346
8637,167.025286969551,0.000705602810879419,5.81837096322575
8638,162.423335315872,0.00130980080561239,6.7428693173551
8639,181.926684385549,0.00817706744497823,5.84850524140622
8640,172.407771027319,0.0015190138048758,5.16481103614791
8641,153.140494330207,0.00434677270392988,6.9610981743682
8642,170.064946304709,0.00376142190699474,6.28677717592196
8643,154.313019614775,0.00640666493634689,6.93151654071501
8644,169.29962372617,0.0037027868745665,5.10318595358363
8645,163.526358212825,0.000927327845778897,6.01389311447485
8646,162.252674667388,0.00368643134807694,6.02392691433988
8647,186.88945009909,0.0189208602773245,5.07403484592352
8648,168.625738937357,0.00219261322994721,5.89267181591314
8649,176.40273769307,0.00108978069721769,6.05946908277281
8650,162.643366124822,0.00104734744718209,5.80129441143886
8651,165.07040353463,0.00266633824300501,5.9496702734934
8652,170.523504060222,0.00470519971517449,6.02614482760818
8653,164.497965251325,0.00013020189423798,8.46902582634126
8654,171.13899390371,0.00262530982445804,5.91078645919066
8655,164.743677718483,0.00402182294232486,8.75171311509946
8656,160.88799944348,0.00217280285289202,6.12170602399773
8657,145.406691075296,5.00928696110772e-05,10.6864594055366
8658,166.77337577848,0.00340924101879358,5.39923718206598
8659,164.3403502372,0.000644601887544143,5.43428540044215
8660,169.284641828691,0.00222115518106904,6.78678011993948
8661,169.93737133786,0.00195365511507554,5.92797106730366
8662,159.670417002806,0.00126617094341866,7.89729550970651
8663,166.768504707288,0.000430772098369494,6.30760001373204
8664,192.807470577815,0.000453384946389504,4.2173370276686
8665,178.769235950628,0.00632425396543683,6.65242774829152
8666,163.018130663215,0.00648940117567403,7.06952037465775
8667,177.215169812018,0.00107360501156283,5.34342864406461
8668,149.511958937322,0.00115777778521611,8.63721017902401
8669,170.156225391083,0.000246937100536282,5.82318266305544
8670,148.63104093305,0.00694683694094731,7.40648614908663
8671,161.769887690079,0.00180562926454481,6.44096944974301
8672,151.164292503078,0.00120659387127222,7.87651764981699
8673,165.927173776707,0.00137943155484805,7.08837425002452
8674,177.936636163413,0.00787737041180002,5.78660796535399
8675,178.563687652032,0.00449220393391072,5.72553645352267
8676,166.521998637689,8.06767611562238e-05,5.25737847739162
8677,164.287066747921,0.0017033998447074,7.9190559510473
8678,165.360412281349,0.000462705344219184,5.97295147311784
8679,165.977859745697,0.00801810367141252,6.30746993417313
8680,169.482198920187,7.73662641526855e-05,4.7810904852444
8681,164.499578036595,0.000837587506615343,5.9243949043611
8682,158.601282686978,0.00199583614123736,5.78134698340325
8683,167.777124955195,0.00151655701163286,6.98346526688461
8684,170.213252251518,0.0118710621533359,4.8744242450534
8685,171.039941638775,0.00017537310250183,5.18943354480064
8686,175.996984103585,0.000624422523427075,6.91032306423326
8687,174.62519910286,0.00214136147619036,4.96564330704405
8688,144.272348233657,0.00247954085326085,9.4099926912326
8689,174.01255365673,0.00117444916356372,5.46105236671249
8690,154.145766010389,0.00156981293070189,6.59207237426454
8691,171.001761446843,0.00560053370493542,5.39096218565383
8692,174.540632387464,0.00685794644556258,6.39037324801382
8693,173.613197576649,0.00261369151326516,4.71751034381094
8694,162.356837117546,0.00111833304083202,5.71460590363557
8695,168.661823919227,0.00197513679901384,6.93160671789246
8696,143.509994402803,0.00109995924534479,8.67381013478734
8697,163.945967915567,0.00497087314102886,7.0253902838134
8698,166.225486955524,0.00275773664153152,6.14678507441127
8699,150.265070691927,0.00234526760062116,6.72560856524267
8700,168.709354025205,0.000108639501280421,8.47305242476625
8701,166.705651497647,0.00373298478030791,9.45057350278135
8702,155.702171143132,0.00176424317227744,8.44396873350397
8703,168.364736085056,0.00857080735620298,5.26304134620847
8704,156.645927176175,0.00508798521811726,6.42680811533905
8705,161.946816319917,0.00180871450387577,8.83141422637384
8706,143.396474257034,0.00388091740626042,8.84389087304353
8707,156.967507871881,0.00320228778136448,6.50163627695795
8708,178.819730408568,0.0029682298849302,4.63685584175396
8709,159.014893980372,0.00466592674506561,6.9750424213162
8710,170.817954764459,0.00725822147482831,6.37024521394956
8711,172.952920118559,0.00120844141128911,6.131711777268
8712,159.843083986073,0.00288326995296243,7.35122855486646
8713,162.603408933052,0.00446221200641055,6.62916731893091
8714,167.366166806027,0.000225668801785249,6.64902827887056
8715,150.919730608694,0.00130210060798536,8.18067438047176
8716,169.12415099493,0.000493445829889584,5.70666971299331
8717,170.075560656939,0.00126718260246535,6.71152166646826
8718,168.250926227,0.000366005626479849,4.66527705823625
8719,178.218566715062,0.000129790355613711,5.67986392759152
8720,165.25449550157,0.00694874954849788,7.26739288912693
8721,173.674356491653,0.0096972553262415,5.1755083044457
8722,179.802441166353,0.000938343593983342,4.80273002881288
8723,170.641783015885,0.00150420382162976,6.47113646339632
8724,171.361300807504,0.00715169376603647,4.92228210895416
8725,163.048269381176,0.00110043694864874,5.95565349895664
8726,173.498200157148,0.00525128001498304,5.92810122478409
8727,159.429047493835,0.00142636070483377,7.06068359409703
8728,175.351432990439,0.00183227574071349,4.83467109484441
8729,162.4372641645,0.00198511459896238,7.74794148744795
8730,159.081032010841,0.00303772985800898,7.84133742195935
8731,161.327537106999,0.00396485191761908,6.50502511532238
8732,159.866002724856,0.0146243839699999,9.5209134794092
8733,174.902251440687,0.000845159538108432,7.5225299070648
8734,156.785276958668,0.00181502491321547,7.27392459919277
8735,155.461331982095,1.14690950534583e-05,6.1591189680891
8736,181.562407259473,0.00182206132844473,5.33761371001054
8737,155.723023886435,0.00153886185053678,6.73125867454698
8738,177.268725169911,0.00557494431738454,6.24809282448395
8739,168.463744810172,0.000397330519231234,6.41305866855313
8740,143.709242172241,0.00812287457752719,9.64546432141869
8741,179.139350774008,0.00242054057493461,5.1942937964507
8742,148.548208942164,0.00599293311498538,6.95421802703601
8743,174.488372969593,0.000373875448586815,5.82549595208958
8744,163.025527627081,0.00469631768338351,7.01302659057692
8745,170.434509211359,0.00150756566877944,5.70969564080327
8746,163.615688134472,0.00272568710959482,6.18054905597477
8747,159.441497120315,0.00211451074915289,6.63464764482671
8748,149.260231378939,0.000695475257488663,8.06794303612241
8749,171.887092032946,0.00102861822860639,6.22996536182353
8750,175.162277391007,0.00249651888281826,5.86582438537368
8751,161.944740545032,0.00208057270220766,6.27118088966967
8752,167.232902984109,0.000227110894455052,7.61599896965591
8753,167.345288815973,0.000229359325847984,5.38687857811553
8754,169.551830386913,0.00439843278260972,6.46769336407174
8755,157.005360342048,0.00395656716186952,6.03814893152804
8756,161.53596732888,0.0024529261629402,5.95116934821786
8757,151.483353125856,0.00146297576103616,11.1731961765039
8758,170.111961984596,0.00068182162779129,5.77082342319083
8759,163.109601178994,0.00566773172073223,6.22088667766429
8760,178.391690560264,0.00164136067996529,4.65103511110466
8761,159.014126431383,0.0054528100803716,8.39162930683785
8762,155.664203557649,0.00328670002340766,8.54369813853703
8763,169.335819011361,0.00146062997551337,5.99813854296906
8764,177.401935437125,0.00177463665896256,4.87729028412244
8765,152.580572432397,0.00275643066786391,7.49733054032824
8766,170.927595805959,0.000577841363990198,7.69769918430431
8767,160.561150654179,0.00176532828848121,9.64172533786395
8768,162.637273243461,0.000531658854616192,5.12181035438013
8769,159.887308587306,3.42053398442717e-05,8.95798493333891
8770,165.248202419325,0.00626830395075808,6.85357381371255
8771,188.251248796062,0.000589918810087364,4.63336888832123
8772,164.050990533339,0.00268105956873727,5.55062881304779
8773,174.162485897757,0.00105063048966652,5.58650489353354
8774,166.18244538982,0.00528484753093331,6.12551647033872
8775,169.99949051947,0.00867528931211843,6.21623643442752
8776,185.628954305265,0.00687617297253403,5.1116371343203
8777,158.953767421884,0.00336193813206037,7.86888874046295
8778,160.585583822395,0.000997199707870302,6.16709170944695
8779,179.03649977114,0.00393944115452421,5.3028463664196
8780,170.755421354885,0.00142334804508831,7.72909309059518
8781,168.996318769145,0.000844221683199691,5.22890064151642
8782,170.410957261899,0.00198171214148169,5.56097082688069
8783,168.689140691452,0.00545109825900531,6.45984740230253
8784,166.986024609633,0.00154607344889304,7.52636540265457
8785,168.139594410051,0.00248631250834705,6.45906793669054
8786,176.467180965125,0.00267346960790251,5.34511193926459
8787,177.373151837334,0.00176424597926327,5.71886857022658
8788,179.571001467341,0.0127695444310015,4.58631280687524
8789,174.732694678195,0.00819462117918024,5.64842349538208
8790,163.45279072898,0.000222767301458132,6.78165656732409
8791,168.937002811654,0.00264039173040328,6.13890727537058
8792,154.192262958615,0.00359188584094372,11.3865294068827
8793,166.415930792783,0.00403399512311834,6.60314037941743
8794,162.925198514513,0.0024556921083394,6.65591008193612
8795,172.36288958716,0.00280039627343164,5.80114901295712
8796,164.517070151176,0.00121323728318007,6.22128449869494
8797,179.005175237916,0.00092679593394301,5.55442926462121
8798,166.142237427278,0.00520022989099398,6.3428057685639
8799,182.31681179889,0.00687081568446464,4.76700143759636
8800,178.69795936639,0.00125471228728204,5.19178779129568
8801,151.326392308463,0.000355469415103843,10.5057334762309
8802,173.442240860634,0.0035319668186918,6.60514217761243
8803,166.914920263443,0.00269300999190154,4.82398421633698
8804,150.60868844352,0.00457179647363,9.24231514396088
8805,170.155260132018,1.80007663468905e-05,6.04914009315657
8806,177.377213016529,0.00608108717061797,5.3014984963938
8807,160.205102496474,0.00477501076054494,7.08347645814417
8808,175.210078860401,0.000105529928814818,6.61235735893917
8809,160.552744291855,0.00434337741781742,6.77992109465047
8810,174.233615518842,0.00180454482837558,4.77500689217071
8811,164.208448809186,0.00012878444376812,5.40051376102517
8812,158.8987458925,0.0015358781708862,8.57301719903089
8813,169.391029544183,0.00317682653154957,5.42695107336824
8814,165.310578368114,0.000425985384144092,5.86105777867798
8815,163.939662907018,0.00599001655691811,5.50343506256953
8816,170.288646990647,0.00658129873725704,5.89604194321108
8817,161.524191526867,0.002446850852144,4.99412435456192
8818,170.356873860825,0.000681863395981919,7.08326337200463
8819,160.454887522872,0.00993798925575958,8.08969634906299
8820,173.780335415888,0.00118298985255644,4.93122214666059
8821,183.334864857025,0.000776026227723577,5.16309996563143
8822,143.500347235254,4.28515980506419e-05,9.16777961929708
8823,167.448427471771,0.00208323090261062,6.79272960856525
8824,175.832523362014,0.000593503615427569,5.64190616134565
8825,183.52175083037,0.00149418202148821,5.64543708658416
8826,152.006606691244,0.000697475946091896,7.36059381187826
8827,167.405484042191,0.00259574889002703,6.43156373693872
8828,173.431910181508,0.000677083870049382,5.38432970270155
8829,156.88812278474,0.00360838027499209,8.59992614028994
8830,163.692987101049,0.000555697309674592,5.99289412245679
8831,180.413024867769,0.00123446660616357,5.38782150587207
8832,172.15931141333,0.00234666511112333,4.4800201780552
8833,167.326880344925,0.00110898960084213,6.34371758392704
8834,172.001035607693,0.00484092032956208,5.59949931361127
8835,167.088902170294,0.00271224479950083,5.65631952266093
8836,167.108452271883,0.00283223275576535,7.58373577114717
8837,168.240370776686,0.00823585698256533,5.73831841615385
8838,162.792419123464,0.00317659845836518,6.29958709859118
8839,191.042514598914,0.00100953774177561,5.39869446981263
8840,174.518331945263,0.00051284106447415,6.13146096820003
8841,153.562649467629,0.000788011610821301,6.23838652285833
8842,162.107459923093,0.000792862446204617,6.4576745508085
8843,165.007360775657,0.00541844514400862,5.50710696653419
8844,187.310304807039,0.00360543463230896,5.29913602329209
8845,177.82466804362,0.0031602239636746,5.1544570857772
8846,161.627682736708,0.000880341454943997,6.3907085546322
8847,154.189396891518,0.00139458615946944,6.33102919284047
8848,175.803358402371,0.00232119115388789,6.52365953549018
8849,181.978492230674,0.00120890222601521,6.01193729216152
8850,171.378138028227,0.00546373525303823,5.31205301304168
8851,173.199348146245,0.00431577418017953,7.53273369483088
8852,167.378194913953,0.00253834386336662,6.58642121796271
8853,178.920114857537,6.51808243614606e-05,5.68786697902451
8854,157.122383350573,0.00242170580350904,7.09176757130115
8855,165.53436375675,0.000705732321323438,6.86591582762591
8856,171.021300123605,0.000213472614755745,5.14352371853168
8857,152.096746370706,0.00350533810338857,6.53618068082099
8858,155.040913347247,0.00479726409452866,8.18187974337834
8859,150.655499186835,0.00189019147618464,7.82092150176377
8860,159.054872969652,0.00276735072066106,10.0582559934967
8861,155.477647740579,0.00273243125640825,7.91189559722647
8862,162.336061273693,0.00244430239297439,7.84766044027175
8863,172.095618025848,0.00287789338461184,5.09823640572373
8864,176.232204889973,0.00183885577280658,7.35147423961019
8865,175.929180125641,0.00306088168608679,5.1836688133382
8866,167.581154034511,0.00224740609352684,7.54059607567666
8867,181.185894820242,0.000819102726388845,4.36603470826963
8868,165.922612881289,0.00912066014933486,5.54825730119943
8869,159.920975000732,0.00198581247504639,7.14937032680663
8870,170.513327256141,0.000254335525660881,5.69565442500404
8871,167.851843595207,7.51975583872641e-05,5.41135886034586
8872,180.835725612648,0.00704347916764118,5.1250686948499
8873,156.727820710869,0.000526022081511487,6.10732862554738
8874,164.228670020047,8.52098291053692e-05,7.75989896347249
8875,161.390200694381,0.00249620441290509,7.33472671192641
8876,171.442635119463,0.00417387973813675,6.66338178574465
8877,167.785400569156,0.000241867348193684,5.92201638538969
8878,160.555572732619,0.000199274374236175,6.46574962085394
8879,162.06134092323,0.00714126585670573,7.18680928590295
8880,170.250842886473,0.00080574453400371,5.41200001092922
8881,165.365860774185,0.00160285495705524,7.92697535836163
8882,177.817884420281,0.00112868057078341,6.07371106770079
8883,170.649769404908,0.00379661554800805,5.91573071425157
8884,167.994847237742,0.00566412762789365,5.89155430703324
8885,159.958236523699,0.00232049571757255,5.42542750253965
8886,186.383766238002,0.0060551307217385,4.51127708718219
8887,175.566382873672,0.000494221709998856,5.1651254252533
8888,163.964899272581,0.000906878993908693,5.88777128890713
8889,160.47394357253,0.00468581663715437,6.2340616201356
8890,169.781868368538,0.00217797777533279,7.69069943122566
8891,181.492739497091,0.00941911109398172,5.96303698257366
8892,149.945148956781,0.00153752523733525,8.95740661949748
8893,173.830283370863,0.00121880295200896,5.17497417748536
8894,169.373440046251,0.00644469883798459,6.2548456734793
8895,162.020251327596,0.00757452907217548,5.39746238344436
8896,166.240938418206,0.000344850797219864,8.12852532184454
8897,157.55763957368,0.00289042644927155,6.6829933011871
8898,171.977383361222,0.00302709776191708,5.03416076304899
8899,147.949547987802,0.00798548219291933,9.59927849658044
8900,155.703011401191,0.00331248868105876,8.50815882419447
8901,169.852807240307,0.00753516673314344,5.38998596394555
8902,182.160976943374,0.0120299994410079,6.46612892067227
8903,175.158096675296,0.000647722193234679,5.06700776395802
8904,177.947834973862,0.00442141721758429,5.83964150492069
8905,172.573051916254,0.00414488078379456,5.69077351760083
8906,174.696680288745,0.000587155813692537,4.8840129432993
8907,152.56499005024,0.000945587771600343,7.57290971885965
8908,177.383916489507,0.00184303669316955,5.092850354663
8909,176.947042010602,0.00197504391495413,4.36166408488665
8910,188.464860687568,0.00166182759093322,5.09412621550639
8911,170.893371480938,0.000227738933757419,4.74572716538212
8912,162.426734225158,0.00159086272041975,6.63468178490657
8913,169.351006629697,0.000153052520425382,5.58291116923302
8914,153.610927046052,0.000748466993591348,6.68315609290148
8915,151.497703754268,0.00161668016651859,8.3003588735794
8916,172.10140225441,0.00168785605994941,7.15955990701271
8917,153.373167282585,0.00122565485018559,8.88659913541256
8918,162.835886356742,0.00726587240804849,6.78979921690084
8919,161.731616830596,0.00397018583200757,6.6610243843011
8920,152.711901196679,0.00725795305341992,7.10692672866693
8921,160.687519495424,0.00406841741985332,7.30441287677341
8922,172.519066249938,0.000765301689647666,4.59165732247683
8923,164.207454040102,0.00332892818340968,5.80435777826335
8924,170.873279201676,0.00424155884702489,5.75718279889657
8925,158.332266704738,0.00138200479488782,8.36393936324085
8926,156.818825180695,0.000237468794425803,6.79805578762455
8927,179.041921043434,0.00283513393382804,6.68793984328567
8928,161.98036021324,0.000336521872675763,6.92493429572326
8929,184.518440193843,0.00396852588327394,4.92230493101593
8930,152.255909646111,0.00189881427641885,6.47552613201855
8931,158.010649407414,0.00693740667118257,6.2336434706405
8932,172.107795303779,0.00107302797046827,6.26583046399419
8933,173.837587684157,0.000100627958375205,5.30965636434962
8934,163.363954394456,0.00362873898260592,8.38590826784341
8935,165.195337739705,0.00318219416290308,7.40459503292415
8936,175.566990218488,0.00149245439433405,6.57890948420266
8937,172.159250901519,0.00374150709860202,6.76834092824268
8938,168.720795029088,0.000382646317423952,5.81686449148764
8939,161.792147795286,0.00546165836303525,6.99079841894271
8940,182.642791865575,0.000250494513778173,5.03832733654198
8941,158.345783206824,0.0017297345917123,8.75488373657193
8942,182.416175484894,0.0122502314455139,6.01023739793666
8943,167.817087623381,0.00489223389720963,5.190228818015
8944,159.954590987391,0.012140330025531,6.15167155401396
8945,181.553537882479,0.000148867512775518,6.43932826199238
8946,181.008376236632,0.00762306417380265,6.45763369847306
8947,174.996908628385,0.00338297844158347,4.9517028891001
8948,150.600988022742,0.00203040257717329,7.77808542005379
8949,164.103483917974,0.00706299001368674,5.56237432716143
8950,175.341168409695,0.0074600749691859,5.32696512786586
8951,164.20546977377,0.00268915467815477,6.34416072710183
8952,153.181018884055,0.000163563928009118,6.67747852270262
8953,175.918670428486,0.00322690864027449,5.61520641993346
8954,180.402106590529,0.00219124049173072,5.12687604823793
8955,174.222693261766,0.000679497666493873,6.36719459278712
8956,156.007967131088,0.00161911594493977,6.79032497529135
8957,173.17316586539,0.00501372851241602,7.15547182589824
8958,181.918243752729,0.000296871753121501,6.56710166490389
8959,165.042850186493,0.00536885656435969,7.54391060007592
8960,157.773060699958,0.00104437018712186,7.55062767946459
8961,170.150373397868,0.00333156166174228,5.2631137236237
8962,151.562696568604,0.00752140645239571,10.2671426946839
8963,155.228816548378,0.00653402727795007,8.24803895165272
8964,165.699376498673,0.00215814234638178,6.4499617615019
8965,162.528315175823,0.000758478505576167,7.02233243169423
8966,166.84629525959,0.000445380684131756,9.95186402961059
8967,171.256519080951,0.0027938724788324,4.58101328789557
8968,160.754614361481,0.0133174092670206,6.74825009847201
8969,166.230487953739,0.00244808405258045,5.94732960788188
8970,176.924389547718,0.00044195035901262,5.38115289278958
8971,171.862796202144,0.0078434830629182,5.10205233147112
8972,170.464467085677,0.00322021343406053,5.14776577477934
8973,163.336469733477,0.00188015800174659,6.79690891763008
8974,174.255400621543,0.00454441309942206,4.93711113190905
8975,170.914673744479,8.35498876366914e-05,5.23451190483738
8976,184.455643996462,0.00415221915369706,4.5668086546377
8977,157.803474051204,0.000973953946914225,7.92771908254608
8978,152.068444824157,0.00343275507511475,8.87183288085381
8979,157.319419485484,0.000692029028068143,7.28773746376812
8980,170.928767292254,0.00193460321228889,5.88451739639514
8981,161.11934217165,6.6436412731076e-06,5.74254632250945
8982,159.676322273601,0.00335071184998523,6.90978792329197
8983,162.977324691543,0.000254637722840788,7.16738985190846
8984,179.032825149665,0.00255943384850751,6.0289708483483
8985,165.153994050392,0.00245036703323387,6.18828735984486
8986,165.412613008172,0.00163954401226211,6.39111728388034
8987,170.159418291055,0.00242217591972642,5.47876478608275
8988,159.47699158958,0.00129508899501303,6.87933022888354
8989,169.374566259896,0.00310175215465364,5.46884169090418
8990,163.895951060216,0.000626259726626826,5.50770796106981
8991,170.042354488116,0.00262354988188499,5.21667332466052
8992,166.356296903195,0.000486225844510014,5.31799223892859
8993,163.633282875697,0.000698197034506308,5.90850287368285
8994,164.295801700961,0.00213251468901249,7.10354381040024
8995,182.173714135456,0.00116837400323769,4.82328835890047
8996,163.246899134008,0.0151854466851799,7.48577675952498
8997,162.377830026583,0.000346341971407812,6.32459028857407
8998,164.975945828339,0.00477401312849964,5.55709837115827
8999,158.448635609377,0.00585617398177576,7.4373678942995
9000,168.254021284616,0.00409212513523815,5.08251141965626
9001,153.418178117879,0.00424025320303862,6.24535708066673
9002,157.178405716187,0.00112834573452234,7.55339676543579
9003,171.006670551231,0.00448065287125622,6.13928988448483
9004,171.347875282065,0.00276144306390244,4.98472957080879
9005,166.674341529987,0.00167393641078781,8.29105356308373
9006,173.597413484812,0.000460859927671074,5.21271251380212
9007,176.887387014235,0.000719910346225942,5.13144654337943
9008,159.582764274381,0.000425901150345528,6.84031496519458
9009,171.091301844928,0.000953223982982142,7.94628206604551
9010,154.534216091811,1.89152901218578e-05,7.63065220886956
9011,176.300559984579,0.00650124327670634,5.17563524994986
9012,170.688520006269,0.00340378720406881,6.56395942605214
9013,155.713590888485,0.000748051243544002,9.40160000694386
9014,163.560084517664,0.00438511771242436,7.47190413106926
9015,166.75434670616,0.00136700197456197,7.05084411057788
9016,154.254698228748,0.00164527917233512,7.99531654026826
9017,176.195106661039,0.000449912300313958,6.1267498363023
9018,173.402710247019,0.000932901200927211,4.80280859437233
9019,174.286214425911,0.000278422394523034,6.37179377653874
9020,177.732127278559,0.00474559802767285,5.56582223846991
9021,171.536921581437,0.0043388013991573,6.28782913806343
9022,160.349201807128,0.000556863292629468,6.19758940963833
9023,167.376216127045,0.00288853444022776,5.49449654261036
9024,177.688858809822,0.00385330490979761,6.21726771805968
9025,172.258954184187,0.00632950142795006,6.96971931835375
9026,171.653529254363,0.0115492274311368,5.73387316596312
9027,162.771990420375,0.000579849663467513,6.07356801097828
9028,154.077778343276,0.000714898040297107,10.5234071680523
9029,166.094075322994,0.000993432049185809,6.39004273586
9030,160.872372829784,0.00439868155487417,7.95949519101071
9031,153.131349581019,0.0103567416283102,8.02118744102988
9032,161.680687649773,0.000567624086513724,6.21655338309065
9033,163.734735820555,0.00281116504568322,5.78552404541453
9034,171.120825061358,0.00502074548439231,7.29123215467629
9035,179.770895054368,6.71247881871852e-05,5.04915255301206
9036,155.863027282902,0.00152382728669083,8.83414416725294
9037,157.107224954173,0.00220656796909342,5.8748489271091
9038,164.865519208918,0.000710131697625842,8.20035706571725
9039,161.049537439222,0.00194355412377494,8.22895195417038
9040,168.675850039838,0.00411450033427386,7.18522096079905
9041,167.631439195976,0.00841731259760875,7.59627385809033
9042,181.441016861446,0.000121918045205474,5.7051942862572
9043,173.386432592122,0.00246019233292377,4.38633019527641
9044,170.016631290001,0.00397755062703232,5.31081005475766
9045,169.487756334541,0.00241206432131244,5.55000778404187
9046,175.510167182092,0.000461066619667913,7.04507562679631
9047,161.619420712587,0.00256222235555163,7.89744853650169
9048,155.112023524829,0.00177369415361723,6.26291135737027
9049,171.977004559265,0.00196245304987086,6.20834966310699
9050,160.281132670725,0.00173651598715706,6.18077579631555
9051,160.238889315033,0.00285973201887484,6.47630622301444
9052,157.777395426587,0.00182091930586176,8.03826904669637
9053,162.002099340545,0.00124772434911454,7.1515132847027
9054,177.307595171066,0.00684885838882194,4.98410829000166
9055,157.993294260285,0.000904943942626441,7.442128022821
9056,154.616010414728,0.00128783417695539,9.26388128463078
9057,159.756884198188,0.0024031215015291,7.94236801968005
9058,177.709832559565,0.00122452957068524,5.28550869281643
9059,157.771516444102,0.00250283886812467,5.62961197982423
9060,169.809497328348,0.00138641951218976,5.75085939384594
9061,165.274788075713,0.00115573821260795,5.2961298678677
9062,151.567630281454,0.000351362100137189,6.46394382844116
9063,155.935043500521,0.00193304919006169,10.5886195870857
9064,183.058375419999,0.00884754637852816,4.93313846992774
9065,169.762209657866,0.00111045499884478,6.43252555460372
9066,172.680404285507,0.000113326532916618,5.76209610026422
9067,170.705548248121,6.78800188684507e-05,5.48544897037411
9068,159.669428481144,0.00727706446500048,7.48658434060854
9069,177.531131912091,0.000710110816616202,4.46715099323676
9070,155.130205334972,0.00808987457595976,6.33692965705672
9071,163.608039854017,0.000639183617679928,5.83039421539786
9072,166.760469043038,0.0111870403655629,5.26191153794526
9073,167.526424148994,0.000955904036632255,7.45725974451275
9074,167.033281560019,0.00152657161380367,7.14995037901675
9075,158.460790142472,0.00140222828697985,6.38740330593718
9076,181.122498301078,0.000684095356210854,4.97071205465124
9077,178.654320787911,0.000966178147010078,6.13060857480217
9078,163.808534917549,0.00281918390066865,6.17729680599755
9079,148.064545494582,0.00303056137735507,6.38863638428688
9080,155.86125184551,0.000134512282400707,8.99995306544599
9081,175.978332735603,0.00560193348440681,6.0852020625029
9082,164.969406676678,0.0113609660780831,7.59718332052284
9083,171.786702062506,0.00138200129314141,5.4361349905384
9084,167.739082137898,0.00500309624609216,5.89146222474017
9085,171.703300861268,0.00112553045724241,6.01544367668706
9086,168.267719894661,0.00298722584242076,5.38779596209773
9087,162.092267350628,0.000345280249195665,8.34522867264243
9088,156.552128714064,0.000478764749385023,5.70340886884397
9089,173.039204123639,0.00123321912802994,4.53086795344146
9090,173.750761266585,0.00364598018986692,5.99076158674636
9091,163.670855629853,0.000594122032724306,5.60669126973196
9092,176.357704435624,0.003546301586379,5.96166088340538
9093,175.934761122892,0.00113321053284718,5.46464361555322
9094,161.516473589505,0.00439358448773721,5.75184893547604
9095,179.075279794215,0.00328905691432419,6.00678429733271
9096,168.956186189752,0.00129836835840377,5.87863216920443
9097,154.555116306147,0.000330122238223594,6.2039849479162
9098,168.670311795725,0.00243018182721614,6.85033198168906
9099,154.725165938305,0.00249452079838106,8.97144450453612
9100,157.755320088196,0.000936539248460701,6.40332214734352
9101,165.197992360912,0.00015320048168108,5.44526384005987
9102,173.537070903364,0.000452022833307467,4.48101788927293
9103,175.959945356836,0.00655021385605178,6.68176914320043
9104,172.565133435225,0.000874887748427515,6.37373195682001
9105,179.042200241945,0.00242131650337572,6.6065542575995
9106,163.640302084594,0.000645452649741889,7.07019978010034
9107,172.95262202665,0.00348036275135011,4.85455301061497
9108,173.825264181613,0.00228571341635628,5.43099999461337
9109,154.116888651704,0.0007427098261909,6.55758621739273
9110,151.234172734665,0.00375460728486085,8.2480819374859
9111,163.907612665508,0.00409918152115372,7.17854208524784
9112,170.836896474949,0.000302563960052761,6.32864090635845
9113,173.452085785927,0.00278428052440829,5.64207278124918
9114,185.806261548847,0.00424589441186213,5.31416257275041
9115,182.78803489202,0.00419272571132996,5.05938388234411
9116,156.646648557902,0.0113714162314788,8.23573321406115
9117,155.305581384772,0.00230258406489301,5.60211910410752
9118,165.400205387246,0.0109232782380283,5.4664826880024
9119,170.42192598115,0.00253358915289819,7.21573509579052
9120,176.366438217334,1.37537589573524e-05,6.42546304772598
9121,177.114785961603,0.00173321846216479,5.12109252863245
9122,171.550848048736,0.000732470126654121,5.58402031661453
9123,168.250394968921,2.49442488762848e-05,5.95981583991117
9124,149.235310771035,0.000749172232856271,10.326620852501
9125,158.05560195488,0.0172462710655066,6.24168367516982
9126,148.129203531653,0.00339710776483692,8.11938474752682
9127,161.389583964793,0.000326662135295794,8.15578406196189
9128,165.442585648735,0.000491470752952244,6.61533601373219
9129,162.906048697919,0.00216294319464013,5.93463108900899
9130,145.848337548338,0.00105083818902037,7.13163691613801
9131,159.058851428563,0.0147538412211103,7.97467421575586
9132,167.296114321488,0.00500449723253561,8.40235302109012
9133,175.430743523685,0.0083642913636891,5.00517438544967
9134,151.212871387981,0.00467701754047799,7.15944078368894
9135,173.747406620957,0.00753812293080742,4.83050021758307
9136,165.525437625955,0.000716133608542321,5.79188297648536
9137,171.791274646496,0.00918515328034595,5.74235814377361
9138,164.026710595999,0.0119880351178957,7.79422145764632
9139,161.973262994346,0.00257760988218331,5.9783429678639
9140,162.68380564259,0.00683930008536687,7.4733423787957
9141,164.149298205806,0.000517655791186154,5.98481483866376
9142,161.209202644819,0.00242459576814753,6.36201166565687
9143,162.348389472597,0.00247461683201109,5.88603312942315
9144,164.281578752656,0.0206636867747309,6.68605909845929
9145,153.500546054086,0.00380015052108581,8.65957697784469
9146,173.526409726057,0.00320287816731556,5.75478592219114
9147,172.751088971293,0.00530672537069161,5.59924710498563
9148,150.399438583604,0.000601217770163694,7.72365852514559
9149,160.847433243469,0.0016642945683548,8.10594953410789
9150,168.248464784903,0.00127118434203508,5.16925948063113
9151,181.62413614338,0.00341450766533594,5.1241539139807
9152,161.203572364692,0.00601943853220282,6.87277490990506
9153,164.789237949574,5.56530119239279e-05,5.53361755516452
9154,141.242199583631,0.00168747491749935,10.038795652963
9155,181.996201390199,1.54051830572759e-05,5.93446982419784
9156,170.409838239724,0.00195893661445702,7.70439722288457
9157,166.997308645036,0.00750922719104118,6.2562784343315
9158,162.44256836644,0.000480859293576763,7.19075840754452
9159,151.045023244167,0.00130627039102094,6.37620748518956
9160,172.117901107157,0.000322080216257311,7.26556397680262
9161,165.624389841144,0.00481945781724356,7.30786371768222
9162,166.867095285612,0.000739513258545786,6.91173135636902
9163,160.039043092307,0.00580325630014077,5.95456129765024
9164,164.432526267164,0.00094074153008198,5.88383079081848
9165,159.575970428246,0.000547185364589793,7.28128247174664
9166,173.370761220289,0.00181446194876843,6.76107722380123
9167,177.282011775945,0.00122171662617442,6.19794387256678
9168,168.006361530129,0.00226687744791931,6.26591819057383
9169,185.548928754099,0.00359196046227687,5.14022863212939
9170,166.309575722541,0.00503495147863375,5.78926981492827
9171,169.532954684472,0.00348618052217258,4.87817651338773
9172,171.763699438404,0.00537666449749595,6.89093490601679
9173,163.688342421054,0.00896738616287257,6.01739933710004
9174,173.620633160691,0.00480837668200713,5.66146129782326
9175,165.923051170502,0.000474494792639304,7.46706906319862
9176,183.155724635051,0.00184714523250437,5.22497051095404
9177,165.131930625658,0.00247610876950245,5.98405036954534
9178,173.713204963953,0.000334398838434851,4.92194423042363
9179,163.378171817902,0.00151041962553989,5.82123821072437
9180,165.39735353408,0.00122966810947728,6.32104168255916
9181,171.407534666264,0.01249993771935,5.67475571215875
9182,170.541905498078,0.00223326659483752,6.27070663467634
9183,154.442548298322,0.000888461278306002,6.23532557513407
9184,163.432224155448,0.000705257816843163,6.77057262025228
9185,173.989336069799,2.61589950550568e-05,5.34883844166299
9186,177.007231761962,0.00163682826575347,5.40184862155835
9187,171.017374947357,0.000855072296739026,5.06610207153265
9188,174.302542891248,0.00317827842046673,5.45160056280843
9189,159.029484023266,1.8303000822767e-05,6.2918360329171
9190,156.969434748501,0.000805999836375607,7.3774966365475
9191,167.905976315136,2.35302556415898e-05,5.17483347452628
9192,178.931068043691,6.19619581306421e-05,4.72803498804134
9193,176.584695621375,0.000625002847760825,5.3373255873917
9194,159.08823848799,0.00309560263505962,6.47374515887527
9195,160.551156687435,0.00296059432556477,5.5213625039194
9196,166.817104895018,0.00332540282482978,7.58625760343993
9197,169.598533855878,0.00115554771974465,6.95264651071876
9198,160.218065327943,0.00100410421028818,5.96314396582436
9199,178.749749588272,0.00107999527036726,5.3129738159866
9200,157.932097090798,0.00248108336196732,6.58668552775012
9201,181.355286081927,0.00179257006813236,4.10106511744504
9202,164.922942587052,0.00245732249592457,5.19380490964169
9203,167.113408788136,8.31391930507586e-05,5.86919849454761
9204,148.225125465968,0.00183142215822713,9.14402124462356
9205,142.211593308735,0.00185291978054546,11.3872029985321
9206,162.443844779479,0.00651419573391243,7.25720318858726
9207,162.630405173431,0.00500385882082005,6.25958961133329
9208,158.039265268954,0.00143805680096359,7.59382342455054
9209,166.859984828646,0.00198891024655609,7.02404877081151
9210,171.721155357386,0.00156084283466922,5.48080606479045
9211,165.553933101044,0.0114969647939258,6.71032741251727
9212,140.582162462448,0.00482313412155388,14.1912445394167
9213,166.120053480462,0.0020253710401004,6.34320438205079
9214,170.434843524807,0.00274612841915522,5.47192063142663
9215,158.665502232772,0.00360197975644552,6.38195496926572
9216,169.242340495455,0.00551727029059408,5.7994409664959
9217,162.150170077197,0.00308779123926311,7.46405933013604
9218,182.505079329824,0.000169432591702935,4.91681943943566
9219,167.489607546855,0.000190726111110244,6.26239877690626
9220,179.338211795095,0.0104259552620318,6.52083647715465
9221,154.954515913064,0.000292199629369672,7.19055752309267
9222,173.898325312256,0.00261260900264213,5.30768870890512
9223,163.398252045459,0.000788153351978509,7.38127372538672
9224,163.350463583899,3.56021728254661e-05,5.31636464918165
9225,172.855110077757,0.00452455863696443,4.63933709545177
9226,165.834327900756,0.00271062615848053,7.10767756367776
9227,188.913344580788,0.00483243856581194,5.04950558395513
9228,165.362034151158,0.00319464086581398,5.73605010168276
9229,168.712733897681,0.00393005112356397,5.56114721220452
9230,170.222296160751,0.000520067737798381,6.39278332255178
9231,163.882224735331,0.00196591981371588,5.92074908553459
9232,149.764201294443,0.00468363772676163,10.7668081699231
9233,167.597756323492,7.10370091056467e-05,5.59014176421653
9234,174.887828189855,0.00301036699708348,5.68919296255453
9235,160.359112031883,0.00276395599314791,5.64568115308997
9236,172.372638653705,0.00299047140661484,6.00114128065972
9237,167.530876039442,0.00453955030802807,6.42388703184569
9238,171.566573163507,0.0043941467852285,5.96206298298715
9239,159.139191041153,0.00321696527265931,8.40992963108484
9240,155.23940965735,0.00159097082130332,7.78306454568808
9241,158.492682518978,0.00284477161439852,8.84442747295787
9242,158.43567927254,0.00497344357423029,8.13790971478659
9243,173.23954678452,0.00018104323186601,5.26821413828274
9244,165.502036415997,0.0056989754038702,7.71911462119033
9245,167.816538129517,0.00272042701612539,7.39501968262984
9246,158.534017642443,0.000413066461544417,7.48332237456133
9247,160.346648453581,0.00389688922211908,9.00428310734475
9248,155.786518107319,0.0047480380797053,7.09757728162039
9249,162.875121339154,0.00526965490459239,5.94845719293093
9250,158.350397438476,0.000991705201441759,6.32498217599575
9251,160.695462616518,0.000839273544387371,7.69038825822888
9252,164.221889480534,0.00298295253922206,6.18015483499853
9253,153.483546138097,0.00184718113823297,6.54422454359315
9254,152.426163345367,0.00253154008914855,9.58934414321564
9255,163.853671125689,0.00613465217261621,5.32755805389757
9256,156.110919927917,0.00169213675474522,5.47042824964019
9257,177.405313163685,0.00354338794627088,5.36001732699497
9258,170.914727794657,0.00201190451018755,5.41037472903291
9259,161.040957423837,0.000210235019383402,5.82462803067236
9260,167.238379318582,0.000991355744141596,6.43848338681185
9261,159.815310106708,0.00213689582742977,6.03703587685411
9262,164.10360599608,0.001553513000145,6.08000340167671
9263,165.445124621306,0.000308160574446281,5.65467565956941
9264,165.272958739354,0.00118350365132736,5.67033777618694
9265,158.276501255815,0.00483103535328127,7.74293200048145
9266,157.743698265521,0.000541157902197023,8.34803682373742
9267,169.293827564679,0.000869435355544602,5.6298649427204
9268,155.813999789121,0.00948976933578537,7.81866796204388
9269,150.658032064986,0.00332012015736053,9.69303324882801
9270,176.177014301409,0.00376660798646584,6.41922575774791
9271,184.823177885031,0.000289826132663398,4.97016145277875
9272,161.262279384678,0.000260465573901504,5.88720016729933
9273,140.363794836436,0.00111372931286802,9.70184895138548
9274,157.497573991282,0.0105359126836296,6.27428573078422
9275,163.078462178951,0.009836819875939,5.31096393046244
9276,164.349478324844,0.00167438544240047,4.84942093904976
9277,163.222652623526,0.00436708332095284,6.49323649320654
9278,155.485017207085,0.00149919114551607,8.08251447254913
9279,149.693926468951,0.0016025238987107,6.13246060685737
9280,169.963483610717,0.00750946668242505,5.37202775833689
9281,174.440322717896,0.000631610795504985,5.65135924446171
9282,171.902380556489,0.000782402148208919,6.9402808651552
9283,162.855928232954,0.00522712807725694,8.10245616080939
9284,170.085343674414,0.0036684789141613,6.86667656823017
9285,176.449654146572,0.00276612315680414,5.88353157697927
9286,168.821799435595,0.00269309371291486,7.27528244711509
9287,170.363255853578,0.000545829272361985,5.88515557256353
9288,167.350305438217,0.0130116107979903,6.29412756643952
9289,152.582374691599,0.00292776451240091,9.90128057124625
9290,161.581864111548,0.00470291610985793,8.93021353993574
9291,172.481507611977,0.00637622644395173,5.23424017006111
9292,173.055874897548,0.0027113044283187,6.07954350941676
9293,164.238570461123,0.000954037980969451,6.92632733600751
9294,163.465924123072,0.0138677294832103,8.1191037224143
9295,166.443486522475,0.00194946556221215,7.0330921734238
9296,167.116252889534,0.00841769438753647,5.61851226873475
9297,172.144608867975,0.00256813225280488,5.9446212961163
9298,169.312816680026,0.00279243011810137,6.02919967193135
9299,156.258749799285,0.000301176883553312,7.06629342721762
9300,173.421178646076,0.00120836720918691,6.56604219744071
9301,168.729418969032,0.000700046964068948,4.8819304378058
9302,187.605656895832,0.00314421895616557,4.79941125788526
9303,162.371529131808,0.00200042361116325,6.90801036873511
9304,166.094160480525,0.000171755301594504,5.22210700342199
9305,159.700471105303,0.00140842846428925,5.47941642365392
9306,161.449943369077,0.00117306952729229,6.13885914455558
9307,175.535637944283,0.0023380454606259,6.07972107337073
9308,162.726945388749,0.00478471289629754,5.76346483765001
9309,168.252079143648,8.75031921803135e-05,5.5556639257278
9310,153.97637035456,0.00296297259910908,8.51517335527854
9311,181.091296912534,0.00290855518050777,5.73498471395081
9312,155.137058142638,0.00365149195676935,6.07195131520723
9313,179.79111622095,0.000415164722139337,5.74100270974355
9314,153.227500599231,0.000103015059424985,8.4693873819225
9315,168.373778234028,3.79812305123333e-05,7.92313131080446
9316,172.761378426554,0.00151658084957405,5.96037941960834
9317,179.698102400972,0.00261479610590866,5.59282866339827
9318,177.224187604258,0.00023118742404596,5.48010845553912
9319,154.146516414438,0.00178917164560062,6.6408038726405
9320,178.234961150519,0.00723552207048543,4.96328160678326
9321,166.274350310175,0.0063430029341899,5.84618107297475
9322,165.024846009064,0.00022246457383101,8.28717550283693
9323,164.502945595625,0.00189058169735322,6.11728100729579
9324,178.886056702979,2.23286324325727e-06,4.32919039585123
9325,154.017860923645,5.95479588217585e-05,7.79791034032451
9326,177.223193604319,0.00537912279664626,5.78064487665099
9327,160.301387388738,0.0036237371949614,5.91918620109704
9328,154.35005664135,0.0090210068167502,6.35082425456053
9329,156.41697125482,0.00184632138653524,5.72484187137246
9330,169.39093583396,0.00189138426581698,6.0444656070597
9331,160.358852720114,0.00214916924114243,7.09772712425861
9332,170.889502970764,0.00111263781539294,6.27373666557026
9333,161.263631802246,0.00546036014598282,5.62005166515844
9334,159.785418323375,0.00231210750507346,5.69134070528846
9335,160.692311645652,0.00430739543487688,4.96074854492654
9336,158.733386325316,0.003146415274588,6.54508947404481
9337,170.716701981831,0.000821849396659638,6.31649957652044
9338,161.878929710277,0.000785615477556267,6.08979143851175
9339,164.49934538609,0.00730225007491296,7.78288034276681
9340,170.10147446473,0.00291457982480946,5.53125559239624
9341,186.61561484315,0.0073819221129878,5.12478871337506
9342,162.607125736203,0.0062912298047877,5.8676615368585
9343,164.908874512952,0.00127228038304851,5.82593967273298
9344,173.203018686421,0.00118041757686338,5.05410371966346
9345,155.5509690016,0.00626514998344235,8.88778893357679
9346,165.066544285134,0.00982246608683768,6.40116203878542
9347,170.762215754438,0.00120863715278654,8.58228255282227
9348,173.679015137078,0.00149008060858857,6.37272644400307
9349,156.887005310858,0.000767524330621357,7.11403388580707
9350,181.416026597954,0.014565488886111,4.83857344898753
9351,141.593113450378,0.00460530583440817,9.49778340828229
9352,162.759178188824,0.00113769138128206,5.34912754947932
9353,175.204614973831,0.00292151209239269,5.78786977373529
9354,178.486853414466,0.00122973947342284,5.03941760960828
9355,179.277889282406,0.00264740419140069,4.98249178139134
9356,169.794159972803,0.00350375263645152,5.52621239827124
9357,161.396760509116,0.00167983577671685,5.32809221873617
9358,182.905435250831,0.00124468035773113,3.95872016981576
9359,165.377162110837,0.0021420489650137,7.38041216043197
9360,182.319425846051,0.00521965610928521,5.13268681776184
9361,157.316867617203,0.00233834292041661,6.95019313108481
9362,175.974893600878,0.00023207808368007,4.75078732596485
9363,169.1232796389,0.00188002703852347,5.84685984990993
9364,168.970334114685,0.00116987458377992,5.7968141782981
9365,176.669891197242,0.00142037210767763,5.13923882092176
9366,169.89292926798,0.000192078523308144,5.09290097617452
9367,171.987261872079,0.000941248062899549,6.22330641280162
9368,181.36616290254,0.00537852446340647,5.02819998424421
9369,160.736748765348,0.00057051221164491,7.69629788157017
9370,179.382402109136,0.00107127414283285,4.81253035778101
9371,160.579067620801,0.00120538732140401,6.63546919906563
9372,164.22272335871,0.00390797348181439,7.54041253673851
9373,178.431645867348,0.00015757281594034,5.79594633840753
9374,162.660075130568,0.00277946314286207,6.66287506417666
9375,146.548695662361,0.00454041857453069,10.0019096927094
9376,170.075953666225,0.0021171055312691,7.05346136418999
9377,165.77062580275,0.00325913885993224,7.23198649000842
9378,170.026458998414,0.000885468354702051,5.23075994589669
9379,172.202849822788,0.00924576094797582,5.51250188978271
9380,173.756246887852,0.00316438594828111,5.32992652028939
9381,157.207933267293,9.19613350220768e-05,7.15135063226751
9382,167.030482004596,0.00656401127398001,7.68273845747192
9383,172.485952055212,0.00472036782881285,6.44488665653152
9384,159.443824672378,0.0072926248620428,7.54346282820968
9385,186.437613209568,0.00555342687862244,4.80485006089391
9386,165.885712644816,0.00191955115220755,5.30375067885193
9387,156.196942265735,0.00025212049499796,7.64148452458191
9388,176.116339051681,0.00210472281614888,5.50695594535207
9389,156.620055063354,0.0061459071118254,8.62459683602124
9390,164.536832827142,0.00127273472480217,7.10978567853208
9391,156.146403517594,4.37889277243523e-05,8.02914098229079
9392,168.589522192898,0.000839435272815315,6.33262994637729
9393,176.116428040893,0.00131375619825255,6.35702644035135
9394,164.094200195447,0.00175405476763802,5.80796201694327
9395,181.484600925234,0.000771838062318632,5.44678467671753
9396,156.393752981045,0.00383898892792812,6.83114123062515
9397,166.81259876822,0.000119676051069837,5.67628559232105
9398,155.879980872181,0.00145050657895002,10.0721304903575
9399,162.321560339963,0.00197712125090961,8.65185866394602
9400,174.954724100491,0.00877639579222037,5.67251605734134
9401,155.44009190626,0.000552343335801666,8.23511946533377
9402,178.67423467134,0.00450723087987947,5.63597995000742
9403,165.984955445504,0.000648159207090667,6.19876330996226
9404,171.902410508469,0.00556474630613129,5.90687346591335
9405,173.458323463347,0.000173724216314971,5.91204075414453
9406,153.173773108045,0.00374115903569383,6.42283262086632
9407,163.464308959572,0.00629870741606099,6.88205286841751
9408,157.959369481067,0.00277107304742132,6.77737470903977
9409,175.09015214187,0.0024399779477735,4.60849262043897
9410,168.034834814353,0.00456068211754256,6.43459678677785
9411,168.984743086699,0.00470739181542409,6.53560203531534
9412,164.099895054653,0.00387183534317302,9.31692149352499
9413,164.446973452199,0.000302061199410526,4.84352280367137
9414,177.909922803563,0.000467681123097111,4.84765830109644
9415,169.371233944194,0.00151591497550707,5.99708461513666
9416,155.758777470132,0.0052529873883549,7.50456277447539
9417,167.327574775508,0.000750932542101648,5.36436781628931
9418,150.774383230367,0.00874988587624861,8.5573175811113
9419,170.449118210603,0.000245055479649479,5.72269350402789
9420,162.040207505154,0.000284339807603103,6.59454585409804
9421,166.477056640913,0.00112933164042851,5.24254437273495
9422,169.408681248607,0.0151382092709156,5.76391774907106
9423,170.863409106799,0.00647119085412885,5.65641771125857
9424,168.850084252903,0.00148110385124329,6.27703364323839
9425,170.768177309713,0.000790063240643765,7.04635724499337
9426,162.094457516423,0.000343968965102662,6.73598373001563
9427,179.736259374524,0.00781925230631832,4.51027598536279
9428,177.163198705744,0.000355435482329025,5.14356031454946
9429,166.012428202241,0.0105480306167318,6.17312985808002
9430,171.022763520341,0.000155983549385889,4.74018566155385
9431,168.373024470193,0.000133946767752844,6.42028233532828
9432,160.032867691505,0.0106402711588327,7.06871835106002
9433,177.977845190065,0.00782471051510659,7.00433863809496
9434,168.93462715713,0.000535916566205364,6.11246638884806
9435,163.187477543846,0.000111649381997704,5.94790583402528
9436,177.635182638943,0.001733652253538,4.63012183087576
9437,168.760197602763,0.00338835073648585,4.89159000187857
9438,180.978524882101,0.00836755161384404,5.72920577553675
9439,178.760029496885,0.00492654066774601,5.0797810361552
9440,184.181059587542,0.00141114992376379,4.63260044252421
9441,168.369768762554,0.00128575045698247,6.5527738664572
9442,165.612875166397,0.00222414613085498,6.38002670553896
9443,161.94523331089,0.00161991521267714,5.14471819706346
9444,155.368746037879,0.0103353073728554,7.31407136118184
9445,163.625274364531,0.00120877221407106,6.77563261775037
9446,170.202116639818,0.00978758001893597,6.31117970480987
9447,167.423815235552,0.000558923444662768,6.0547774491521
9448,158.267382590129,0.00016451472671208,7.03984946568729
9449,171.806884631057,0.00330924175104103,6.81070797959602
9450,164.003783820686,8.61434441717498e-05,6.1899228682752
9451,177.392484787511,0.00401997646191292,5.43549848745298
9452,169.80240903677,0.000890572418857543,5.41378767648597
9453,161.795687873688,0.00241568174433148,6.3983987943948
9454,157.648181589827,0.000293469545360536,7.16441201850291
9455,160.200824177789,0.00425967142251903,5.90334211755001
9456,167.135974764437,0.00052368254435538,5.61410630391107
9457,167.264714783018,0.000284842304450622,5.65819524285956
9458,167.842948129994,0.00134008303346715,5.98690564281907
9459,163.230671176286,0.000625758929538951,7.42458714600802
9460,172.003060691361,0.00483957309331384,5.13981791197818
9461,158.396216063214,0.00120581883413549,7.86682204913952
9462,154.655960981318,0.00132623634862753,9.91680206005725
9463,160.425604687056,0.00125207308374224,5.95256906206155
9464,163.577303241644,0.00178587087103619,8.60485391627086
9465,174.386936236016,0.00165281224794778,6.65136666216374
9466,165.381029653796,0.00128039272909678,6.6033633019901
9467,156.311927121946,0.00537385214066682,7.84777898937045
9468,173.383123018964,0.00616212297119588,5.25951595592581
9469,181.334027459006,0.00736944774902727,4.8255842717889
9470,149.89843364622,0.00855260110263954,6.24601776920415
9471,169.020218145738,0.00671051829621738,6.4041095378019
9472,157.397889764683,0.00630355689645519,6.26579565364872
9473,159.117624919198,0.00207438418371049,6.76969027290381
9474,159.12768738658,0.00847308912163812,6.48480403692294
9475,164.194446186679,0.00674941869550428,6.82302612743623
9476,159.450780390674,0.00371327848362611,6.50820738175085
9477,176.590873206981,0.00235695841072133,4.39899504137993
9478,182.341771650931,0.00137039581482224,6.22156404190089
9479,176.463154442829,0.00135602174916168,5.24339009029992
9480,160.135294253255,0.000635392367804751,6.77247367198436
9481,163.943496284627,0.00387508825668806,4.96066518178999
9482,157.012876855868,0.00187570203830326,6.51836522405814
9483,165.153271867212,0.000680354791325477,5.85510691936368
9484,161.611799236585,0.0034096762103324,9.21754196492434
9485,174.520821747476,0.00303136930077872,5.41892306273581
9486,173.19210149654,0.00311369825679263,5.71691723595765
9487,190.422831814478,0.00909627406545969,4.77738275093403
9488,171.601078140698,0.0035143029427498,6.37747168668906
9489,167.142522768805,0.00732191927345015,7.97064229887891
9490,155.402655775111,1.23405331973567e-05,7.7789294916422
9491,171.531273692303,0.000259607835527894,6.0483771463091
9492,178.122195231249,0.00703712009888142,5.44517701588517
9493,156.104370361947,0.00359338245921767,7.208551556892
9494,178.879500331381,0.0120762257828288,4.99435149603667
9495,163.281837393625,0.00627333488566735,7.0275757518383
9496,172.204181527045,0.00307238415432959,5.6023574084347
9497,167.124874036149,0.000710658649359289,6.05436100387135
9498,162.246871962304,0.00231293370078148,6.59890072744193
9499,145.412575502589,0.00190273873494032,7.90777877858105
9500,175.551983873263,0.00164003889151258,6.17703464816879
9501,162.317665653448,0.00475622388112294,6.250822034971
9502,165.934586844086,0.00125612214060324,6.15869537945453
9503,166.579299945631,0.000711337409689004,5.29300509362172
9504,166.001159735477,0.00202913628291565,5.91154775761762
9505,168.162321342551,0.00633083782869157,7.70875779684223
9506,153.434464249693,0.000204188883113253,9.06640360352005
9507,165.101934217808,0.00475319162876932,7.10213229799961
9508,173.332901175007,0.00618648639468242,5.65164707050616
9509,167.908310453357,0.004313156637845,5.32124619109934
9510,162.052499282641,0.000528315090467658,6.53532026754528
9511,180.202967350943,0.00847440849978326,5.55729409607756
9512,171.296314562829,0.00269940400745073,8.06014337669011
9513,167.653894570735,0.00888245394897075,6.64120448455644
9514,174.47493084856,0.00257666455529286,5.17692415949538
9515,165.332011216729,0.00386631015835037,7.07785482342758
9516,170.290444474746,0.00264568035222759,7.40449682191424
9517,163.677984952578,0.00310851827502477,5.70679842675845
9518,150.839410394358,0.00179899190265128,10.0375754170723
9519,161.517093336174,0.00191353131165164,6.3378324612049
9520,187.69611461157,3.10186683923473e-05,4.0721599275646
9521,161.94215362917,0.0017244115327747,6.3947817531129
9522,162.684984692749,0.00507300176161937,7.08787852051127
9523,164.917019074228,0.00151840803586623,5.6289374093718
9524,149.258093754675,0.00113975366448949,7.80515056091805
9525,170.818173720877,0.00150100508128268,6.10045908440832
9526,168.042276290613,0.0064337375618758,4.63169015145018
9527,164.159009491041,0.00638465371609738,6.81666921724867
9528,161.645898486894,0.00180870597928525,5.99838949433448
9529,171.344648698741,0.000369693177711502,6.06376277372983
9530,160.835927331378,0.00390552171252368,6.60399662012119
9531,169.049821333919,0.00512569904642269,5.53938583407585
9532,163.246568300476,0.0119722644688687,8.8718590947688
9533,167.864957516791,0.00106307800100039,5.37128458232967
9534,169.792802259802,0.00474469831538421,5.0154456279794
9535,169.731741529495,9.95547337908388e-06,6.40913844182945
9536,153.907339085572,0.000789981402799713,11.747078522619
9537,160.423718885948,0.00827034322234413,5.90357998469707
9538,193.10728406261,0.00746604852814914,5.19429552945706
9539,166.032095889497,0.0134820179668659,6.8155788326647
9540,187.79741308612,0.00081219461399559,6.55956487112053
9541,172.305273476732,0.00157100366531993,6.67208146331255
9542,160.963472796597,0.00406584437272679,5.71298060348075
9543,167.066800722269,0.00382410166593367,5.60248379628397
9544,158.093710586822,0.000434002111571198,5.89785796492517
9545,163.120498942842,0.00731818318353114,6.18314367799456
9546,174.449336884609,0.00239489630311545,6.21748430833902
9547,172.580161279648,0.00325473731251803,5.61960202930017
9548,165.817382022145,0.0206276177112539,6.10543612445934
9549,160.582049749546,0.00402894250179403,6.56338676393098
9550,157.604948769893,0.000732768443484777,6.84421812311338
9551,176.597255519115,0.000430884873181462,5.26833958534108
9552,153.296563119076,0.000338761503084054,10.8865322517516
9553,165.572203453468,0.000598690197894476,6.28843926514792
9554,164.980076477672,0.00858095844097128,4.70515975060822
9555,170.443688913757,0.0068735952269792,6.61925713170717
9556,168.760480441557,0.00136847077555435,6.02630103748994
9557,149.20466577433,0.00116878244718284,7.80906868390444
9558,164.116895611164,0.00122205439725485,5.94234992700058
9559,158.768436318438,0.001259338461112,8.21575676870989
9560,173.92188779699,5.50550220010776e-05,7.03045194627409
9561,169.77092274456,0.00018033659050075,6.14248003483771
9562,161.493325031667,0.000402799196483869,5.73566597787657
9563,160.098547186185,0.00119206131753711,6.43291200442897
9564,167.308952769135,0.000531075271477372,6.18038063380566
9565,185.480147856702,0.00219341191734665,5.65324711368768
9566,160.195705562177,0.00626301388642778,7.11312400239527
9567,180.595545437119,0.00716571891666498,4.25013319499258
9568,180.007936541817,0.00724996616402751,5.04687843216408
9569,173.574876670674,0.00991688847186394,4.8593516741914
9570,179.772947576893,9.13067164769786e-06,5.91126648447541
9571,136.796456140653,0.000464395636730744,10.506520369054
9572,159.429043379949,0.00374827267508951,5.14397567669246
9573,165.038489823028,0.000886905837564921,6.52795653602993
9574,168.881336638533,0.00141731128738295,5.93259279538807
9575,171.570391449124,0.00350153299578248,6.10512742603232
9576,162.066625889033,0.00628333731612093,6.36485063345777
9577,158.723610762054,0.00107141693261189,6.59747372537062
9578,167.389006918683,0.000249495555962314,6.01267909005069
9579,157.358914866272,0.00238167776049609,6.63401400243346
9580,161.499805893298,0.00271157349611341,8.01248461446936
9581,154.29037189671,0.00129772703526397,6.92943641782338
9582,179.584030319151,0.00210465928971589,6.95817317541986
9583,158.928393348177,0.000301971497176786,6.37479354875946
9584,177.717581705037,0.00620517303579663,4.91413008226532
9585,159.2349453764,0.00306494248903055,7.45078061947526
9586,167.157165871345,0.00115723030009091,6.17195545601666
9587,161.172753251891,0.00180670783131103,8.62029653532896
9588,165.951926082957,0.000937175717061716,5.39645421250483
9589,160.935377557856,0.00440908843365942,7.949663119107
9590,177.516254424953,0.00549704911995211,4.68352117893625
9591,167.654255110813,0.000632802766571409,5.3566125606581
9592,178.38190526351,0.000528394697579518,5.50756990853463
9593,170.479554087921,0.00549085840958074,7.68718850828825
9594,162.206752806854,0.013592617676012,6.66962156378369
9595,167.019445481974,0.00398202732587144,7.52853846930354
9596,177.556980215958,0.0037473188085688,5.06613315092625
9597,164.310616111757,0.000180351686710513,7.50831501730757
9598,171.999100252917,0.00235642178810077,7.09792540685691
9599,164.580644101197,0.00110236963090183,5.8784606307655
9600,156.570852940768,0.000787477818134015,7.31817563074388
9601,175.654462616638,0.00348544946660107,5.22750615600176
9602,160.733736737077,0.000260370964715904,7.15779259323469
9603,160.062591543209,5.65875088587722e-05,10.4356181817431
9604,170.344782516512,0.00624286264563802,5.89449508546268
9605,162.983168773758,0.00219590932213055,6.02592717897097
9606,163.176034749771,0.000448720690967525,8.81757866940022
9607,177.12027991753,0.00910653178027055,6.43889920532131
9608,146.093305408454,0.000569239849144944,10.3248572120835
9609,165.141316634103,0.000978677807815148,7.9596880755834
9610,168.53104688362,0.000661628324104742,4.73236639343666
9611,162.150530155914,0.000197190737073722,6.72900179411072
9612,166.485019623006,0.00983160413758366,5.7117795406904
9613,188.596872469051,0.00289526189702111,4.41217776564632
9614,161.80810641654,0.00243448101147147,8.64322536820957
9615,163.531944629921,0.000345997784020655,6.6740983836212
9616,171.930106539616,0.00320820561374033,5.67595173302639
9617,161.040265271874,0.00526701141226448,5.13194721680258
9618,161.149710669834,0.000337766914836284,6.75878842260386
9619,148.258054180319,0.00074184874907364,6.74441521481208
9620,165.034368709343,0.00827714169613745,5.5172323779189
9621,169.439546261572,0.00056940963419516,5.7897146141229
9622,157.513869511838,0.00115097328652071,9.18315213326034
9623,149.365599518484,0.00576902809414442,9.42212020246893
9624,163.42719371431,0.000154674790320769,6.04688104910505
9625,163.970990987532,0.000359511995522874,8.44748957782736
9626,171.442917046482,0.00126402754136781,4.9843223449552
9627,156.269911409079,0.00253751729068745,7.8082178796636
9628,167.477005855683,0.00170971922416005,7.03009099947952
9629,167.791530475251,0.018614786063418,5.19720101407585
9630,169.476380519611,0.00126376596997138,5.65900180682521
9631,164.758156414696,0.00281802247683988,8.37315145267525
9632,146.044416926869,0.0022041380359537,7.88337332303464
9633,178.315425286273,0.00142431755421212,4.88737558084967
9634,190.433707923809,0.005970294387951,4.12689113469144
9635,178.625087226647,0.00233067369630154,5.85946833702013
9636,175.654886890174,0.00882808642437399,6.06765196400765
9637,172.240956741625,0.0068899266678535,5.94202034862639
9638,163.326999904843,0.00802824568196124,6.49702920557069
9639,150.483952247038,0.00462066122002135,7.20262722752918
9640,182.093433788292,0.00315600274219802,4.26007223025392
9641,186.099328393907,0.00288967722425453,4.82052140632545
9642,152.420276902281,6.46242734196101e-05,7.16858077165254
9643,164.839972856776,0.0031809654436847,7.47418557736268
9644,171.593062063721,0.00188845311239106,6.50802989642975
9645,166.136513554638,0.0118309987982465,5.56047441649782
9646,161.215391511446,0.00113367133872587,6.67003018741791
9647,161.834926020821,0.000217279381658772,6.89577489649334
9648,168.276267725604,0.00613288030888,5.69183289510404
9649,168.099062145534,0.00231013917965278,8.46332250563844
9650,177.811251024168,0.000913361334035859,5.94536118961214
9651,175.135037880172,0.000697149407862191,5.0876659653677
9652,158.023035367419,0.00101138333265464,7.34456023808723
9653,168.294264654399,0.00345345352715049,4.56025358075676
9654,173.999926271734,0.00118708486766788,6.82233160079314
9655,158.858143658295,0.000768217563595063,6.632902852232
9656,164.02227577651,0.00219203174502806,6.89278743685846
9657,158.442743010643,0.00521135746538061,8.10840680332286
9658,178.38025004301,0.0034777490324966,4.61013813185923
9659,161.130621662487,0.000616698052102568,7.92304439101002
9660,165.149000287525,0.00117463616455478,6.14584268968533
9661,162.909686615856,0.00380227637820934,5.39473517336092
9662,165.744078047285,0.000625477850300192,6.4555940221904
9663,169.957022418254,0.00236048682288661,7.1468968086558
9664,167.14004158657,0.00312474886370542,7.45825522720012
9665,158.607601580173,0.00382511807950024,7.50195203159482
9666,171.091326173465,0.00119118534171534,5.34455161478491
9667,181.103748744037,0.00477060383331668,6.03336755171703
9668,157.143797773399,0.0101565090957196,5.97242698018571
9669,163.245261885112,0.000977923909530728,5.64886177514277
9670,170.989950347589,0.000758030062581212,5.85162150887309
9671,172.844781211318,0.00038471969560621,5.93398546703442
9672,159.030801691689,0.00191272295464859,7.58965484638433
9673,156.962261566868,0.00173323598256334,9.08156180203634
9674,162.197569580956,0.00567599374447417,5.4380130876606
9675,164.723457371524,0.00406614415765009,7.91448162611846
9676,161.865929467259,0.0020158199639924,7.452101993396
9677,162.685927486456,0.000742589096912685,7.46947454891427
9678,156.87912820646,0.00420441642063607,7.38842377062744
9679,163.572634617901,0.00713181816240253,6.73585672686439
9680,159.827712564379,0.000814182168197697,6.28259254706034
9681,137.577804248022,0.00260609823691532,8.6536050119479
9682,171.449044433868,0.00411937704322059,5.55087025774926
9683,176.325903735582,0.00105250176729684,4.88096571449431
9684,157.530379304334,0.00314205454450306,8.99239079532558
9685,171.311502019149,0.00239497027896362,5.152468715327
9686,189.611923716871,0.0163977649887066,4.18635293523102
9687,166.693037396042,0.00341419569671045,7.24049764645487
9688,170.204053112238,0.00105971756018806,5.56367403745158
9689,165.909259931251,0.000566285429420733,6.39193461435528
9690,183.591381309576,0.00505007253008812,5.68827793409476
9691,167.845733875886,0.0130182904558101,7.04284614840601
9692,163.893722450435,0.000302775515288143,7.56326331909159
9693,181.366274072462,6.93040351087406e-05,4.77617250063506
9694,168.467684095928,0.00546107445055748,5.47506507270569
9695,180.548647021175,0.0016511381860993,6.08960260080578
9696,180.356941239136,0.00163057230805155,6.20570856758158
9697,167.540986612319,0.00497905703583194,5.10980983743998
9698,179.771874737668,0.000206985003894166,5.89430882223033
9699,181.662663288678,0.0059884749961895,5.36428784508165
9700,157.576922775176,0.00129677676436678,6.12008001810392
9701,164.064084526042,0.00222685198448982,5.64453779189446
9702,155.545981732122,0.0113499022283234,5.76225330350222
9703,167.847657737516,0.00141123810313942,5.6637952672522
9704,169.339939525478,0.00195078348059244,5.91705681502994
9705,155.613339023654,0.000609683461782983,7.31945138932889
9706,166.817764468959,0.00475300835910764,6.18581081787564
9707,179.767832133612,0.00738058270547324,5.15401639569148
9708,163.766055906478,0.00402766136509051,6.68535018292386
9709,174.132899381403,0.00319221734399338,6.61679393153166
9710,166.353288593754,0.000114997899484209,6.53711848148117
9711,164.67734806804,0.000120386467994647,6.35223231215423
9712,158.863298184451,0.00161724658045579,8.8382606835367
9713,155.20827597722,0.00566210027857859,5.80602261674839
9714,157.645062218211,0.00273302811778352,8.09222780305314
9715,167.818984477629,0.00212868745968725,5.51168986473227
9716,155.258775253489,0.000478671401975538,7.49112189060619
9717,165.942615032411,0.000462845101448333,6.48449640017822
9718,167.31717926947,0.0015102548261558,4.7996166965151
9719,173.308914421978,0.00516304865529934,5.82644067033115
9720,168.172269459289,0.00209955890063478,5.20288292721789
9721,159.057980100275,0.00527794389300303,7.93630978369779
9722,169.498376177014,0.000424111273604008,4.7223887516462
9723,165.43264888171,0.00110178088982874,6.16142149731612
9724,164.372975902453,0.00124888962459472,8.79176173731264
9725,157.217599116888,0.000737938825791823,8.19943378487997
9726,169.574705450751,0.000795705237610979,5.66583158403131
9727,166.309011157995,0.00367610697435908,5.76037723806938
9728,170.981632267126,0.00304931140995223,5.6796248280266
9729,166.893191530586,0.000388498314269001,5.43666488674234
9730,166.061261050307,0.000836054851993424,6.9067840981752
9731,160.236078246529,0.000502103738326573,6.9743780609244
9732,161.78188948916,0.00250566931153391,6.22399049825826
9733,165.066862634265,0.00294579075414641,6.24360199652617
9734,181.647041604777,0.00250604472894822,5.10842461337164
9735,151.144933444877,0.00189112870851878,8.66229025445895
9736,168.006181802569,0.0102793361440161,7.33108980109329
9737,170.593289200427,0.00397034007909069,6.25067413073188
9738,178.994905008301,0.00102139880507452,5.34063811418849
9739,176.34018781839,0.00888144681713243,4.67855255891434
9740,159.359937499982,0.000193270158107745,7.22325773495472
9741,157.432466940511,0.00078764048443777,8.04157227267849
9742,175.425777120568,0.000886505292205045,4.6569725628408
9743,172.397066773033,0.00441990491990577,8.11297533792992
9744,167.181709139163,0.00101378675745764,7.07094030142183
9745,158.409174555038,0.00527772001756689,5.73553158086458
9746,148.221112231607,0.00579789135440678,10.5219570534737
9747,171.0960461864,8.69386210334565e-05,5.47157311057623
9748,164.733112289174,0.00168015207340365,5.36837160266668
9749,181.114148156942,0.00312481021770377,5.46419381282901
9750,154.301565114865,0.00330396023200849,9.93771545470493
9751,147.049153359872,0.00147712963239348,6.80271486942063
9752,160.100298941751,0.00126906389884556,8.17199986996962
9753,157.867799929683,0.0101742505761556,7.08692473745023
9754,177.615634750777,0.000743168586528339,6.03094002054133
9755,172.174324703636,0.000108255788500207,5.88061462330373
9756,148.72105366857,0.00225730375865962,8.59227735202295
9757,163.160077301249,0.00475685535344156,7.31455835188872
9758,174.561729136021,0.0025143448410528,5.77937560695919
9759,164.94175050289,0.00150840561211738,5.52520488355588
9760,177.58336655458,0.00762349715823221,5.49454301071733
9761,174.135938619125,0.000155608560634116,5.40423822924409
9762,166.909961146343,0.00568955529949611,6.95617100824853
9763,157.831740486492,0.000498371128669525,6.34790221410015
9764,162.570326062023,0.0004842476026962,7.91867998627626
9765,160.018693096873,0.00042240101071543,9.03607790130283
9766,163.415062096047,0.00154947415058675,6.23539077818921
9767,157.741546143812,0.00252119144271345,7.22064211798995
9768,162.985614444277,0.000463137928950545,7.90724436855559
9769,168.586955947792,0.00570000465229708,5.70903652474855
9770,150.489098194014,0.00101378221750145,8.68375411642491
9771,170.077217193584,0.00466470314738109,7.80500095678216
9772,158.842738074705,0.00186697702213261,6.7282690053001
9773,153.170426820966,0.00132281433294627,9.32640986071568
9774,156.884811900415,0.000325938443632929,6.93818218750511
9775,166.314260555129,0.00624334720580895,6.18477518793998
9776,174.390831738315,0.00983799877487984,6.43747661838106
9777,167.950919643716,0.010099438076135,6.04147974167944
9778,163.740117391983,0.00297489333643763,7.27719920302752
9779,175.786543868321,0.0185048133719336,5.3577678672472
9780,128.433102709063,0.00350845225151373,14.7907082328876
9781,164.023990903095,0.00203522649943843,7.78528179360646
9782,155.170958304951,0.00184049976265315,7.34534598003591
9783,155.384867914366,0.00333750208206898,6.81643210364681
9784,179.365413083862,0.0059563860432359,4.83753498835977
9785,176.622691700835,0.00587122062387357,4.63328281711137
9786,154.229585033454,0.00587624800227911,6.58283421407992
9787,172.387891678189,0.00200548932100314,6.20053360369483
9788,179.768993911738,0.00296014658228227,5.162699050673
9789,173.09645121585,0.00300296493881345,6.69197548792966
9790,177.628991452148,0.00530308737477656,4.7368674689312
9791,158.364372248443,0.000870233922525213,9.02966172700871
9792,166.776899542866,0.00974598913429316,6.24850108269045
9793,176.4457968211,0.00258725737886519,7.33345493361036
9794,172.830885497353,0.00199979917516811,5.10095972444432
9795,179.485335962377,0.00594394090337548,5.61831001660793
9796,162.453092596542,7.82880348838761e-05,9.20833207502467
9797,161.398755727933,0.00308019165504432,6.48951850508012
9798,150.256015041881,0.00370980333176869,9.56923559745142
9799,164.985870400217,0.00255031406717304,6.00822901678352
9800,163.341121259286,0.00231529075397516,6.9879462745231
9801,164.039217172037,0.00325528718982753,6.25998179514303
9802,163.964327041399,0.00433420667700464,6.10975671694348
9803,164.354488104742,0.00343303171823394,6.54998097254734
9804,160.063157513868,0.00222271024327477,7.754758974656
9805,163.037576921121,0.000938368881406183,5.59070715340257
9806,167.714580578641,0.00249048852617642,5.72611654485679
9807,172.250569879483,0.00326968831057038,6.70414157622052
9808,161.493035169943,0.000674156060174122,6.23449952303478
9809,153.265659513445,0.00591060867508771,8.59723706579491
9810,165.611116084411,0.00124862006725913,5.75148001637179
9811,156.913501738299,0.00699617255651836,7.59597209502537
9812,175.524992645294,0.000245725783345355,6.35474662711528
9813,166.299309151294,0.0181141056887652,8.19609529156272
9814,151.372403980566,0.00139911886588062,9.49489082888563
9815,135.523310170195,0.00850517577245801,11.1369230777856
9816,167.827664776912,0.00179570600968084,6.64597602454918
9817,159.600163898282,0.00434227965010335,6.13504885962083
9818,173.833165150706,0.00375292317770799,4.92441337743942
9819,167.308133568646,0.000948084185539835,6.43728153299424
9820,169.215783280557,0.00163083790462701,5.24784244208028
9821,159.555403929672,0.000879843541417041,6.14091772324232
9822,149.256242889311,0.00381563997895594,8.43528214185484
9823,158.323872093303,0.000958012950351217,8.26048999549353
9824,185.942633982607,0.00599752401565208,4.78189951212813
9825,160.501487439942,0.0105251419518745,7.73862579983916
9826,178.882494882033,0.0068493285809083,6.15353495923885
9827,172.87737764292,0.000960040715977614,6.1429122543802
9828,176.176246855064,0.000256333260919989,4.90203026450403
9829,172.018522266487,0.00228269782016896,5.74851804401332
9830,168.68537097103,0.00555946881778258,5.35601651693039
9831,174.913933064223,0.0030258978389924,5.59080118095065
9832,171.249319260347,2.64208034751581e-05,5.89496164922889
9833,184.625616737181,0.00440687100379584,6.52260605584228
9834,181.672943454892,0.00400500840388085,6.36178470651078
9835,171.291386068808,0.00159825277940412,4.78531350062064
9836,167.063972138265,0.00378711556439406,6.48492552454615
9837,181.52583375819,0.003457694889945,6.14545555004495
9838,175.007733676483,0.00218793989299458,5.46157685653726
9839,176.542879122355,0.00227545802700945,4.79648858131005
9840,165.15217423643,0.0140713053059555,6.21256966549354
9841,166.667670661486,0.00375393699864016,6.65607046524367
9842,181.787131987197,0.0029226903234595,5.9550651130652
9843,175.791484334015,0.000460539479645739,4.57073392479622
9844,158.736852753178,0.0018367001186376,6.75106371035624
9845,162.22813127078,0.00368676829663307,6.18006638950166
9846,162.765158880561,0.000396357391379331,6.78776306277435
9847,161.306952209142,0.000363062648066936,6.52263096508893
9848,160.260075846826,8.75362199097151e-05,7.82877538902812
9849,169.524372455121,0.00398381493825245,5.83038246635291
9850,168.795241610739,0.00169346959046364,6.24942996607373
9851,173.023353196803,0.0103065297169611,5.11556000860389
9852,159.87582022428,0.000197168390031027,7.92126418423366
9853,175.240809929155,0.0022842656239603,5.50525614792921
9854,173.762216720339,0.000559647882122977,4.63008332299297
9855,144.919861423128,0.00115877390371184,7.48921559138811
9856,167.880644437296,0.00021502740236418,8.14989402705342
9857,186.315370369313,0.00783579969327767,4.84457208173759
9858,152.995941508121,0.00650930462303634,6.98232728576748
9859,166.675973694448,0.00081568514004382,5.71383450118574
9860,156.450087493548,0.00427954445326652,7.06252778411415
9861,178.142303628142,0.00215600808968217,6.00397953186606
9862,167.074093842993,0.00262875387685001,6.46450875251174
9863,157.451655387166,0.00184006002242586,9.61585550510476
9864,160.617868985013,0.00369182680954853,8.11847463174349
9865,177.068327588032,0.000666632977981963,5.16334217900782
9866,169.331718559908,0.0037938673348642,6.16828972869047
9867,173.525023924825,0.000723584855841951,6.121687533804
9868,166.164982199217,0.00153184221803426,6.30138701677517
9869,165.628978375813,0.00196306743798254,7.03843450269448
9870,171.525962762645,0.0052533998527631,5.45890921527735
9871,162.879258358839,0.000717406145986624,6.0809122750633
9872,160.421094144719,0.000945027497294298,8.27467708033808
9873,177.799074730366,0.00322161151918193,6.72999913876503
9874,165.320574895564,0.00122206020909988,6.76860204614337
9875,169.992168531048,0.000664251653417233,6.84630128254515
9876,151.35047162286,0.00241121495812858,7.58935831439008
9877,171.615866415104,0.00499225694560593,7.44677766634598
9878,148.73518821257,0.00038935411993106,7.87232854028395
9879,167.237341934217,0.00487177139717565,6.8649564768968
9880,137.836678991887,0.000739113461586761,9.50025102825122
9881,159.050503635818,0.00370833843366658,8.28983437413694
9882,148.53096429805,0.00358092270931187,6.5801855660066
9883,177.399885627083,0.0075554530192607,5.98185693002027
9884,172.373626951703,0.00141117771272754,5.58885517854181
9885,171.372820110629,0.00048267888106953,6.26510210747243
9886,170.160694471349,0.00183284875466493,4.95812750936923
9887,175.477119020049,0.000351914126055979,5.01015519407664
9888,172.130676785,0.00535379673375627,5.60901785283887
9889,166.130247021888,0.00372065524022835,6.60863224133364
9890,175.44529046268,0.00109185482037619,5.08347913651655
9891,156.618991892166,0.00223540483471093,7.93485151381509
9892,146.487733216541,0.000473664769560007,9.74721988503734
9893,179.164017805782,0.00395206326086102,4.87041514336735
9894,168.643742616709,0.00355359471907347,5.40881118700204
9895,178.257569668752,0.00133538355580055,6.16614253736494
9896,161.821113795828,0.00460954202101562,6.74259116031656
9897,163.941096092718,0.000802055139814396,6.22775944920024
9898,169.033368384471,0.00199150163860269,6.93071387709813
9899,156.650145471429,0.000630021707598607,6.66583679622395
9900,175.926874129274,0.000636434963882266,6.7323391222257
9901,157.515569738589,0.000286289502908445,6.29732215886249
9902,157.765853510405,0.0027639522992592,5.52992937506304
9903,161.236225024672,0.00604387395513207,6.15005495782877
9904,172.551218356872,0.000370732425963575,5.00929580327228
9905,168.354246501238,0.00573175288047557,6.08933318564088
9906,164.57387395194,0.0129923984861557,6.60543633865866
9907,165.95895714853,0.00569989012952369,5.21606943760631
9908,172.303453579426,0.000472921143547924,5.67640499375929
9909,161.903173622622,0.00491062168557855,6.2345742781169
9910,169.776582516194,0.00484385777100721,6.24031019290087
9911,158.926609335007,0.00300351643902743,10.7896758500552
9912,155.830734279559,0.00966496696710391,11.7681920955493
9913,173.05931527123,0.00058071775222003,7.48811120771036
9914,163.079753807117,0.00626695492270822,6.86279649865726
9915,153.483991245344,0.00379888425712484,6.70382938060432
9916,170.029015081171,0.00441792112777475,6.2129890211643
9917,155.805647802781,0.00352546462461554,6.96320347049243
9918,159.511502931513,0.00610603126931927,7.22270644870259
9919,170.694506826347,0.00183659979192174,5.34669212785276
9920,170.451422087072,0.00871474590493108,6.79969167682591
9921,164.17785018592,0.000666388585739151,6.92065509113053
9922,159.091548166547,0.00140087304847715,7.62700941235048
9923,171.472533542646,0.00170480881668459,6.14781492936935
9924,159.297994224856,0.00526329856823877,6.88266794520261
9925,163.271931018096,0.000697822077259746,6.91724857242407
9926,179.733040943854,0.0021539066062122,5.2418883222726
9927,181.899032959219,0.00265360658863742,4.64022519550971
9928,168.356867908185,0.00213218012310961,6.10780953761124
9929,186.354165540532,0.00155885639760686,3.94735076322222
9930,142.923531800775,0.00138888330641648,9.07781263538047
9931,169.319048653287,8.59304346422941e-05,6.80766732174071
9932,162.175553003918,0.00167295069630839,6.60121584225979
9933,169.232194597171,0.00141625761563981,5.9679057781986
9934,175.010445298849,0.00142712442539472,4.97007041276481
9935,166.566212829404,0.000880841349610214,5.51674880060605
9936,166.143598523432,0.00345029904857468,8.78602625327315
9937,155.027489387691,0.00467136477340905,9.64036888099967
9938,164.218078783328,0.00331112977809976,5.2758649851801
9939,152.066787972377,0.00131453623412328,9.46471024718137
9940,182.435590911154,0.000803343192520284,5.1727904401602
9941,169.659428074038,0.000349405580589323,5.7683351837618
9942,147.076318854753,0.00637888250053573,7.29962542353289
9943,162.425196876645,0.00242828556185171,6.20214598345103
9944,171.666550893782,0.00169509843877973,7.22500056304951
9945,161.339409677189,0.00713896722624439,10.9487394545911
9946,160.47998789708,0.00169346150989002,7.15304921329046
9947,148.607452290816,0.00089217345660749,9.13548724016139
9948,144.852991856255,0.00181935475303297,12.4300139636992
9949,160.517398635607,0.00288458099986228,6.59591813591089
9950,174.399100445073,0.00154476968415207,5.90962560089616
9951,143.629853161771,0.00188096050139821,7.36863392915326
9952,157.067018940351,0.000534759722163138,6.17020572345016
9953,162.994379850681,0.00191248528373942,5.51543835947618
9954,162.476188531803,0.00122763736829273,6.79844356576932
9955,163.937536569932,0.000258358826988437,5.54495093143708
9956,176.281527767074,0.00207283551946435,4.40092960867777
9957,173.764803109331,0.00255902864028848,5.7633973153243
9958,164.131871780907,0.000174065696595554,8.20017538186893
9959,166.084418639588,0.000412126874889098,6.38238571170898
9960,165.783750143049,0.00428460534155073,6.39782791630524
9961,156.771910347979,0.00446938506517682,6.70595594861185
9962,189.58150580989,0.00265200209480357,4.21986367575509
9963,173.006151391087,0.00703629816972428,7.98269952955387
9964,177.519248684147,0.00395316274232316,5.76819072076504
9965,174.585759354317,0.000908119537608307,5.31974872932824
9966,174.450834486382,0.000915128497240638,5.81871651374834
9967,161.710254640329,0.0018384436349975,6.62745291077076
9968,171.051106197086,0.00168818604784388,4.95911934750828
9969,167.372447223068,0.00338066207151058,5.68708214448926
9970,175.491490060188,5.57845170469578e-05,6.47485296877509
9971,154.561412338763,0.00162731553088063,7.83356785719788
9972,177.168933287029,0.00125076982883877,5.71287257169416
9973,177.369718508383,0.00332957948351123,4.31671628990365
9974,148.318114393079,0.00051611178969459,6.44405866309082
9975,161.039379401108,0.000852562538301202,6.37082386124139
9976,154.331772424137,0.000788518898593724,9.29868829735484
9977,181.414509075398,0.000203913945506813,6.67019615927196
9978,163.230280051792,0.000743370151440515,6.08695801624204
9979,167.574608300441,0.0034133964027287,4.68120630532894
9980,178.318047948731,0.00369953472121594,4.65670106183018
9981,165.185271883707,1.27662059389847e-05,6.40638365702546
9982,149.009014389697,0.00114299083613399,6.48410676642103
9983,173.474111719649,0.00738370128431946,6.86650495607234
9984,163.448640139808,0.00733879836244913,5.80437119258081
9985,177.960273353409,0.00657423245835852,4.16030762819091
9986,184.499059703153,0.00345268632727451,4.8428863411485
9987,164.001659757751,0.00162041372803256,6.15355718410472
9988,171.445012919784,0.00247170026721985,6.16447157482477
9989,167.664630328138,0.00190556647038162,5.67002283397819
9990,152.515230330483,0.00191308130153174,6.63424679552887
9991,175.285460072999,0.00681974999336151,5.3283769161308
9992,166.21651532668,0.0073411672795893,6.34738004188603
9993,156.299000778769,0.00241447990209389,6.65732318043746
9994,175.163230153112,0.00118737648617182,6.35876418931422
9995,174.834080033822,0.00198210919576251,5.17535270549983
9996,160.996929576922,0.00216986953741609,7.08188267275559
9997,158.799371354388,0.0001988153814493,6.28298366686553
9998,180.059540648363,0.00830287215121446,5.42599049681899
9999,169.995808129815,0.00364416316149922,7.73619374223657
10000,189.22189852606,0.00596340579381768,4.54223054143165
