"grid","weight","RawBasis1","RawBasis2","RawBasis3","Basis1","Basis2","Basis3"
0,0.000488758553274682,-0.455281527567432,0.591598433924658,-0.394398955949772,-1.44416859930537,-2.36155426472078,-0.667369401685853
0.000977517106549365,0.000977517106549365,-0.452714425010119,0.591030281841238,-0.39402018664875,-1.43602566206766,-2.35564855222577,-0.668218284643448
0.00195503421309873,0.000977517106549365,-0.450147339660631,0.590462132783071,-0.393641411892112,-1.42788277941377,-2.34974287722105,-0.669067137601868
0.00293255131964809,0.000977517106549365,-0.447580288726794,0.589893989775411,-0.393262626224244,-1.4197400059275,-2.34383727719696,-0.66991593056178
0.00391006842619746,0.000977517106549365,-0.445013289416434,0.589325855843511,-0.392883824189528,-1.41159739619266,-2.33793178964383,-0.670764633523971
0.00488758553274682,0.000977517106549365,-0.442446358937376,0.588757734012624,-0.39250500033235,-1.40345500479308,-2.33202645205196,-0.671613216489205
0.00586510263929619,0.000977517106549365,-0.439879514497446,0.588189627308005,-0.392126149197094,-1.39531288631255,-2.32612130191167,-0.672461649458242
0.00684261974584555,0.000977517106549365,-0.437312773304469,0.587621538754905,-0.391747265328145,-1.3871710953349,-2.32021637671328,-0.673309902431842
0.00782013685239492,0.000977517106549365,-0.434746152566271,0.58705347137858,-0.391368343269886,-1.37902968644393,-2.31431171394711,-0.674157945410766
0.00879765395894428,0.000977517106549365,-0.432179669490677,0.586485428204281,-0.390989377566703,-1.37088871422345,-2.30840735110347,-0.675005748395775
0.00977517106549365,0.000977517106549365,-0.429613341285513,0.585917412257263,-0.39061036276298,-1.36274823325729,-2.30250332567267,-0.675853281387629
0.010752688172043,0.000977517106549365,-0.427047185158604,0.585349426562779,-0.390231293403101,-1.35460829812924,-2.29659967514504,-0.676700514387088
0.0117302052785924,0.000977517106549365,-0.424481218317776,0.584781474146082,-0.38985216403145,-1.34646896342313,-2.2906964370109,-0.677547417394914
0.0127077223851417,0.000977517106549365,-0.421915457970854,0.584213558032426,-0.389472969192413,-1.33833028372276,-2.28479364876055,-0.678393960411867
0.0136852394916911,0.000977517106549365,-0.419349921325665,0.583645681247064,-0.389093703430373,-1.33019231361194,-2.27889134788431,-0.679240113438707
0.0146627565982405,0.000977517106549365,-0.416784625590033,0.583077846815249,-0.388714361289715,-1.32205510767449,-2.27298957187251,-0.680085846476196
0.0156402737047898,0.000977517106549365,-0.414219587971784,0.582510057762234,-0.388334937314823,-1.31391872049423,-2.26708835821545,-0.680931129525092
0.0166177908113392,0.000977517106549365,-0.411654825678744,0.581942317113274,-0.387955426050082,-1.30578320665495,-2.26118774440345,-0.681775932586159
0.0175953079178886,0.000977517106549365,-0.409090355918737,0.581374627893622,-0.387575822039876,-1.29764862074048,-2.25528776792684,-0.682620225660155
0.0185728250244379,0.000977517106549365,-0.406526195899591,0.580806993128531,-0.387196119828589,-1.28951501733462,-2.24938846627592,-0.683463978747841
0.0195503421309873,0.000977517106549365,-0.403962362829129,0.580239415843254,-0.386816313960607,-1.28138245102119,-2.24348987694102,-0.684307161849978
0.0205278592375367,0.000977517106549365,-0.401398873915178,0.579671899063044,-0.386436398980312,-1.273250976384,-2.23759203741244,-0.685149744967326
0.021505376344086,0.000977517106549365,-0.398835746365564,0.579104445813156,-0.386056369432091,-1.26512064800687,-2.23169498518051,-0.685991698100647
0.0224828934506354,0.000977517106549365,-0.396272997388111,0.578537059118842,-0.385676219860327,-1.25699152047359,-2.22579875773554,-0.6868329912507
0.0234604105571848,0.000977517106549365,-0.393710644190646,0.577969742005356,-0.385295944809404,-1.248863648368,-2.21990339256785,-0.687673594418247
0.0244379276637341,0.000977517106549365,-0.391148703980993,0.577402497497952,-0.384915538823708,-1.24073708627389,-2.21400892716776,-0.688513477604047
0.0254154447702835,0.000977517106549365,-0.388587193966979,0.576835328621881,-0.384534996447622,-1.23261188877508,-2.20811539902558,-0.689352610808862
0.0263929618768328,0.000977517106549365,-0.386026131356429,0.576268238402399,-0.38415431222553,-1.22448811045538,-2.20222284563163,-0.690190964033451
0.0273704789833822,0.000977517106549365,-0.383465533357168,0.575701229864759,-0.383773480701819,-1.2163658058986,-2.19633130447622,-0.691028507278576
0.0283479960899316,0.000977517106549365,-0.380905417177023,0.575134306034213,-0.38339249642087,-1.20824502968856,-2.19044081304967,-0.691865210544998
0.0293255131964809,0.000977517106549365,-0.378345800023817,0.574567469936015,-0.38301135392707,-1.20012583640907,-2.1845514088423,-0.692701043833475
0.0303030303030303,0.000977517106549365,-0.375786699105378,0.574000724595419,-0.382630047764803,-1.19200828064394,-2.17866312934443,-0.69353597714477
0.0312805474095797,0.000977517106549365,-0.373228131629531,0.573434073037678,-0.382248572478452,-1.18389241697698,-2.17277601204636,-0.694369980479643
0.032258064516129,0.000977517106549365,-0.3706701148041,0.572867518288045,-0.381866922612403,-1.175778299992,-2.16689009443843,-0.695203023838854
0.0332355816226784,0.000977517106549365,-0.368112665836913,0.572301063371774,-0.38148509271104,-1.16766598427282,-2.16100541401093,-0.696035077223164
0.0342130987292278,0.000977517106549365,-0.365555801935793,0.571734711314118,-0.381103077318747,-1.15955552440325,-2.1551220082542,-0.696866110633334
0.0351906158357771,0.000977517106549365,-0.362999540308568,0.571168465140331,-0.380720870979908,-1.15144697496709,-2.14923991465854,-0.697696094070123
0.0361681329423265,0.000977517106549365,-0.360443898163061,0.570602327875665,-0.380338468238909,-1.14334039054817,-2.14335917071428,-0.698524997534294
0.0371456500488759,0.000977517106549365,-0.3578888927071,0.570036302545375,-0.379955863640133,-1.13523582573029,-2.13747981391172,-0.699352791026605
0.0381231671554252,0.000977517106549365,-0.355334541148508,0.569470392174713,-0.379573051727965,-1.12713333509726,-2.1316018817412,-0.700179444547819
0.0391006842619746,0.000977517106549365,-0.352780860695113,0.568904599788933,-0.37919002704679,-1.11903297323291,-2.12572541169301,-0.701004928098694
0.040078201368524,0.000977517106549365,-0.350227868554739,0.568338928413289,-0.378806784140991,-1.11093479472103,-2.11985044125748,-0.701829211679993
0.0410557184750733,0.000977517106549365,-0.347675581935212,0.567773381073034,-0.378423317554953,-1.10283885414544,-2.11397700792493,-0.702652265292475
0.0420332355816227,0.000977517106549365,-0.345124018044358,0.567207960793421,-0.378039621833061,-1.09474520608996,-2.10810514918567,-0.703474058936902
0.043010752688172,0.000977517106549365,-0.342573194090001,0.566642670599703,-0.377655691519699,-1.08665390513839,-2.10223490253002,-0.704294562614033
0.0439882697947214,0.000977517106549365,-0.340023127279969,0.566077513517134,-0.377271521159251,-1.07856500587455,-2.09636630544829,-0.705113746324629
0.0449657869012708,0.000977517106549365,-0.337473834822085,0.565512492570968,-0.376887105296102,-1.07047856288225,-2.0904993954308,-0.705931580069451
0.0459433040078201,0.000977517106549365,-0.334925333924176,0.564947610786457,-0.376502438474636,-1.0623946307453,-2.08463420996788,-0.70674803384926
0.0469208211143695,0.000977517106549365,-0.332377641794067,0.564382871188856,-0.376117515239238,-1.05431326404752,-2.07877078654982,-0.707563077664816
0.0478983382209189,0.000977517106549365,-0.329830775639584,0.563818276803417,-0.375732330134293,-1.04623451737271,-2.07290916266696,-0.708376681516878
0.0488758553274682,0.000977517106549365,-0.327284752668552,0.563253830655394,-0.375346877704183,-1.03815844530468,-2.0670493758096,-0.70918881540621
0.0498533724340176,0.000977517106549365,-0.324739590088797,0.56268953577004,-0.374961152493295,-1.03008510242726,-2.06119146346807,-0.70999944933357
0.050830889540567,0.000977517106549365,-0.322195305108144,0.562125395172609,-0.374575149046012,-1.02201454332425,-2.05533546313268,-0.710808553299719
0.0518084066471163,0.000977517106549365,-0.319651914934419,0.561561411888354,-0.374188861906718,-1.01394682257946,-2.04948141229375,-0.711616097305418
0.0527859237536657,0.000977517106549365,-0.317109436775448,0.560997588942528,-0.373802285619799,-1.0058819947767,-2.04362934844158,-0.712422051351427
0.0537634408602151,0.000977517106549365,-0.314567887839055,0.560433929360386,-0.373415414729639,-0.997820114499794,-2.03777930906651,-0.713226385438508
0.0547409579667644,0.000977517106549365,-0.312027285333067,0.559870436167179,-0.373028243780621,-0.989761236332546,-2.03193133165884,-0.71402906956742
0.0557184750733138,0.000977517106549365,-0.309487646465309,0.559307112388162,-0.372640767317131,-0.981705414858769,-2.0260854537089,-0.714830073738924
0.0566959921798631,0.000977517106549365,-0.306948988443607,0.558743961048588,-0.372252979883553,-0.973652704662275,-2.02024171270699,-0.715629367953781
0.0576735092864125,0.000977517106549365,-0.304411328475785,0.55818098517371,-0.371864876024271,-0.965603160326877,-2.01440014614344,-0.716426922212751
0.0586510263929619,0.000977517106549365,-0.30187468376967,0.557618187788782,-0.37147645028367,-0.957556836436385,-2.00856079150856,-0.717222706516595
0.0596285434995112,0.000977517106549365,-0.299339071533088,0.557055571919058,-0.371087697206133,-0.949513787574613,-2.00272368629267,-0.718016690866074
0.0606060606060606,0.000977517106549365,-0.296804508973863,0.55649314058979,-0.370698611336047,-0.941474068325372,-1.99688886798609,-0.718808845261947
0.06158357771261,0.000977517106549365,-0.294271013299821,0.555930896826231,-0.370309187217794,-0.933437733272474,-1.99105637407913,-0.719599139704976
0.0625610948191593,0.000977517106549365,-0.291738601718788,0.555368843653636,-0.36991941939576,-0.925404836999732,-1.9852262420621,-0.720387544195922
0.0635386119257087,0.000977517106549365,-0.289207291438589,0.554806984097258,-0.369529302414328,-0.917375434090955,-1.97939850942533,-0.721174028735544
0.0645161290322581,0.000977517106549365,-0.28667709966705,0.554245321182349,-0.369138830817884,-0.909349579129959,-1.97357321365913,-0.721958563324603
0.0654936461388074,0.000977517106549365,-0.284148043611997,0.553683857934165,-0.368747999150811,-0.901327326700553,-1.96775039225381,-0.72274111796386
0.0664711632453568,0.000977517106549365,-0.281620140481254,0.553122597377956,-0.368356801957495,-0.89330873138655,-1.9619300826997,-0.723521662654076
0.0674486803519062,0.000977517106549365,-0.279093407482648,0.552561542538979,-0.367965233782318,-0.885293847771763,-1.95611232248711,-0.724300167396011
0.0684261974584555,0.000977517106549365,-0.276567861824004,0.552000696442484,-0.367573289169667,-0.877282730440002,-1.95029714910636,-0.725076602190425
0.0694037145650049,0.000977517106549365,-0.274043520713147,0.551440062113727,-0.367180962663925,-0.86927543397508,-1.94448460004776,-0.72585093703808
0.0703812316715542,0.000977517106549365,-0.271520401357904,0.55087964257796,-0.366788248809477,-0.86127201296081,-1.93867471280163,-0.726623141939735
0.0713587487781036,0.000977517106549365,-0.268998520966099,0.550319440860437,-0.366395142150707,-0.853272521981002,-1.93286752485828,-0.727393186896152
0.072336265884653,0.000977517106549365,-0.266477896745558,0.549759459986412,-0.366001637231999,-0.845277015619469,-1.92706307370804,-0.72816104190809
0.0733137829912024,0.000977517106549365,-0.263958545904106,0.549199702981136,-0.365607728597739,-0.837285548460023,-1.92126139684122,-0.728926676976311
0.0742913000977517,0.000977517106549365,-0.26144048564957,0.548640172869864,-0.365213410792309,-0.829298175086476,-1.91546253174813,-0.729690062101575
0.0752688172043011,0.000977517106549365,-0.258923733189775,0.54808087267785,-0.364818678360096,-0.82131495008264,-1.90966651591909,-0.730451167284643
0.0762463343108504,0.000977517106549365,-0.256408305732546,0.547521805430347,-0.364423525845483,-0.813335928032326,-1.90387338684443,-0.731209962526275
0.0772238514173998,0.000977517106549365,-0.253894220485708,0.546962974152607,-0.364027947792854,-0.805361163519348,-1.89808318201444,-0.731966417827231
0.0782013685239492,0.000977517106549365,-0.251381494657088,0.546404381869885,-0.363631938746595,-0.797390711127516,-1.89229593891946,-0.732720503188273
0.0791788856304985,0.000977517106549365,-0.248870145454511,0.545846031607434,-0.363235493251089,-0.789424625440644,-1.8865116950498,-0.733472188610161
0.0801564027370479,0.000977517106549365,-0.246360190085803,0.545287926390507,-0.362838605850721,-0.781462961042542,-1.88073048789577,-0.734221444093656
0.0811339198435973,0.000977517106549365,-0.243851645758788,0.544730069244358,-0.362441271089875,-0.773505772517023,-1.87495235494769,-0.734968239639517
0.0821114369501466,0.000977517106549365,-0.241344529681292,0.54417246319424,-0.362043483512936,-0.765553114447898,-1.86917733369588,-0.735712545248506
0.083088954056696,0.000977517106549365,-0.238838859061142,0.543615111265406,-0.361645237664288,-0.757605041418981,-1.86340546163065,-0.736454330921383
0.0840664711632454,0.000977517106549365,-0.236334651106162,0.54305801648311,-0.361246528088316,-0.749661608014082,-1.85763677624233,-0.73719356665891
0.0850439882697947,0.000977517106549365,-0.233831923024179,0.542501181872605,-0.360847349329404,-0.741722868817014,-1.85187131502121,-0.737930222461845
0.0860215053763441,0.000977517106549365,-0.231330692023017,0.541944610459144,-0.360447695931936,-0.733788878411589,-1.84610911545764,-0.73866426833095
0.0869990224828935,0.000977517106549365,-0.228830975310502,0.541388305267982,-0.360047562440297,-0.725859691381618,-1.84035021504191,-0.739395674266986
0.0879765395894428,0.000977517106549365,-0.226332790094459,0.540832269324371,-0.359646943398871,-0.717935362310914,-1.83459465126435,-0.740124410270713
0.0889540566959922,0.000977517106549365,-0.223836153582716,0.540276505653564,-0.359245833352043,-0.710015945783289,-1.82884246161527,-0.740850446342892
0.0899315738025415,0.000977517106549365,-0.221341082983095,0.539721017280816,-0.358844226844197,-0.702101496382555,-1.82309368358499,-0.741573752484283
0.0909090909090909,0.000977517106549365,-0.218847595503424,0.539165807231379,-0.358442118419717,-0.694192068692523,-1.81734835466382,-0.742294298695647
0.0918866080156403,0.000977517106549365,-0.216355708351528,0.538610878530507,-0.358039502622989,-0.686287717297006,-1.81160651234209,-0.743012054977744
0.0928641251221896,0.000977517106549365,-0.213865438735233,0.538056234203453,-0.357636373998395,-0.678388496779815,-1.8058681941101,-0.743726991331335
0.093841642228739,0.000977517106549365,-0.211376803862363,0.537501877275471,-0.357232727090322,-0.670494461724764,-1.80013343745819,-0.744439077757181
0.0948191593352884,0.000977517106549365,-0.208889820940744,0.536947810771814,-0.356828556443153,-0.662605666715662,-1.79440227987665,-0.745148284256041
0.0957966764418377,0.000977517106549365,-0.206404507178203,0.536394037717735,-0.356423856601272,-0.654722166336324,-1.78867475885581,-0.745854580828678
0.0967741935483871,0.000977517106549365,-0.203920879782564,0.535840561138488,-0.356018622109064,-0.646844015170559,-1.78295091188598,-0.74655793747585
0.0977517106549365,0.000977517106549365,-0.201438955961653,0.535287384059326,-0.355612847510914,-0.638971267802182,-1.77723077645748,-0.74725832419832
0.0987292277614858,0.000977517106549365,-0.198958752923296,0.534734509505503,-0.355206527351206,-0.631103978815003,-1.77151439006064,-0.747955710996847
0.0997067448680352,0.000977517106549365,-0.196480287875318,0.534181940502272,-0.354799656174324,-0.623242202792834,-1.76580179018575,-0.748650067872192
0.100684261974585,0.000977517106549365,-0.194003578025544,0.533629680074886,-0.354392228524652,-0.615385994319488,-1.76009301432315,-0.749341364825115
0.101661779081134,0.000977517106549365,-0.191528640581801,0.533077731248599,-0.353984238946576,-0.607535407978777,-1.75438809996314,-0.750029571856378
0.102639296187683,0.000977517106549365,-0.189055492751914,0.532526097048663,-0.353575681984479,-0.599690498354512,-1.74868708459605,-0.75071465896674
0.103616813294233,0.000977517106549365,-0.186584151743707,0.531974780500334,-0.353166552182746,-0.591851320030505,-1.74299000571218,-0.751396596156962
0.104594330400782,0.000977517106549365,-0.184114634765008,0.531423784628863,-0.352756844085762,-0.58401792759057,-1.73729690080186,-0.752075353427806
0.105571847507331,0.000977517106549365,-0.181646959023641,0.530873112459505,-0.35234655223791,-0.576190375618516,-1.73160780735541,-0.752750900780031
0.106549364613881,0.000977517106549365,-0.179181141727431,0.530322767017512,-0.351935671183576,-0.568368718698157,-1.72592276286313,-0.753423208214398
0.10752688172043,0.000977517106549365,-0.176717200084206,0.529772751328138,-0.351524195467143,-0.560553011413304,-1.72024180481535,-0.754092245731667
0.108504398826979,0.000977517106549365,-0.174255151301789,0.529223068416636,-0.351112119632996,-0.55274330834777,-1.71456497070238,-0.754757983332599
0.109481915933529,0.000977517106549365,-0.171795012588006,0.528673721308261,-0.35069943822552,-0.544939664085366,-1.70889229801454,-0.755420391017956
0.110459433040078,0.000977517106549365,-0.169336801150684,0.528124713028264,-0.350286145789098,-0.537142133209904,-1.70322382424214,-0.756079438788496
0.111436950146628,0.000977517106549365,-0.166880534197647,0.5275760466019,-0.349872236868116,-0.529350770305197,-1.69755958687551,-0.756735096644982
0.112414467253177,0.000977517106549365,-0.164426228936721,0.527027725054422,-0.349457706006958,-0.521565629955056,-1.69189962340495,-0.757387334588172
0.113391984359726,0.000977517106549365,-0.161973902575732,0.526479751411084,-0.349042547750007,-0.513786766743294,-1.68624397132079,-0.758036122618829
0.114369501466276,0.000977517106549365,-0.159523572322505,0.525932128697138,-0.34862675664165,-0.506014235253721,-1.68059266811334,-0.758681430737712
0.115347018572825,0.000977517106549365,-0.157075255384866,0.525384859937838,-0.348210327226269,-0.498248090070151,-1.67494575127291,-0.759323228945583
0.116324535679374,0.000977517106549365,-0.15462896897064,0.524837948158438,-0.347793254048249,-0.490488385776396,-1.66930325828983,-0.759961487243201
0.117302052785924,0.000977517106549365,-0.152184730287652,0.524291396384191,-0.347375531651976,-0.482735176956266,-1.66366522665441,-0.760596175631328
0.118279569892473,0.000977517106549365,-0.149742556543729,0.523745207640349,-0.346957154581832,-0.474988518193575,-1.65803169385697,-0.761227264110724
0.119257086999022,0.000977517106549365,-0.147302464946696,0.523199384952168,-0.346538117382204,-0.467248464072134,-1.65240269738782,-0.761854722682149
0.120234604105572,0.000977517106549365,-0.144864472704378,0.5226539313449,-0.346118414597474,-0.459515069175756,-1.64677827473728,-0.762478521346364
0.121212121212121,0.000977517106549365,-0.142428597024601,0.522108849843797,-0.345698040772028,-0.451788388088251,-1.64115846339566,-0.763098630104129
0.122189638318671,0.000977517106549365,-0.139994855115191,0.521564143474115,-0.34527699045025,-0.444068475393433,-1.63554330085329,-0.763715018956206
0.12316715542522,0.000977517106549365,-0.137563264183972,0.521019815261106,-0.344855258176524,-0.436355385675113,-1.62993282460048,-0.764327657903355
0.124144672531769,0.000977517106549365,-0.135133841438771,0.520475868230024,-0.344432838495234,-0.428649173517103,-1.62432707212754,-0.764936516946335
0.125122189638319,0.000977517106549365,-0.132706604087414,0.519932305406122,-0.344009725950767,-0.420949893503215,-1.6187260809248,-0.765541566085909
0.126099706744868,0.000977517106549365,-0.130281569337724,0.519389129814652,-0.343585915087504,-0.413257600217262,-1.61312988848256,-0.766142775322837
0.127077223851417,0.000977517106549365,-0.127858754397529,0.51884634448087,-0.343161400449831,-0.405572348243054,-1.60753853229115,-0.766740114657878
0.128054740957967,0.000977517106549365,-0.125438176474653,0.518303952430028,-0.342736176582133,-0.397894192164405,-1.60195204984088,-0.767333554091793
0.129032258064516,0.000977517106549365,-0.123019852776923,0.517761956687379,-0.342310238028794,-0.390223186565125,-1.59637047862206,-0.767923063625345
0.130009775171065,0.000977517106549365,-0.120603800512164,0.517220360278177,-0.341883579334198,-0.382559386029028,-1.59079385612503,-0.768508613259292
0.130987292277615,0.000977517106549365,-0.1181900368882,0.516679166227676,-0.34145619504273,-0.374902845139925,-1.58522221984008,-0.769090172994395
0.131964809384164,0.000977517106549365,-0.115778579112859,0.516138377561128,-0.341028079698774,-0.367253618481628,-1.57965560725754,-0.769667712831415
0.132942326490714,0.000977517106549365,-0.113369444393964,0.515597997303787,-0.340599227846714,-0.359611760637949,-1.57409405586772,-0.770241202771112
0.133919843597263,0.000977517106549365,-0.110962649939343,0.515058028480907,-0.340169634030935,-0.3519773261927,-1.56853760316095,-0.770810612814248
0.134897360703812,0.000977517106549365,-0.10855821295682,0.51451847411774,-0.339739292795822,-0.344350369729693,-1.56298628662753,-0.771375912961583
0.135874877810362,0.000977517106549365,-0.106156150654221,0.513979337239541,-0.339308198685758,-0.33673094583274,-1.55744014375778,-0.771937073213876
0.136852394916911,0.000977517106549365,-0.103756480239372,0.513440620871562,-0.338876346245128,-0.329119109085653,-1.55189921204203,-0.77249406357189
0.13782991202346,0.000977517106549365,-0.101359218920097,0.512902328039057,-0.338443730018318,-0.321514914072244,-1.54636352897058,-0.773046854036384
0.13880742913001,0.000977517106549365,-0.0989643839042234,0.51236446176728,-0.33801034454971,-0.313918415376325,-1.54083313203375,-0.773595414608118
0.139784946236559,0.000977517106549365,-0.0965719923995756,0.511827025081483,-0.337576184383689,-0.306329667581708,-1.53530805872186,-0.774139715287855
0.140762463343108,0.000977517106549365,-0.0941820616139794,0.511290021006921,-0.337141244064641,-0.298748725272204,-1.52978834652523,-0.774679726076353
0.141739980449658,0.000977517106549365,-0.0917946087552603,0.510753452568846,-0.336705518136948,-0.291175643031627,-1.52427403293417,-0.775215416974374
0.142717497556207,0.000977517106549365,-0.089409651031244,0.510217322792512,-0.336269001144997,-0.283610475443787,-1.518765155439,-0.775746757982678
0.143695014662757,0.000977517106549365,-0.0870272056497559,0.509681634703172,-0.33583168763317,-0.276053277092498,-1.51326175153003,-0.776273719102026
0.144672531769306,0.000977517106549365,-0.0846472898186216,0.50914639132608,-0.335393572145853,-0.26850410256157,-1.50776385869758,-0.776796270333178
0.145650048875855,0.000977517106549365,-0.0822699207456666,0.508611595686489,-0.33495464922743,-0.260963006434816,-1.50227151443197,-0.777314381676896
0.146627565982405,0.000977517106549365,-0.0798951156387164,0.508077250809652,-0.334514913422285,-0.253430043296048,-1.49678475622352,-0.777828023133939
0.147605083088954,0.000977517106549365,-0.0775228917055965,0.507543359720823,-0.334074359274803,-0.245905267729078,-1.49130362156254,-0.778337164705068
0.148582600195503,0.000977517106549365,-0.0751532661541327,0.507009925445256,-0.333632981329369,-0.238388734317718,-1.48582814793934,-0.778841776391043
0.149560117302053,0.000977517106549365,-0.0727862561921502,0.506476951008203,-0.333190774130366,-0.230880497645779,-1.48035837284425,-0.779341828192626
0.150537634408602,0.000977517106549365,-0.0704218790274748,0.505944439434918,-0.332747732222179,-0.223380612297074,-1.47489433376758,-0.779837290110577
0.151515151515152,0.000977517106549365,-0.0680601518679319,0.505412393750654,-0.332303850149192,-0.215889132855415,-1.46943606819965,-0.780328132145656
0.152492668621701,0.000977517106549365,-0.065701091921347,0.504880816980666,-0.33185912245579,-0.208406113904613,-1.46398361363077,-0.780814324298624
0.15347018572825,0.000977517106549365,-0.0633447163955457,0.504349712150205,-0.331413543686358,-0.200931610028482,-1.45853700755126,-0.781295836570242
0.1544477028348,0.000977517106549365,-0.0609910424983535,0.503819082284526,-0.330967108385279,-0.193465675810832,-1.45309628745143,-0.781772638961269
0.155425219941349,0.000977517106549365,-0.058640087437596,0.503288930408882,-0.330519811096939,-0.186008365835476,-1.44766149082161,-0.782244701472468
0.156402737047898,0.000977517106549365,-0.0562918684210987,0.502759259548526,-0.33007164636572,-0.178559734686225,-1.44223265515211,-0.782711994104597
0.157380254154448,0.000977517106549365,-0.0539464026566871,0.502230072728711,-0.329622608736009,-0.171119836946893,-1.43680981793324,-0.783174486858419
0.158357771260997,0.000977517106549365,-0.0516037073521869,0.501701372974692,-0.32917269275219,-0.163688727201289,-1.43139301665532,-0.783632149734693
0.159335288367546,0.000977517106549365,-0.0492637997154234,0.501173163311722,-0.328721892958646,-0.156266460033228,-1.42598228880868,-0.78408495273418
0.160312805474096,0.000977517106549365,-0.0469266969542222,0.500645446765053,-0.328270203899762,-0.14885309002652,-1.42057767188361,-0.78453286585764
0.161290322580645,0.000977517106549365,-0.044592416276409,0.500118226359939,-0.327817620119923,-0.141448671764978,-1.41517920337045,-0.784975859105835
0.162267839687195,0.000977517106549365,-0.0422609748898091,0.499591505121634,-0.327364136163513,-0.134053259832413,-1.40978692075951,-0.785413902479525
0.163245356793744,0.000977517106549365,-0.0399323900022482,0.499065286075391,-0.326909746574917,-0.126666908812638,-1.4044008615411,-0.78584696597947
0.164222873900293,0.000977517106549365,-0.0376066788215519,0.498539572246464,-0.326454445898518,-0.119289673289465,-1.39902106320555,-0.78627501960643
0.165200391006843,0.000977517106549365,-0.0352838585555454,0.498014366660105,-0.325998228678702,-0.111921607846704,-1.39364756324316,-0.786698033361167
0.166177908113392,0.000977517106549365,-0.0329639464120546,0.497489672341568,-0.325541089459853,-0.10456276706817,-1.38828039914425,-0.787115977244441
0.167155425219941,0.000977517106549365,-0.0306469595989049,0.496965492316107,-0.325083022786354,-0.0972132055376733,-1.38291960839915,-0.787528821257013
0.168132942326491,0.000977517106549365,-0.0283329153239218,0.496441829608975,-0.324624023202591,-0.0898729778390257,-1.37756522849816,-0.787936535399642
0.16911045943304,0.000977517106549365,-0.0260218307949309,0.495918687245425,-0.324164085252949,-0.08254213855604,-1.3722172969316,-0.788339089673091
0.170087976539589,0.000977517106549365,-0.0237137232197576,0.495396068250711,-0.32370320348181,-0.0752207422725276,-1.3668758511898,-0.788736454078119
0.171065493646139,0.000977517106549365,-0.0214086098062276,0.494873975650086,-0.323241372433561,-0.0679088435723006,-1.36154092876306,-0.789128598615486
0.172043010752688,0.000977517106549365,-0.0191065077621663,0.494352412468804,-0.322778586652585,-0.0606064970391709,-1.3562125671417,-0.789515493285954
0.173020527859238,0.000977517106549365,-0.0168074342953994,0.493831381732117,-0.322314840683266,-0.0533137572569509,-1.35089080381605,-0.789897108090283
0.173998044965787,0.000977517106549365,-0.0145114066137523,0.493310886465279,-0.321850129069989,-0.0460306788094523,-1.3455756762764,-0.790273413029234
0.174975562072336,0.000977517106549365,-0.0122184419250507,0.492790929693545,-0.321384446357139,-0.0387573162804873,-1.34026722201309,-0.790644378103567
0.175953079178886,0.000977517106549365,-0.00992855743711982,0.492271514442166,-0.3209177870891,-0.0314937242538673,-1.33496547851643,-0.791009973314043
0.176930596285435,0.000977517106549365,-0.00764177035778551,0.491752643736396,-0.320450145810256,-0.024239957313405,-1.32967048327674,-0.791370168661422
0.177908113391984,0.000977517106549365,-0.00535809789487323,0.49123432060149,-0.319981517064993,-0.0169960700429121,-1.32438227378432,-0.791724934146465
0.178885630498534,0.000977517106549365,-0.00307755725620839,0.490716548062699,-0.319511895397693,-0.00976211702620034,-1.31910088752951,-0.792074239769932
0.179863147605083,0.000977517106549365,-0.000800165649616595,0.490199329145278,-0.319041275352741,-0.00253815284708188,-1.31382636200261,-0.792418055532584
0.180840664711632,0.000977517106549365,0.00147405971707654,0.48968266687448,-0.318569651474523,0.00467576791063107,-1.30855873469393,-0.792756351435183
0.181818181818182,0.000977517106549365,0.00374510163604556,0.489166564275559,-0.318097018307422,0.0118795906631268,-1.30329804309381,-0.793089097478487
0.182795698924731,0.000977517106549365,0.00601294289946485,0.488651024373767,-0.317623370395824,0.019073260826593,-1.29804432469255,-0.793416263663258
0.183773216031281,0.000977517106549365,0.00827756629950904,0.488136050194358,-0.317148702284111,0.0262567238172182,-1.29279761698047,-0.793737819990256
0.18475073313783,0.000977517106549365,0.0105389546283525,0.487621644762586,-0.316673008516669,0.0334299250511901,-1.28755795744789,-0.794053736460242
0.185728250244379,0.000977517106549365,0.0127970906781696,0.487107811103704,-0.316196283637882,0.0405928099446966,-1.28232538358512,-0.794363983073978
0.186705767350929,0.000977517106549365,0.015051957241135,0.486594552242964,-0.315718522192135,0.0477453239139262,-1.27709993288248,-0.794668529832221
0.187683284457478,0.000977517106549365,0.0173035371094229,0.486081871205622,-0.315239718723811,0.054887412375066,-1.27188164283029,-0.794967346735735
0.188660801564027,0.000977517106549365,0.019551813075208,0.485569771016929,-0.314759867777296,0.0620190207443052,-1.26667055091886,-0.795260403785278
0.189638318670577,0.000977517106549365,0.0217967679306647,0.48505825470214,-0.314278963896974,0.0691400944378309,-1.26146669463851,-0.795547670981613
0.190615835777126,0.000977517106549365,0.0240383844679674,0.484547325286508,-0.313797001627229,0.0762505788718314,-1.25627011147955,-0.795829118325499
0.191593352883675,0.000977517106549365,0.0262766454792907,0.484036985795286,-0.313313975512446,0.0833504194624948,-1.25108083893231,-0.796104715817697
0.192570869990225,0.000977517106549365,0.0285115337568088,0.483527239253728,-0.312829880097008,0.0904395616260089,-1.2458989144871,-0.796374433458967
0.193548387096774,0.000977517106549365,0.0307430320926965,0.483018088687086,-0.312344709925301,0.0975179507785621,-1.24072437563423,-0.79663824125007
0.194525904203324,0.000977517106549365,0.032971123279128,0.482509537120615,-0.311858459541709,0.104585532336342,-1.23555725986402,-0.796896109191768
0.195503421309873,0.000977517106549365,0.035195790108278,0.482001587579567,-0.311371123490616,0.111642251715537,-1.23039760466679,-0.797148007284819
0.196480938416422,0.000977517106549365,0.0374170153723207,0.481494243089197,-0.310882696316407,0.118688054332335,-1.22524544753286,-0.797393905529985
0.197458455522972,0.000977517106549365,0.0396347818634307,0.480987506674757,-0.310393172563467,0.125722885602923,-1.22010082595253,-0.797633773928026
0.198435972629521,0.000977517106549365,0.0418490723737825,0.480481381361501,-0.309902546776178,0.132746690943491,-1.21496377741613,-0.797867582479704
0.19941348973607,0.000977517106549365,0.0440598696955506,0.479975870174682,-0.309410813498927,0.139759415770226,-1.20983433941398,-0.798095301185778
0.20039100684262,0.000977517106549365,0.0462671566209092,0.479470976139554,-0.308917967276097,0.146761005499315,-1.20471254943639,-0.798316900047009
0.201368523949169,0.000977517106549365,0.0484709159420331,0.47896670228137,-0.308424002652073,0.153751405546948,-1.19959844497367,-0.798532349064157
0.202346041055718,0.000977517106549365,0.0506711304510966,0.478463051625384,-0.307928914171239,0.160730561329311,-1.19449206351615,-0.798741618237985
0.203323558162268,0.000977517106549365,0.0528677829402741,0.477960027196848,-0.307432696377979,0.167698418262594,-1.18939344255414,-0.79894467756925
0.204301075268817,0.000977517106549365,0.0550608562017403,0.477457632021016,-0.306935343816679,0.174654921762984,-1.18430261957795,-0.799141497058715
0.205278592375367,0.000977517106549365,0.0572503330276694,0.476955869123142,-0.306436851031722,0.181600017246668,-1.17921963207791,-0.79933204670714
0.206256109481916,0.000977517106549365,0.0594361962102361,0.476454741528479,-0.305937212567493,0.188533650129836,-1.17414451754433,-0.799516296515286
0.207233626588465,0.000977517106549365,0.0616184285416145,0.475954252262281,-0.305436422968377,0.195455765828675,-1.16907731346752,-0.799694216483913
0.208211143695015,0.000977517106549365,0.0637970128139794,0.4754544043498,-0.304934476778757,0.202366309759372,-1.1640180573378,-0.799865776613782
0.209188660801564,0.000977517106549365,0.0659719318195053,0.47495520081629,-0.304431368543018,0.209265227338117,-1.1589667866455,-0.800030946905652
0.210166177908113,0.000977517106549365,0.0681431683503664,0.474456644687005,-0.303927092805545,0.216152463981097,-1.15392353888091,-0.800189697360286
0.211143695014663,0.000977517106549365,0.0703107051987373,0.473958738987197,-0.303421644110722,0.2230279651045,-1.14888835153437,-0.800341997978443
0.212121212121212,0.000977517106549365,0.0724745251567924,0.473461486742121,-0.302915017002933,0.229891676124515,-1.14386126209619,-0.800487818760884
0.213098729227761,0.000977517106549365,0.0746346110167063,0.47296489097703,-0.302407206026563,0.236743542457328,-1.13884230805668,-0.80062712970837
0.214076246334311,0.000977517106549365,0.0767909455706534,0.472468954717176,-0.301898205725996,0.243583509519129,-1.13383152690617,-0.80075990082166
0.21505376344086,0.000977517106549365,0.078943511610808,0.471973680987814,-0.301388010645618,0.250411522726104,-1.12882895613496,-0.800886102101517
0.21603128054741,0.000977517106549365,0.0810922919293449,0.471479072814197,-0.30087661532981,0.257227527494443,-1.12383463323337,-0.8010057035487
0.217008797653959,0.000977517106549365,0.0832372693184383,0.470985133221578,-0.30036401432296,0.264031469240334,-1.11884859569173,-0.80111867516397
0.217986314760508,0.000977517106549365,0.0853784265702628,0.470491865235211,-0.299850202169451,0.270823293379963,-1.11387088100034,-0.801224986948087
0.218963831867058,0.000977517106549365,0.0875157464769927,0.469999271880349,-0.299335173413667,0.27760294532952,-1.10890152664952,-0.801324608901812
0.219941348973607,0.000977517106549365,0.0896492118308027,0.469507356182245,-0.298818922599992,0.284370370505192,-1.1039405701296,-0.801417511025905
0.220918866080156,0.000977517106549365,0.091778805423867,0.469016121166153,-0.298301444272812,0.291125514323167,-1.09898804893088,-0.801503663321128
0.221896383186706,0.000977517106549365,0.0939045100483603,0.468525569857326,-0.29778273297651,0.297868322199633,-1.09404400054369,-0.80158303578824
0.222873900293255,0.000977517106549365,0.0960263084964569,0.468035705281017,-0.297262783255472,0.304598739550779,-1.08910846245833,-0.801655598428003
0.223851417399804,0.000977517106549365,0.0981441835603313,0.46754653046248,-0.29674158965408,0.311316711792792,-1.08418147216513,-0.801721321241177
0.224828934506354,0.000977517106549365,0.100258118032158,0.467058048426969,-0.296219146716721,0.31802218434186,-1.0792630671544,-0.801780174228522
0.225806451612903,0.000977517106549365,0.102368094704112,0.466570262199737,-0.295695448987778,0.324715102614172,-1.07435328491646,-0.8018321273908
0.226783968719453,0.000977517106549365,0.104474096368366,0.466083174806036,-0.295170491011636,0.331395412025915,-1.06945216294163,-0.801877150728769
0.227761485826002,0.000977517106549365,0.106576105817097,0.465596789271121,-0.294644267332679,0.338063057993278,-1.06455973872021,-0.801915214243192
0.228739002932551,0.000977517106549365,0.108674105842477,0.465111108620244,-0.294116772495291,0.344717985932448,-1.05967604974254,-0.801946287934829
0.229716520039101,0.000977517106549365,0.110768079236682,0.464626135878661,-0.293588001043857,0.351360141259613,-1.05480113349892,-0.80197034180444
0.23069403714565,0.000977517106549365,0.112858008791887,0.464141874071622,-0.293057947522762,0.357989469390962,-1.04993502747967,-0.801987345852786
0.231671554252199,0.000977517106549365,0.114943877300264,0.463658326224383,-0.292526606476389,0.364605915742682,-1.04507776917511,-0.801997270080628
0.232649071358749,0.000977517106549365,0.11702566755399,0.463175495362195,-0.291993972449124,0.371209425730961,-1.04022939607555,-0.802000084488725
0.233626588465298,0.000977517106549365,0.119103362345238,0.462693384510314,-0.29146003998535,0.377799944771988,-1.03538994567131,-0.801995759077839
0.234604105571848,0.000977517106549365,0.121176944466184,0.462211996693992,-0.290924803629452,0.384377418281951,-1.03055945545271,-0.80198426384873
0.235581622678397,0.000977517106549365,0.123246396709,0.461731334938482,-0.290388257925815,0.390941791677037,-1.02573796291007,-0.80196556880216
0.236559139784946,0.000977517106549365,0.125311701865863,0.461251402269039,-0.289850397418822,0.397493010373434,-1.02092550553369,-0.801939643938887
0.237536656891496,0.000977517106549365,0.127372842728945,0.460772201710914,-0.289311216652859,0.404031019787331,-1.0161221208139,-0.801906459259673
0.238514173998045,0.000977517106549365,0.129429802090423,0.460293736289363,-0.288770710172309,0.410555765334916,-1.01132784624101,-0.801865984765279
0.239491691104594,0.000977517106549365,0.13148256274247,0.459816009029637,-0.288228872521558,0.417067192432376,-1.00654271930534,-0.801818190456464
0.240469208211144,0.000977517106549365,0.13353110747726,0.459339022956991,-0.287685698244989,0.4235652464959,-1.00176677749721,-0.801763046333992
0.241446725317693,0.000977517106549365,0.135575419086969,0.458862781096678,-0.287141181886988,0.430049872941675,-0.997000058306932,-0.801700522398619
0.242424242424242,0.000977517106549365,0.13761548036377,0.458387286473951,-0.286595317991937,0.43652101718589,-0.992242599224821,-0.801630588651109
0.243401759530792,0.000977517106549365,0.139651274099839,0.457912542114063,-0.286048101104222,0.442978624644732,-0.987494437741195,-0.80155321509222
0.244379276637341,0.000977517106549365,0.141682783087349,0.457438551042269,-0.285499525768228,0.44942264073439,-0.98275561134637,-0.801468371722715
0.245356793743891,0.000977517106549365,0.143709990118475,0.456965316283821,-0.284949586528338,0.455853010871052,-0.978026157530664,-0.801376028543353
0.24633431085044,0.000977517106549365,0.145732877985391,0.456492840863972,-0.284398277928937,0.462269680470905,-0.973306113784392,-0.801276155554896
0.247311827956989,0.000977517106549365,0.147751429480273,0.456021127807977,-0.28384559451441,0.468672594950138,-0.968595517597872,-0.801168722758103
0.248289345063539,0.000977517106549365,0.149765627395294,0.455550180141089,-0.283291530829141,0.475061699724939,-0.963894406461419,-0.801053700153735
0.249266862170088,0.000977517106549365,0.151775454522629,0.45508000088856,-0.282736081417514,0.481436940211495,-0.95920281786535,-0.800931057742553
0.250244379276637,0.000977517106549365,0.153780893654452,0.454610593075645,-0.282179240823914,0.487798261825995,-0.954520789299982,-0.800800765525318
0.251221896383187,0.000977517106549365,0.155781927582938,0.454141959727596,-0.281621003592724,0.494145609984627,-0.94984835825563,-0.800662793502789
0.252199413489736,0.000977517106549365,0.157778539100261,0.453674103869668,-0.281061364268331,0.500478930103579,-0.945185562222612,-0.800517111675728
0.253176930596285,0.000977517106549365,0.159770710998596,0.453207028527113,-0.280500317395117,0.506798167599038,-0.940532438691244,-0.800363690044895
0.254154447702835,0.000977517106549365,0.161758426070118,0.452740736725185,-0.279937857517468,0.513103267887193,-0.935889025151843,-0.800202498611051
0.255131964809384,0.000977517106549365,0.163741667107,0.452275231489137,-0.279373979179768,0.519394176384232,-0.931255359094724,-0.800033507374956
0.256109481915934,0.000977517106549365,0.165720416901417,0.451810515844222,-0.278808676926401,0.525670838506342,-0.926631478010205,-0.79985668633737
0.257086999022483,0.000977517106549365,0.167694658245544,0.451346592815695,-0.278241945301751,0.531933199669713,-0.922017419388601,-0.799672005499056
0.258064516129032,0.000977517106549365,0.169664373931554,0.450883465428808,-0.277673778850204,0.538181205290531,-0.91741322072023,-0.799479434860772
0.259042033235582,0.000977517106549365,0.171629546751624,0.450421136708815,-0.277104172116143,0.544414800784985,-0.912818919495408,-0.79927894442328
0.260019550342131,0.000977517106549365,0.173590159497926,0.44995960968097,-0.276533119643953,0.550633931569263,-0.90823455320445,-0.799070504187339
0.26099706744868,0.000977517106549365,0.175546194962636,0.449498887370524,-0.275960615978018,0.556838543059553,-0.903660159337675,-0.798854084153712
0.26197458455523,0.000977517106549365,0.177497635937928,0.449038972802733,-0.275386655662723,0.563028580672043,-0.899095775385397,-0.798629654323157
0.262952101661779,0.000977517106549365,0.179444465215976,0.448579869002849,-0.274811233242453,0.56920398982292,-0.894541438837935,-0.798397184696437
0.263929618768328,0.000977517106549365,0.181386665588955,0.448121578996125,-0.274234343261591,0.575364715928374,-0.889997187185603,-0.798156645274311
0.264907135874878,0.000977517106549365,0.183324219849039,0.447664105807816,-0.273655980264522,0.581510704404591,-0.88546305791872,-0.79790800605754
0.265884652981427,0.000977517106549365,0.185257110788403,0.447207452463175,-0.27307613879563,0.58764190066776,-0.8809390885276,-0.797651237046885
0.266862170087977,0.000977517106549365,0.187185321199221,0.446751621987454,-0.2724948133993,0.59375825013407,-0.87642531650256,-0.797386308243105
0.267839687194526,0.000977517106549365,0.189108833873669,0.446296617405907,-0.271911998619917,0.599859698219707,-0.871921779333918,-0.797113189646963
0.268817204301075,0.000977517106549365,0.191027631603919,0.445842441743788,-0.271327689001864,0.60594619034086,-0.867428514511989,-0.796831851259217
0.269794721407625,0.000977517106549365,0.192941697182147,0.44538909802635,-0.270741879089526,0.612017671913717,-0.862945559527091,-0.79654226308063
0.270772238514174,0.000977517106549365,0.194851013400527,0.444936589278847,-0.270154563427288,0.618074088354467,-0.858472951869538,-0.796244395111961
0.271749755620723,0.000977517106549365,0.196755563051233,0.444484918526531,-0.269565736559534,0.624115385079296,-0.854010729029649,-0.795938217353971
0.272727272727273,0.000977517106549365,0.198655328926441,0.444034088794657,-0.268975393030648,0.630141507504393,-0.849558928497739,-0.795623699807421
0.273704789833822,0.000977517106549365,0.200550293818324,0.443584103108477,-0.268383527385014,0.636152401045947,-0.845117587764124,-0.79530081247307
0.274682306940371,0.000977517106549365,0.202440440519057,0.443134964493245,-0.267790134167019,0.642148011120144,-0.840686744319123,-0.794969525351681
0.275659824046921,0.000977517106549365,0.204325751820814,0.442686675974214,-0.267195207921044,0.648128283143174,-0.83626643565305,-0.794629808444013
0.27663734115347,0.000977517106549365,0.206206210515771,0.442239240576638,-0.266598743191476,0.654093162531223,-0.831856699256222,-0.794281631750826
0.27761485826002,0.000977517106549365,0.2080817993961,0.441792661325771,-0.266000734522698,0.660042594700481,-0.827457572618956,-0.793924965272882
0.278592375366569,0.000977517106549365,0.209952501253978,0.441346941246864,-0.265401176459095,0.665976525067135,-0.823069093231568,-0.793559779010941
0.279569892473118,0.000977517106549365,0.211818298881578,0.440902083365173,-0.264800063545051,0.671894899047373,-0.818691298584375,-0.793186042965764
0.280547409579668,0.000977517106549365,0.213679175071074,0.44045809070595,-0.264197390324952,0.677797662057383,-0.814324226167693,-0.792803727138111
0.281524926686217,0.000977517106549365,0.215535112614642,0.440014966294449,-0.26359315134318,0.683684759513353,-0.809967913471839,-0.792412801528743
0.282502443792766,0.000977517106549365,0.217386094304456,0.439572713155922,-0.26298734114412,0.689556136831473,-0.805622397987129,-0.79201323613842
0.283479960899316,0.000977517106549365,0.219232102932689,0.439131334315624,-0.262379954272158,0.695411739427927,-0.801287717203879,-0.791605000967902
0.284457478005865,0.000977517106549365,0.221073121291518,0.438690832798808,-0.261770985271677,0.701251512718906,-0.796963908612407,-0.791188066017952
0.285434995112414,0.000977517106549365,0.222909132173115,0.438251211630727,-0.261160428687062,0.707075402120597,-0.792651009703028,-0.790762401289328
0.286412512218964,0.000977517106549365,0.224740118369656,0.437812473836635,-0.260548279062697,0.712883353049189,-0.788349057966059,-0.790327976782792
0.287390029325513,0.000977517106549365,0.226566062673314,0.437374622441784,-0.259934530942967,0.718675310920869,-0.784058090891816,-0.789884762499105
0.288367546432063,0.000977517106549365,0.228386947876266,0.436937660471429,-0.259319178872256,0.724451221151824,-0.779778145970617,-0.789432728439026
0.289345063538612,0.000977517106549365,0.230202756770684,0.436501590950823,-0.258702217394948,0.730211029158244,-0.775509260692777,-0.788971844603316
0.290322580645161,0.000977517106549365,0.232013472148743,0.436066416905219,-0.258083641055428,0.735954680356317,-0.771251472548612,-0.788502080992736
0.291300097751711,0.000977517106549365,0.233819076802619,0.43563214135987,-0.25746344439808,0.74168212016223,-0.767004819028441,-0.788023407608046
0.29227761485826,0.000977517106549365,0.235619553524485,0.43519876734003,-0.256841621967289,0.747393293992171,-0.762769337622577,-0.787535794450008
0.293255131964809,0.000977517106549365,0.237414885106515,0.434766297870953,-0.25621816830744,0.753088147262329,-0.75854506582134,-0.787039211519382
0.294232649071359,0.000977517106549365,0.239205054340885,0.434334735977891,-0.255593077962916,0.758766625388891,-0.754332041115044,-0.786533628816927
0.295210166177908,0.000977517106549365,0.240990044019768,0.433904084686099,-0.254966345478101,0.764428673788045,-0.750130300994006,-0.786019016343405
0.296187683284457,0.000977517106549365,0.24276983693534,0.433474347020828,-0.254337965397382,0.77007423787598,-0.745939882948543,-0.785495344099577
0.297165200391007,0.000977517106549365,0.244544415879774,0.433045526007334,-0.253707932265141,0.775703263068883,-0.741760824468972,-0.784962582086203
0.298142717497556,0.000977517106549365,0.246313763645246,0.432617624670869,-0.253076240625763,0.781315694782942,-0.737593163045608,-0.784420700304043
0.299120234604106,0.000977517106549365,0.248077863023929,0.432190646036686,-0.252442885023633,0.786911478434346,-0.733436936168767,-0.783869668753858
0.300097751710655,0.000977517106549365,0.249836696807998,0.431764593130039,-0.251807860003135,0.792490559439282,-0.729292181328769,-0.78330945743641
0.301075268817204,0.000977517106549365,0.251590247789627,0.431339468976182,-0.251171160108654,0.798052883213939,-0.725158936015927,-0.782740036352457
0.302052785923754,0.000977517106549365,0.253338498760992,0.430915276600368,-0.250532779884574,0.803598395174505,-0.721037237720558,-0.78216137550276
0.303030303030303,0.000977517106549365,0.255081432514266,0.430492019027849,-0.249892713875278,0.809127040737166,-0.716927123932979,-0.781573444888081
0.304007820136852,0.000977517106549365,0.256819031841623,0.43006969928388,-0.249250956625153,0.814638765318113,-0.712828632143507,-0.780976214509181
0.304985337243402,0.000977517106549365,0.258551279535239,0.429648320393714,-0.248607502678582,0.820133514333532,-0.708741799842458,-0.780369654366819
0.305962854349951,0.000977517106549365,0.260278158387288,0.429227885382605,-0.247962346579949,0.825611233199611,-0.704666664520148,-0.779753734461756
0.3069403714565,0.000977517106549365,0.261999651189945,0.428808397275805,-0.247315482873639,0.831071867332539,-0.700603263666895,-0.779128424794752
0.30791788856305,0.000977517106549365,0.263715740735383,0.428389859098568,-0.246666906104037,0.836515362148504,-0.696551634773014,-0.778493695366569
0.308895405669599,0.000977517106549365,0.265426409815777,0.427972273876148,-0.246016610815527,0.841941663063692,-0.692511815328822,-0.777849516177967
0.309872922776149,0.000977517106549365,0.267131641223302,0.427555644633797,-0.245364591552493,0.847350715494294,-0.688483842824634,-0.777195857229706
0.310850439882698,0.000977517106549365,0.268831417750131,0.42713997439677,-0.244710842859319,0.852742464856496,-0.684467754750769,-0.776532688522547
0.311827956989247,0.000977517106549365,0.270525722188441,0.426725266190319,-0.244055359280391,0.858116856566487,-0.680463588597542,-0.77585998005725
0.312805474095797,0.000977517106549365,0.272214537330405,0.426311523039698,-0.243398135360092,0.863473836040455,-0.67647138185527,-0.775177701834577
0.313782991202346,0.000977517106549365,0.273897845968197,0.425898747970161,-0.242739165642807,0.868813348694587,-0.672491172014269,-0.774485823855287
0.314760508308895,0.000977517106549365,0.275575630893992,0.42548694400696,-0.242078444672921,0.874135339945072,-0.668522996564856,-0.773784316120142
0.315738025415445,0.000977517106549365,0.277247874899965,0.42507611417535,-0.241415966994817,0.879439755208097,-0.664566892997347,-0.773073148629901
0.316715542521994,0.000977517106549365,0.278914560778289,0.424666261500583,-0.240751727152881,0.884726539899852,-0.660622898802059,-0.772352291385326
0.317693059628543,0.000977517106549365,0.28057567132114,0.424257389007913,-0.240085719691496,0.889995639436522,-0.656691051469307,-0.771621714387177
0.318670576735093,0.000977517106549365,0.282231189320692,0.423849499722593,-0.239417939155047,0.895246999234298,-0.65277138848941,-0.770881387636214
0.319648093841642,0.000977517106549365,0.283881097569119,0.423442596669877,-0.238748380087919,0.900480564709367,-0.648863947352682,-0.770131281133199
0.320625610948192,0.000977517106549365,0.285525378858596,0.423036682875018,-0.238077037034495,0.905696281277916,-0.644968765549441,-0.769371364878891
0.321603128054741,0.000977517106549365,0.287164015981297,0.42263176136327,-0.237403904539161,0.910894094356134,-0.641085880570003,-0.768601608874051
0.32258064516129,0.000977517106549365,0.288796991729397,0.422227835159885,-0.2367289771463,0.916073949360208,-0.637215329904684,-0.767821983119441
0.32355816226784,0.000977517106549365,0.29042428889507,0.421824907290118,-0.236052249400298,0.921235791706328,-0.633357151043802,-0.76703245761582
0.324535679374389,0.000977517106549365,0.29204589027049,0.421422980779221,-0.235373715845538,0.92637956681068,-0.629511381477672,-0.766233002363948
0.325513196480938,0.000977517106549365,0.293661778647833,0.421022058652448,-0.234693371026405,0.931505220089453,-0.625678058696611,-0.765423587364588
0.326490713587488,0.000977517106549365,0.295271936819272,0.420622143935053,-0.234011209487283,0.936612696958835,-0.621857220190935,-0.764604182618498
0.327468230694037,0.000977517106549365,0.296876347576983,0.420223239652289,-0.233327225772558,0.941701942835014,-0.618048903450961,-0.763774758126441
0.328445747800586,0.000977517106549365,0.298474993713138,0.419825348829408,-0.232641414426612,0.946772903134178,-0.614253145967005,-0.762935283889175
0.329423264907136,0.000977517106549365,0.300067858019914,0.419428474491666,-0.231953769993831,0.951825523272514,-0.610469985229385,-0.762085729907463
0.330400782013685,0.000977517106549365,0.301654923289484,0.419032619664314,-0.231264287018599,0.956859748666212,-0.606699458728415,-0.761226066182064
0.331378299120235,0.000977517106549365,0.303236172314023,0.418637787372606,-0.230572960045301,0.961875524731458,-0.602941603954413,-0.760356262713738
0.332355816226784,0.000977517106549365,0.304811587885706,0.418243980641796,-0.22987978361832,0.966872796884442,-0.599196458397696,-0.759476289503248
0.333333333333333,0.000977517106549365,0.306381152796706,0.417851202497138,-0.229184752282042,0.97185151054135,-0.595464059548579,-0.758586116551353
0.334310850439883,0.000977517106549365,0.307944849839199,0.417459455963883,-0.228487860580851,0.976811611118371,-0.591744444897379,-0.757685713858813
0.335288367546432,0.000977517106549365,0.309502661805358,0.417068744067287,-0.227789103059131,0.981753044031693,-0.588037651934413,-0.75677505142639
0.336265884652981,0.000977517106549365,0.311054571487358,0.416679069832602,-0.227088474261266,0.986675754697504,-0.584343718149997,-0.755854099254843
0.337243401759531,0.000977517106549365,0.312600561677374,0.416290436285081,-0.226385968731641,0.991579688531992,-0.580662681034448,-0.754922827344935
0.33822091886608,0.000977517106549365,0.314140615167581,0.415902846449979,-0.225681581014641,0.996464790951346,-0.576994578078081,-0.753981205697424
0.33919843597263,0.000977517106549365,0.315674714750151,0.415516303352548,-0.224975305654649,1.00133100737175,-0.573339446771214,-0.753029204313071
0.340175953079179,0.000977517106549365,0.317202843217261,0.415130810018041,-0.224267137196051,1.0061782832094,-0.569697324604164,-0.752066793192638
0.341153470185728,0.000977517106549365,0.318724983361085,0.414746369471713,-0.22355707018323,1.01100656388048,-0.566068249067245,-0.751093942336885
0.342130987292278,0.000977517106549365,0.320241117973796,0.414362984738817,-0.222845099160572,1.01581579480117,-0.562452257650776,-0.750110621746572
0.343108504398827,0.000977517106549365,0.32175122984757,0.413980658844605,-0.22213121867246,1.02060592138767,-0.558849387845072,-0.74911680142246
0.344086021505376,0.000977517106549365,0.323255301774581,0.413599394814332,-0.221415423263279,1.02537688905616,-0.555259677140449,-0.74811245136531
0.345063538611926,0.000977517106549365,0.324753316547003,0.41321919567325,-0.220697707477413,1.03012864322283,-0.551683163027226,-0.747097541575881
0.346041055718475,0.000977517106549365,0.326245256957011,0.412840064446614,-0.219978065859247,1.03486112930387,-0.548119882995717,-0.746072042054935
0.347018572825024,0.000977517106549365,0.327731105796779,0.412462004159676,-0.219256492953165,1.03957429271547,-0.544569874536239,-0.745035922803232
0.347996089931574,0.000977517106549365,0.329210845858482,0.41208501783769,-0.218532983303552,1.04426807887382,-0.54103317513911,-0.743989153821534
0.348973607038123,0.000977517106549365,0.330684459934295,0.411709108505909,-0.217807531454791,1.04894243319509,-0.537509822294644,-0.742931705110599
0.349951124144673,0.000977517106549365,0.332151930816391,0.411334279189587,-0.217080131951269,1.05359730109549,-0.533999853493159,-0.74186354667119
0.350928641251222,0.000977517106549365,0.333613241296945,0.410960532913977,-0.216350779337368,1.0582326279912,-0.530503306224972,-0.740784648504066
0.351906158357771,0.000977517106549365,0.335068374168132,0.410587872704332,-0.215619468157473,1.06284835929841,-0.527020217980398,-0.739694980609988
0.352883675464321,0.000977517106549365,0.336517312222126,0.410216301585906,-0.214886192955969,1.0674444404333,-0.523550626249754,-0.738594512989716
0.35386119257087,0.000977517106549365,0.337960038251101,0.409845822583953,-0.21415094827724,1.07202081681206,-0.520094568523357,-0.737483215644012
0.354838709677419,0.000977517106549365,0.339396535047233,0.409476438723725,-0.21341372866567,1.07657743385088,-0.516652082291523,-0.736361058573636
0.355816226783969,0.000977517106549365,0.340826785402695,0.409108153030475,-0.212674528665645,1.08111423696596,-0.513223205044568,-0.735228011779348
0.356793743890518,0.000977517106549365,0.342250772109662,0.408740968529459,-0.211933342821548,1.08563117157347,-0.50980797427281,-0.734084045261909
0.357771260997067,0.000977517106549365,0.343668477960308,0.408374888245928,-0.211190165677763,1.09012818308961,-0.506406427466564,-0.732929129022079
0.358748778103617,0.000977517106549365,0.345079885746808,0.408009915205136,-0.210444991778676,1.09460521693056,-0.503018602116147,-0.73176323306062
0.359726295210166,0.000977517106549365,0.346484978261337,0.407646052432336,-0.209697815668671,1.09906221851251,-0.499644535711875,-0.730586327378291
0.360703812316716,0.000977517106549365,0.347883738296068,0.407283302952783,-0.208948631892131,1.10349913325165,-0.496284265744065,-0.729398381975854
0.361681329423265,0.000977517106549365,0.349276148643177,0.406921669791729,-0.208197434993442,1.10791590656417,-0.492937829703034,-0.728199366854068
0.362658846529814,0.000977517106549365,0.350662192094837,0.406561155974427,-0.207444219516988,1.11231248386625,-0.489605265079098,-0.726989252013695
0.363636363636364,0.000977517106549365,0.352041851443224,0.406201764526131,-0.206688980007153,1.11668881057409,-0.486286609362573,-0.725768007455494
0.364613880742913,0.000977517106549365,0.353415109480511,0.405843498472095,-0.205931711008322,1.12104483210386,-0.482981900043775,-0.724535603180228
0.365591397849462,0.000977517106549365,0.354781948998874,0.405486360837572,-0.205172407064879,1.12538049387177,-0.479691174613023,-0.723292009188655
0.366568914956012,0.000977517106549365,0.356142352790486,0.405130354647815,-0.204411062721208,1.129695741294,-0.47641447056063,-0.722037195481537
0.367546432062561,0.000977517106549365,0.357496303647522,0.404775482928077,-0.203647672521694,1.13399051978673,-0.473151825376916,-0.720771132059634
0.36852394916911,0.000977517106549365,0.358843784362156,0.404421748703613,-0.202882231010722,1.13826477476615,-0.469903276552194,-0.719493788923707
0.36950146627566,0.000977517106549365,0.360184777726564,0.404069154999675,-0.202114732732676,1.14251845164846,-0.466668861576783,-0.718205136074517
0.370478983382209,0.000977517106549365,0.361519266532919,0.403717704841516,-0.20134517223194,1.14675149584983,-0.463448617940999,-0.716905143512824
0.371456500488759,0.000977517106549365,0.362847233573396,0.403367401254391,-0.200573544052898,1.15096385278646,-0.460242583135157,-0.715593781239388
0.372434017595308,0.000977517106549365,0.364168661640169,0.403018247263552,-0.199799842739936,1.15515546787454,-0.457050794649576,-0.71427101925497
0.373411534701857,0.000977517106549365,0.365483533525413,0.402670245894253,-0.199024062837436,1.15932628653025,-0.45387328997457,-0.712936827560331
0.374389051808407,0.000977517106549365,0.366791832021303,0.402323400171748,-0.198246198889785,1.16347625416978,-0.450710106600457,-0.711591176156231
0.375366568914956,0.000977517106549365,0.368093539920012,0.401977713121289,-0.197466245441366,1.16760531620933,-0.447561282017553,-0.710234035043431
0.376344086021505,0.000977517106549365,0.369388640013715,0.40163318776813,-0.196684197036564,1.17171341806507,-0.444426853716175,-0.708865374222691
0.377321603128055,0.000977517106549365,0.370677115094587,0.401289827137524,-0.195900048219763,1.17580050515319,-0.441306859186638,-0.707485163694773
0.378299120234604,0.000977517106549365,0.371958947954803,0.400947634254726,-0.195113793535348,1.17986652288989,-0.43820133591926,-0.706093373460436
0.379276637341153,0.000977517106549365,0.373234121386536,0.400606612144988,-0.194325427527703,1.18391141669135,-0.435110321404357,-0.704689973520441
0.380254154447703,0.000977517106549365,0.374502618181961,0.400266763833563,-0.193534944741211,1.18793513197376,-0.432033853132245,-0.703274933875549
0.381231671554252,0.000977517106549365,0.375764421133252,0.399928092345705,-0.192742339720259,1.19193761415331,-0.428971968593241,-0.70184822452652
0.382209188660802,0.000977517106549365,0.377019513032585,0.399590600706668,-0.19194760700923,1.19591880864619,-0.425924705277661,-0.700409815474116
0.383186705767351,0.000977517106549365,0.378267876672133,0.399254291941704,-0.191150741152509,1.19987866086857,-0.422892100675822,-0.698959676719095
0.3841642228739,0.000977517106549365,0.379509494844071,0.398919169076067,-0.19035173669448,1.20381711623666,-0.41987419227804,-0.69749777826222
0.38514173998045,0.000977517106549365,0.380744350340574,0.398585235135011,-0.189550588179527,1.20773412016664,-0.416871017574632,-0.69602409010425
0.386119257086999,0.000977517106549365,0.381972425953815,0.39825249314379,-0.188747290152035,1.2116296180747,-0.413882614055915,-0.694538582245947
0.387096774193548,0.000977517106549365,0.38319370447597,0.397920946127655,-0.187941837156389,1.21550355537702,-0.410909019212204,-0.69304122468807
0.388074291300098,0.000977517106549365,0.384408168699212,0.397590597111861,-0.187134223736972,1.2193558774898,-0.407950270533816,-0.69153198743138
0.389051808406647,0.000977517106549365,0.385615801415717,0.397261449121661,-0.186324444438169,1.22318652982922,-0.405006405511068,-0.690010840476638
0.390029325513196,0.000977517106549365,0.386816585417658,0.396933505182308,-0.185512493804365,1.22699545781146,-0.402077461634276,-0.688477753824605
0.391006842619746,0.000977517106549365,0.388010503497211,0.396606768319057,-0.184698366379944,1.23078260685273,-0.399163476393756,-0.686932697476041
0.391984359726295,0.000977517106549365,0.389197538446549,0.396281241557159,-0.183882056709291,1.2345479223692,-0.396264487279826,-0.685375641431706
0.392961876832845,0.000977517106549365,0.390377673057848,0.395956927921869,-0.183063559336789,1.23829134977707,-0.393380531782801,-0.683806555692362
0.393939393939394,0.000977517106549365,0.391550890123281,0.39563383043844,-0.182242868806824,1.24201283449251,-0.390511647392998,-0.682225410258768
0.394916911045943,0.000977517106549365,0.392717172435023,0.395311952132126,-0.181419979663779,1.24571232193173,-0.387657871600733,-0.680632175131686
0.395894428152493,0.000977517106549365,0.393876502785248,0.394991296028179,-0.180594886452039,1.2493897575109,-0.384819241896324,-0.679026820311875
0.396871945259042,0.000977517106549365,0.395028863966132,0.394671865151854,-0.179767583715989,1.25304508664623,-0.381995795770086,-0.677409315800098
0.397849462365591,0.000977517106549365,0.396174238769848,0.394353662528403,-0.178938066000013,1.25667825475388,-0.379187570712335,-0.675779631597113
0.398826979472141,0.000977517106549365,0.397312609988571,0.39403669118308,-0.178106327848495,1.26028920725006,-0.376394604213389,-0.674137737703681
0.39980449657869,0.000977517106549365,0.398443960414475,0.393720954141138,-0.17727236380582,1.26387788955094,-0.373616933763564,-0.672483604120564
0.40078201368524,0.000977517106549365,0.399568272839736,0.393406454427831,-0.176436168416372,1.26744424707273,-0.370854596853176,-0.670817200848522
0.401759530791789,0.000977517106549365,0.400685530056526,0.393093195068412,-0.175597736224536,1.2709882252316,-0.368107630972542,-0.669138497888315
0.402737047898338,0.000977517106549365,0.401795714857021,0.392781179088134,-0.174757061774695,1.27450976944374,-0.365376073611979,-0.667447465240705
0.403714565004888,0.000977517106549365,0.402898810033396,0.392470409512252,-0.173914139611235,1.27800882512535,-0.362659962261802,-0.66574407290645
0.404692082111437,0.000977517106549365,0.403994798377824,0.392160889366017,-0.173068964278541,1.2814853376926,-0.359959334412328,-0.664028290886313
0.405669599217986,0.000977517106549365,0.40508366268248,0.391852621674684,-0.172221530320995,1.2849392525617,-0.357274227553873,-0.662300089181053
0.406647116324536,0.000977517106549365,0.406165385739539,0.391545609463507,-0.171371832282983,1.28837051514882,-0.354604679176756,-0.660559437791431
0.407624633431085,0.000977517106549365,0.407239950341175,0.391239855757737,-0.170519864708889,1.29177907087015,-0.35195072677129,-0.658806306718209
0.408602150537634,0.000977517106549365,0.408307339279563,0.39093536358263,-0.169665622143098,1.29516486514189,-0.349312407827793,-0.657040665962145
0.409579667644184,0.000977517106549365,0.409367535346876,0.390632135963437,-0.168809099129993,1.29852784338022,-0.346689759836583,-0.655262485524002
0.410557184750733,0.000977517106549365,0.410420521335291,0.390330175925414,-0.16795029021396,1.30186795100132,-0.344082820287974,-0.653471735404539
0.411534701857283,0.000977517106549365,0.41146628003698,0.390029486493812,-0.167089189939383,1.30518513342139,-0.341491626672284,-0.651668385604517
0.412512218963832,0.000977517106549365,0.412504794244118,0.389730070693885,-0.166225792850646,1.30847933605662,-0.338916216479829,-0.649852406124697
0.413489736070381,0.000977517106549365,0.41353604674888,0.389431931550887,-0.165360093492134,1.31175050432318,-0.336356627200925,-0.648023766965839
0.414467253176931,0.000977517106549365,0.414560020343441,0.389135072090071,-0.16449208640823,1.31499858363728,-0.333812896325889,-0.646182438128704
0.41544477028348,0.000977517106549365,0.415576697819974,0.388839495336691,-0.163621766143321,1.3182235194151,-0.331285061345037,-0.644328389614052
0.416422287390029,0.000977517106549365,0.416586061970655,0.388545204316,-0.162749127241789,1.32142525707282,-0.328773159748687,-0.642461591422645
0.417399804496579,0.000977517106549365,0.417588095587658,0.388252202053251,-0.161874164248019,1.32460374202663,-0.326277229027153,-0.640582013555242
0.418377321603128,0.000977517106549365,0.418582781463156,0.387960491573697,-0.160996871706396,1.32775891969273,-0.323797306670754,-0.638689626012603
0.419354838709677,0.000977517106549365,0.419570102389325,0.387670075902593,-0.160117244161305,1.3308907354873,-0.321333430169804,-0.636784398795491
0.420332355816227,0.000977517106549365,0.42055004115834,0.38738095806519,-0.159235276157128,1.33399913482653,-0.318885637014622,-0.634866301904665
0.421309872922776,0.000977517106549365,0.421522580562374,0.387093141086744,-0.158350962238252,1.3370840631266,-0.316453964695523,-0.632935305340886
0.422287390029326,0.000977517106549365,0.422487703393602,0.386806627992507,-0.15746429694906,1.34014546580371,-0.314038450702823,-0.630991379104914
0.423264907135875,0.000977517106549365,0.423445392444198,0.386521421807732,-0.156575274833937,1.34318328827403,-0.31163913252684,-0.62903449319751
0.424242424242424,0.000977517106549365,0.424395630506338,0.386237525557674,-0.155683890437268,1.34619747595377,-0.309256047657889,-0.627064617619435
0.425219941348974,0.000977517106549365,0.425338400372195,0.385954942267585,-0.154790138303436,1.34918797425911,-0.306889233586287,-0.625081722371449
0.426197458455523,0.000977517106549365,0.426273684833944,0.385673674962718,-0.153894012976826,1.35215472860624,-0.304538727802352,-0.623085777454312
0.427174975562072,0.000977517106549365,0.427201466683759,0.385393726668328,-0.152995509001822,1.35509768441133,-0.302204567796397,-0.621076752868786
0.428152492668622,0.000977517106549365,0.428121728713815,0.385115100409667,-0.152094620922809,1.3580167870906,-0.299886791058742,-0.61905461861563
0.429130009775171,0.000977517106549365,0.429034453716287,0.384837799211989,-0.151191343284172,1.36091198206021,-0.297585435079702,-0.617019344695606
0.43010752688172,0.000977517106549365,0.429939624483348,0.384561826100547,-0.150285670630294,1.36378321473636,-0.295300537349593,-0.614970901109474
0.43108504398827,0.000977517106549365,0.430837223807173,0.384287184100595,-0.149377597505561,1.36663043053523,-0.293032135358731,-0.612909257857995
0.432062561094819,0.000977517106549365,0.431727234479937,0.384013876237386,-0.148467118454356,1.36945357487302,-0.290780266597435,-0.610834384941929
0.433040078201369,0.000977517106549365,0.432609639293815,0.383741905536173,-0.147554228021065,1.37225259316591,-0.28854496855602,-0.608746252362037
0.434017595307918,0.000977517106549365,0.433484421040979,0.38347127502221,-0.14663892075007,1.3750274308301,-0.286326278724801,-0.606644830119078
0.434995112414467,0.000977517106549365,0.434351562513606,0.383201987720751,-0.145721191185758,1.37777803328176,-0.284124234594097,-0.604530088213815
0.435972629521017,0.000977517106549365,0.43521104650387,0.382934046657048,-0.144801033872511,1.38050434593709,-0.281938873654223,-0.602401996647007
0.436950146627566,0.000977517106549365,0.436062855803944,0.382667454856354,-0.143878443354716,1.38320631421227,-0.279770233395495,-0.600260525419415
0.437927663734115,0.000977517106549365,0.436906973206004,0.382402215343925,-0.142953414176755,1.3858838835235,-0.277618351308231,-0.5981056445318
0.438905180840665,0.000977517106549365,0.437743381502224,0.382138331145012,-0.142025940883014,1.38853699928695,-0.275483264882747,-0.595937323984922
0.439882697947214,0.000977517106549365,0.438572063484778,0.381875805284869,-0.141096018017877,1.39116560691882,-0.273365011609359,-0.593755533779541
0.440860215053763,0.000977517106549365,0.439393001945842,0.381614640788749,-0.140163640125729,1.39376965183531,-0.271263628978383,-0.59156024391642
0.441837732160313,0.000977517106549365,0.440206179677588,0.381354840681907,-0.139228801750953,1.39634907945258,-0.269179154480137,-0.589351424396316
0.442815249266862,0.000977517106549365,0.441011579472192,0.381096407989595,-0.138291497437934,1.39890383518684,-0.267111625604936,-0.587129045219993
0.443792766373412,0.000977517106549365,0.441809184121829,0.380839345737066,-0.137351721731057,1.40143386445427,-0.265061079843098,-0.584893076388209
0.444770283479961,0.000977517106549365,0.442598976418672,0.380583656949575,-0.136409469174706,1.40393911267105,-0.263027554684938,-0.582643487901726
0.44574780058651,0.000977517106549365,0.443380939154897,0.380329344652373,-0.135464734313265,1.40641952525339,-0.261011087620773,-0.580380249761304
0.44672531769306,0.000977517106549365,0.444155055122677,0.380076411870716,-0.134517511691119,1.40887504761746,-0.259011716140919,-0.578103331967704
0.447702834799609,0.000977517106549365,0.444921307114187,0.379824861629856,-0.133567795852653,1.41130562517945,-0.257029477735694,-0.575812704521686
0.448680351906158,0.000977517106549365,0.445679677921602,0.379574696955047,-0.13261558134225,1.41371120335555,-0.255064409895413,-0.573508337424011
0.449657869012708,0.000977517106549365,0.446430150337096,0.379325920871541,-0.131660862704295,1.41609172756195,-0.253116550110393,-0.57119020067544
0.450635386119257,0.000977517106549365,0.447172707152843,0.379078536404593,-0.130703634483173,1.41844714321484,-0.25118593587095,-0.568858264276732
0.451612903225806,0.000977517106549365,0.447907331161019,0.378832546579456,-0.129743891223268,1.4207773957304,-0.249272604667401,-0.56651249822865
0.452590420332356,0.000977517106549365,0.448634005153797,0.378587954421382,-0.128781627468964,1.42308243052482,-0.247376593990063,-0.564152872531952
0.453567937438905,0.000977517106549365,0.449352711923351,0.378344762955627,-0.127816837764646,1.4253621930143,-0.245497941329251,-0.561779357187401
0.454545454545455,0.000977517106549365,0.450063434261857,0.378102975207442,-0.126849516654698,1.42761662861501,-0.243636684175283,-0.559391922195755
0.455522971652004,0.000977517106549365,0.450766154961489,0.377862594202081,-0.125879658683505,1.42984568274315,-0.241792860018475,-0.556990537557777
0.456500488758553,0.000977517106549365,0.451460856814422,0.377623622964799,-0.124907258395451,1.43204930081491,-0.239966506349142,-0.554575173274226
0.457478005865103,0.000977517106549365,0.452147522612828,0.377386064520847,-0.12393231033492,1.43422742824646,-0.238157660657603,-0.552145799345863
0.458455522971652,0.000977517106549365,0.452826135148885,0.377149921895479,-0.122954809046298,1.43638001045401,-0.236366360434172,-0.549702385773449
0.459433040078201,0.000977517106549365,0.453496677214765,0.37691519811395,-0.121974749073967,1.43850699285374,-0.234592643169167,-0.547244902557744
0.460410557184751,0.000977517106549365,0.454159131602643,0.376681896201512,-0.120992124962313,1.44060832086184,-0.232836546352905,-0.544773319699508
0.4613880742913,0.000977517106549365,0.454813481104693,0.376450019183418,-0.120006931255721,1.44268393989448,-0.231098107475701,-0.542287607199504
0.462365591397849,0.000977517106549365,0.455459708513091,0.376219570084922,-0.119019162498574,1.44473379536788,-0.229377364027872,-0.53978773505849
0.463343108504399,0.000977517106549365,0.45609779662001,0.375990551931278,-0.118028813235257,1.4467578326982,-0.227674353499734,-0.537273673277227
0.464320625610948,0.000977517106549365,0.456727728217626,0.375762967747738,-0.117035878010154,1.44875599730164,-0.225989113381605,-0.534745391856477
0.465298142717498,0.000977517106549365,0.457349486098111,0.375536820559557,-0.11604035136765,1.45072823459439,-0.224321681163801,-0.532202860797
0.466275659824047,0.000977517106549365,0.457963053053642,0.375312113391987,-0.115042227852129,1.45267448999263,-0.222672094336637,-0.529646050099555
0.467253176930596,0.000977517106549365,0.458568411876392,0.375088849270282,-0.114041502007977,1.45459470891256,-0.22104039039043,-0.527074929764904
0.468230694037146,0.000977517106549365,0.459165545358536,0.374867031219696,-0.113038168379576,1.45648883677036,-0.219426606815497,-0.524489469793808
0.469208211143695,0.000977517106549365,0.459754436292248,0.374646662265481,-0.112032221511311,1.45835681898222,-0.217830781102155,-0.521889640187027
0.470185728250244,0.000977517106549365,0.460335067469704,0.374427745432891,-0.111023655947568,1.46019860096432,-0.21625295074072,-0.519275410945321
0.471163245356794,0.000977517106549365,0.460907421683076,0.374210283747179,-0.11001246623273,1.46201412813286,-0.214693153221508,-0.516646752069452
0.472140762463343,0.000977517106549365,0.46147148172454,0.3739942802336,-0.108998646911181,1.46380334590402,-0.213151426034836,-0.514003633560179
0.473118279569892,0.000977517106549365,0.46202723038627,0.373779737917405,-0.107982192527307,1.46556619969399,-0.21162780667102,-0.511346025418263
0.474095796676442,0.000977517106549365,0.462574650460441,0.37356665982385,-0.106963097625491,1.46730263491896,-0.210122332620377,-0.508673897644465
0.475073313782991,0.000977517106549365,0.463113724739227,0.373355048978186,-0.105941356750118,1.46901259699512,-0.208635041373223,-0.505987220239546
0.476050830889541,0.000977517106549365,0.463644436014803,0.373144908405668,-0.104916964445573,1.47069603133866,-0.207165970419875,-0.503285963204265
0.47702834799609,0.000977517106549365,0.464166767079342,0.372936241131548,-0.10388991525624,1.47235288336575,-0.205715157250649,-0.500570096539385
0.478005865102639,0.000977517106549365,0.46468070072502,0.372729050181081,-0.102860203726503,1.4739830984926,-0.204282639355861,-0.497839590245664
0.478983382209189,0.000977517106549365,0.465186219744012,0.372523338579519,-0.101827824400746,1.47558662213539,-0.202868454225829,-0.495094414323864
0.479960899315738,0.000977517106549365,0.46568330692849,0.372319109352116,-0.100792771823355,1.4771633997103,-0.201472639350868,-0.492334538774745
0.480938416422287,0.000977517106549365,0.466171945070631,0.372116365524125,-0.099755040538713,1.47871337663353,-0.200095232221296,-0.489559933599068
0.481915933528837,0.000977517106549365,0.466652116962607,0.3719151101208,-0.098714625091205,1.48023649832127,-0.198736270327428,-0.486770568797594
0.482893450635386,0.000977517106549365,0.467123805396595,0.371715346167395,-0.0976715200252155,1.48173271018969,-0.19739579115958,-0.483966414371082
0.483870967741935,0.000977517106549365,0.467586993164768,0.371517076689161,-0.0966257198851286,1.48320195765499,-0.196073832208071,-0.481147440320294
0.484848484848485,0.000977517106549365,0.468041663059301,0.371320304711354,-0.095577219215329,1.48464418613336,-0.194770430963215,-0.47831361664599
0.485826001955034,0.000977517106549365,0.468487797872368,0.371125033259225,-0.094526012560201,1.48605934104099,-0.19348562491533,-0.475464913348932
0.486803519061584,0.000977517106549365,0.468925380396143,0.37093126535803,-0.093472094464129,1.48744736779406,-0.192219451554731,-0.472601300429878
0.487781036168133,0.000977517106549365,0.469354393422802,0.37073900403302,-0.0924154594714974,1.48880821180876,-0.190971948371736,-0.46972274788959
0.488758553274682,0.000977517106549365,0.469774819744518,0.37054825230945,-0.0913561021266907,1.49014181850127,-0.189743152856661,-0.466829225728828
0.489736070381232,0.000977517106549365,0.470186642153467,0.370359013212573,-0.0902940169740933,1.4914481332878,-0.188533102499822,-0.463920703948354
0.490713587487781,0.000977517106549365,0.470589843441822,0.370171289767641,-0.0892291985580896,1.49272710158452,-0.187341834791536,-0.460997152548927
0.49169110459433,0.000977517106549365,0.470984406401757,0.36998508499991,-0.088161641423064,1.49397866880763,-0.186169387222119,-0.458058541531308
0.49266862170088,0.000977517106549365,0.471370313825449,0.369800401934631,-0.0870913401134009,1.4952027803733,-0.185015797281889,-0.455104840896258
0.493646138807429,0.000977517106549365,0.47174754850507,0.369617243597059,-0.0860182891734848,1.49639938169774,-0.18388110246116,-0.452136020644538
0.494623655913978,0.000977517106549365,0.472116093232796,0.369435613012446,-0.0849424831477001,1.49756841819712,-0.18276534025025,-0.449152050776907
0.495601173020528,0.000977517106549365,0.472475930800801,0.369255513206046,-0.0838639165804311,1.49870983528764,-0.181668548139474,-0.446152901294127
0.496578690127077,0.000977517106549365,0.472827044001259,0.369076947203113,-0.0827825840160624,1.49982357838548,-0.180590763619151,-0.443138542196958
0.497556207233627,0.000977517106549365,0.473169415626344,0.3688999180289,-0.0816984799989783,1.50090959290683,-0.179532024179595,-0.44010894348616
0.498533724340176,0.000977517106549365,0.473503028468232,0.36872442870866,-0.0806115990735633,1.50196782426789,-0.178492367311125,-0.437064075162494
0.499511241446725,0.000977517106549365,0.473827865319097,0.368550482267647,-0.0795219357842017,1.50299821788483,-0.177471830504055,-0.434003907226722
0.500488758553275,0.000977517106549365,0.474143909688106,0.368378081605061,-0.0784294849025953,1.50400072144817,-0.176470449686606,-0.430928410929571
0.501466275659824,0.000977517106549365,0.474451161575258,0.368207226720903,-0.0773342464287441,1.50497533495791,-0.175488224858779,-0.427837586271041
0.502443792766373,0.000977517106549365,0.474749637471388,0.368037914715972,-0.0762362255909464,1.50592211072354,-0.174525120092352,-0.424731462000405
0.503421309872923,0.000977517106549365,0.475039354584319,0.367870142565014,-0.0751354278448177,1.50684110332887,-0.17358109789701,-0.4216100681169
0.504398826979472,0.000977517106549365,0.475320330121878,0.367703907242776,-0.0740318586459736,1.50773236735771,-0.172656120782435,-0.418473434619767
0.505376344086022,0.000977517106549365,0.475592581291891,0.367539205724005,-0.0729255234500298,1.50859595739387,-0.171750151258313,-0.415321591508245
0.506353861192571,0.000977517106549365,0.475856125302182,0.367376034983447,-0.0718164277126017,1.50943192802117,-0.170863151834326,-0.412154568781574
0.50733137829912,0.000977517106549365,0.476110979360578,0.367214391995848,-0.070704576889305,1.51024033382341,-0.169995085020157,-0.408972396438993
0.50830889540567,0.000977517106549365,0.476357160674904,0.367054273735955,-0.0695899764357553,1.51102122938442,-0.169145913325491,-0.40577510447974
0.509286412512219,0.000977517106549365,0.476594686452985,0.366895677178516,-0.0684726318075682,1.511774669288,-0.16831559926001,-0.402562722903057
0.510263929618768,0.000977517106549365,0.476823573902648,0.366738599298276,-0.0673525484603591,1.51250070811796,-0.167504105333399,-0.399335281708182
0.511241446725318,0.000977517106549365,0.477043840231717,0.366583037069983,-0.0662297318497437,1.51319940045811,-0.16671139405534,-0.396092810894354
0.512218963831867,0.000977517106549365,0.477255502648017,0.366428987468382,-0.0651041874313376,1.51387080089227,-0.165937427935517,-0.392835340460813
0.513196480938416,0.000977517106549365,0.477458578359376,0.36627644746822,-0.0639759206607564,1.51451496400425,-0.165182169483615,-0.389562900406799
0.514173998044966,0.000977517106549365,0.477653084573618,0.366125414044245,-0.0628449369936156,1.51513194437787,-0.164445581209316,-0.38627552073155
0.515151515151515,0.000977517106549365,0.477839038498568,0.365975884171202,-0.0617112418855309,1.51572179659692,-0.163727625622303,-0.382973231434308
0.516129032258065,0.000977517106549365,0.478016457342053,0.365827854823838,-0.0605748407921177,1.51628457524523,-0.163028265232262,-0.379656062514309
0.517106549364614,0.000977517106549365,0.478185358311897,0.365681322976901,-0.0594357391689917,1.51682033490661,-0.162347462548874,-0.376324043970795
0.518084066471163,0.000977517106549365,0.478345758615927,0.365536285605135,-0.0582939424717685,1.51732913016487,-0.161685180081823,-0.372977205803005
0.519061583577713,0.000977517106549365,0.478497675461967,0.365392739683289,-0.0571494561560637,1.51781101560382,-0.161041380340794,-0.369615578010177
0.520039100684262,0.000977517106549365,0.478641126057844,0.365250682186109,-0.0560022856774928,1.51826604580727,-0.160416025835469,-0.366239190591552
0.521016617790811,0.000977517106549365,0.478776127611383,0.36511011008834,-0.0548524364916714,1.51869427535904,-0.159809079075532,-0.362848073546368
0.521994134897361,0.000977517106549365,0.478902697330409,0.364971020364731,-0.0536999140542151,1.51909575884293,-0.159220502570667,-0.359442256873866
0.52297165200391,0.000977517106549365,0.479020852422748,0.364833409990028,-0.0525447238207394,1.51947055084277,-0.158650258830557,-0.356021770573285
0.523949169110459,0.000977517106549365,0.479130610096225,0.364697275938976,-0.0513868712468601,1.51981870594235,-0.158098310364885,-0.352586644643864
0.524926686217009,0.000977517106549365,0.479231987558667,0.364562615186323,-0.0502263617881925,1.5201402787255,-0.157564619683336,-0.349136909084842
0.525904203323558,0.000977517106549365,0.479325002017898,0.364429424706816,-0.0490632009003524,1.52043532377602,-0.157049149295592,-0.345672593895459
0.526881720430108,0.000977517106549365,0.479409670681745,0.364297701475201,-0.0478973940389553,1.52070389567773,-0.156551861711338,-0.342193729074955
0.527859237536657,0.000977517106549365,0.479486010758032,0.364167442466224,-0.0467289466596168,1.52094604901444,-0.156072719440256,-0.338700344622568
0.528836754643206,0.000977517106549365,0.479554039454585,0.364038644654632,-0.0455578642179524,1.52116183836996,-0.155611684992031,-0.335192470537539
0.529814271749756,0.000977517106549365,0.47961377397923,0.363911305015173,-0.0443841521695778,1.5213513183281,-0.155168720876345,-0.331670136819107
0.530791788856305,0.000977517106549365,0.479665231539792,0.363785420522591,-0.0432078159701085,1.52151454347268,-0.154743789602883,-0.32813337346651
0.531769305962854,0.000977517106549365,0.479708429344097,0.363660988151635,-0.0420288610751601,1.5216515683875,-0.154336853681328,-0.324582210478989
0.532746823069404,0.000977517106549365,0.47974338459997,0.363538004877051,-0.0408472929403482,1.52176244765639,-0.153947875621363,-0.321016677855783
0.533724340175953,0.000977517106549365,0.479770114515237,0.363416467673585,-0.0396631170212884,1.52184723586314,-0.153576817932672,-0.317436805596132
0.534701857282502,0.000977517106549365,0.479788636297724,0.363296373515984,-0.0384763387735962,1.52190598759158,-0.153223643124938,-0.313842623699274
0.535679374389052,0.000977517106549365,0.479798967155255,0.363177719378994,-0.0372869636528873,1.52193875742551,-0.152888313707845,-0.310234162164449
0.536656891495601,0.000977517106549365,0.479801124295657,0.363060502237362,-0.0360949971147772,1.52194559994875,-0.152570792191077,-0.306611450990898
0.53763440860215,0.000977517106549365,0.479795124926755,0.362944719065836,-0.0349004446148815,1.52192656974511,-0.152271041084317,-0.302974520177858
0.5386119257087,0.000977517106549365,0.479780986256375,0.36283036683916,-0.0337033116088158,1.5218817213984,-0.151989022897248,-0.29932339972457
0.539589442815249,0.000977517106549365,0.479758725492342,0.362717442532083,-0.0325036035521956,1.52181110949243,-0.151724700139555,-0.295658119630272
0.540566959921799,0.000977517106549365,0.479728359842481,0.36260594311935,-0.0313013259006365,1.52171478861102,-0.15147803532092,-0.291978709894205
0.541544477028348,0.000977517106549365,0.479689906514618,0.362495865575708,-0.0300964841097542,1.52159281333797,-0.151248990951027,-0.288285200515608
0.542521994134897,0.000977517106549365,0.479643382716579,0.362387206875905,-0.0288890836351643,1.5214452382571,-0.15103752953956,-0.284577621493721
0.543499511241447,0.000977517106549365,0.47958880565619,0.362279963994685,-0.0276791299324821,1.52127211795223,-0.150843613596202,-0.280856002827781
0.544477028347996,0.000977517106549365,0.479526192541275,0.362174133906797,-0.0264666284573235,1.52107350700715,-0.150667205630637,-0.27712037451703
0.545454545454545,0.000977517106549365,0.47945556057966,0.362069713586987,-0.0252515846653039,1.52084946000569,-0.150508268152548,-0.273370766560706
0.546432062561095,0.000977517106549365,0.479376926979171,0.36196670001,-0.0240340040120389,1.52060003153166,-0.150366763671619,-0.26960720895805
0.547409579667644,0.000977517106549365,0.479290308947634,0.361865090150585,-0.0228138919531441,1.52032527616887,-0.150242654697533,-0.265829731708299
0.548387096774194,0.000977517106549365,0.479195723692873,0.361764880983487,-0.0215912539442351,1.52002524850112,-0.150135903739973,-0.262038364810695
0.549364613880743,0.000977517106549365,0.479093188422715,0.361666069483453,-0.0203660954409276,1.51970000311224,-0.150046473308625,-0.258233138264475
0.550342130987292,0.000977517106549365,0.478982720344985,0.36156865262523,-0.0191384218988369,1.51934959458604,-0.14997432591317,-0.25441408206888
0.551319648093842,0.000977517106549365,0.478864336667508,0.361472627383565,-0.0179082387735788,1.51897407750632,-0.149919424063292,-0.25058122622315
0.552297165200391,0.000977517106549365,0.47873805459811,0.361377990733203,-0.0166755515207689,1.5185735064569,-0.149881730268676,-0.246734600726522
0.55327468230694,0.000977517106549365,0.478603891344618,0.361284739648892,-0.0154403655960225,1.51814793602159,-0.149861207039004,-0.242874235578238
0.55425219941349,0.000977517106549365,0.478461864114855,0.361192871105378,-0.0142026864549556,1.5176974207842,-0.14985781688396,-0.239000160777536
0.555229716520039,0.000977517106549365,0.478311990116647,0.361102382077408,-0.0129625195531834,1.51722201532855,-0.149871522313227,-0.235112406323656
0.556207233626588,0.000977517106549365,0.478154286557821,0.361013269539729,-0.0117198703463217,1.51672177423845,-0.14990228583649,-0.231211002215837
0.557184750733138,0.000977517106549365,0.477988770646202,0.360925530467086,-0.0104747442899861,1.5161967520977,-0.149950069963431,-0.227295978453318
0.558162267839687,0.000977517106549365,0.477815459589615,0.360839161834227,-0.00922714683979207,1.51564700349012,-0.150014837203734,-0.22336736503534
0.559139784946237,0.000977517106549365,0.477634370595886,0.360754160615899,-0.00797708345135516,1.51507258299953,-0.150096550067083,-0.219425191961141
0.560117302052786,0.000977517106549365,0.47744552087284,0.360670523786847,-0.00672455958029107,1.51447354520973,-0.150195171063161,-0.215469489229961
0.561094819159335,0.000977517106549365,0.477248927628303,0.360588248321819,-0.00546958068221535,1.51384994470454,-0.150310662701651,-0.211500286841039
0.562072336265885,0.000977517106549365,0.4770446080701,0.360507331195561,-0.00421215221274352,1.51320183606776,-0.150442987492238,-0.207517614793615
0.563049853372434,0.000977517106549365,0.476832579406057,0.36042776938282,-0.00295227962749126,1.51252927388322,-0.150592107944605,-0.203521503086928
0.564027370478983,0.000977517106549365,0.476612858844,0.360349559858341,-0.00168996838207385,1.51183231273472,-0.150757986568434,-0.199511981720217
0.565004887585533,0.000977517106549365,0.476385463591754,0.360272699596874,-0.000425223932107374,1.51111100720607,-0.150940585873411,-0.195489080692723
0.565982404692082,0.000977517106549365,0.476150410857144,0.360197185573162,0.000841948266792872,1.51036541188109,-0.151139868369218,-0.191452830003684
0.566959921798632,0.000977517106549365,0.475907717847997,0.360123014761954,0.00211154275901133,1.50959558134359,-0.151355796565539,-0.18740325965234
0.567937438905181,0.000977517106549365,0.475657401772137,0.360050184137995,0.0033835540889323,1.50880157017738,-0.151588332972057,-0.183340399637931
0.56891495601173,0.000977517106549365,0.47539947983739,0.359978690676033,0.00465797680094029,1.50798343296627,-0.151837440098456,-0.179264279959695
0.56989247311828,0.000977517106549365,0.475133969251582,0.359908531350814,0.00593480543941972,1.50714122429407,-0.152103080454419,-0.175174930616872
0.570869990224829,0.000977517106549365,0.474860887222538,0.359839703137085,0.00721403454875497,1.5062749987446,-0.152385216549631,-0.171072381608702
0.571847507331378,0.000977517106549365,0.474580250958084,0.359772203009592,0.00849565867333044,1.50538481090167,-0.152683810893773,-0.166956662934424
0.572825024437928,0.000977517106549365,0.474292077666045,0.359706027943082,0.00977967235753066,1.5044707153491,-0.152998825996531,-0.162827804593277
0.573802541544477,0.000977517106549365,0.473996384554247,0.359641174912301,0.0110660701457398,1.50353276667068,-0.153330224367588,-0.158685836584501
0.574780058651026,0.000977517106549365,0.473693188830515,0.359577640891997,0.0123548465823426,1.50257101945024,-0.153677968516626,-0.154530788907335
0.575757575757576,0.000977517106549365,0.473382507702675,0.359515422856915,0.0136459962117233,1.50158552827158,-0.15404202095333,-0.150362691561019
0.576735092864125,0.000977517106549365,0.473064358378553,0.359454517781802,0.0149395135782663,1.50057634771852,-0.154422344187384,-0.146181574544793
0.577712609970675,0.000977517106549365,0.472738758065974,0.359394922641406,0.0162353932263561,1.49954353237487,-0.15481890072847,-0.141987467857894
0.578690127077224,0.000977517106549365,0.472405723972763,0.359336634410472,0.0175336297003771,1.49848713682445,-0.155231653086271,-0.137780401499564
0.579667644183773,0.000977517106549365,0.472065273306746,0.359279650063747,0.0188342175447137,1.49740721565106,-0.155660563770473,-0.133560405469041
0.580645161290323,0.000977517106549365,0.471717423275749,0.359223966575978,0.0201371513037503,1.49630382343851,-0.156105595290758,-0.129327509765565
0.581622678396872,0.000977517106549365,0.471362191087597,0.359169580921912,0.0214424255218713,1.49517701477063,-0.15656671015681,-0.125081744388375
0.582600195503421,0.000977517106549365,0.470999593950116,0.359116490076294,0.0227500347434612,1.49402684423121,-0.157043870878312,-0.120823139336711
0.583577712609971,0.000977517106549365,0.47062964907113,0.359064691013872,0.0240599735129043,1.49285336640407,-0.157537039964948,-0.116551724609813
0.58455522971652,0.000977517106549365,0.470252373658467,0.359014180709392,0.0253722363745852,1.49165663587303,-0.158046179926401,-0.112267530206918
0.58553274682307,0.000977517106549365,0.469867784919951,0.358964956137602,0.0266868178728882,1.4904367072219,-0.158571253272355,-0.107970586127268
0.586510263929619,0.000977517106549365,0.469475900063407,0.358917014273246,0.0280037125521977,1.48919363503448,-0.159112222512493,-0.103660922370101
0.587487781036168,0.000977517106549365,0.469076736296662,0.358870352091073,0.0293229149568981,1.4879274738946,-0.1596690501565,-0.0993385689346563
0.588465298142718,0.000977517106549365,0.468670310827541,0.358824966565829,0.030644419631374,1.48663827838605,-0.160241698714057,-0.0950035558201742
0.589442815249267,0.000977517106549365,0.468256640863869,0.358780854672259,0.0319682211200095,1.48532610309267,-0.16083013069485,-0.0906559130258939
0.590420332355816,0.000977517106549365,0.467835743613473,0.358738013385112,0.0332943139671894,1.48399100259824,-0.161434308608561,-0.0862956705510546
0.591397849462366,0.000977517106549365,0.467407636284176,0.358696439679134,0.0346226927172978,1.4826330314866,-0.162054194964874,-0.081922858394896
0.592375366568915,0.000977517106549365,0.466972336083806,0.35865613052907,0.0359533519147192,1.48125224434154,-0.162689752273473,-0.0775375065566572
0.593352883675464,0.000977517106549365,0.466529860220187,0.358617082909668,0.0372862861038382,1.47984869574689,-0.163340943044041,-0.0731396450355776
0.594330400782014,0.000977517106549365,0.466080225901145,0.358579293795675,0.038621489829039,1.47842244028645,-0.164007729786262,-0.0687293038308971
0.595307917888563,0.000977517106549365,0.465623450334506,0.358542760161837,0.0399589576347061,1.47697353254404,-0.164690075009818,-0.0643065129418547
0.596285434995112,0.000977517106549365,0.465159550728095,0.3585074789829,0.0412986840652239,1.47550202710346,-0.165387941224395,-0.05987130236769
0.597262952101662,0.000977517106549365,0.464688544289738,0.358473447233611,0.0426406636649769,1.47400797854854,-0.166101290939674,-0.0554237021076423
0.598240469208211,0.000977517106549365,0.46421044822726,0.358440661888718,0.0439848909783494,1.47249144146307,-0.16683008666534,-0.0509637421609511
0.59921798631476,0.000977517106549365,0.463725279748487,0.358409119922966,0.0453313605497259,1.47095247043088,-0.167574290911077,-0.0464914525268559
0.60019550342131,0.000977517106549365,0.463233056061244,0.358378818311102,0.0466800669234907,1.46939112003578,-0.168333866186567,-0.0420068632045959
0.601173020527859,0.000977517106549365,0.462733794373357,0.358349754027872,0.0480310046440284,1.46780744486158,-0.169108775001495,-0.0375100041934109
0.602150537634409,0.000977517106549365,0.462227511892651,0.358321924048024,0.0493841682557234,1.46620149949208,-0.169898979865543,-0.0330009054925399
0.603128054740958,0.000977517106549365,0.461714225826953,0.358295325346304,0.0507395523029599,1.46457333851111,-0.170704443288396,-0.0284795971012227
0.604105571847507,0.000977517106549365,0.461193953384086,0.358269954897459,0.0520971513301225,1.46292301650247,-0.171525127779736,-0.0239461090186985
0.605083088954057,0.000977517106549365,0.460666711771878,0.358245809676234,0.0534569598815956,1.46125058804998,-0.172360995849249,-0.0194004712442068
0.606060606060606,0.000977517106549365,0.460132518198153,0.358222886657378,0.0548189725017636,1.45955610773744,-0.173212010006615,-0.0148427137769869
0.607038123167155,0.000977517106549365,0.459591389870737,0.358201182815635,0.0561831837350109,1.45783963014867,-0.174078132761521,-0.0102728666162785
0.608015640273705,0.000977517106549365,0.459043343997456,0.358180695125754,0.057549588125722,1.45610120986749,-0.174959326623648,-0.0056909597613206
0.608993157380254,0.000977517106549365,0.458488397786135,0.358161420562481,0.0589181802182812,1.4543409014777,-0.175855554102681,-0.00109702321135318
0.609970674486804,0.000977517106549365,0.4579265684446,0.358143356100561,0.060288954557073,1.45255875956312,-0.176766777708303,0.00350891303438473
0.610948191593353,0.000977517106549365,0.457357873180675,0.358126498714743,0.0616619056864818,1.45075483870755,-0.177692959950198,0.00812681897665371
0.611925708699902,0.000977517106549365,0.456782329202188,0.358110845379772,0.063037028150892,1.44892919349481,-0.178634063338049,0.012756664616214
0.612903225806452,0.000977517106549365,0.456199953716963,0.358096393070395,0.064414316494688,1.44708187850872,-0.179590050381539,0.0173984199538266
0.613880742913001,0.000977517106549365,0.455610763932825,0.358083138761358,0.0657937652622543,1.44521294833308,-0.180560883590352,0.0220520549902519
0.61485826001955,0.000977517106549365,0.455014777057601,0.358071079427409,0.0671753689979753,1.4433224575517,-0.181546525474173,0.0267175397262502
0.6158357771261,0.000977517106549365,0.454412010299116,0.358060212043294,0.0685591222462353,1.4414104607484,-0.182546938542683,0.0313948441625826
0.616813294232649,0.000977517106549365,0.453802480865195,0.358050533583759,0.0699450195514189,1.439477012507,-0.183562085305567,0.0360839383000094
0.617790811339198,0.000977517106549365,0.453186205963664,0.358042041023552,0.0713330554579103,1.43752216741129,-0.184591928272508,0.040784792139291
0.618768328445748,0.000977517106549365,0.452563202802349,0.358034731337418,0.0727232245100942,1.4355459800451,-0.185636429953191,0.0454973756811883
0.619745845552297,0.000977517106549365,0.451933488589075,0.358028601500105,0.0741155212523547,1.43354850499223,-0.186695552857297,0.0502216589264615
0.620723362658847,0.000977517106549365,0.451297080531667,0.358023648486359,0.0755099402290765,1.4315297968365,-0.187769259494512,0.0549576118758718
0.621700879765396,0.000977517106549365,0.450653995837951,0.358019869270926,0.0769064759846439,1.42948991016172,-0.188857512374517,0.0597052045301791
0.622678396871945,0.000977517106549365,0.450004251715753,0.358017260828553,0.0783051230634412,1.4274288995517,-0.189960274006998,0.0644644068901443
0.623655913978495,0.000977517106549365,0.449347865372898,0.358015820133988,0.079705876009853,1.42534681959026,-0.191077506901637,0.069235188956528
0.624633431085044,0.000977517106549365,0.448684854017212,0.358015544161976,0.0811087293682637,1.4232437248612,-0.192209173568118,0.0740175207300905
0.625610948191593,0.000977517106549365,0.44801523485652,0.358016429887263,0.0825136776830576,1.42111966994834,-0.193355236516124,0.0788113722115927
0.626588465298143,0.000977517106549365,0.447339025098648,0.358018474284598,0.0839207154986192,1.41897470943549,-0.19451565825534,0.0836167134017951
0.627565982404692,0.000977517106549365,0.446656241951421,0.358021674328726,0.085329837359333,1.41680889790646,-0.195690401295448,0.0884335143014582
0.628543499511241,0.000977517106549365,0.445966902622665,0.358026026994393,0.0867410378095833,1.41462228994506,-0.196879428146132,0.0932617449113425
0.629521016617791,0.000977517106549365,0.445271024320205,0.358031529256348,0.0881543113937545,1.41241494013511,-0.198082701317076,0.0981013752322088
0.63049853372434,0.000977517106549365,0.444568624251867,0.358038178089335,0.089569652656231,1.41018690306042,-0.199300183317963,0.102952375264817
0.63147605083089,0.000977517106549365,0.443859719625477,0.358045970468102,0.0909870561413974,1.40793823330479,-0.200531836658476,0.107814715009929
0.632453567937439,0.000977517106549365,0.44314432764886,0.358054903367395,0.092406516393638,1.40566898545205,-0.2017776238483,0.112688364468304
0.633431085043988,0.000977517106549365,0.442422465529841,0.358064973761962,0.0938280279573371,1.403379214086,-0.203037507397117,0.117573293640704
0.634408602150538,0.000977517106549365,0.441694150476246,0.358076178626548,0.0952515853768794,1.40106897379046,-0.204311449814612,0.122469472527888
0.635386119257087,0.000977517106549365,0.440959399695901,0.3580885149359,0.096677183196649,1.39873831914923,-0.205599413610467,0.127376871130617
0.636363636363636,0.000977517106549365,0.440218230396631,0.358101979664765,0.0981048159610306,1.39638730474613,-0.206901361294367,0.132295459449653
0.637341153470186,0.000977517106549365,0.439470659786262,0.35811656978789,0.0995344782144085,1.39401598516498,-0.208217255375994,0.137225207485755
0.638318670576735,0.000977517106549365,0.438716705072619,0.35813228228002,0.100966164501167,1.39162441498958,-0.209547058365033,0.142166085239683
0.639296187683284,0.000977517106549365,0.437956383463527,0.358149114115903,0.102399869365691,1.38921264880374,-0.210890732771167,0.1471180627122
0.640273704789834,0.000977517106549365,0.437189712166813,0.358167062270286,0.103835587352364,1.38678074119128,-0.212248241104079,0.152081109904064
0.641251221896383,0.000977517106549365,0.436416708390302,0.358186123717914,0.105273313005571,1.38432874673601,-0.213619545873453,0.157055196816038
0.642228739002933,0.000977517106549365,0.435637389341819,0.358206295433535,0.106713040869697,1.38185672002174,-0.215004609588973,0.162040293448881
0.643206256109482,0.000977517106549365,0.43485177222919,0.358227574391895,0.108154765489125,1.37936471563229,-0.216403394760321,0.167036369803353
0.644183773216031,0.000977517106549365,0.43405987426024,0.358249957567741,0.109598481408241,1.37685278815146,-0.217815863897182,0.172043395880216
0.645161290322581,0.000977517106549365,0.433261712642795,0.358273441935819,0.111044183171428,1.37432099216307,-0.219241979509239,0.177061341680231
0.64613880742913,0.000977517106549365,0.432457304584681,0.358298024470876,0.112491865323072,1.37176938225092,-0.220681704106176,0.182090177204157
0.647116324535679,0.000977517106549365,0.431646667293723,0.358323702147658,0.113941522407555,1.36919801299884,-0.222135000197675,0.187129872452754
0.648093841642229,0.000977517106549365,0.430829817977746,0.358350471940913,0.115393148969264,1.36660693899063,-0.223601830293421,0.192180397426785
0.649071358748778,0.000977517106549365,0.430006773844576,0.358378330825387,0.116846739552582,1.36399621481011,-0.225082156903098,0.197241722127009
0.650048875855327,0.000977517106549365,0.429177552102039,0.358407275775826,0.118302288701894,1.36136589504108,-0.226575942536388,0.202313816554187
0.651026392961877,0.000977517106549365,0.428342169957961,0.358437303766977,0.119759790961584,1.35871603426736,-0.228083149702976,0.20739665070908
0.652003910068426,0.000977517106549365,0.427500644620166,0.358468411773587,0.121219240876036,1.35604668707277,-0.229603740912544,0.212490194592448
0.652981427174976,0.000977517106549365,0.42665299329648,0.358500596770401,0.122680632989636,1.35335790804111,-0.231137678674776,0.217594418205051
0.653958944281525,0.000977517106549365,0.425799233194729,0.358533855732168,0.124143961846767,1.35064975175619,-0.232684925499356,0.22270929154765
0.654936461388074,0.000977517106549365,0.424939381522738,0.358568185633634,0.125609221991814,1.34792227280183,-0.234245443895967,0.227834784621007
0.655913978494624,0.000977517106549365,0.424073455488333,0.358603583449544,0.12707640796916,1.34517552576184,-0.235819196374293,0.23297086742588
0.656891495601173,0.000977517106549365,0.42320147229934,0.358640046154646,0.128545514323192,1.34240956522003,-0.237406145444018,0.238117509963032
0.657869012707722,0.000977517106549365,0.422323449163583,0.358677570723687,0.130016535598293,1.33962444576021,-0.239006253614824,0.243274682233222
0.658846529814272,0.000977517106549365,0.421439403288889,0.358716154131412,0.131489466338847,1.3368202219662,-0.240619483396396,0.248442354237211
0.659824046920821,0.000977517106549365,0.420549351883083,0.358755793352569,0.132964301089239,1.3339969484218,-0.242245797298417,0.25362049597576
0.66080156402737,0.000977517106549365,0.41965331215399,0.358796485361904,0.134441034393854,1.33115467971084,-0.24388515783057,0.258809077449629
0.66177908113392,0.000977517106549365,0.418751301309436,0.358838227134164,0.135919660797075,1.32829347041711,-0.24553752750254,0.264008068659579
0.662756598240469,0.000977517106549365,0.417843336557247,0.358881015644096,0.137400174843288,1.32541337512444,-0.247202868824008,0.26921743960637
0.663734115347019,0.000977517106549365,0.416929435105249,0.358924847866445,0.138882571076876,1.32251444841663,-0.24888114430466,0.274437160290763
0.664711632453568,0.000977517106549365,0.416009614161265,0.358969720775959,0.140366844042224,1.3195967448775,-0.250572316454179,0.279667200713519
0.665689149560117,0.000977517106549365,0.415083890933123,0.359015631347384,0.141852988283716,1.31666031909086,-0.252276347782247,0.284907530875398
0.666666666666667,0.000977517106549365,0.414152282628648,0.359062576555468,0.143340998345738,1.31370522564052,-0.253993200798549,0.290158120777161
0.667644183773216,0.000977517106549365,0.413214806455665,0.359110553374955,0.144830868772672,1.31073151911029,-0.255722838012769,0.295418940419567
0.668621700879765,0.000977517106549365,0.412271479622,0.359159558780594,0.146322594108904,1.30773925408399,-0.257465221934589,0.300689959803379
0.669599217986315,0.000977517106549365,0.411322319335478,0.35920958974713,0.147816168898819,1.30472848514543,-0.259220315073693,0.305971148929356
0.670576735092864,0.000977517106549365,0.410367342803925,0.359260643249311,0.1493115876868,1.30169926687841,-0.260988079939765,0.311262477798259
0.671554252199413,0.000977517106549365,0.409406567235167,0.359312716261883,0.150808845017232,1.29865165386676,-0.262768479042488,0.316563916410848
0.672531769305963,0.000977517106549365,0.408440009837028,0.359365805759592,0.152307935434499,1.29558570069427,-0.264561474891546,0.321875434767886
0.673509286412512,0.000977517106549365,0.407467687817335,0.359419908717186,0.153808853482986,1.29250146194478,-0.266367029996623,0.32719700287013
0.674486803519062,0.000977517106549365,0.406489618383913,0.35947502210941,0.155311593707077,1.28939899220208,-0.268185106867401,0.332528590718342
0.675464320625611,0.000977517106549365,0.405505818744588,0.359531142911012,0.156816150651157,1.28627834604998,-0.270015668013565,0.337870168313284
0.67644183773216,0.000977517106549365,0.404516306107184,0.359588268096737,0.15832251885961,1.28313957807231,-0.271858675944797,0.343221705655715
0.67741935483871,0.000977517106549365,0.403521097679529,0.359646394641333,0.15983069287682,1.27998274285288,-0.273714093170782,0.348583172746396
0.678396871945259,0.000977517106549365,0.402520210669446,0.359705519519547,0.161340667247173,1.27680789497548,-0.275581882201203,0.353954539586087
0.679374389051808,0.000977517106549365,0.401513662284762,0.359765639706124,0.162852436515051,1.27361508902395,-0.277462005545744,0.35933577617555
0.680351906158358,0.000977517106549365,0.400501469733303,0.359826752175812,0.16436599522484,1.27040437958208,-0.279354425714087,0.364726852515544
0.681329423264907,0.000977517106549365,0.399483650222893,0.359888853903357,0.165881337920925,1.26717582123369,-0.281259105215917,0.370127738606831
0.682306940371456,0.000977517106549365,0.398460220961358,0.359951941863505,0.167398459147689,1.2639294685626,-0.283176006560917,0.37553840445017
0.683284457478006,0.000977517106549365,0.397431199156525,0.360016013031004,0.168917353449516,1.26066537615261,-0.285105092258771,0.380958820046323
0.684261974584555,0.000977517106549365,0.396396602016217,0.3600810643806,0.170438015370793,1.25738359858753,-0.287046324819162,0.38638895539605
0.685239491691105,0.000977517106549365,0.395356446748262,0.36014709288704,0.171960439455902,1.25408419045119,-0.288999666751773,0.391828780500112
0.686217008797654,0.000977517106549365,0.394310750560484,0.360214095525069,0.173484620249228,1.25076720632739,-0.290965080566289,0.397278265359269
0.687194525904203,0.000977517106549365,0.393259530660709,0.360282069269435,0.175010552295156,1.24743270079994,-0.292942528772392,0.402737379974281
0.688172043010753,0.000977517106549365,0.392202804256763,0.360351011094885,0.17653823013807,1.24408072845265,-0.294931973879767,0.40820609434591
0.689149560117302,0.000977517106549365,0.39114058855647,0.360420917976165,0.178067648322355,1.24071134386934,-0.296933378398097,0.413684378474916
0.690127077223851,0.000977517106549365,0.390072900767658,0.360491786888021,0.179598801392394,1.23732460163382,-0.298946704837064,0.419172202362059
0.691104594330401,0.000977517106549365,0.38899975809815,0.3605636148052,0.181131683892573,1.2339205563299,-0.300971915706354,0.4246695360081
0.69208211143695,0.000977517106549365,0.387921177755773,0.36063639870245,0.182666290367275,1.23049926254139,-0.303008973515649,0.4301763494138
0.6930596285435,0.000977517106549365,0.386837176948353,0.360710135554516,0.184202615360886,1.22706077485211,-0.305057840774632,0.435692612579919
0.694037145650049,0.000977517106549365,0.385747772883714,0.360784822336145,0.185740653417789,1.22360514784586,-0.307118479992988,0.441218295507218
0.695014662756598,0.000977517106549365,0.384652982769682,0.360860456022083,0.187280399082369,1.22013243610646,-0.3091908536804,0.446753368196457
0.695992179863148,0.000977517106549365,0.383552823814083,0.360937033587078,0.188821846899011,1.21664269421773,-0.311274924346552,0.452297800648397
0.696969696969697,0.000977517106549365,0.382447313224743,0.361014552005876,0.190364991412098,1.21313597676346,-0.313370654501127,0.457851562863798
0.697947214076246,0.000977517106549365,0.381336468209486,0.361093008253223,0.191909827166016,1.20961233832748,-0.315478006653808,0.463414624843421
0.698924731182796,0.000977517106549365,0.380220305976139,0.361172399303866,0.193456348705148,1.2060718334936,-0.317596943314279,0.468986956588028
0.699902248289345,0.000977517106549365,0.379098843732527,0.361252722132553,0.195004550573879,1.20251451684562,-0.319727426992223,0.474568528098377
0.700879765395894,0.000977517106549365,0.377972098686475,0.361333973714028,0.196554427316594,1.19894044296737,-0.321869420197325,0.48015930937523
0.701857282502444,0.000977517106549365,0.376840088045809,0.36141615102304,0.198105973477677,1.19534966644264,-0.324022885439267,0.485759270419347
0.702834799608993,0.000977517106549365,0.375702829018355,0.361499251034334,0.199659183601512,1.19174224185526,-0.326187785227734,0.49136838123149
0.703812316715543,0.000977517106549365,0.374560338811938,0.361583270722657,0.201214052232484,1.18811822378904,-0.328364082072408,0.496986611812417
0.704789833822092,0.000977517106549365,0.373412634634383,0.361668207062756,0.202770573914977,1.18447766682779,-0.330551738482973,0.502613932162891
0.705767350928641,0.000977517106549365,0.372259733693517,0.361754057029378,0.204328743193376,1.18082062555532,-0.332750716969113,0.508250312283671
0.706744868035191,0.000977517106549365,0.371101653197165,0.361840817597269,0.205888554612064,1.17714715455544,-0.334960980040512,0.51389572217552
0.70772238514174,0.000977517106549365,0.369938410353151,0.361928485741175,0.207450002715428,1.17345730841196,-0.337182490206852,0.519550131839195
0.708699902248289,0.000977517106549365,0.368770022369303,0.362017058435844,0.20901308204785,1.1697511417087,-0.339415209977817,0.525213511275459
0.709677419354839,0.000977517106549365,0.367596506453445,0.362106532656021,0.210577787153715,1.16602870902947,-0.341659101863092,0.530885830485072
0.710654936461388,0.000977517106549365,0.366417879813402,0.362196905376454,0.212144112577408,1.16229006495808,-0.343914128372358,0.536567059468794
0.711632453567937,0.000977517106549365,0.365234159657001,0.36228817357189,0.213712052863313,1.15853526407834,-0.346180252015301,0.542257168227386
0.712609970674487,0.000977517106549365,0.364045363192067,0.362380334217073,0.215281602555814,1.15476436097406,-0.348457435301603,0.547956126761609
0.713587487781036,0.000977517106549365,0.362851507626426,0.362473384286753,0.216852756199297,1.15097741022907,-0.350745640740948,0.553663905072224
0.714565004887586,0.000977517106549365,0.361652610167902,0.362567320755674,0.218425508338145,1.14717446642716,-0.353044830843019,0.55938047315999
0.715542521994135,0.000977517106549365,0.360448688024322,0.362662140598584,0.219999853516742,1.14335558415215,-0.355354968117501,0.565105801025668
0.716520039100684,0.000977517106549365,0.359239758403511,0.362757840790229,0.221575786279474,1.13952081798785,-0.357676015074076,0.57083985867002
0.717497556207234,0.000977517106549365,0.358025838513295,0.362854418305356,0.223153301170724,1.13567022251807,-0.360007934222428,0.576582616093805
0.718475073313783,0.000977517106549365,0.356806945561499,0.362951870118711,0.224732392734878,1.13180385232664,-0.36235068807224,0.582334043297784
0.719452590420332,0.000977517106549365,0.355583096755948,0.363050193205041,0.226313055516319,1.12792176199735,-0.364704239133197,0.588094110282718
0.720430107526882,0.000977517106549365,0.354354309304469,0.363149384539094,0.227895284059432,1.12402400611402,-0.367068549914982,0.593862787049366
0.721407624633431,0.000977517106549365,0.353120600414886,0.363249441095614,0.229479072908601,1.12011063926046,-0.369443582927277,0.599640043598491
0.72238514173998,0.000977517106549365,0.351881987295026,0.363350359849349,0.231064416608211,1.11618171602049,-0.371829300679767,0.605425849930853
0.72336265884653,0.000977517106549365,0.350638487152714,0.363452137775046,0.232651309702646,1.11223729097791,-0.374225665682136,0.611220176047211
0.724340175953079,0.000977517106549365,0.349390117195775,0.36355477184745,0.23423974673629,1.10827741871655,-0.376632640444066,0.617022991948327
0.725317693059629,0.000977517106549365,0.348136894632034,0.36365825904131,0.235829722253528,1.1043021538202,-0.379050187475242,0.62283426763496
0.726295210166178,0.000977517106549365,0.346878836669319,0.363762596331371,0.237421230798745,1.10031155087268,-0.381478269285346,0.628653973107873
0.727272727272727,0.000977517106549365,0.345615960515453,0.36386778069238,0.239014266916325,1.09630566445781,-0.383916848384062,0.634482078367825
0.728250244379277,0.000977517106549365,0.344348283378262,0.363973809099083,0.240608825150652,1.09228454915939,-0.386365887281075,0.640318553415577
0.729227761485826,0.000977517106549365,0.343075822465573,0.364080678526228,0.24220490004611,1.08824825956125,-0.388825348486067,0.646163368251889
0.730205278592375,0.000977517106549365,0.34179859498521,0.36418838594856,0.243802486147085,1.08419685024718,-0.391295194508722,0.652016492877522
0.731182795698925,0.000977517106549365,0.340516618145,0.364296928340827,0.24540157799796,1.080130375801,-0.393775387858723,0.657877897293237
0.732160312805474,0.000977517106549365,0.339229909152767,0.364406302677775,0.24700217014312,1.07604889080653,-0.396265891045754,0.663747551499793
0.733137829912023,0.000977517106549365,0.337938485216337,0.36451650593415,0.248604257126949,1.07195244984757,-0.398766666579499,0.669625425497953
0.734115347018573,0.000977517106549365,0.336642363543536,0.3646275350847,0.250207833493832,1.06784110750795,-0.40127767696964,0.675511489288476
0.735092864125122,0.000977517106549365,0.335341561342189,0.364739387104171,0.251812893788153,1.06371491837146,-0.403798884725863,0.681405712872122
0.736070381231672,0.000977517106549365,0.334036095820122,0.364852058967309,0.253419432554297,1.05957393702192,-0.406330252357849,0.687308066249654
0.737047898338221,0.000977517106549365,0.33272598418516,0.364965547648861,0.255027444336648,1.05541821804315,-0.408871742375283,0.69321851942183
0.73802541544477,0.000977517106549365,0.33141124364513,0.365079850123574,0.25663692367959,1.05124781601895,-0.411423317287848,0.699137042389412
0.73900293255132,0.000977517106549365,0.330091891407855,0.365194963366194,0.258247865127508,1.04706278553315,-0.413984939605228,0.705063605153159
0.739980449657869,0.000977517106549365,0.328767944681162,0.365310884351468,0.259860263224786,1.04286318116954,-0.416556571837106,0.710998177713834
0.740957966764418,0.000977517106549365,0.327439420672877,0.365427610054143,0.261474112515809,1.03864905751194,-0.419138176493166,0.716940730072196
0.741935483870968,0.000977517106549365,0.326106336590825,0.365545137448965,0.263089407544961,1.03442046914417,-0.421729716083091,0.722891232229006
0.742913000977517,0.000977517106549365,0.324768709642832,0.365663463510681,0.264706142856626,1.03017747065003,-0.424331153116564,0.728849654185024
0.743890518084066,0.000977517106549365,0.323426557036722,0.365782585214037,0.266324312995189,1.02592011661334,-0.42694245010327,0.734815965941011
0.744868035190616,0.000977517106549365,0.322079895980322,0.36590249953378,0.267943912505035,1.02164846161791,-0.429563569552892,0.740790137497728
0.745845552297165,0.000977517106549365,0.320728743681458,0.366023203444657,0.269564935930547,1.01736256024755,-0.432194473975114,0.746772138855935
0.746823069403715,0.000977517106549365,0.319373117347954,0.366144693921414,0.271187377816111,1.01306246708608,-0.434835125879618,0.752761940016393
0.747800586510264,0.000977517106549365,0.318013034187636,0.366266967938798,0.27281123270611,1.0087482367173,-0.437485487776088,0.758759510979862
0.748778103616813,0.000977517106549365,0.31664851140833,0.366390022471555,0.27443649514493,1.00441992372503,-0.440145522174209,0.764764821747103
0.749755620723363,0.000977517106549365,0.315279566217861,0.366513854494433,0.276063159676953,1.00007758269308,-0.442815191583663,0.770777842318877
0.750733137829912,0.000977517106549365,0.313906215824055,0.366638460982177,0.277691220846566,0.995721268205264,-0.445494458514133,0.776798542695944
0.751710654936461,0.000977517106549365,0.312528477434737,0.366763838909535,0.279320673198151,0.991351034845389,-0.448183285475304,0.782826892879064
0.752688172043011,0.000977517106549365,0.311146368257734,0.366889985251252,0.280951511276095,0.986966937197269,-0.45088163497686,0.788862862868998
0.75366568914956,0.000977517106549365,0.309759905500869,0.367016896982076,0.28258372962478,0.982569029844718,-0.453589469528483,0.794906422666507
0.75464320625611,0.000977517106549365,0.30836910637197,0.367144571076753,0.284217322788592,0.978157367371546,-0.456306751639857,0.800957542272352
0.755620723362659,0.000977517106549365,0.306973988078861,0.36727300451003,0.285852285311915,0.973732004361565,-0.459033443820666,0.807016191687292
0.756598240469208,0.000977517106549365,0.305574567829368,0.367402194256653,0.287488611739134,0.969292995398589,-0.461769508580593,0.813082340912089
0.757575757575758,0.000977517106549365,0.304170862831317,0.36753213729137,0.289126296614632,0.964840395066428,-0.464514908429322,0.819155959947503
0.758553274682307,0.000977517106549365,0.302762890292533,0.367662830588926,0.290765334482794,0.960374257948894,-0.467269605876535,0.825237018794295
0.759530791788856,0.000977517106549365,0.301350667420842,0.367794271124068,0.292405719888005,0.9558946386298,-0.470033563431918,0.831325487453225
0.760508308895406,0.000977517106549365,0.299934211424068,0.367926455871543,0.294047447374649,0.951401591692958,-0.472806743605152,0.837421335925053
0.761485826001955,0.000977517106549365,0.298513539510039,0.368059381806098,0.295690511487111,0.94689517172218,-0.475589108905923,0.843524534210541
0.762463343108504,0.000977517106549365,0.297088668886579,0.368193045902478,0.297334906769774,0.942375433301276,-0.478380621843913,0.849635052310449
0.763440860215054,0.000977517106549365,0.295659616761513,0.368327445135432,0.298980627767024,0.937842431014061,-0.481181244928806,0.855752860225538
0.764418377321603,0.000977517106549365,0.294226400342668,0.368462576479704,0.300627669023244,0.933296219444345,-0.483990940670285,0.861877927956567
0.765395894428152,0.000977517106549365,0.292789036837869,0.368598436910043,0.302276025082819,0.92873685317594,-0.486809671578034,0.868010225504298
0.766373411534702,0.000977517106549365,0.291347543454941,0.368735023401194,0.303925690490134,0.924164386792659,-0.489637400161736,0.874149722869492
0.767350928641251,0.000977517106549365,0.28990193740171,0.368872332927904,0.305576659789573,0.919578874878313,-0.492474088931076,0.880296390052908
0.768328445747801,0.000977517106549365,0.288452235886001,0.36901036246492,0.307228927525521,0.914980372016715,-0.495319700395736,0.886450197055308
0.76930596285435,0.000977517106549365,0.286998456115641,0.369149108986988,0.308882488242361,0.910368932791676,-0.498174197065399,0.892611113877451
0.770283479960899,0.000977517106549365,0.285540615298454,0.369288569468856,0.310537336484478,0.905744611787009,-0.501037541449751,0.898779110520099
0.771260997067449,0.000977517106549365,0.284078730642266,0.369428740885269,0.312193466796257,0.901107463586525,-0.503909696058474,0.904954156984012
0.772238514173998,0.000977517106549365,0.282612819354903,0.369569620210974,0.313850873722082,0.896457542774036,-0.50679062340125,0.911136223269951
0.773216031280547,0.000977517106549365,0.281142898644189,0.369711204420718,0.315509551806338,0.891794903933355,-0.509680285987766,0.917325279378676
0.774193548387097,0.000977517106549365,0.279668985717952,0.369853490489247,0.317169495593408,0.887119601648294,-0.512578646327703,0.923521295310948
0.775171065493646,0.000977517106549365,0.278191097784016,0.369996475391309,0.318830699627678,0.882431690502663,-0.515485666930744,0.929724241067527
0.776148582600195,0.000977517106549365,0.276709252050206,0.370140156101649,0.320493158453531,0.877731225080276,-0.518401310306575,0.935934086649175
0.777126099706745,0.000977517106549365,0.275223465724349,0.370284529595015,0.322156866615353,0.873018259964944,-0.521325538964878,0.942150802056651
0.778103616813294,0.000977517106549365,0.27373375601427,0.370429592846152,0.323821818657527,0.86829284974048,-0.524258315415337,0.948374357290715
0.779081133919844,0.000977517106549365,0.272240140127794,0.370575342829808,0.325488009124438,0.863555048990695,-0.527199602167635,0.95460472235213
0.780058651026393,0.000977517106549365,0.270742635272747,0.370721776520729,0.327155432560471,0.858804912299401,-0.530149361731456,0.960841867241655
0.781036168132942,0.000977517106549365,0.269241258656954,0.370868890893662,0.328824083510009,0.85404249425041,-0.533107556616483,0.967085761960051
0.782013685239492,0.000977517106549365,0.267736027488241,0.371016682923353,0.330493956517438,0.849267849427535,-0.5360741493324,0.973336376508078
0.782991202346041,0.000977517106549365,0.266226958974434,0.37116514958455,0.332165046127141,0.844481032414587,-0.53904910238889,0.979593680886497
0.78396871945259,0.000977517106549365,0.264714070323358,0.371314287851997,0.333837346883504,0.839682097795378,-0.542032378295638,0.985857645096069
0.78494623655914,0.000977517106549365,0.263197378742838,0.371464094700443,0.335510853330909,0.83487110015372,-0.545023939562326,0.992128239137554
0.785923753665689,0.000977517106549365,0.261676901440701,0.371614567104634,0.337185560013743,0.830048094073426,-0.548023748698638,0.998405433011712
0.786901270772238,0.000977517106549365,0.260152655624771,0.371765702039316,0.338861461476389,0.825213134138307,-0.551031768214257,1.00468919671931
0.787878787878788,0.000977517106549365,0.258624658502874,0.371917496479237,0.340538552263232,0.820366274932175,-0.554047960618867,1.01097950026109
0.788856304985337,0.000977517106549365,0.257092927282836,0.372069947399142,0.342216826918656,0.815507571038842,-0.557072288422152,1.01727631363784
0.789833822091887,0.000977517106549365,0.255557479172483,0.372223051773778,0.343896279987046,0.81063707704212,-0.560104714133795,1.0235796068503
0.790811339198436,0.000977517106549365,0.254018331379639,0.372376806577892,0.345576906012786,0.805754847525822,-0.56314520026348,1.02988934989923
0.791788856304985,0.000977517106549365,0.25247550111213,0.372531208786231,0.34725869954026,0.800860937073758,-0.566193709320889,1.0362055127854
0.792766373411535,0.000977517106549365,0.250929005577783,0.372686255373541,0.348941655113853,0.795955400269742,-0.569250203815708,1.04252806550957
0.793743890518084,0.000977517106549365,0.249378861984421,0.372841943314568,0.350625767277949,0.791038291697584,-0.572314646257618,1.0488569780725
0.794721407624633,0.000977517106549365,0.247825087539872,0.37299826958406,0.352311030576933,0.786109665941098,-0.575386999156305,1.05519222047495
0.795698924731183,0.000977517106549365,0.24626769945196,0.373155231156763,0.353997439555189,0.781169577584095,-0.57846722502145,1.06153376271768
0.796676441837732,0.000977517106549365,0.244706714928512,0.373312825007424,0.355684988757101,0.776218081210387,-0.581555286362739,1.06788157480145
0.797653958944281,0.000977517106549365,0.243142151177351,0.373471048110788,0.357373672727055,0.771255231403785,-0.584651145689853,1.07423562672701
0.798631476050831,0.000977517106549365,0.241574025406305,0.373629897441604,0.359063486009433,0.766281082748103,-0.587754765512478,1.08059588849514
0.79960899315738,0.000977517106549365,0.240002354823198,0.373789369974617,0.360754423148622,0.761295689827152,-0.590866108340296,1.08696233010659
0.80058651026393,0.000977517106549365,0.238427156635857,0.373949462684574,0.362446478689005,0.756299107224744,-0.59398513668299,1.09333492156213
0.801564027370479,0.000977517106549365,0.236848448052106,0.374110172546221,0.364139647174966,0.75129138952469,-0.597111813050246,1.0997136328625
0.802541544477028,0.000977517106549365,0.235266246279772,0.374271496534306,0.36583392315089,0.746272591310804,-0.600246099951745,1.10609843400848
0.803519061583578,0.000977517106549365,0.233680568526679,0.374433431623575,0.367529301161162,0.741242767166897,-0.603387959897171,1.11248929500083
0.804496578690127,0.000977517106549365,0.232091432000653,0.374595974788774,0.369225775750166,0.73620197167678,-0.606537355396209,1.11888618584029
0.805474095796676,0.000977517106549365,0.230498853909521,0.374759123004651,0.370923341462286,0.731150259424267,-0.609694248958541,1.12528907652765
0.806451612903226,0.000977517106549365,0.228902851461106,0.374922873245951,0.372621992841907,0.726087684993168,-0.612858603093851,1.13169793706365
0.807429130009775,0.000977517106549365,0.227303441863236,0.375087222487421,0.374321724433413,0.721014302967297,-0.616030380311823,1.13811273744905
0.808406647116324,0.000977517106549365,0.225700642323735,0.375252167703809,0.376022530781188,0.715930167930464,-0.619209543122139,1.14453344768463
0.809384164222874,0.000977517106549365,0.224094470050429,0.37541770586986,0.377724406429618,0.710835334466482,-0.622396054034485,1.15096003777113
0.810361681329423,0.000977517106549365,0.222484942251144,0.375583833960321,0.379427345923085,0.705729857159163,-0.625589875558542,1.15739247770931
0.811339198435973,0.000977517106549365,0.220872076133704,0.375750548949939,0.381131343805976,0.700613790592318,-0.628790970203995,1.16383073749995
0.812316715542522,0.000977517106549365,0.219255888905936,0.37591784781346,0.382836394622674,0.695487189349761,-0.631999300480528,1.1702747871438
0.813294232649071,0.000977517106549365,0.217636397775666,0.376085727525632,0.384542492917563,0.690350108015302,-0.635214828897823,1.17672459664161
0.814271749755621,0.000977517106549365,0.216013619950717,0.3762541850612,0.386249633235029,0.685202601172753,-0.638437517965565,1.18318013599416
0.81524926686217,0.000977517106549365,0.214387572638917,0.376423217394911,0.387957810119455,0.680044723405928,-0.641667330193437,1.18964137520219
0.81622678396872,0.000977517106549365,0.212758273048091,0.376592821501512,0.389667018115225,0.674876529298638,-0.644904228091121,1.19610828426648
0.817204301075269,0.000977517106549365,0.211125738386064,0.37676299435575,0.391377251766725,0.669698073434694,-0.648148174168303,1.20258083318778
0.818181818181818,0.000977517106549365,0.209489985860662,0.376933732932371,0.393088505618339,0.664509410397909,-0.651399130934664,1.20905899196686
0.819159335288368,0.000977517106549365,0.207851032679711,0.377105034206121,0.394800774214451,0.659310594772094,-0.654657060899891,1.21554273060446
0.820136852394917,0.000977517106549365,0.206208896051035,0.377276895151748,0.396514052099446,0.654101681141063,-0.657921926573664,1.22203201910136
0.821114369501466,0.000977517106549365,0.20456359318246,0.377449312743998,0.398228333817707,0.648882724088626,-0.661193690465668,1.22852682745832
0.822091886608016,0.000977517106549365,0.202915141281813,0.377622283957617,0.39994361391362,0.643653778198595,-0.664472315085586,1.23502712567609
0.823069403714565,0.000977517106549365,0.201263557556918,0.377795805767353,0.401659886931569,0.638414898054784,-0.667757762943103,1.24153288375543
0.824046920821114,0.000977517106549365,0.1996088592156,0.377969875147951,0.403377147415938,0.633166138241003,-0.671049996547902,1.24804407169711
0.825024437927664,0.000977517106549365,0.197951063465687,0.378144489074159,0.405095389911112,0.627907553341064,-0.674348978409665,1.25456065950189
0.826001955034213,0.000977517106549365,0.196290187515002,0.378319644520723,0.406814608961475,0.62263919793878,-0.677654671038077,1.26108261717053
0.826979472140763,0.000977517106549365,0.194626248571373,0.378495338462389,0.408534799111411,0.617361126617963,-0.680967036942821,1.26760991470378
0.827956989247312,0.000977517106549365,0.192959263842623,0.378671567873905,0.410255954905305,0.612073393962425,-0.68428603863358,1.27414252210241
0.828934506353861,0.000977517106549365,0.191289250536579,0.378848329730016,0.411978070887542,0.606776054555976,-0.687611638620039,1.28068040936718
0.829912023460411,0.000977517106549365,0.189616225861066,0.37902562100547,0.413701141602505,0.601469162982431,-0.690943799411881,1.28722354649885
0.83088954056696,0.000977517106549365,0.18794020702391,0.379203438675013,0.415425161594579,0.5961527738256,-0.694282483518789,1.29377190349818
0.831867057673509,0.000977517106549365,0.186261211232937,0.379381779713392,0.417150125408149,0.590826941669296,-0.697627653450447,1.30032545036593
0.832844574780059,0.000977517106549365,0.184579255695971,0.379560641095353,0.418876027587599,0.58549172109733,-0.700979271716537,1.30688415710286
0.833822091886608,0.000977517106549365,0.182894357620838,0.379740019795643,0.420602862677314,0.580147166693514,-0.704337300826745,1.31344799370974
0.834799608993157,0.000977517106549365,0.181206534215365,0.379919912789008,0.422330625221677,0.574793333041661,-0.707701703290753,1.32001693018731
0.835777126099707,0.000977517106549365,0.179515802687376,0.380100317050196,0.424059309765074,0.569430274725582,-0.711072441618245,1.32659093653635
0.836754643206256,0.000977517106549365,0.177822180244696,0.380281229553953,0.425788910851888,0.56405804632909,-0.714449478318904,1.33316998275762
0.837732160312806,0.000977517106549365,0.176125684095153,0.380462647275025,0.427519423026504,0.558676702435997,-0.717832775902414,1.33975403885186
0.838709677419355,0.000977517106549365,0.17442633144657,0.380644567188158,0.429250840833307,0.553286297630113,-0.721222296878459,1.34634307481985
0.839687194525904,0.000977517106549365,0.172724139506774,0.380826986268101,0.430983158816681,0.547886886495252,-0.724618003756722,1.35293706066235
0.840664711632454,0.000977517106549365,0.17101912548359,0.381009901489599,0.43271637152101,0.542478523615226,-0.728019859046886,1.35953596638011
0.841642228739003,0.000977517106549365,0.169311306584844,0.381193309827398,0.434450473490679,0.537061263573846,-0.731427825258635,1.3661397619739
0.842619745845552,0.000977517106549365,0.167600700018361,0.381377208256246,0.436185459270072,0.531635160954924,-0.734841864901653,1.37274841744448
0.843597262952102,0.000977517106549365,0.165887322991967,0.381561593750889,0.437921323403574,0.526200270342272,-0.738261940485623,1.3793619027926
0.844574780058651,0.000977517106549365,0.164171192713487,0.381746463286074,0.439658060435569,0.520756646319703,-0.741688014520229,1.38598018801903
0.8455522971652,0.000977517106549365,0.162452326390746,0.381931813836547,0.441395664910441,0.515304343471028,-0.745120049515153,1.39260324312453
0.84652981427175,0.000977517106549365,0.160730741231572,0.382117642377055,0.443134131372575,0.50984341638006,-0.74855800798008,1.39923103810986
0.847507331378299,0.000977517106549365,0.159006454443788,0.382303945882345,0.444873454366355,0.504373919630609,-0.752001852424694,1.40586354297578
0.848484848484849,0.000977517106549365,0.15727948323522,0.382490721327163,0.446613628436166,0.498895907806489,-0.755451545358677,1.41250072772305
0.849462365591398,0.000977517106549365,0.155549844813694,0.382677965686255,0.448354648126392,0.493409435491512,-0.758907049291714,1.41914256235244
0.850439882697947,0.000977517106549365,0.153817556387036,0.382865675934369,0.450096507981418,0.487914557269488,-0.762368326733487,1.42578901686469
0.851417399804497,0.000977517106549365,0.152082635163071,0.383053849046251,0.451839202545628,0.482411327724231,-0.765835340193681,1.43244006126057
0.852394916911046,0.000977517106549365,0.150345098349624,0.383242481996647,0.453582726363406,0.476899801439552,-0.769308052181978,1.43909566554085
0.853372434017595,0.000977517106549365,0.148604963154522,0.383431571760305,0.455327073979137,0.471380032999263,-0.772786425208063,1.44575579970628
0.854349951124145,0.000977517106549365,0.146862246785589,0.38362111531197,0.457072239937205,0.465852076987176,-0.776270421781619,1.45242043375763
0.855327468230694,0.000977517106549365,0.145116966450651,0.38381110962639,0.458818218781995,0.460315987987104,-0.779760004412329,1.45908953769565
0.856304985337243,0.000977517106549365,0.143369139357534,0.384001551678311,0.46056500505789,0.454771820582858,-0.783255135609877,1.4657630815211
0.857282502443793,0.000977517106549365,0.141618782714063,0.38419243844248,0.462312593309277,0.449219629358249,-0.786755777883946,1.47244103523475
0.858260019550342,0.000977517106549365,0.139865913728064,0.384383766893643,0.464060978080538,0.443659468897091,-0.790261893744221,1.47912336883736
0.859237536656892,0.000977517106549365,0.138110549607362,0.384575534006547,0.465810153916058,0.438091393783195,-0.793773445700384,1.48581005232968
0.860215053763441,0.000977517106549365,0.136352707559783,0.384767736755939,0.467560115360222,0.432515458600373,-0.797290396262119,1.49250105571248
0.86119257086999,0.000977517106549365,0.134592404793153,0.384960372116564,0.469310856957415,0.426931717932438,-0.80081270793911,1.49919634898652
0.86217008797654,0.000977517106549365,0.132829658515296,0.38515343706317,0.47106237325202,0.4213402263632,-0.80434034324104,1.50589590215256
0.863147605083089,0.000977517106549365,0.131064485934039,0.385346928570504,0.472814658788421,0.415741038476472,-0.807873264677592,1.51259968521135
0.864125122189638,0.000977517106549365,0.129296904257207,0.385540843613312,0.474567708111005,0.410134208856066,-0.811411434758451,1.51930766816367
0.865102639296188,0.000977517106549365,0.127526930692625,0.38573517916634,0.476321515764154,0.404519792085795,-0.814954815993299,1.52601982101026
0.866080156402737,0.000977517106549365,0.125754582448119,0.385929932204335,0.478076076292253,0.398897842749469,-0.818503370891821,1.5327361137519
0.867057673509286,0.000977517106549365,0.123979876731515,0.386125099702045,0.479831384239687,0.393268415430901,-0.822057061963699,1.53945651638934
0.868035190615836,0.000977517106549365,0.122202830750638,0.386320678634214,0.48158743415084,0.387631564713904,-0.825615851718618,1.54618099892334
0.869012707722385,0.000977517106549365,0.120423461713314,0.386516665975591,0.483344220570097,0.381987345182288,-0.82917970266626,1.55290953135466
0.869990224828935,0.000977517106549365,0.118641786827368,0.386713058700922,0.485101738041841,0.376335811419866,-0.83274857731631,1.55964208368406
0.870967741935484,0.000977517106549365,0.116857823300626,0.386909853784953,0.486859981110458,0.37067701801045,-0.83632243817845,1.56637862591231
0.871945259042033,0.000977517106549365,0.115071588340912,0.38710704820243,0.488618944320332,0.365011019537852,-0.839901247762365,1.57311912804017
0.872922776148583,0.000977517106549365,0.113283099156054,0.387304638928101,0.490378622215846,0.359337870585884,-0.843484968577738,1.57986356006839
0.873900293255132,0.000977517106549365,0.111492372953876,0.387502622936713,0.492139009341387,0.353657625738358,-0.847073563134252,1.58661189199773
0.874877810361681,0.000977517106549365,0.109699426942204,0.38770099720301,0.493900100241337,0.347970339579086,-0.850666993941592,1.59336409382896
0.875855327468231,0.000977517106549365,0.107904278328864,0.387899758701742,0.495661889460082,0.34227606669188,-0.85426522350944,1.60012013556283
0.87683284457478,0.000977517106549365,0.10610694432168,0.388098904407653,0.497424371542005,0.336574861660551,-0.857868214347479,1.60687998720012
0.877810361681329,0.000977517106549365,0.104307442128479,0.388298431295491,0.499187541031492,0.330866779068912,-0.861475928965395,1.61364361874157
0.878787878787879,0.000977517106549365,0.102505788957085,0.388498336340002,0.500951392472927,0.325151873500775,-0.865088329872869,1.62041100018795
0.879765395894428,0.000977517106549365,0.100702002015326,0.388698616515933,0.502715920410693,0.319430199539952,-0.868705379579586,1.62718210154001
0.880742913000978,0.000977517106549365,0.0988960985110252,0.38889926879803,0.504481119389176,0.313701811770255,-0.872327040595229,1.63395689279853
0.881720430107527,0.000977517106549365,0.0970880956520093,0.389100290161041,0.50624698395276,0.307966764775496,-0.875953275429482,1.64073534396426
0.882697947214076,0.000977517106549365,0.0952780106461036,0.389301677579711,0.50801350864583,0.302225113139486,-0.879584046592028,1.64751742503796
0.883675464320626,0.000977517106549365,0.0934658607011335,0.389503428028787,0.509780688012769,0.296476911446038,-0.883219316592551,1.65430310602039
0.884652981427175,0.000977517106549365,0.0916516630249246,0.389705538483016,0.511548516597962,0.290722214278963,-0.886859047940734,1.66109235691231
0.885630498533724,0.000977517106549365,0.0898354348253026,0.389908005917145,0.513316988945794,0.284961076222075,-0.890503203146261,1.66788514771448
0.886608015640274,0.000977517106549365,0.0880171933100928,0.39011082730592,0.515086099600649,0.279193551859184,-0.894151744718815,1.67468144842766
0.887585532746823,0.000977517106549365,0.0861969556871209,0.390313999624087,0.516855843106912,0.273419695774103,-0.897804635168079,1.68148122905262
0.888563049853372,0.000977517106549365,0.0843747391642124,0.390517519846394,0.518626214008966,0.267639562550643,-0.901461837003739,1.68828445959012
0.889540566959922,0.000977517106549365,0.0825505609491928,0.390721384947587,0.520397206851197,0.261853206772617,-0.905123312735476,1.6950911100409
0.890518084066471,0.000977517106549365,0.0807244382498876,0.390925591902412,0.522168816177988,0.256060683023837,-0.908789024872974,1.70190115040575
0.89149560117302,0.000977517106549365,0.0788963882741224,0.391130137685617,0.523941036533725,0.250262045888115,-0.912458935925918,1.7087145506854
0.89247311827957,0.000977517106549365,0.0770664282297227,0.391335019271947,0.52571386246279,0.244457349949261,-0.91613300840399,1.71553128088064
0.893450635386119,0.000977517106549365,0.0752345753245141,0.39154023363615,0.52748728850957,0.23864664979109,-0.919811204816874,1.72235131099221
0.894428152492669,0.000977517106549365,0.0734008467663221,0.391745777752972,0.529261309218449,0.232829999997412,-0.923493487674253,1.72917461102088
0.895405669599218,0.000977517106549365,0.0715652597629722,0.391951648597159,0.53103591913381,0.22700745515204,-0.927179819485812,1.73600115096741
0.896383186705767,0.000977517106549365,0.06972783152229,0.392157843143459,0.532811112800038,0.221179069838785,-0.930870162761232,1.74283090083255
0.897360703812317,0.000977517106549365,0.0678885792521009,0.392364358366618,0.534586884761518,0.21534489864146,-0.9345644800102,1.74966383061708
0.898338220918866,0.000977517106549365,0.0660475201602307,0.392571191241382,0.536363229562634,0.209504996143877,-0.938262733742396,1.75649991032174
0.899315738025415,0.000977517106549365,0.0642046714545046,0.392778338742498,0.538140141747771,0.203659416929847,-0.941964886467506,1.76333910994731
0.900293255131965,0.000977517106549365,0.0623600503427484,0.392985797844713,0.539917615861312,0.197808215583182,-0.945670900695213,1.77018139949453
0.901270772238514,0.000977517106549365,0.0605136740327875,0.393193565522773,0.541695646447643,0.191951446687695,-0.9493807389352,1.77702674896418
0.902248289345064,0.000977517106549365,0.0586655597324475,0.393401638751425,0.543474228051147,0.186089164827197,-0.95309436369715,1.78387512835701
0.903225806451613,0.000977517106549365,0.056815724649554,0.393610014505416,0.54525335521621,0.180221424585501,-0.956811737490748,1.79072650767378
0.904203323558162,0.000977517106549365,0.0549641859919324,0.393818689759492,0.547033022487215,0.174348280546418,-0.960532822825676,1.79758085691525
0.905180840664712,0.000977517106549365,0.0531109609674082,0.394027661488399,0.548813224408547,0.168469787293761,-0.964257582211619,1.80443814608219
0.906158357771261,0.000977517106549365,0.0512560667838071,0.394236926666885,0.55059395552459,0.162585999411341,-0.96798597815826,1.81129834517536
0.90713587487781,0.000977517106549365,0.0493995206489545,0.394446482269697,0.55237521037973,0.15669697148297,-0.971717973175282,1.8181614241955
0.90811339198436,0.000977517106549365,0.0475413397706761,0.394656325271579,0.554156983518349,0.150802758092461,-0.975453529772369,1.8250273531434
0.909090909090909,0.000977517106549365,0.0456815413567973,0.39486645264728,0.555939269484834,0.144903413823626,-0.979192610459204,1.83189610201979
0.910068426197458,0.000977517106549365,0.0438201426151436,0.395076861371546,0.557722062823567,0.138998993260275,-0.982935177745472,1.83876764082546
0.911045943304008,0.000977517106549365,0.0419571607535406,0.395287548419123,0.559505358078934,0.133089550986222,-0.986681194140855,1.84564193956115
0.912023460410557,0.000977517106549365,0.0400926129798139,0.395498510764759,0.561289149795318,0.127175141585278,-0.990430622155036,1.85251896822763
0.913000977517107,0.000977517106549365,0.038226516501789,0.395709745383199,0.563073432517105,0.121255819641256,-0.994183424297701,1.85939869682566
0.913978494623656,0.000977517106549365,0.0363588885272913,0.39592124924919,0.564858200788679,0.115331639737967,-0.997939563078532,1.866281095356
0.914956011730205,0.000977517106549365,0.0344897462641466,0.396133019337479,0.566643449154424,0.109402656459223,-1.00169900100721,1.87316613381941
0.915933528836755,0.000977517106549365,0.0326191069201801,0.396345052622813,0.568429172158724,0.103468924388836,-1.00546170059342,1.88005378221665
0.916911045943304,0.000977517106549365,0.0307469877032176,0.396557346079938,0.570215364345965,0.0975304981106189,-1.00922762434685,1.88694401054848
0.917888563049853,0.000977517106549365,0.0288734058210846,0.396769896683601,0.57200202026053,0.0915874322083828,-1.01299673477718,1.89383678881565
0.918866080156403,0.000977517106549365,0.0269983784816065,0.396982701408548,0.573789134446804,0.0856397812659398,-1.0167689943941,1.90073208701895
0.919843597262952,0.000977517106549365,0.025121922892609,0.397195757229526,0.575576701449171,0.0796875998671022,-1.02054436570728,1.90762987515911
0.920821114369501,0.000977517106549365,0.0232440562619176,0.397409061121282,0.577364715812015,0.0737309425956817,-1.02432281122641,1.91453012323691
0.921798631476051,0.000977517106549365,0.0213647957973577,0.397622610058562,0.579153172079722,0.0677698640354904,-1.02810429346118,1.9214328012531
0.9227761485826,0.000977517106549365,0.0194841587067549,0.397836401016113,0.580942064796676,0.0618044187703401,-1.03188877492126,1.92833787920844
0.92375366568915,0.000977517106549365,0.0176021621979349,0.398050430968681,0.58273138850726,0.0558346613840431,-1.03567621811635,1.9352453271037
0.924731182795699,0.000977517106549365,0.015718823478723,0.398264696891014,0.58452113775586,0.0498606464604112,-1.03946658555612,1.94215511493963
0.925708699902248,0.000977517106549365,0.0138341597569449,0.398479195757857,0.586311307086859,0.0438824285832564,-1.04325983975025,1.949067212717
0.926686217008798,0.000977517106549365,0.011948188240426,0.398693924543957,0.588101891044642,0.0379000623363908,-1.04705594320844,1.95598159043657
0.927663734115347,0.000977517106549365,0.010060926136992,0.398908880224062,0.589892884173595,0.0319136023036262,-1.05085485844037,1.96289821809909
0.928641251221896,0.000977517106549365,0.0081723906544683,0.399124059772917,0.5916842810181,0.0259231030687747,-1.05465654795571,1.96981706570533
0.929618768328446,0.000977517106549365,0.00628259900068048,0.399339460165269,0.593476076122542,0.0199286192156483,-1.05846097426416,1.97673810325605
0.930596285434995,0.000977517106549365,0.00439156838345409,0.399555078375864,0.595268264031307,0.0139302053280589,-1.0622680998754,1.98366130075201
0.931573802541544,0.000977517106549365,0.00249931601061465,0.39977091137945,0.597060839288778,0.0079279159898185,-1.0660778872991,1.99058662819397
0.932551319648094,0.000977517106549365,0.000605859089987705,0.399986956150774,0.598853796439339,0.00192180578473915,-1.06989029904495,1.99751405558268
0.933528836754643,0.000977517106549365,-0.00128878517060121,0.40020320966458,0.600647130027376,-0.00408807070336719,-1.07370529762265,2.00444355291892
0.934506353861193,0.000977517106549365,-0.00318459956332655,0.400419668895617,0.602440834597272,-0.0101016588906885,-1.07752284554186,2.01137509020344
0.935483870967742,0.000977517106549365,-0.00508156688036283,0.400636330818631,0.604234904693412,-0.0161189041934129,-1.08134290531227,2.018308637437
0.936461388074291,0.000977517106549365,-0.00697966991388444,0.400853192408368,0.60602933486018,-0.0221397520277283,-1.08516543944358,2.02524416462036
0.937438905180841,0.000977517106549365,-0.0088788914560659,0.401070250639576,0.607824119641962,-0.0281641478098228,-1.08899041044545,2.03218164175428
0.93841642228739,0.000977517106549365,-0.0107792142990819,0.401287502487,0.60961925358314,-0.034192036955885,-1.09281778082758,2.03912103883953
0.93939393939394,0.000977517106549365,-0.0126806212351064,0.401504944925387,0.611414731228101,-0.0402233648821016,-1.09664751309965,2.04606232587686
0.940371456500489,0.000977517106549365,-0.0145830950563141,0.401722574929484,0.613210547121227,-0.0462580770046614,-1.10047956977134,2.05300547286704
0.941348973607038,0.000977517106549365,-0.0164866185548795,0.401940389474038,0.615006695806903,-0.0522961187397522,-1.10431391335233,2.05995044981082
0.942326490713588,0.000977517106549365,-0.0183911745229771,0.402158385533795,0.616803171829515,-0.0583374355035622,-1.10815050635231,2.06689722670896
0.943304007820137,0.000977517106549365,-0.0202967457527813,0.402376560083501,0.618599969733446,-0.0643819727122793,-1.11198931128096,2.07384577356224
0.944281524926686,0.000977517106549365,-0.0222033150364665,0.402594910097904,0.62039708406308,-0.0704296757820915,-1.11583029064797,2.0807960603714
0.945259042033236,0.000977517106549365,-0.0241108651662073,0.40281343255175,0.622194509362803,-0.076480490129187,-1.11967340696302,2.0877480571372
0.946236559139785,0.000977517106549365,-0.0260193789341781,0.403032124419786,0.623992240176998,-0.0825343611697536,-1.12351862273579,2.09470173386042
0.947214076246334,0.000977517106549365,-0.0279288391325534,0.403250982676757,0.625790271050051,-0.0885912343199795,-1.12736590047596,2.1016570605418
0.948191593352884,0.000977517106549365,-0.0298392285535076,0.403470004297412,0.627588596526344,-0.0946510549960525,-1.13121520269323,2.10861400718211
0.949169110459433,0.000977517106549365,-0.0317505299892153,0.403689186256496,0.629387211150264,-0.100713768614161,-1.13506649189726,2.11557254378211
0.950146627565982,0.000977517106549365,-0.0336627262318507,0.403908525528756,0.631186109466193,-0.106779320590492,-1.13891973059776,2.12253264034256
0.951124144672532,0.000977517106549365,-0.0355758000735885,0.404128019088938,0.632985286018518,-0.112847656341235,-1.14277488130439,2.12949426686422
0.952101661779081,0.000977517106549365,-0.0374897343066031,0.40434766391179,0.634784735351621,-0.118918721282577,-1.14663190652685,2.13645739334786
0.95307917888563,0.000977517106549365,-0.039404511723069,0.404567456972058,0.636584452009888,-0.124992460830706,-1.15049076877482,2.14342198979422
0.95405669599218,0.000977517106549365,-0.0413201151151606,0.404787395244489,0.638384430537703,-0.131068820401811,-1.15435143055797,2.15038802620408
0.955034213098729,0.000977517106549365,-0.0432365272750524,0.405007475703828,0.64018466547945,-0.137147745412079,-1.158213854386,2.15735547257819
0.956011730205279,0.000977517106549365,-0.0451537309949188,0.405227695324823,0.641985151379514,-0.143229181277698,-1.16207800276859,2.16432429891732
0.956989247311828,0.000977517106549365,-0.0470717090669343,0.405448051082221,0.643785882782279,-0.149313073414857,-1.16594383821542,2.17129447522221
0.957966764418377,0.000977517106549365,-0.0489904442832734,0.405668539950767,0.64558685423213,-0.155399367239743,-1.16981132323617,2.17826597149365
0.958944281524927,0.000977517106549365,-0.0509099194361106,0.40588915890521,0.64738806027345,-0.161488008168544,-1.17368042034054,2.18523875773238
0.959921798631476,0.000977517106549365,-0.0528301173176202,0.406109904920294,0.649189495450625,-0.167578941617449,-1.17755109203819,2.19221280393916
0.960899315738025,0.000977517106549365,-0.0547510207199768,0.406330774970767,0.650991154308039,-0.173672113002645,-1.18142330083882,2.19918808011476
0.961876832844575,0.000977517106549365,-0.0566726124353549,0.406551766031375,0.652793031390076,-0.179767467740321,-1.18529700925211,2.20616455625994
0.962854349951124,0.000977517106549365,-0.0585948752559288,0.406772875076866,0.654595121241121,-0.185864951246664,-1.18917217978774,2.21314220237545
0.963831867057674,0.000977517106549365,-0.0605177919738732,0.406994099081985,0.656397418405558,-0.191964508937862,-1.1930487749554,2.22012098846207
0.964809384164223,0.000977517106549365,-0.0624413453813623,0.40721543502148,0.658199917427771,-0.198066086230104,-1.19692675726476,2.22710088452054
0.965786901270772,0.000977517106549365,-0.0643655182705707,0.407436879870096,0.660002612852146,-0.204169628539578,-1.20080608922552,2.23408186055163
0.966764418377322,0.000977517106549365,-0.0662902934336729,0.407658430602581,0.661805499223065,-0.21027508128247,-1.20468673334736,2.2410638865561
0.967741935483871,0.000977517106549365,-0.0682156536628433,0.407880084193681,0.663608571084915,-0.216382389874971,-1.20856865213996,2.24804693253472
0.96871945259042,0.000977517106549365,-0.0701415817502564,0.408101837618143,0.665411822982079,-0.222491499733267,-1.212451808113,2.25503096848823
0.96969696969697,0.000977517106549365,-0.0720680604880866,0.408323687850713,0.667215249458941,-0.228602356273546,-1.21633616377616,2.2620159644174
0.970674486803519,0.000977517106549365,-0.0739950726685085,0.408545631866138,0.669018845059886,-0.234714904911997,-1.22022168163914,2.269001890323
0.971652003910068,0.000977517106549365,-0.0759226010836964,0.408767666639164,0.670822604329299,-0.240829091064808,-1.22410832421161,2.27598871620578
0.972629521016618,0.000977517106549365,-0.0778506285258249,0.408989789144539,0.672626521811564,-0.246944860148166,-1.22799605400326,2.2829764120665
0.973607038123167,0.000977517106549365,-0.0797791377870683,0.409211996357009,0.674430592051064,-0.25306215757826,-1.23188483352377,2.28996494790593
0.974584555229717,0.000977517106549365,-0.0817081116596013,0.40943428525132,0.676234809592186,-0.259180928771277,-1.23577462528283,2.29695429372482
0.975562072336266,0.000977517106549365,-0.0836375329355982,0.409656652802219,0.678039168979313,-0.265301119143406,-1.23966539179011,2.30394441952394
0.976539589442815,0.000977517106549365,-0.0855673844072334,0.409879095984452,0.679843664756829,-0.271422674110834,-1.24355709555531,2.31093529530404
0.977517106549365,0.000977517106549365,-0.0874976488666815,0.410101611772767,0.681648291469119,-0.277545539089751,-1.2474496990881,2.31792689106589
0.978494623655914,0.000977517106549365,-0.089428309106117,0.41032419714191,0.683453043660568,-0.283669659496343,-1.25134316489817,2.32491917681025
0.979472140762463,0.000977517106549365,-0.0913593479177142,0.410546849066627,0.685257915875559,-0.289794980746798,-1.2552374554952,2.33191212253787
0.980449657869013,0.000977517106549365,-0.0932907480936477,0.410769564521665,0.687062902658478,-0.295921448257306,-1.25913253338888,2.33890569824952
0.981427174975562,0.000977517106549365,-0.0952224924260919,0.410992340481771,0.688867998553708,-0.302049007444053,-1.26302836108888,2.34589987394596
0.982404692082111,0.000977517106549365,-0.0971545637072213,0.411215173921692,0.690673198105634,-0.308177603723227,-1.2669249011049,2.35289461962795
0.983382209188661,0.000977517106549365,-0.0990869447292103,0.411438061816173,0.692478495858641,-0.314307182511018,-1.27082211594662,2.35988990529625
0.98435972629521,0.000977517106549365,-0.101019618284233,0.411661001139962,0.694283886357112,-0.320437689223612,-1.27471996812372,2.36688570095161
0.98533724340176,0.000977517106549365,-0.102952567164465,0.411883988867805,0.696089364145433,-0.326569069277198,-1.27861842014588,2.37388197659481
0.986314760508309,0.000977517106549365,-0.10488577416208,0.412107021974449,0.697894923767988,-0.332701268087964,-1.28251743452279,2.3808787022266
0.987292277614858,0.000977517106549365,-0.106819222069252,0.41233009743464,0.699700559769161,-0.338834231072097,-1.28641697376413,2.38787584784775
0.988269794721408,0.000977517106549365,-0.108752893678156,0.412553212223125,0.701506266693336,-0.344967903645787,-1.29031700037958,2.394873383459
0.989247311827957,0.000977517106549365,-0.110686771780967,0.412776363314651,0.703312039084898,-0.35110223122522,-1.29421747687883,2.40187127906113
0.990224828934506,0.000977517106549365,-0.112620839169859,0.412999547683964,0.705117871488232,-0.357237159226585,-1.29811836577156,2.40886950465489
0.991202346041056,0.000977517106549365,-0.114555078637005,0.413222762305811,0.706923758447722,-0.36337263306607,-1.30201962956745,2.41586803024105
0.992179863147605,0.000977517106549365,-0.116489472974582,0.413446004154938,0.708729694507751,-0.369508598159863,-1.3059212307762,2.42286682582036
0.993157380254154,0.000977517106549365,-0.118424004974763,0.413669270206093,0.710535674212706,-0.375644999924151,-1.30982313190748,2.42986586139358
0.994134897360704,0.000977517106549365,-0.120358657429723,0.413892557434021,0.712341692106969,-0.381781783775124,-1.31372529547097,2.43686510696149
0.995112414467253,0.000977517106549365,-0.122293413131636,0.41411586281347,0.714147742734926,-0.387918895128968,-1.31762768397636,2.44386453252482
0.996089931573803,0.000977517106549365,-0.124228254872677,0.414339183319185,0.715953820640961,-0.394056279401873,-1.32153025993333,2.45086410808436
0.997067448680352,0.000977517106549365,-0.126163165445019,0.414562515925914,0.717759920369458,-0.400193882010025,-1.32543298585157,2.45786380364085
0.998044965786901,0.000977517106549365,-0.128098127640839,0.414785857608403,0.719566036464802,-0.406331648369613,-1.32933582424076,2.46486358919507
0.999022482893451,0.000977517106549365,-0.130033124252309,0.415009205341399,0.721372163471377,-0.412469523896826,-1.33323873761058,2.47186343474776
1,0.000488758553274682,-0.131968138071605,0.415232556099648,0.723178295933568,-0.41860745400785,-1.33714168847071,2.47886331029969
