"grid","weight","RawBasis1","RawBasis2","RawBasis3","RawBasis4","RawBasis5","Basis1","Basis2","Basis3","Basis4","Basis5"
0,0.000488758553274682,1,0,0,0,0,-3.74163235994185,-2.1143021966391,-1.66241500832111,-1.17223324759101,-0.625481012821194
0.000977517106549365,0.000977517106549365,0.994146356364576,0.005847916001601,5.72576571040803e-06,1.86811279295531e-09,0,-3.71973017749198,-2.08173878491582,-1.6310611439471,-1.14793188730459,-0.61208554951395
0.00195503421309873,0.000977517106549365,0.988315600847091,0.0116615110349698,2.28731730369448e-05,1.49449023436425e-08,0,-3.69791363396485,-2.04934224177293,-1.59992768911745,-1.12382545574852,-0.59880209300217
0.00293255131964809,0.000977517106549365,0.982507688612838,0.0174408635608438,5.13973872725795e-05,5.04390454097934e-08,0,-3.67618256160547,-2.01711220156943,-1.56901406176003,-1.09991335435898,-0.585630283381406
0.00391006842619746,0.000977517106549365,0.976722574827111,0.0231860520399602,9.1253573710281e-05,1.1955921874914e-07,0,-3.65453679265885,-1.9850482986643,-1.53831967980251,-1.07619498457216,-0.572569760747093
0.00488758553274682,0.000977517106549365,0.970960214655202,0.0288971549330563,0.000142396897643019,2.33514099119414e-07,0,-3.63297615936999,-1.95315016741647,-1.5078439611726,-1.05266974782417,-0.559620165194712
0.00586510263929619,0.000977517106549365,0.965220563262404,0.0345742507008695,0.000204782524363761,4.03512363278347e-07,0,-3.61150049398391,-1.92141744218492,-1.477586323798,-1.02933704555114,-0.546781136819717
0.00684261974584555,0.000977517106549365,0.95950357581401,0.040217417804137,0.000278365619165478,6.40762687983672e-07,0,-3.59010962874562,-1.8898497573286,-1.44754618560643,-1.0061962791892,-0.534052315717574
0.00782013685239492,0.000977517106549365,0.953809207475313,0.0458267347035961,0.000363101347341138,9.5647374999312e-07,0,-3.56880339590012,-1.85844674720646,-1.41772296452559,-0.983246850174479,-0.521433341983746
0.00879765395894428,0.000977517106549365,0.948137413411606,0.0514022798599842,0.00045894487418371,1.36185422606442e-06,0,-3.54758162769243,-1.82720804617747,-1.38811607848319,-0.960488159943114,-0.508923855713697
0.00977517106549365,0.000977517106549365,0.942488148788182,0.0569441317340386,0.000565851364986164,1.86811279295531e-06,0,-3.52644415636756,-1.79613328860059,-1.35872494540693,-0.937919609931238,-0.496523497002891
0.010752688172043,0.000977517106549365,0.936861368770335,0.0624523687864965,0.000683775985041468,2.48645812742352e-06,0,-3.5053908141705,-1.76522210883476,-1.32954898322454,-0.915540601574982,-0.484231905946793
0.0117302052785924,0.000977517106549365,0.931257028523356,0.0679270694780953,0.000812673899642592,3.22809890622678e-06,0,-3.48442143334628,-1.73447414123895,-1.30058760986371,-0.893350536310479,-0.472048722640867
0.0127077223851417,0.000977517106549365,0.925675083212539,0.0733683122695723,0.000952500274082503,4.10424380612282e-06,0,-3.46353584613991,-1.70388902017212,-1.27184024325215,-0.871348815573862,-0.459973587180575
0.0136852394916911,0.000977517106549365,0.920115488003177,0.0787761756216648,0.00110321027365417,5.12610150386938e-06,0,-3.44273388479638,-1.67346637999322,-1.24330630131757,-0.849534840801263,-0.448006139661383
0.0146627565982405,0.000977517106549365,0.914578198060563,0.08415073799511,0.00126475906365057,6.30488067622418e-06,0,-3.42201538156071,-1.64320585506121,-1.21498520198768,-0.827908013428814,-0.436146020178754
0.0156402737047898,0.000977517106549365,0.90906316854999,0.0894920778506453,0.00143710180936466,7.65178999994496e-06,0,-3.40138016867792,-1.61310707973506,-1.18687636319019,-0.806467734892649,-0.424392868828153
0.0166177908113392,0.000977517106549365,0.903570354636751,0.094800273649008,0.00162019367608942,9.17803815178944e-06,0,-3.380828078393,-1.58316968837371,-1.1589792028528,-0.7852134066289,-0.412746325705043
0.0175953079178886,0.000977517106549365,0.898099711486138,0.100075403850935,0.00181398982911781,1.08948338085154e-05,0,-3.36035894295098,-1.55339331533613,-1.13129313890323,-0.7641444300737,-0.401206030904888
0.0185728250244379,0.000977517106549365,0.892651194263446,0.105317546917165,0.0020184454337428,1.28133856468805e-05,0,-3.33997259459685,-1.52377759498127,-1.10381758926918,-0.74326020666318,-0.389771624523152
0.0195503421309873,0.000977517106549365,0.887224758133966,0.110526781308433,0.00223351565525737,1.49449023436425e-05,0,-3.31966886557563,-1.4943221616681,-1.07655197187837,-0.722560137833474,-0.3784427466553
0.0205278592375367,0.000977517106549365,0.881820358262991,0.115703185485479,0.00245915565895448,1.73005925755591e-05,0,-3.29944758813233,-1.46502664975556,-1.04949570465849,-0.702043625020714,-0.367219037396795
0.021505376344086,0.000977517106549365,0.876437949815816,0.120846837909038,0.0026953206101271,1.98916650193882e-05,0,-3.27930859451195,-1.43589069360262,-1.02264820553725,-0.681710069661033,-0.356100136843101
0.0224828934506354,0.000977517106549365,0.871077487957732,0.125957817039848,0.00294196567406819,2.27293283518873e-05,0,-3.25925171695951,-1.40691392756824,-0.996008892442375,-0.661558873190563,-0.345085685089682
0.0234604105571848,0.000977517106549365,0.865738927854032,0.131036201338647,0.00319904601607074,2.58247912498142e-05,0,-3.23927678772001,-1.37809598601137,-0.96957718330156,-0.641589437045436,-0.334175322232003
0.0244379276637341,0.000977517106549365,0.860422224670011,0.136082069266172,0.0034665168014277,2.91892623899267e-05,0,-3.21938363903847,-1.34943650329097,-0.943352496042518,-0.621801162661787,-0.323368688365527
0.0254154447702835,0.000977517106549365,0.855127333570959,0.14109549928316,0.00374433319543205,3.28339504489825e-05,0,-3.19957210315989,-1.320935113766,-0.917334248592954,-0.602193451475747,-0.312665423585718
0.0263929618768328,0.000977517106549365,0.849854209722172,0.146076569850348,0.00403245036337675,3.67700641037394e-05,0,-3.17984201232929,-1.29259145179542,-0.891521858880579,-0.582765704923448,-0.30206516798804
0.0273704789833822,0.000977517106549365,0.84460280828894,0.151025359428474,0.00433082347055478,4.1008812030955e-05,0,-3.16019319879167,-1.26440515173818,-0.865914744833101,-0.563517324441023,-0.291567561667958
0.0283479960899316,0.000977517106549365,0.839373084436559,0.155941946478275,0.00463940768225911,4.55614029073871e-05,0,-3.14062549479203,-1.23637584795325,-0.840512324378227,-0.544447711464605,-0.281172244720935
0.0293255131964809,0.000977517106549365,0.834164993330319,0.160826409460489,0.00495815816378269,5.04390454097934e-05,0,-3.1211387325754,-1.20850317479957,-0.815314015443665,-0.525556267430326,-0.270878857242435
0.0303030303030303,0.000977517106549365,0.828978490135515,0.165678826835852,0.00528703008041851,5.56529482149317e-05,0,-3.10173274438678,-1.18078676663612,-0.790319235957124,-0.506842393774319,-0.260687039327922
0.0312805474095797,0.000977517106549365,0.823813530017439,0.170499277065102,0.00562597859745953,6.12143199995596e-05,0,-3.08240736247118,-1.15322625782184,-0.765527403846312,-0.488305491932716,-0.250596431072861
0.032258064516129,0.000977517106549365,0.818670068141385,0.175287838608976,0.00597495888019872,6.7134369440435e-05,0,-3.06316241907361,-1.12582128271569,-0.740937937038938,-0.469944963341651,-0.240606672572714
0.0332355816226784,0.000977517106549365,0.813548059672645,0.180044589928212,0.00633392609392905,7.34243052143156e-05,0,-3.04399774643908,-1.09857147567664,-0.716550253462709,-0.451760209437255,-0.230717403922947
0.0342130987292278,0.000977517106549365,0.808447459776512,0.184769609483546,0.00670283540394348,8.0095335997959e-05,0,-3.02491317681259,-1.07147647106364,-0.692363771045334,-0.433750631655661,-0.220928265219023
0.0351906158357771,0.000977517106549365,0.80336822361828,0.189462975735717,0.007081641975535,8.7158670468123e-05,0,-3.00590854243916,-1.04453590323565,-0.668377907714521,-0.415915631433002,-0.211238896556406
0.0361681329423265,0.000977517106549365,0.79831030636324,0.194124767145461,0.00747030097399656,9.46255173015654e-05,0,-2.9869836755638,-1.01774940655162,-0.644592081397978,-0.398254610205409,-0.201648938030561
0.0371456500488759,0.000977517106549365,0.793273663176687,0.198755062173517,0.00786876756462113,0.000102507085175044,0,-2.96813840843151,-0.991116615370515,-0.621005710023414,-0.380766969409017,-0.19215802973695
0.0381231671554252,0.000977517106549365,0.788258249223913,0.20335393928062,0.00827699691270169,0.000110814582765316,0,-2.9493725732873,-0.964637164051293,-0.597618211518536,-0.363452110479958,-0.182765811771039
0.0391006842619746,0.000977517106549365,0.783264019670211,0.207921476927508,0.0086949441835312,0.00011955921874914,0,-2.9306860023762,-0.93831068695291,-0.574429003811054,-0.346309434854363,-0.17347192422829
0.040078201368524,0.000977517106549365,0.778290929680875,0.212457753574919,0.00912256454240264,0.000128752201803273,0,-2.91207852794319,-0.912136818434326,-0.551437504828674,-0.329338343968366,-0.164276007204169
0.0410557184750733,0.000977517106549365,0.773338934421196,0.216962847683591,0.00955981315460896,0.000138404740604473,0,-2.8935499822333,-0.886115192854497,-0.528643132499106,-0.312538239258099,-0.15517770079414
0.0420332355816227,0.000977517106549365,0.768407989056468,0.221436837714259,0.0100066451854432,0.000148528043829498,0,-2.87510019749153,-0.860245444572381,-0.506045304750057,-0.295908522159694,-0.146176645093665
0.043010752688172,0.000977517106549365,0.763498048751984,0.225879802127662,0.0104630158001982,0.000159133320155105,0,-2.85672900596289,-0.834527207946936,-0.483643439509237,-0.279448594109285,-0.137272480198209
0.0439882697947214,0.000977517106549365,0.758609068673038,0.230291819384537,0.010928880164167,0.000170231778258053,0,-2.83843623989239,-0.808960117337121,-0.461436954704352,-0.263157856543004,-0.128464846203236
0.0449657869012708,0.000977517106549365,0.753741003984921,0.234672967945621,0.0114041934426426,0.000181834626815098,0,-2.82022173152504,-0.783543807101893,-0.439425268263111,-0.247035710896983,-0.119753383204211
0.0459433040078201,0.000977517106549365,0.748893809852927,0.239023326271652,0.0118889108009179,0.000193953074502999,0,-2.80208531310585,-0.75827791160021,-0.417607798113223,-0.231081558607355,-0.111137731296597
0.0469208211143695,0.000977517106549365,0.744067441442349,0.243342972823367,0.0123829874042859,0.000206598329998514,0,-2.78402681687983,-0.733162065191029,-0.395983962182396,-0.215294801110253,-0.102617530575857
0.0478983382209189,0.000977517106549365,0.73926185391848,0.247631986061502,0.0128863784180396,0.000219781601978399,0,-2.76604607509199,-0.70819590223331,-0.374553178398338,-0.199674839841809,-0.0941924211374571
0.0488758553274682,0.000977517106549365,0.734477002446612,0.251890444446796,0.013399039007472,0.000233514099119414,0,-2.74814291998734,-0.683379057086008,-0.353314864688756,-0.184221076238154,-0.0858620430768597
0.0498533724340176,0.000977517106549365,0.72971284219204,0.256118426439986,0.0139209243378759,0.000247807030098315,0,-2.73031718381088,-0.658711164108084,-0.33226843898136,-0.168932911735424,-0.0776260364895297
0.050830889540567,0.000977517106549365,0.724969328320055,0.260316010501809,0.0144519895745445,0.00026267160359186,0,-2.71256869880763,-0.634191857658494,-0.311413319203858,-0.15380974776975,-0.0694840414709307
0.0518084066471163,0.000977517106549365,0.72024641599595,0.264483275093002,0.0149921898827706,0.000278119028276808,0,-2.69489729722259,-0.609820772096196,-0.290748923283957,-0.138850985777263,-0.0614356981165266
0.0527859237536657,0.000977517106549365,0.71554406038502,0.268620298674303,0.0155414804278472,0.000294160512829915,0,-2.67730281130078,-0.585597541780149,-0.270274669149366,-0.124056027194098,-0.0534806465217817
0.0537634408602151,0.000977517106549365,0.710862216652556,0.272727159706449,0.0160998163750673,0.00031080726592794,0,-2.6597850732872,-0.56152180106931,-0.249989974727794,-0.109424273456386,-0.0456185267821599
0.0547409579667644,0.000977517106549365,0.706200839963852,0.276803936650177,0.0166671528897239,0.00032807049624764,0,-2.64234391542687,-0.537593184322637,-0.229894257946948,-0.0949551260002605,-0.0378489789931251
0.0557184750733138,0.000977517106549365,0.7015598854842,0.280850707966224,0.0172434451371098,0.000345961412465773,0,-2.62497916996478,-0.513811325899087,-0.209986936734537,-0.0806479862618532,-0.0301716432501412
0.0566959921798631,0.000977517106549365,0.696939308378894,0.284867552115329,0.0178286482825182,0.000364491223259097,0,-2.60769066914597,-0.49017586015762,-0.190267429018269,-0.0665022556772975,-0.0225861596486725
0.0576735092864125,0.000977517106549365,0.692339063813226,0.288854547558227,0.018422717491242,0.000383671137304369,0,-2.59047824521542,-0.466686421457192,-0.170735152725851,-0.0525173356827255,-0.0150921682841828
0.0586510263929619,0.000977517106549365,0.68775910695249,0.292811772755657,0.0190256079285741,0.000403512363278347,0,-2.57334173041815,-0.443342644156762,-0.151389525784994,-0.0386926277142698,-0.00768930925213608
0.0596285434995112,0.000977517106549365,0.683199392961979,0.296739306168356,0.0196372747598075,0.00042402610985779,0,-2.55628095699917,-0.420144162615287,-0.132229966123403,-0.0250275332080628,-0.000377222647996264
0.0606060606060606,0.000977517106549365,0.678659877006984,0.300637226257061,0.0202576731502351,0.000445223585719454,0,-2.53929575720349,-0.397090611191726,-0.113255891668789,-0.0115214536002373,0.00684445143277259
0.06158357771261,0.000977517106549365,0.674140514252801,0.304505611482509,0.02088675826515,0.000467115999540097,0,-2.52238596327612,-0.374181624245036,-0.0944667203488587,0.00182620967307356,0.0139760728947061
0.0625610948191593,0.000977517106549365,0.66964125986472,0.308344540305438,0.0215244852698452,0.000489714559996477,0,-2.50555140746207,-0.351416836134175,-0.0758618700913204,0.0150160551757382,0.0210180016423409
0.0635386119257087,0.000977517106549365,0.665162069008036,0.312154091186585,0.0221708093296135,0.000513030475765352,0,-2.48879192200635,-0.328795881218102,-0.0574407588238826,0.0280486814716238,0.0279705975802128
0.0645161290322581,0.000977517106549365,0.660702896848041,0.315934342586687,0.0228256856097479,0.00053707495552348,0,-2.47210733915396,-0.306318393855773,-0.0392028044742537,0.0409246871245972,0.0348342206128575
0.0654936461388074,0.000977517106549365,0.656263698550029,0.319685372966482,0.0234890692755415,0.000561859207947618,0,-2.45549749114991,-0.283984008406148,-0.0211474249701419,0.0536446706985263,0.0416092306448113
0.0664711632453568,0.000977517106549365,0.651844429279292,0.323407260786707,0.0241609154922871,0.000587394441714524,0,-2.43896221023923,-0.261792359228182,-0.00327403823925447,0.0662092307572791,0.0482959875806104
0.0674486803519062,0.000977517106549365,0.647445044201123,0.327100084508099,0.0248411794252778,0.000613691865500956,0,-2.4225013286669,-0.239743080680836,0.0144179377906989,0.0786189658647218,0.0548948513247902
0.0684261974584555,0.000977517106549365,0.643065498480815,0.330763922591395,0.0255298162398066,0.000640762687983672,0,-2.40611467867796,-0.217835807123067,0.0319290851920108,0.0908744745847226,0.0614061817818872
0.0694037145650049,0.000977517106549365,0.638705747283661,0.334398853497333,0.0262267811011663,0.000668618117839428,0,-2.38980209251739,-0.196070172913832,0.0492599860369729,0.102976355481149,0.0678303388564372
0.0703812316715542,0.000977517106549365,0.634365745774955,0.33800495568665,0.02693202917465,0.000697269363744984,0,-2.37356340243022,-0.174445812412089,0.066411222397877,0.114925207117868,0.0741676824529763
0.0713587487781036,0.000977517106549365,0.630045449119988,0.341582307620084,0.0276455156255506,0.000726727634377097,0,-2.35739844066145,-0.152962359976796,0.0833833763470153,0.126721628058747,0.0804185724760406
0.072336265884653,0.000977517106549365,0.625744812484055,0.345130987758372,0.0283671956191612,0.000757004138412523,0,-2.34130703945609,-0.131619449966911,0.100177029956679,0.138366216867654,0.0865833688301658
0.0733137829912024,0.000977517106549365,0.621463791032447,0.34865107456225,0.0290970243207746,0.000788110084528022,0,-2.32528903105915,-0.110416716741393,0.116792765299159,0.149859572108456,0.0926624314198882
0.0742913000977517,0.000977517106549365,0.617202339930459,0.352142646492457,0.0298349568956838,0.000820056681400351,0,-2.30934424771564,-0.0893537946591986,0.133231164446749,0.161202292345021,0.0986561201497437
0.0752688172043011,0.000977517106549365,0.612960414343382,0.35560578200973,0.0305809485091819,0.000852855137706267,0,-2.29347252167057,-0.0684303180792861,0.14949280947174,0.172394976141215,0.104564794924268
0.0762463343108504,0.000977517106549365,0.608737969436511,0.359040559574805,0.0313349543265617,0.000886516662122529,0,-2.27767368516895,-0.0476459213606134,0.165578282446423,0.183438222060907,0.110388815647998
0.0772238514173998,0.000977517106549365,0.604534960375137,0.36244705764842,0.0320969295131163,0.000921052463325894,0,-2.26194757045578,-0.0270002388621382,0.181488165443091,0.194332628667964,0.116128542225469
0.0782013685239492,0.000977517106549365,0.600351342324555,0.365825354691314,0.0328668292341386,0.00095647374999312,0,-2.24629400977608,-0.00649290494281856,0.197223040534035,0.205078794526253,0.121784334561217
0.0791788856304985,0.000977517106549365,0.596187070450056,0.369175529164222,0.0336446086549215,0.000992791730800964,0,-2.23071283537486,0.0138764460383876,0.212783489791547,0.215677318199642,0.127356552559778
0.0801564027370479,0.000977517106549365,0.592042099916934,0.372497659527882,0.0344302229407582,0.00103001761442618,0,-2.21520387949713,0.0341081797225225,0.228170095287919,0.226128798251998,0.132845556125688
0.0811339198435973,0.000977517106549365,0.587916385890482,0.375791824243032,0.0352236272569414,0.00106816260954554,0,-2.19976697438789,0.054202661750628,0.243383439095442,0.236433833247188,0.138251705163483
0.0821114369501466,0.000977517106549365,0.583809883535992,0.379058101770408,0.0360247767687643,0.00110723792483578,0,-2.18440195229215,0.0741602577637468,0.258424103286409,0.246593021749081,0.1435753595777
0.083088954056696,0.000977517106549365,0.579722548018758,0.382296570570748,0.0368336266415197,0.00114725476897368,0,-2.16910864545493,0.0939813334029203,0.27329266993311,0.256606962321543,0.148816879272873
0.0840664711632454,0.000977517106549365,0.575654334504073,0.38550730910479,0.0376501320405006,0.00118822435063598,0,-2.15388688612123,0.11366625430919,0.287989721107838,0.266476253528441,0.15397662415354
0.0850439882697947,0.000977517106549365,0.57160519815723,0.388690395833271,0.0384742481310001,0.00123015787849945,0,-2.13873650653607,0.1332153861236,0.302515838882886,0.276201493933644,0.159054954124236
0.0860215053763441,0.000977517106549365,0.567575094143521,0.391845909216927,0.039305930078311,0.00127306656124084,0,-2.12365733894444,0.152629094487192,0.316871605330544,0.285783282101019,0.164052229089497
0.0869990224828935,0.000977517106549365,0.56356397762824,0.394973927716497,0.0401451330477264,0.00131696160753691,0,-2.10864921559137,0.171907745041007,0.331057602523104,0.295222216594433,0.16896880895386
0.0879765395894428,0.000977517106549365,0.559571803776679,0.398074529792717,0.0409918122045391,0.00136185422606442,0,-2.09371196872186,0.191051703426087,0.345074412532857,0.304518895977754,0.173805053621859
0.0889540566959922,0.000977517106549365,0.555598527754132,0.401147793906326,0.0418459227140422,0.00140775562550013,0,-2.07884543058091,0.210061335283474,0.358922617432097,0.313673918814848,0.178561322998032
0.0899315738025415,0.000977517106549365,0.551644104725891,0.404193798518059,0.0427074197415287,0.00145467701452079,0,-2.06404943341355,0.228937006254211,0.372602799293114,0.322687883669584,0.183237976986913
0.0909090909090909,0.000977517106549365,0.54770848985725,0.407212622088655,0.0435762584522915,0.00150262960180316,0,-2.04932380946477,0.24767908197934,0.3861155401882,0.331561389105828,0.187835375493041
0.0918866080156403,0.000977517106549365,0.543791638313501,0.410204343078851,0.0444523940116236,0.00155162459602399,0,-2.03466839097959,0.266287928099904,0.399461422189648,0.34029503368745,0.192353878420949
0.0928641251221896,0.000977517106549365,0.539893505259938,0.413169039949384,0.0453357815848179,0.00160167320586006,0,-2.02008301020302,0.284763910256942,0.412641027369747,0.348889415978314,0.196793845675174
0.093841642228739,0.000977517106549365,0.536014045861853,0.416106791160991,0.0462263763371675,0.00165278663998811,0,-2.00556749938007,0.303107394091499,0.425654937800792,0.35734513454229,0.201155637160253
0.0948191593352884,0.000977517106549365,0.53215321528454,0.41901767517441,0.0471241334339652,0.0017049761070849,0,-1.99112169075574,0.321318745244617,0.438503735555073,0.365662787943244,0.205439612780721
0.0957966764418377,0.000977517106549365,0.52831096869329,0.421901770450378,0.0480290080405041,0.0017582528158272,0,-1.97674541657504,0.339398329357336,0.451188002704883,0.373842974745045,0.209646132441114
0.0967741935483871,0.000977517106549365,0.524487261253399,0.424759155449632,0.0489409553220771,0.00181262797489175,0,-1.96243850908299,0.357346512070701,0.463708321322512,0.381886293511559,0.213775556045969
0.0977517106549365,0.000977517106549365,0.520682048130157,0.42758990863291,0.0498599304439773,0.00186811279295531,0,-1.9482008005246,0.375163659025751,0.476065273480253,0.389793342806654,0.21782824349982
0.0987292277614858,0.000977517106549365,0.516895284488858,0.430394108460949,0.0507858885714974,0.00192471847869465,0,-1.93403212314486,0.39285013586353,0.488259441250398,0.397564721194197,0.221804554707205
0.0997067448680352,0.000977517106549365,0.513126925494796,0.433171833394487,0.0517187848699307,0.00198245624078652,0,-1.9199323091888,0.410406308225081,0.500291406705239,0.405201027238056,0.22570484957266
0.100684261974585,0.000977517106549365,0.509376926313263,0.435923161894259,0.0526585745045699,0.00204133728790768,0,-1.90590119090142,0.427832541751443,0.512161751917065,0.412702859502098,0.229529488000719
0.101661779081134,0.000977517106549365,0.505645242109552,0.438648172421005,0.0536052126407081,0.00210137282873488,0,-1.89193860052773,0.445129202083661,0.523871058958171,0.42007081655019,0.23327882989592
0.102639296187683,0.000977517106549365,0.501931828048956,0.44134694343546,0.0545586544436383,0.00216257407194489,0,-1.87804437031275,0.462296654862776,0.535419909900848,0.427305496946201,0.236953235162798
0.103616813294233,0.000977517106549365,0.498236639296769,0.444019553398364,0.0555188550786534,0.00222495222621446,0,-1.86421833250147,0.47933526572983,0.546808886817387,0.434407499253997,0.240553063705889
0.104594330400782,0.000977517106549365,0.494559631018282,0.446666080770451,0.0564857697110463,0.00228851850022035,0,-1.85046031933891,0.496245400325866,0.55803857178008,0.441377422037446,0.24407867542973
0.105571847507331,0.000977517106549365,0.490900758378789,0.449286604012461,0.0574593535061101,0.00235328410263932,0,-1.83677016307008,0.513027424291924,0.56910954686122,0.448215863860416,0.247530430238856
0.106549364613881,0.000977517106549365,0.487259976543583,0.451881201585131,0.0584395616291377,0.00241926024214812,0,-1.82314769593998,0.529681703269048,0.580022394133096,0.454923423286773,0.250908688037803
0.10752688172043,0.000977517106549365,0.483637240677958,0.454449951949197,0.0594263492454221,0.00248645812742352,0,-1.80959275019363,0.54620860289828,0.590777695668003,0.461500698880385,0.254213808731108
0.108504398826979,0.000977517106549365,0.480032505947205,0.456992933565397,0.0604196715202563,0.00255488896714227,0,-1.79610515807604,0.562608488820661,0.60137603353823,0.46794828920512,0.257446152223306
0.109481915933529,0.000977517106549365,0.476445727516618,0.459510224894468,0.0614194836189332,0.00262456396998112,0,-1.78268475183222,0.578881726677235,0.611817989816071,0.474266792824845,0.260606078418933
0.110459433040078,0.000977517106549365,0.47287686055149,0.462001904397148,0.0624257407067458,0.00269549434461684,0,-1.76933136370717,0.595028682109042,0.622104146573817,0.480456808303428,0.263693947222526
0.111436950146628,0.000977517106549365,0.469325860217113,0.464468050534173,0.063438397948987,0.00276769129972618,0,-1.7560448259459,0.611049720757125,0.63223508588376,0.486518934204735,0.26671011853862
0.112414467253177,0.000977517106549365,0.465792681678782,0.466908741766282,0.0644574105109499,0.00284116604398591,0,-1.74282497079343,0.626945208262526,0.64221138981819,0.492453769092634,0.269654952271751
0.113391984359726,0.000977517106549365,0.462277280101788,0.469324056554212,0.0654827335579274,0.00291592978607277,0,-1.72967163049475,0.642715510266287,0.652033640449401,0.498261911530994,0.272528808326456
0.114369501466276,0.000977517106549365,0.458779610651425,0.471714073358699,0.0665143222552124,0.00299199373466353,0,-1.7165846372949,0.658360992409451,0.661702419849684,0.503943960083681,0.27533204660727
0.115347018572825,0.000977517106549365,0.455299628492986,0.474078870640481,0.067552131768098,0.00306936909843495,0,-1.70356382343886,0.673882020333059,0.671218310091331,0.509500513314562,0.278065027018729
0.116324535679374,0.000977517106549365,0.451837288791763,0.476418526860296,0.0685961172618771,0.00314806708606378,0,-1.69060902117165,0.689278959678154,0.680581893246633,0.514932169787506,0.28072810946537
0.117302052785924,0.000977517106549365,0.44839254671305,0.47873312047888,0.0696462339018428,0.00322809890622678,0,-1.67772006273829,0.704552176085777,0.689793751387882,0.520239528066379,0.283321653851728
0.118279569892473,0.000977517106549365,0.44496535742214,0.481022729956972,0.0707024368532878,0.0033094757676007,0,-1.66489678038377,0.719702035196971,0.69885446658737,0.525423186715048,0.28584602008234
0.119257086999022,0.000977517106549365,0.441555676084325,0.483287433755308,0.0717646812815052,0.00339220887886232,0,-1.65213900635311,0.734728902652778,0.70776462091739,0.530483744297383,0.288301568061741
0.120234604105572,0.000977517106549365,0.438163457864899,0.485527310334625,0.0728329223517881,0.00347630944868837,0,-1.63944657289132,0.749633144094239,0.716524796450232,0.535421799377249,0.290688657694467
0.121212121212121,0.000977517106549365,0.434788657929154,0.487742438155661,0.0739071152294293,0.00356178868575563,0,-1.62681931224341,0.764415125162398,0.725135575258189,0.540237950518514,0.293007648885055
0.122189638318671,0.000977517106549365,0.431431231442383,0.489932895679154,0.0749872150797218,0.00364865779874084,0,-1.61425705665439,0.779075211498296,0.733597539413551,0.544932796285045,0.29525890153804
0.12316715542522,0.000977517106549365,0.428091133569881,0.49209876136584,0.0760731770679586,0.00373692799632077,0,-1.60175963836926,0.793613768742975,0.741911270988611,0.549506935240712,0.297442775557959
0.124144672531769,0.000977517106549365,0.424768319476938,0.494240113676457,0.0771649563594327,0.00382661048717218,0,-1.58932688963303,0.808031162537477,0.750077352055662,0.553960965949379,0.299559630849347
0.125122189638319,0.000977517106549365,0.421462744328849,0.496357031071742,0.078262508119437,0.00391771647997182,0,-1.57695864269072,0.822327758522845,0.758096364686993,0.558295486974915,0.30160982731674
0.126099706744868,0.000977517106549365,0.418174363290907,0.498449592012432,0.0793657875132645,0.00401025718339645,0,-1.56465472978734,0.836503922340121,0.765968890954899,0.562511096881188,0.303593724864675
0.127077223851417,0.000977517106549365,0.414903131528403,0.500517874959266,0.0804747497062082,0.00410424380612282,0,-1.55241498316789,0.850560019630346,0.773695512931669,0.566608394232065,0.305511683397688
0.128054740957967,0.000977517106549365,0.411649004206632,0.502561958372979,0.081589349863561,0.0041996875568277,0,-1.54023923507738,0.864496416034563,0.781276812689596,0.570587977591412,0.307364062820313
0.129032258064516,0.000977517106549365,0.408411936490887,0.50458192071431,0.082709543150616,0.00429659964418784,0,-1.52812731776082,0.878313477193813,0.788713372300972,0.574450445523099,0.309151223037089
0.130009775171065,0.000977517106549365,0.405191883546459,0.506577840443995,0.083835284732666,0.00439499127688,0,-1.51607906346322,0.89201156874914,0.796005773838088,0.578196396590992,0.31087352395255
0.130987292277615,0.000977517106549365,0.401988800538643,0.508549796022772,0.084966529775004,0.00449487366358095,0,-1.5040943044296,0.905591056341585,0.803154599373236,0.581826429358958,0.312531325471232
0.131964809384164,0.000977517106549365,0.398802642632731,0.510497865911379,0.0861032334429231,0.00459625801296742,0,-1.49217287290495,0.91905230561219,0.810160430978708,0.585341142390865,0.314124987497672
0.132942326490714,0.000977517106549365,0.395633364994016,0.512422128570552,0.0872453509017161,0.0046991555337162,0,-1.4803146011343,0.932395682201997,0.817023850726796,0.58874113425058,0.315654869936405
0.133919843597263,0.000977517106549365,0.392480922787791,0.514322662461029,0.0883928373166761,0.00480357743450402,0,-1.46851932136264,0.945621551752048,0.823745440689791,0.592027003501972,0.317121332691968
0.134897360703812,0.000977517106549365,0.389345271179349,0.516199546043547,0.0895456478530961,0.00490953492400765,0,-1.45678686583499,0.958730279903386,0.830325782939986,0.595199348708906,0.318524735668896
0.135874877810362,0.000977517106549365,0.386226365333983,0.518052857778844,0.0907037376762689,0.00501703921090385,0,-1.44511706679636,0.971722232297053,0.836765459549672,0.598258768435251,0.319865438771726
0.136852394916911,0.000977517106549365,0.383124160416986,0.519882676127657,0.0918670619514876,0.00512610150386937,0,-1.43350975649175,0.98459777457409,0.84306505259114,0.601205861244875,0.321143801904993
0.13782991202346,0.000977517106549365,0.380038611593652,0.521689079550722,0.0930355758440451,0.00523673301158098,0,-1.42196476716618,0.99735727237554,0.849225144136684,0.604041225701644,0.322360184973234
0.13880742913001,0.000977517106549365,0.376969674029272,0.523472146508778,0.0942092345192344,0.00534894494271543,0,-1.41048193106466,1.01000109134245,0.855246316258594,0.606765460369426,0.323514947880984
0.139784946236559,0.000977517106549365,0.37391730288914,0.525231955462562,0.0953879931423485,0.00546274850594947,0,-1.39906108043219,1.02252959711585,0.861129151029162,0.609379163812088,0.32460845053278
0.140762463343108,0.000977517106549365,0.370881453338549,0.526968584872811,0.0965718068786803,0.00557815490995987,0,-1.38770204751378,1.03494315533679,0.86687423052068,0.611882934593498,0.325641052833157
0.141739980449658,0.000977517106549365,0.367862080542792,0.528682113200262,0.0977606308935229,0.00569517536342339,0,-1.37640466455445,1.04724213164631,0.872482136805439,0.614277371277523,0.326613114686652
0.142717497556207,0.000977517106549365,0.364859139667162,0.530372618905653,0.098954420352169,0.00581382107501677,0,-1.3651687637992,1.05942689168546,0.877953451955732,0.616563072428032,0.327524995997801
0.143695014662757,0.000977517106549365,0.361872585876951,0.53204018044972,0.100153130419912,0.00593410325341679,0,-1.35399417749304,1.07149780109527,0.883288758043851,0.61874063660889,0.328377056671139
0.144672531769306,0.000977517106549365,0.358902374337454,0.533684876293202,0.101356716262044,0.00605603310730019,0,-1.34288073788098,1.08345522551679,0.888488637142086,0.620810662383966,0.329169656611203
0.145650048875855,0.000977517106549365,0.355948460213962,0.535306784896835,0.102565133043859,0.00617962184534373,0,-1.33182827720803,1.09529953059105,0.89355367132273,0.622773748317127,0.329903155722528
0.146627565982405,0.000977517106549365,0.353010798671768,0.536905984721357,0.10377833593065,0.00630488067622418,0,-1.32083662771921,1.10703108195911,0.898484442658075,0.62463049297224,0.330577913909651
0.147605083088954,0.000977517106549365,0.350089344876167,0.538482554227506,0.104996280087709,0.00643182080861828,0,-1.30990562165951,1.11865024526201,0.903281533220413,0.626381494913173,0.331194291077107
0.148582600195503,0.000977517106549365,0.34718405399245,0.540036571876018,0.10621892068033,0.00656045345120281,0,-1.29903509127395,1.13015738614078,0.907945525082034,0.628027352703793,0.331752647129433
0.149560117302053,0.000977517106549365,0.344294881185911,0.54156811612763,0.107446212873805,0.00669078981265451,0,-1.28822486880754,1.14155287023647,0.912477000315232,0.629568664907968,0.332253341971165
0.150537634408602,0.000977517106549365,0.341421781621842,0.543077265443081,0.108678111833427,0.00682284110165014,0,-1.27747478650529,1.15283706319011,0.916876540992297,0.631006030089566,0.332696735506838
0.151515151515152,0.000977517106549365,0.338564710465537,0.544564098283107,0.10991457272449,0.00695661852686646,0,-1.2667846766122,1.16401033064276,0.921144729185522,0.632340046812452,0.333083187640989
0.152492668621701,0.000977517106549365,0.335723622882288,0.546028693108445,0.111155550712286,0.00709213329698023,0,-1.25615437137329,1.17507303823546,0.925282146967198,0.633571313640497,0.333413058278153
0.15347018572825,0.000977517106549365,0.332898474037389,0.547471128379834,0.112401000962109,0.00722939662066821,0,-1.24558370303356,1.18602555160924,0.929289376409617,0.634700429137564,0.333686707322867
0.1544477028348,0.000977517106549365,0.330089219096133,0.54889148255801,0.113650878639251,0.00736841970660715,0,-1.23507250383803,1.19686823640515,0.933166999585071,0.635727991867525,0.333904494679667
0.155425219941349,0.000977517106549365,0.327295813223811,0.55028983410371,0.114905138909005,0.00750921376347381,0,-1.2246206060317,1.20760145826423,0.936915598565852,0.636654600394244,0.334066780253088
0.156402737047898,0.000977517106549365,0.324518211585719,0.551666261477672,0.116163736936664,0.00765178999994496,0,-1.21422784185958,1.21822558282752,0.94053575542425,0.63748085328159,0.334173923947667
0.157380254154448,0.000977517106549365,0.321756369347147,0.553020843140634,0.117426627887522,0.00779615962469734,0,-1.20389404356669,1.22874097573607,0.94402805223256,0.638207349093431,0.33422628566794
0.158357771260997,0.000977517106549365,0.31901024167339,0.554353657553332,0.118693766926871,0.00794233384640771,0,-1.19361904339803,1.23914800263091,0.94739307106307,0.638834686393633,0.334224225318442
0.159335288367546,0.000977517106549365,0.31627978372974,0.555664783176503,0.119965109220004,0.00809032387375284,0,-1.18340267359861,1.2494470291531,0.950631393988076,0.639363463746064,0.33416810280371
0.160312805474096,0.000977517106549365,0.313564950681491,0.556954298470886,0.121240609932214,0.00824014091540947,0,-1.17324476641344,1.25963842094366,0.953743603079866,0.639794279714591,0.33405827802828
0.161290322580645,0.000977517106549365,0.310865697693935,0.558222281897217,0.122520224228794,0.00839179618005438,0,-1.16314515408753,1.26972254364365,0.956730280410734,0.640127732863082,0.333895110896687
0.162267839687195,0.000977517106549365,0.308181979932364,0.559468811916234,0.123803907275037,0.00854530087636431,0,-1.15310366886589,1.2796997628941,0.959592008052971,0.640364421755405,0.333678961313469
0.163245356793744,0.000977517106549365,0.305513752562074,0.560693966988674,0.125091614236236,0.00870066621301602,0,-1.14312014299352,1.28957044433607,0.962329368078868,0.640504944955427,0.333410189183159
0.164222873900293,0.000977517106549365,0.302860970748355,0.561897825575274,0.126383300277685,0.00885790339868628,0,-1.13319440871545,1.29933495361058,0.964942942560718,0.640549901027014,0.333089154410296
0.165200391006843,0.000977517106549365,0.300223589656501,0.563080466136772,0.127678920564675,0.00901702364205183,0,-1.12332629827667,1.30899365635868,0.967433313570812,0.640499888534035,0.332716216899414
0.166177908113392,0.000977517106549365,0.297601564451806,0.564241967133905,0.1289784302625,0.00917803815178945,0,-1.1135156439222,1.31854691822142,0.969801063181443,0.640355506040357,0.33229173655505
0.167155425219941,0.000977517106549365,0.294994850299561,0.56538240702741,0.130281784536453,0.00934095813657587,0,-1.10376227789704,1.32799510483983,0.972046773464902,0.640117352109848,0.331816073281739
0.168132942326491,0.000977517106549365,0.292403402365061,0.566501864278024,0.131588938551827,0.00950579480508787,0,-1.09406603244621,1.33733858185496,0.97417102649348,0.639786025306375,0.331289586984019
0.16911045943304,0.000977517106549365,0.289827175813598,0.567600417346486,0.132899847473915,0.0096725593660022,0,-1.08442673981471,1.34657771490785,0.97617440433947,0.639362124193805,0.330712637566424
0.170087976539589,0.000977517106549365,0.287266125810464,0.568678144693531,0.134214466468009,0.00984126302799561,0,-1.07484423224756,1.35571286963954,0.978057489075164,0.638846247336006,0.330085584933491
0.171065493646139,0.000977517106549365,0.284720207520954,0.569735124779898,0.135532750699403,0.0100119169997449,0,-1.06531834198976,1.36474441169108,0.979820862772852,0.638238993296845,0.329408788989755
0.172043010752688,0.000977517106549365,0.282189376110359,0.570771436066324,0.136854655333391,0.0101845324899267,0,-1.05584890128632,1.3736727067035,0.981465107504827,0.637540960640189,0.328682609639753
0.173020527859238,0.000977517106549365,0.279673586743973,0.571787157013545,0.138180135535263,0.010359120707218,0,-1.04643574238226,1.38249812031785,0.982990805343381,0.636752747929906,0.327907406788022
0.173998044965787,0.000977517106549365,0.277172794587089,0.5727823660823,0.139509146470315,0.0105356928602953,0,-1.03707869752257,1.39122101817517,0.984398538360804,0.635874953729864,0.327083540339095
0.174975562072336,0.000977517106549365,0.274686954805,0.573757141733326,0.140841643303838,0.0107142601578355,0,-1.02777759895228,1.39984176591651,0.98568888862939,0.63490817660393,0.326211370197511
0.175953079178886,0.000977517106549365,0.272216022562999,0.57471156242736,0.142177581201126,0.0108948338085154,0,-1.01853227891638,1.4083607291829,0.986862438221431,0.633853015115972,0.325291256267804
0.176930596285435,0.000977517106549365,0.269759953026379,0.575645706625139,0.143516915327471,0.0110774250210116,0,-1.00934256965989,1.41677827361539,0.987919769209217,0.632710067829856,0.324323558454512
0.177908113391984,0.000977517106549365,0.267318701360432,0.5765596527874,0.144859600848167,0.011262045004001,0,-1.00020830342782,1.42509476485501,0.988861463665041,0.631479933309451,0.323308636662169
0.178885630498534,0.000977517106549365,0.264892222730452,0.577453479374882,0.146205592928506,0.0114487049661603,0,-0.991129312465183,1.43331056854282,0.989688103661194,0.630163210118623,0.322246850795311
0.179863147605083,0.000977517106549365,0.262480472301731,0.57832726484832,0.147554846733782,0.0116374161161663,0,-0.982105429016979,1.44142605031985,0.990400271269968,0.62876049682124,0.321138560758476
0.180840664711632,0.000977517106549365,0.260083405239563,0.579181087668453,0.148907317429288,0.0118281896626957,0,-0.973136485328221,1.44944157582715,0.990998548563654,0.627272391981169,0.319984126456198
0.181818181818182,0.000977517106549365,0.257700976709241,0.580015026296018,0.150262960180316,0.0120210368144252,0,-0.964222313643919,1.45735751070575,0.991483517614545,0.625699494162279,0.318783907793014
0.182795698924731,0.000977517106549365,0.255333141876058,0.580829159191752,0.151621730152159,0.0122159687800318,0,-0.955362746209081,1.4651742205967,0.991855760494933,0.624042401928436,0.31753826467346
0.183773216031281,0.000977517106549365,0.252979855905305,0.581623564816392,0.15298358251011,0.012412996768192,0,-0.946557615268718,1.47289207114105,0.992115859277109,0.622301713843507,0.316247557002072
0.18475073313783,0.000977517106549365,0.250641073962278,0.582398321630676,0.154348472419463,0.0126121319875826,0,-0.937806753067838,1.48051142797983,0.992264396033365,0.620478028471361,0.314912144683386
0.185728250244379,0.000977517106549365,0.248316751212268,0.583153508095341,0.155716355045511,0.0128133856468805,0,-0.929109991851451,1.48803265675408,0.992301952835993,0.618571944375865,0.313532387621938
0.186705767350929,0.000977517106549365,0.246006842820568,0.583889202671124,0.157087185553545,0.0130167689547623,0,-0.920467163864567,1.49545612310485,0.992229111757283,0.616584060120885,0.312108645722263
0.187683284457478,0.000977517106549365,0.243711303952472,0.584605483818763,0.15846091910886,0.0132222931199049,0,-0.911878101352193,1.50278219267318,0.99204645486953,0.614514974270291,0.310641278888899
0.188660801564027,0.000977517106549365,0.241430089773272,0.585302429998995,0.159837510876748,0.0134299693509849,0,-0.903342636559341,1.51001123110012,0.991754564245024,0.612365285387948,0.30913064702638
0.189638318670577,0.000977517106549365,0.239163155448261,0.585980119672557,0.161216916022502,0.0136398088566792,0,-0.894860601731018,1.5171436040267,0.991354021956055,0.610135592037724,0.307577110039243
0.190615835777126,0.000977517106549365,0.236910456142733,0.586638631300187,0.162599089711416,0.0138518228456645,0,-0.886431829112236,1.52417967709396,0.990845410074918,0.607826492783488,0.305981027832024
0.191593352883675,0.000977517106549365,0.23467194702198,0.587278043342621,0.163983987108781,0.0140660225266176,0,-0.878056150948001,1.53111981594296,0.990229310673904,0.605438586189105,0.304342760309258
0.192570869990225,0.000977517106549365,0.232447583251295,0.587898434260598,0.165371563379892,0.0142824191082151,0,-0.869733399483325,1.53796438621472,0.989506305825303,0.602972470818445,0.302662667375483
0.193548387096774,0.000977517106549365,0.230237319995972,0.588499882514853,0.166761773690041,0.014501023799134,0,-0.861463406963216,1.5447137535503,0.988676977601408,0.600428745235373,0.300941108935234
0.194525904203324,0.000977517106549365,0.228041112421303,0.589082466566126,0.16815457320452,0.0147218478080508,0,-0.853246005632685,1.55136828359073,0.987741908074512,0.597808008003758,0.299178444893046
0.195503421309873,0.000977517106549365,0.225858915692581,0.589646264875153,0.169549917088624,0.0149449023436425,0,-0.845081027736739,1.55792834197706,0.986701679316904,0.595110857687467,0.297375035153457
0.196480938416422,0.000977517106549365,0.223690684975099,0.590191355902671,0.170947760507645,0.0151701986145857,0,-0.836968305520388,1.56439429435033,0.985556873400878,0.592337892850368,0.295531239621001
0.197458455522972,0.000977517106549365,0.22153637543415,0.590717818109418,0.172348058626875,0.0153977478295572,0,-0.828907671228643,1.57076650635157,0.984308072398725,0.589489712056327,0.293647418200215
0.198435972629521,0.000977517106549365,0.219395942235027,0.59122572995613,0.173750766611609,0.0156275611972338,0,-0.820898957106511,1.57704534362185,0.982955858382737,0.586566913869212,0.291723930795636
0.19941348973607,0.000977517106549365,0.217269340543023,0.591715169903546,0.175155839627138,0.0158596499262922,0,-0.812941995399003,1.58323117180218,0.981500813425205,0.583570096852891,0.289761137311798
0.20039100684262,0.000977517106549365,0.215156525523432,0.592186216412403,0.176563232838757,0.0160940252254091,0,-0.805036618351127,1.58932435653363,0.979943519598422,0.580499859571231,0.287759397653238
0.201368523949169,0.000977517106549365,0.213057452341545,0.592638947943437,0.177972901411757,0.0163306983032614,0,-0.797182658207893,1.59532526345722,0.978284558974679,0.5773568005881,0.285719071724492
0.202346041055718,0.000977517106549365,0.210972076162656,0.593073442957387,0.179384800511432,0.0165696803685258,0,-0.789379947214311,1.60123425821401,0.976524513626268,0.574141518467365,0.283640519430096
0.203323558162268,0.000977517106549365,0.208900352152058,0.593489779914988,0.180798885303074,0.0168109826298791,0,-0.78162831761539,1.60705170644503,0.97466396562548,0.570854611772893,0.281524100674586
0.204301075268817,0.000977517106549365,0.206842235475044,0.59388803727698,0.182215110951978,0.0170546162959979,0,-0.773927601656137,1.61277797379133,0.972703497044608,0.567496679068552,0.279370175362498
0.205278592375367,0.000977517106549365,0.204797681296907,0.594268293504099,0.183633432623435,0.0173005925755591,0,-0.766277631581565,1.61841342589394,0.970643689955944,0.56406831891821,0.277179103398368
0.206256109481916,0.000977517106549365,0.20276664478294,0.594630627057082,0.185053805482739,0.0175489226772395,0,-0.758678239636682,1.62395842839391,0.968485126431778,0.560570129885733,0.274951244686732
0.207233626588465,0.000977517106549365,0.200749081098435,0.594975116396667,0.186476184695182,0.0177996178097157,0,-0.751129258066496,1.62941334693229,0.966228388544403,0.557002710534989,0.272686959132126
0.208211143695015,0.000977517106549365,0.198744945408686,0.595301839983591,0.187900525426058,0.0180526891816646,0,-0.743630519116018,1.63477854715011,0.963874058366112,0.553366659429846,0.270386606639086
0.209188660801564,0.000977517106549365,0.196754192878986,0.595610876278591,0.18932678284066,0.0183081480017628,0,-0.736181855030256,1.64005439468842,0.961422717969194,0.54966257513417,0.268050547112148
0.210166177908113,0.000977517106549365,0.194776778674628,0.595902303742405,0.19075491210428,0.0185660054786872,0,-0.72878309805422,1.64524125518825,0.958874949425942,0.545891056211831,0.265679140455847
0.211143695014663,0.000977517106549365,0.192812657960904,0.59617620083577,0.192184868382211,0.0188262728211146,0,-0.72143408043292,1.65033949429066,0.956231334808649,0.542052701226694,0.263272746574721
0.212121212121212,0.000977517106549365,0.190861785903108,0.596432646019423,0.193616606839747,0.0190889612377216,0,-0.714134634411364,1.65534947763667,0.953492456189605,0.538148108742627,0.260831725373306
0.213098729227761,0.000977517106549365,0.188924117666533,0.596671717754101,0.195050082642181,0.019354081937185,0,-0.706884592234561,1.66027157086735,0.950658895641102,0.534177877323498,0.258356436756135
0.214076246334311,0.000977517106549365,0.186999608416471,0.596893494500542,0.196485250954805,0.0196216461281816,0,-0.699683786147523,1.66510613962372,0.947731235235433,0.530142605533174,0.255847240627747
0.21505376344086,0.000977517106549365,0.185088213318216,0.597098054719484,0.197922066942912,0.0198916650193882,0,-0.692532048395257,1.66985354954683,0.94471005704489,0.526042891935524,0.253304496892678
0.21603128054741,0.000977517106549365,0.18318988753706,0.597285476871663,0.199360485771796,0.0201641498194814,0,-0.685429211222772,1.67451416627772,0.941595943141762,0.521879335094412,0.250728565455462
0.217008797653959,0.000977517106549365,0.181304586238297,0.597455839417816,0.200800462606749,0.0204391117371381,0,-0.678375106875079,1.67908835545743,0.938389475598344,0.517652533573709,0.248119806220636
0.217986314760508,0.000977517106549365,0.179432264587219,0.597609220818682,0.202241952613064,0.0207165619810351,0,-0.671369567597186,1.68357648272701,0.935091236486925,0.51336308593728,0.245478579092736
0.218963831867058,0.000977517106549365,0.177572877749119,0.597745699534997,0.203684910956035,0.020996511759849,0,-0.664412425634104,1.68797891372749,0.9317018078798,0.509011590748993,0.242805243976299
0.219941348973607,0.000977517106549365,0.175726380889291,0.597865354027498,0.205129292800954,0.0212789722822566,0,-0.65750351323084,1.69229601409993,0.928221771849257,0.504598646572716,0.240100160775859
0.220918866080156,0.000977517106549365,0.173892729173028,0.597968262756924,0.206575053313114,0.0215639547569347,0,-0.650642662632405,1.69652814948536,0.924651710467591,0.500124851972317,0.237363689395954
0.221896383186706,0.000977517106549365,0.172071877765621,0.598054504184011,0.208022147657808,0.0218514703925601,0,-0.643829706083808,1.70067568552482,0.920992205807092,0.495590805511662,0.234596189741118
0.222873900293255,0.000977517106549365,0.170263781832365,0.598124156769496,0.209470531000329,0.0221415303978095,0,-0.637064475830058,1.70473898785935,0.917243839940053,0.490997105754619,0.231798021715889
0.223851417399804,0.000977517106549365,0.168468396538552,0.598177298974117,0.21092015850597,0.0224341459813596,0,-0.630346804116164,1.70871842213001,0.913407194938763,0.486344351265055,0.228969545224802
0.224828934506354,0.000977517106549365,0.166685677049476,0.598214009258612,0.212370985340025,0.0227293283518873,0,-0.623676523187137,1.71261435397782,0.909482852875518,0.481633140606839,0.226111120172393
0.225806451612903,0.000977517106549365,0.164915578530429,0.598234366083716,0.213822966667786,0.0230270887180692,0,-0.617053465287984,1.71642714904384,0.905471395822607,0.476864072343837,0.223223106463198
0.226783968719453,0.000977517106549365,0.163158056146703,0.598238447910169,0.215276057654545,0.0233274382885822,0,-0.610477462663716,1.7201571729691,0.901373405852322,0.472037745039916,0.220305864001753
0.227761485826002,0.000977517106549365,0.161413065063593,0.598226333198707,0.216730213465597,0.023630388272103,0,-0.603948347559341,1.72380479139465,0.897189465036955,0.467154757258945,0.217359752692594
0.228739002932551,0.000977517106549365,0.159680560446392,0.598198100410067,0.218185389266233,0.0239359498773083,0,-0.59746595221987,1.72737036996152,0.892920155448799,0.46221570756479,0.214385132440258
0.229716520039101,0.000977517106549365,0.157960497460391,0.598153828004987,0.219641540221748,0.0242441343128749,0,-0.591030108890311,1.73085427431077,0.888566059160144,0.45722119452132,0.211382363149279
0.23069403714565,0.000977517106549365,0.156252831270884,0.598093594444203,0.221098621497433,0.0245549527874796,0,-0.584640649815674,1.73425687008343,0.884127758243282,0.452171816692401,0.208351804724195
0.231671554252199,0.000977517106549365,0.154557517043164,0.598017478188454,0.222556588258582,0.0248684165097991,0,-0.578297407240968,1.73757852292054,0.879605834770506,0.447068172641901,0.205293817069541
0.232649071358749,0.000977517106549365,0.152874509942525,0.597925557698477,0.224015395670488,0.0251845366885102,0,-0.572000213411203,1.74081959846315,0.875000870814107,0.441910860933686,0.202208760089853
0.233626588465298,0.000977517106549365,0.151203765134258,0.597817911435009,0.225474998898444,0.0255033245322897,0,-0.565748900571387,1.7439804623523,0.870313448446377,0.436700480131626,0.199096993689667
0.234604105571848,0.000977517106549365,0.149545237783657,0.597694617858786,0.226935353107743,0.0258247912498142,0,-0.55954330096653,1.74706148022904,0.865544149739608,0.431437628799588,0.19595887777352
0.235581622678397,0.000977517106549365,0.147898883056015,0.597555755430548,0.228396413463677,0.0261489480497606,0,-0.553383246841641,1.75006301773439,0.86069355676609,0.426122905501437,0.192794772245946
0.236559139784946,0.000977517106549365,0.146264656116625,0.59740140261103,0.22985813513154,0.0264758061408056,0,-0.547268570441731,1.75298544050941,0.855762251598117,0.420756908801043,0.189605037011483
0.237536656891496,0.000977517106549365,0.14464251213078,0.59723163786097,0.231320473276625,0.026805376731626,0,-0.541199104011807,1.75582911419513,0.85075081630798,0.415340237262273,0.186390031974666
0.238514173998045,0.000977517106549365,0.143032406263772,0.597046539641106,0.232783383064224,0.0271376710308985,0,-0.53517467979688,1.75859440443261,0.84565983296797,0.409873489448993,0.183150117040031
0.239491691104594,0.000977517106549365,0.141434293680895,0.596846186412174,0.234246819659631,0.0274727002472999,0,-0.529195130041958,1.76128167686288,0.84048988365038,0.404357263925072,0.179885652112115
0.240469208211144,0.000977517106549365,0.139848129547442,0.596630656634912,0.235710738228138,0.027810475589507,0,-0.523260286992051,1.76389129712698,0.835241550427502,0.398792159254376,0.176596997095453
0.241446725317693,0.000977517106549365,0.138273869028706,0.596400028770058,0.23717509393504,0.0281510082661964,0,-0.517369982892169,1.76642363086596,0.829915415371626,0.393178774000774,0.17328451189458
0.242424242424242,0.000977517106549365,0.13671146728998,0.596154381278348,0.238639841945627,0.028494309486045,0,-0.51152404998732,1.76887904372085,0.824512060555045,0.387517706728132,0.169948556414035
0.243401759530792,0.000977517106549365,0.135160879496556,0.59589379262052,0.240104937425194,0.0288403904577295,0,-0.505722320522514,1.77125790133271,0.819032068050051,0.381809556000318,0.166589490558351
0.244379276637341,0.000977517106549365,0.133622060813727,0.595618341257312,0.241570335539034,0.0291892623899267,0,-0.499964626742761,1.77356056934256,0.813476019928935,0.3760549203812,0.163207674232065
0.245356793743891,0.000977517106549365,0.132094966406788,0.59532810564946,0.243035991452439,0.0295409364913134,0,-0.494250800893069,1.77578741339147,0.807844498263989,0.370254398434645,0.159803467339714
0.24633431085044,0.000977517106549365,0.13057955144103,0.595023164257702,0.244501860330702,0.0298954239705662,0,-0.488580675218449,1.77793879912045,0.802138085127505,0.36440858872452,0.156377229785833
0.247311827956989,0.000977517106549365,0.129075771081746,0.594703595542775,0.245967897339117,0.030252736036362,0,-0.482954081963908,1.78001509217057,0.796357362591775,0.358518089814693,0.152929321474958
0.248289345063539,0.000977517106549365,0.12758358049423,0.594369477965417,0.247434057642976,0.0306128838973774,0,-0.477370853374457,1.78201665818286,0.790502912729091,0.352583500269031,0.149460102311626
0.249266862170088,0.000977517106549365,0.126102934843774,0.594020889986364,0.248900296407572,0.0309758787622894,0,-0.471830821695105,1.78394386279836,0.784575317611744,0.346605418651403,0.145969932200372
0.250244379276637,0.000977517106549365,0.124633789295672,0.593657910066354,0.250366568798199,0.0313417318397745,0,-0.466333819170861,1.78579707165811,0.778575159312026,0.340584443525674,0.142459171045732
0.251221896383187,0.000977517106549365,0.123176099015216,0.593280616666125,0.251832829980149,0.0317104543385097,0,-0.460879678046735,1.78757665040316,0.772503019902228,0.334521173455712,0.138928178752243
0.252199413489736,0.000977517106549365,0.1217298191677,0.592889088246414,0.253299035118715,0.0320820574671716,0,-0.455468230567736,1.78928296467455,0.766359481454643,0.328416207005385,0.135377315224439
0.253176930596285,0.000977517106549365,0.120294904918416,0.592483403267957,0.25476513937919,0.0324565524344369,0,-0.450099308978873,1.79091638011332,0.760145126041563,0.322270142738562,0.131806940366859
0.254154447702835,0.000977517106549365,0.118871311432657,0.592063640191493,0.256231097926868,0.0328339504489826,0,-0.444772745525155,1.79247726236051,0.753860535735278,0.316083579219107,0.128217414084036
0.255131964809384,0.000977517106549365,0.117458993875716,0.591629877477758,0.25769686592704,0.0332142627194852,0,-0.439488372451592,1.79396597705717,0.747506292608082,0.30985711501089,0.124609096280508
0.256109481915934,0.000977517106549365,0.116057907412887,0.59118219358749,0.259162398545001,0.0335975004546216,0,-0.434246022003194,1.79538288984434,0.741082978732266,0.303591348677778,0.12098234686081
0.257086999022483,0.000977517106549365,0.114668007209462,0.590720666981427,0.260627650946043,0.0339836748630685,0,-0.429045526424969,1.79672836636306,0.734591176180121,0.297286878783638,0.117337525729478
0.258064516129032,0.000977517106549365,0.113289248430734,0.590245376120305,0.262092578295458,0.0343727971535027,0,-0.423886717961927,1.79800277225436,0.728031467023939,0.290944303892338,0.113674992791049
0.259042033235582,0.000977517106549365,0.111921586241996,0.589756399464862,0.263557135758541,0.034764878534601,0,-0.418769428859077,1.79920647315931,0.721404433336012,0.284564222567744,0.109995107950058
0.260019550342131,0.000977517106549365,0.110564975808542,0.589253815475834,0.265021278500584,0.03515993021504,0,-0.413693491361428,1.80033983471892,0.714710657188632,0.278147233373724,0.106298231111041
0.26099706744868,0.000977517106549365,0.109219372295663,0.588737702613961,0.266484961686879,0.0355579634034967,0,-0.408658737713991,1.80140322257426,0.70795072065409,0.271693934874147,0.102584722178535
0.26197458455523,0.000977517106549365,0.107884730868654,0.588208139339978,0.267948140482721,0.0359589893086476,0,-0.403665000161773,1.80239700236635,0.701125205804679,0.265204925632879,0.0988549410570751
0.262952101661779,0.000977517106549365,0.106561006692806,0.587665204114623,0.269410770053401,0.0363630191391696,0,-0.398712110949785,1.80332153973625,0.69423469471269,0.258680804213787,0.0951092476511974
0.263929618768328,0.000977517106549365,0.105248154933414,0.587108975398633,0.270872805564214,0.0367700641037394,0,-0.393799902323036,1.80417720032499,0.687279769450415,0.25212216918074,0.0913480018654384
0.264907135874878,0.000977517106549365,0.10394613075577,0.586539531652746,0.272334202180451,0.0371801354110338,0,-0.388928206526535,1.80496434977362,0.680261012090146,0.245529619097604,0.0875715636043336
0.265884652981427,0.000977517106549365,0.102654889325166,0.585956951337699,0.273794915067405,0.0375932442697296,0,-0.384096855805291,1.80568335372317,0.673179004704175,0.238903752528248,0.0837802927724195
0.266862170087977,0.000977517106549365,0.101374385806897,0.585361312914229,0.275254899390371,0.0380094018885034,0,-0.379305682404314,1.8063345778147,0.666034329364792,0.232245168036537,0.0799745492742313
0.267839687194526,0.000977517106549365,0.100104575366254,0.584752694843074,0.27671411031464,0.0384286194760321,0,-0.374554518568613,1.80691838768924,0.658827568144291,0.225554464186341,0.0761546930143058
0.268817204301075,0.000977517106549365,0.0988454131685309,0.58413117558497,0.278172503005506,0.0388509082409925,0,-0.369843196543198,1.80743514898783,0.651559303114961,0.218832239541525,0.0723210838971783
0.269794721407625,0.000977517106549365,0.0975968543790208,0.583496833600656,0.279630032628262,0.0392762793920612,0,-0.365171548573077,1.80788522735152,0.644230116349098,0.21207909266596,0.068474081827386
0.270772238514174,0.000977517106549365,0.0963588541630166,0.582849747350868,0.2810866543482,0.0397047441379151,0,-0.360539406903261,1.80826898842135,0.63684058991899,0.205295622123509,0.0646140467094634
0.271749755620723,0.000977517106549365,0.095131367685811,0.582189995296344,0.282542323330614,0.0401363136872308,0,-0.355946603778758,1.80858679783836,0.629391305896931,0.198482426478043,0.0607413384479479
0.272727272727273,0.000977517106549365,0.0939143501126972,0.581517655897821,0.283996994740796,0.0405709992486852,0,-0.351392971444577,1.8088390212436,0.621882846355212,0.191640104293427,0.0568563169473743
0.273704789833822,0.000977517106549365,0.0927077566089681,0.580832807616037,0.28545062374404,0.041008812030955,0,-0.346878342145728,1.8090260242781,0.614315793366123,0.18476925413353,0.0529593421122793
0.274682306940371,0.000977517106549365,0.0915115423399167,0.580135528911728,0.286903165505639,0.041449763242717,0,-0.342402548127221,1.8091481725829,0.60669072900196,0.177870474562219,0.049050773847199
0.275659824046921,0.000977517106549365,0.0903256624708359,0.579425898245632,0.288354575190885,0.0418938640926478,0,-0.337965421634065,1.80920583179906,0.59900823533501,0.17094436414336,0.0451309720566684
0.27663734115347,0.000977517106549365,0.0891500721670186,0.578703994078486,0.289804807965071,0.0423411257894244,0,-0.333566794911269,1.8091993675676,0.591268894437568,0.163991521440823,0.0412002966452249
0.27761485826002,0.000977517106549365,0.087984726593758,0.577969894871028,0.291253818993491,0.0427915595417234,0,-0.329206500203842,1.80912914552959,0.583473288381925,0.157012545018474,0.0372591075174039
0.278592375366569,0.000977517106549365,0.0868295809163468,0.577223679083995,0.292701563441437,0.0432451765582216,0,-0.324884369756793,1.80899553132604,0.575621999240372,0.15000803344018,0.0333077645777408
0.279569892473118,0.000977517106549365,0.0856845903000782,0.576465425178124,0.294147996474202,0.0437019880475958,0,-0.320600235815133,1.80879889059802,0.567715609085202,0.14297858526981,0.029346627730773
0.280547409579668,0.000977517106549365,0.0845497099102451,0.575695211614152,0.29559307325708,0.0441620052185226,0,-0.31635393062387,1.80853958898655,0.559754699988706,0.13592479907123,0.0253760568810352
0.281524926686217,0.000977517106549365,0.0834248949121404,0.574913116852817,0.297036748955363,0.044625239279679,0,-0.312145286428013,1.80821799213269,0.551739854023176,0.128847273408308,0.0213964119330641
0.282502443792766,0.000977517106549365,0.082310100471057,0.574119219354857,0.298478978734345,0.0450917014397416,0,-0.307974135472572,1.80783446567747,0.543671653260902,0.12174660684491,0.017408052791395
0.283479960899316,0.000977517106549365,0.0812052817522881,0.573313597581008,0.299919717759317,0.0455614029073871,0,-0.303840310002557,1.80738937526193,0.53555067977418,0.114623397944906,0.0134113393605649
0.284457478005865,0.000977517106549365,0.0801103939211266,0.572496329992007,0.301358921195574,0.0460343548912924,0,-0.299743642262976,1.80688308652713,0.527377515635298,0.107478245272162,0.00940663154510893
0.285434995112414,0.000977517106549365,0.0790253921428653,0.571667495048593,0.302796544208408,0.0465105686001342,0,-0.29568396449884,1.80631596511409,0.519152742916549,0.100311747390546,0.0053942892495637
0.286412512218964,0.000977517106549365,0.0779502315827974,0.570827171211502,0.304232541963112,0.0469900552425892,0,-0.291661108955156,1.80568837666387,0.510876943690225,0.0931245028639249,0.00137467237846534
0.287390029325513,0.000977517106549365,0.0768848674062157,0.569975436941471,0.305666869624979,0.0474728260273343,0,-0.287674907876935,1.80500068681751,0.502550700028618,0.0859171102561658,-0.002651859163651
0.288367546432063,0.000977517106549365,0.0758292547784132,0.569112370699239,0.307099482359302,0.0479588921630461,0,-0.283725193509186,1.80425326121604,0.49417459400402,0.0786901681311377,-0.00668494547224811
0.289345063538612,0.000977517106549365,0.074783348864683,0.568238050945541,0.308530335331374,0.0484482648584015,0,-0.279811798096919,1.8034464655005,0.48574920768872,0.0714442750527056,-0.0107242266427915
0.290322580645161,0.000977517106549365,0.0737471048303179,0.567352556141116,0.309959383706489,0.0489409553220771,0,-0.275934553885142,1.80258066531195,0.477275123155014,0.0641800295847394,-0.0147693427707436
0.291300097751711,0.000977517106549365,0.0727204778406109,0.566455964746702,0.311386582649938,0.0494369747627499,0,-0.272093293118864,1.80165622629143,0.468752922475191,0.0568980302911048,-0.0188199339515695
0.29227761485826,0.000977517106549365,0.071703423060855,0.565548355223034,0.312811887327015,0.0499363343890964,0,-0.268287848043096,1.80067351407996,0.460183187721543,0.04959887573567,-0.0228756402807328
0.293255131964809,0.000977517106549365,0.0706958956563432,0.56462980603085,0.314235252903013,0.0504390454097934,0,-0.264518050902847,1.79963289431861,0.451566500966362,0.0422831644823017,-0.0269361018536978
0.294232649071359,0.000977517106549365,0.0696978507923685,0.563700395630889,0.315656634543225,0.0509451190335178,0,-0.260783733943125,1.7985347326484,0.44290344428194,0.0349514950948679,-0.0310009587659282
0.295210166177908,0.000977517106549365,0.0687092436342237,0.562760202483886,0.317075987412944,0.0514545664689463,0,-0.25708472940894,1.79737939471039,0.43419459974057,0.0276044661372369,-0.0350698511128876
0.296187683284457,0.000977517106549365,0.067730029347202,0.56180930505058,0.318493266677462,0.0519673989247556,0,-0.253420869545302,1.79616724614561,0.425440549414543,0.0202426761732748,-0.0391424189900406
0.297165200391007,0.000977517106549365,0.0667601630965962,0.560847781791708,0.319908427502074,0.0524836276096225,0,-0.24979198659722,1.7948986525951,0.416641875376149,0.0128667237668499,-0.0432183024928507
0.298142717497556,0.000977517106549365,0.0657996000476993,0.559875711168006,0.321321425052071,0.0530032637322237,0,-0.246197912809703,1.79357397969992,0.407799159697681,0.00547720748182834,-0.0472971417167828
0.299120234604106,0.000977517106549365,0.0648482953658042,0.558893171640213,0.322732214492747,0.053526318501236,0,-0.242638480427761,1.79219359310109,0.398912984451432,-0.00192527411792102,-0.0513785767572999
0.300097751710655,0.000977517106549365,0.0639062042162041,0.557900241669065,0.324140750989394,0.0540528031253363,0,-0.239113521696402,1.79075785843967,0.389983931709692,-0.00934012246853161,-0.0554622477098666
0.301075268817204,0.000977517106549365,0.0629732817641918,0.556896999715301,0.325546989707307,0.0545827288132011,0,-0.235622868860636,1.78926714135669,0.381012583544754,-0.0167667390061352,-0.0595477946699464
0.302052785923754,0.000977517106549365,0.0620494831750602,0.555883524239656,0.326950885811777,0.0551161067735073,0,-0.232166354165473,1.78772180749319,0.371999522028909,-0.0242045251668654,-0.0636348577330039
0.303030303030303,0.000977517106549365,0.0611347636141025,0.554859893702869,0.328352394468097,0.0556529482149317,0,-0.228743809855922,1.78612222249023,0.362945329234449,-0.0316528823868534,-0.0677230769945022
0.304007820136852,0.000977517106549365,0.0602290782466114,0.553826186565677,0.329751470841561,0.056193264346151,0,-0.225355068176991,1.78446875198883,0.353850587233665,-0.0391112121022335,-0.0718120925499063
0.304985337243402,0.000977517106549365,0.0593323822378801,0.552782481288816,0.331148070097462,0.0567370663758419,0,-0.221999961373691,1.78276176163005,0.34471587809885,-0.0465789157491372,-0.0759015444946798
0.305962854349951,0.000977517106549365,0.0584446307532014,0.551728856333026,0.332542147401092,0.0572843655126812,0,-0.218678321691031,1.78100161705492,0.335541783902297,-0.0540553947636963,-0.0799910729242861
0.3069403714565,0.000977517106549365,0.0575657789578684,0.550665390159042,0.333933657917744,0.0578351729653457,0,-0.21538998137402,1.77918868390449,0.326328886716294,-0.0615400505820455,-0.0840803179341904
0.30791788856305,0.000977517106549365,0.0566957820171739,0.549592161227602,0.335322556812712,0.0583894999425121,0,-0.212134772667667,1.77732332781979,0.317077768613136,-0.0690322846403155,-0.0881689196198556
0.308895405669599,0.000977517106549365,0.0558345950964111,0.548509247999443,0.336708799251289,0.0589473576528572,0,-0.208912527816983,1.77540591444188,0.307789011665113,-0.0765314983746403,-0.0922565180767465
0.309872922776149,0.000977517106549365,0.0549821733608728,0.547416728935303,0.338092340398767,0.0595087573050578,0,-0.205723079066975,1.77343680941179,0.298463197944519,-0.084037093221151,-0.0963427534003264
0.310850439882698,0.000977517106549365,0.054138471975852,0.546314682495919,0.339473135420439,0.0600737101077905,0,-0.202566258662653,1.77141637837057,0.289100909523643,-0.0915484706159806,-0.100427265686059
0.311827956989247,0.000977517106549365,0.0533034461066417,0.545203187142028,0.340851139481598,0.0606422272697322,0,-0.199441898849027,1.76934498695925,0.279702728474778,-0.0990650319952629,-0.10450969502941
0.312805474095797,0.000977517106549365,0.0524770509185349,0.544082321334367,0.342226307747538,0.0612143199995597,0,-0.196349831871106,1.76722300081889,0.270269236870216,-0.106586178795129,-0.108589681525842
0.313782991202346,0.000977517106549365,0.0516592415768244,0.542952163533675,0.343598595383551,0.0617899995059496,0,-0.1932898899739,1.76505078559051,0.26080101678225,-0.114111312451711,-0.112666865270819
0.314760508308895,0.000977517106549365,0.0508499732468034,0.541812792200687,0.344967957554931,0.0623692769975787,0,-0.190261905402417,1.76282870691517,0.251298650283168,-0.121639834401144,-0.116740886359806
0.315738025415445,0.000977517106549365,0.0500492010937647,0.540664285796142,0.346334349426969,0.0629521636831238,0,-0.187265710401667,1.7605571304339,0.241762719445265,-0.129171146079559,-0.120811384888265
0.316715542521994,0.000977517106549365,0.0492568802830014,0.539506722780777,0.34769772616496,0.0635386707712617,0,-0.18430113721666,1.75823642178775,0.232193806340832,-0.136704648923088,-0.124878000951662
0.317693059628543,0.000977517106549365,0.0484729659798063,0.538340181615329,0.349058042934196,0.064128809470669,0,-0.181368018092404,1.75586694661777,0.222592493042161,-0.144239744367864,-0.12894037464546
0.318670576735093,0.000977517106549365,0.0476974133494726,0.537164740760535,0.35041525489997,0.0647225909900227,0,-0.178466185273909,1.75344907056498,0.212959361621543,-0.15177583385002,-0.132998146065124
0.319648093841642,0.000977517106549365,0.046930177557293,0.535980478677133,0.351769317227575,0.0653200265379993,0,-0.175595471006185,1.75098315927044,0.203294994151271,-0.159312318805688,-0.137050955306117
0.320625610948192,0.000977517106549365,0.0461712137685607,0.53478747382586,0.353120185082304,0.0659211273232758,0,-0.17275570753424,1.74846957837518,0.193599972703635,-0.166848600671001,-0.141098442463903
0.321603128054741,0.000977517106549365,0.0454204771485685,0.533585804667453,0.35446781362945,0.0665259045545288,0,-0.169946727103084,1.74590869352025,0.183874879350929,-0.174384080882092,-0.145140247633946
0.32258064516129,0.000977517106549365,0.0446779228626095,0.53237554966265,0.355812158034306,0.067134369440435,0,-0.167168361957726,1.7433008703467,0.174120296165443,-0.181918160875093,-0.14917601091171
0.32355816226784,0.000977517106549365,0.0439435060759766,0.531156787272187,0.357153173462165,0.0677465331896713,0,-0.164420444343176,1.74064647449555,0.164336805219469,-0.189450242086136,-0.15320537239266
0.324535679374389,0.000977517106549365,0.0432171819539628,0.529929595956803,0.35849081507832,0.0683624070109145,0,-0.161702806504442,1.73794587160786,0.154524988585299,-0.196979725951355,-0.157227972172259
0.325513196480938,0.000977517106549365,0.042498905661861,0.528694054177234,0.359825038048063,0.0689820021128412,0,-0.159015280686535,1.73519942732467,0.144685428335226,-0.20450601390688,-0.161243450345971
0.326490713587488,0.000977517106549365,0.0417886323649643,0.527450240394219,0.361155797536689,0.0696053297041282,0,-0.156357699134464,1.73240750728701,0.134818706541539,-0.212028507388847,-0.16525144700926
0.327468230694037,0.000977517106549365,0.0410863172285655,0.526198233068493,0.36248304870949,0.0702324009934523,0,-0.153729894093237,1.72957047713594,0.124925405276533,-0.219546607833386,-0.169251602257591
0.328445747800586,0.000977517106549365,0.0403919154179577,0.524938110660794,0.363806746731758,0.0708632271894902,0,-0.151131697807865,1.72668870251249,0.115006106612498,-0.227059716676631,-0.173243556186426
0.329423264907136,0.000977517106549365,0.0397053820984339,0.52366995163186,0.365126846768787,0.0714978195009188,0,-0.148562942523356,1.7237625490577,0.105061392621726,-0.234567235354713,-0.177226948891231
0.330400782013685,0.000977517106549365,0.0390266724352869,0.522393834442429,0.36644330398587,0.0721361891364147,0,-0.14602346048472,1.72079238241262,0.0950918453765086,-0.242068565303766,-0.181201420467469
0.331378299120235,0.000977517106549365,0.0383557415938098,0.521109837553236,0.367756073548299,0.0727783473046547,0,-0.143513083936966,1.71777856821829,0.0850980469491383,-0.249563107959922,-0.185166611010604
0.332355816226784,0.000977517106549365,0.0376925447392955,0.51981803942502,0.369065110621369,0.0734243052143156,0,-0.141031645125104,1.71472147211576,0.0750805794119051,-0.257050264759315,-0.189122160616101
0.333333333333333,0.000977517106549365,0.037037037037037,0.518518518518519,0.37037037037037,0.0740740740740741,0,-0.138578976294143,1.71162145974605,0.0650400248371026,-0.264529437138075,-0.193067709379422
0.334310850439883,0.000977517106549365,0.0363891736523274,0.517211353294468,0.371671807960598,0.074727665092607,0,-0.136154909689092,1.70847889675022,0.0549769652970226,-0.272000026532336,-0.197002897396033
0.335288367546432,0.000977517106549365,0.0357489097504594,0.515896622213606,0.372969378557344,0.075385089478591,0,-0.13375927755496,1.70529414876931,0.0448919828639559,-0.279461434378231,-0.200927364761396
0.336265884652981,0.000977517106549365,0.0351162004967262,0.51457440373667,0.374263037325901,0.0760463584407029,0,-0.131391912136757,1.70206758144436,0.0347856596101952,-0.286913062111891,-0.204840751570977
0.337243401759531,0.000977517106549365,0.0344910010564206,0.513244776324396,0.375552739431564,0.0767114831876195,0,-0.129052645679492,1.69879956041641,0.0246585776080308,-0.29435431116945,-0.208742697920239
0.33822091886608,0.000977517106549365,0.0338732665948357,0.511907818437524,0.376838440039623,0.0773804749280176,0,-0.126741310428175,1.69549045132651,0.0145113189297549,-0.301784582987041,-0.212632843904647
0.33919843597263,0.000977517106549365,0.0332629522772644,0.510563608536789,0.378120094315373,0.0780533448705737,0,-0.124457738627814,1.69214061981569,0.00434446564766181,-0.309203279000794,-0.216510829619663
0.340175953079179,0.000977517106549365,0.0326600132689997,0.509212225082929,0.379397657424107,0.0787301042239649,0,-0.12220176252342,1.688750431525,-0.00584140016595985,-0.316609800646844,-0.220376295160752
0.341153470185728,0.000977517106549365,0.0320644047353345,0.507853746536681,0.380671084531117,0.0794107641968677,0,-0.119973214360001,1.68532025209548,-0.0160456964388174,-0.324003549361324,-0.224228880623379
0.342130987292278,0.000977517106549365,0.0314760818415619,0.506488251358783,0.381940330801696,0.080095335997959,0,-0.117771926382566,1.68185044716817,-0.0262678410986184,-0.331383926580364,-0.228068226103006
0.343108504398827,0.000977517106549365,0.0308949997529748,0.505115818009972,0.383205351401137,0.0807838308359154,0,-0.115597730836126,1.67834138238412,-0.0365072520730713,-0.338750333740098,-0.231893971695099
0.344086021505376,0.000977517106549365,0.0303211136348661,0.503736524950986,0.384466101494734,0.0814762599194139,0,-0.113450459965689,1.67479342338436,-0.0467633472898858,-0.34610217227666,-0.235705757495121
0.345063538611926,0.000977517106549365,0.0297543786525289,0.502350450642561,0.385722536247779,0.0821726344571311,0,-0.111329946016265,1.67120693580995,-0.0570355446767678,-0.35343884362618,-0.239503223598536
0.346041055718475,0.000977517106549365,0.029194749971256,0.500957673545434,0.386974610825566,0.0828729656577437,0,-0.109236021232863,1.66758228530191,-0.0673232621614261,-0.360759749224791,-0.243286010100808
0.347018572825024,0.000977517106549365,0.0286421827563406,0.499558272120344,0.388222280393386,0.0835772647299286,0,-0.107168517860492,1.6639198375013,-0.0776259176715699,-0.368064290508627,-0.2470537570974
0.347996089931574,0.000977517106549365,0.0280966321730755,0.498152324828028,0.389465500116534,0.0842855428823625,0,-0.105127268144163,1.66021995804915,-0.087942929134907,-0.37535186891382,-0.250806104683779
0.348973607038123,0.000977517106549365,0.0275580533867537,0.496739910129222,0.390704225160302,0.0849978113237221,0,-0.103112104328883,1.65648301258651,-0.0982737144791452,-0.382621885876501,-0.254542692955406
0.349951124144673,0.000977517106549365,0.0270264015626681,0.495321106484664,0.391938410689983,0.0857140812626842,0,-0.101122858659662,1.65270936675442,-0.108617691631993,-0.389873742832805,-0.258263162007745
0.350928641251222,0.000977517106549365,0.0265016318661118,0.493895992355092,0.39316801187087,0.0864343639079256,0,-0.0991593633815103,1.64889938619392,-0.118974278521159,-0.397106841218864,-0.261967151936263
0.351906158357771,0.000977517106549365,0.0259836994623778,0.492464646201243,0.394392983868257,0.087158670468123,0,-0.0972214507394364,1.64505343654605,-0.129342893074351,-0.404320582470809,-0.265654302836421
0.352883675464321,0.000977517106549365,0.0254725595167589,0.491027146483853,0.395613281847435,0.0878870121519532,0,-0.0953089529784499,1.64117188345186,-0.139722953219277,-0.411514368024775,-0.269324254803684
0.35386119257087,0.000977517106549365,0.0249681671945482,0.489583571663661,0.396828860973698,0.088619400168093,0,-0.09342170234356,1.63725509255239,-0.150113876883646,-0.418687599316892,-0.272976647933516
0.354838709677419,0.000977517106549365,0.0244704776610386,0.488134000201403,0.398039676412339,0.089355845725219,0,-0.0915595310797761,1.63330342948867,-0.160515081995166,-0.425839677783295,-0.276611122321382
0.355816226783969,0.000977517106549365,0.023979446081523,0.486678510557817,0.399245683328651,0.0900963600320081,0,-0.0897222714321076,1.62931725990176,-0.170925986481544,-0.432970004860114,-0.280227318062744
0.356793743890518,0.000977517106549365,0.0234950276212946,0.485217181193641,0.400446836887927,0.0908409542971371,0,-0.0879097556455636,1.62529694943269,-0.18134600827049,-0.440077981983484,-0.283824875253067
0.357771260997067,0.000977517106549365,0.0230171774456462,0.483750090569611,0.40164309225546,0.0915896397292826,0,-0.0861218159651536,1.62124286372251,-0.191774565289711,-0.447163010589536,-0.287403433987815
0.358748778103617,0.000977517106549365,0.0225458507198708,0.482277317146465,0.402834404596543,0.0923424275371214,0,-0.0843582846358868,1.61715536841226,-0.202211075466915,-0.454224492114402,-0.290962634362452
0.359726295210166,0.000977517106549365,0.0220810026092613,0.48079893938494,0.404020729076469,0.0930993289293303,0,-0.0826189939027727,1.61303482914298,-0.212654956729812,-0.461261827994217,-0.294502116472442
0.360703812316716,0.000977517106549365,0.0216225882791108,0.479315035745773,0.40520202086053,0.093860355114586,0,-0.0809037760108205,1.60888161155571,-0.223105627006109,-0.468274419665112,-0.298021520413249
0.361681329423265,0.000977517106549365,0.0211705628947122,0.477825684689702,0.40637823511402,0.0946255173015654,0,-0.0792124632050395,1.60469608129149,-0.233562504223514,-0.47526166856322,-0.301520486280338
0.362658846529814,0.000977517106549365,0.0207248816213585,0.476330964677465,0.407549327002232,0.0953948266989451,0,-0.0775448877304391,1.60047860399137,-0.244025006309736,-0.482222976124673,-0.30499865416917
0.363636363636364,0.000977517106549365,0.0202854996243426,0.474830954169797,0.408715251690458,0.096168294515402,0,-0.0759008818320286,1.59622954529639,-0.254492551192482,-0.489157743785604,-0.308455664175212
0.364613880742913,0.000977517106549365,0.0198523720689575,0.473325731627437,0.409875964343992,0.0969459319596127,0,-0.0742802777548173,1.59194927084759,-0.264964556799461,-0.496065372982145,-0.311891156393927
0.365591397849462,0.000977517106549365,0.0194254541204962,0.471815375511123,0.411031420128127,0.097727750240254,0,-0.0726829077438146,1.58763814628602,-0.275440441058381,-0.50294526515043,-0.315304770920779
0.366568914956012,0.000977517106549365,0.0190047009442517,0.47029996428159,0.412181574208156,0.0985137605660028,0,-0.0711086040440297,1.58329653725271,-0.285919621896952,-0.50979682172659,-0.318696147851232
0.367546432062561,0.000977517106549365,0.0185900677055169,0.468779576399577,0.41332638174937,0.0993039741455357,0,-0.0695571989004721,1.5789248093887,-0.296401517242879,-0.516619444146758,-0.322064927280749
0.36852394916911,0.000977517106549365,0.0181815095695848,0.467254290325821,0.414465797917065,0.100098402187529,0,-0.0680285245581509,1.57452332833505,-0.306885545023873,-0.523412533847067,-0.325410749304796
0.36950146627566,0.000977517106549365,0.0177789817017483,0.465724184521059,0.415599777876532,0.100897055900661,0,-0.0665224132620756,1.57009245973278,-0.31737112316764,-0.53017549226365,-0.328733254018836
0.370478983382209,0.000977517106549365,0.0173824392673005,0.464189337446029,0.416728276793064,0.101699946493607,0,-0.0650386972572555,1.56563256922295,-0.32785766960189,-0.536907720832638,-0.332032081518332
0.371456500488759,0.000977517106549365,0.0169918374315343,0.462649827561467,0.417851249831955,0.102507085175044,0,-0.0635772087886999,1.5611440224466,-0.33834460225433,-0.543608620990165,-0.33530687189875
0.372434017595308,0.000977517106549365,0.0166071313597426,0.461105733328111,0.418968652158497,0.103318483153649,0,-0.0621377801014181,1.55662718504476,-0.34883133905267,-0.550277594172362,-0.338557265255552
0.373411534701857,0.000977517106549365,0.0162282762172185,0.459557133206699,0.420080438937984,0.104134151638099,0,-0.0607202434404194,1.55208242265849,-0.359317297924616,-0.556914041815364,-0.341782901684203
0.374389051808407,0.000977517106549365,0.0158552271692548,0.458004105657968,0.421186565335708,0.10495410183707,0,-0.0593244310507132,1.54751010092881,-0.369801896797877,-0.563517365355301,-0.344983421280167
0.375366568914956,0.000977517106549365,0.0154879393811447,0.456446729142654,0.422286986516962,0.105778344959239,0,-0.0579501751773088,1.54291058549678,-0.380284553600162,-0.570086966228308,-0.348158464138908
0.376344086021505,0.000977517106549365,0.015126368018181,0.454885082121496,0.42338165764704,0.106606892213283,0,-0.0565973080652155,1.53828424200344,-0.390764686259178,-0.576622245870515,-0.35130767035589
0.377321603128055,0.000977517106549365,0.0147704682456567,0.45331924305523,0.424470533891234,0.107439754807879,0,-0.0552656619594427,1.53363143608982,-0.401241712702635,-0.583122605718057,-0.354430680026576
0.378299120234604,0.000977517106549365,0.0144201952288648,0.451749290404595,0.425553570414837,0.108276943951704,0,-0.0539550691049996,1.52895253339697,-0.411715050858239,-0.589587447207064,-0.357527133246431
0.379276637341153,0.000977517106549365,0.0140755041330982,0.450175302630326,0.426630722383142,0.109118470853434,0,-0.0526653617468956,1.52424789956594,-0.4221841186537,-0.596016171773672,-0.36059667011092
0.380254154447703,0.000977517106549365,0.01373635012365,0.448597358193162,0.427701944961442,0.109964346721746,0,-0.05139637213014,1.51951790023776,-0.432648334016725,-0.60240818085401,-0.363638930715505
0.381231671554252,0.000977517106549365,0.013402688365813,0.44701553555384,0.428767193315031,0.110814582765316,0,-0.0501479324997422,1.51476290105348,-0.443107114875023,-0.608762875884213,-0.366653555155651
0.382209188660802,0.000977517106549365,0.0130744740248803,0.445429913173097,0.4298264226092,0.111669190192822,0,-0.0489198751007114,1.50998326765414,-0.453559879156301,-0.615079658300412,-0.369640183526821
0.383186705767351,0.000977517106549365,0.0127516622661448,0.44384056951167,0.430879588009244,0.112528180212941,0,-0.047712032178057,1.50517936568077,-0.46400604478827,-0.621357929538741,-0.372598455924481
0.3841642228739,0.000977517106549365,0.0124342082548996,0.442247583030298,0.431926644680455,0.113391564034348,0,-0.0465242359767884,1.50035156077443,-0.474445029698636,-0.627597091035332,-0.375528012444094
0.38514173998045,0.000977517106549365,0.0121220671564375,0.440651032189716,0.432967547788126,0.114259352865721,0,-0.0453563187419147,1.49550021857616,-0.484876251815107,-0.633796544226317,-0.378428493181123
0.386119257086999,0.000977517106549365,0.0118151941360515,0.439050995450662,0.434002252497549,0.115131557915737,0,-0.0442081127184455,1.49062570472699,-0.495299129065391,-0.639955690547828,-0.381299538231032
0.387096774193548,0.000977517106549365,0.0115135443590346,0.437447551273875,0.435030713974019,0.116008190393072,0,-0.0430794501513899,1.48572838486797,-0.505713079377199,-0.646073931436,-0.384140787689287
0.388074291300098,0.000977517106549365,0.0112170729906798,0.43584077812009,0.436052887382828,0.116889261506403,0,-0.0419701632857573,1.48080862464015,-0.516117520678237,-0.652150668326964,-0.386951881651351
0.389051808406647,0.000977517106549365,0.01092573519628,0.434230754450045,0.437068727889268,0.117774782464407,0,-0.0408800843665571,1.47586678968455,-0.526511870896212,-0.658185302656852,-0.389732460212687
0.390029325513196,0.000977517106549365,0.0106394861411283,0.432617558724478,0.438078190658633,0.11866476447576,0,-0.0398090456387985,1.47090324564223,-0.536895547958836,-0.664177235861798,-0.392482163468761
0.391006842619746,0.000977517106549365,0.0103582809905175,0.431001269404126,0.439081230856216,0.11955921874914,0,-0.038756879347491,1.46591835815423,-0.547267969793813,-0.670125869377933,-0.395200631515034
0.391984359726295,0.000977517106549365,0.0100820749097407,0.429381964949726,0.44007780364731,0.120458156493223,0,-0.0377234177376437,1.46091249286159,-0.557628554328854,-0.676030604641391,-0.397887504446973
0.392961876832845,0.000977517106549365,0.00981082306409081,0.427759723822016,0.441067864197208,0.121361588916686,0,-0.0367084930542661,1.45588601540536,-0.567976719491667,-0.681890843088304,-0.40054242236004
0.393939393939394,0.000977517106549365,0.00954448061886079,0.426134624481732,0.442051367671202,0.122269527228205,0,-0.0357119375423674,1.45083929142656,-0.578311883209959,-0.687705986154805,-0.4031650253497
0.394916911045943,0.000977517106549365,0.00928300273934363,0.424506745389612,0.443028269234586,0.123181982636458,0,-0.034733583446957,1.44577268656625,-0.588633463411439,-0.693475435277026,-0.405754953511417
0.395894428152493,0.000977517106549365,0.00902634459083229,0.422876165006394,0.443998524052653,0.12409896635012,0,-0.0337732630130442,1.44068656646547,-0.598940878023815,-0.699198591891099,-0.408311846940655
0.396871945259042,0.000977517106549365,0.00877446133861975,0.421242961792815,0.444962087290696,0.12502048957787,0,-0.0328308084856384,1.43558129676526,-0.609233544974795,-0.704874857433157,-0.410835345732877
0.397849462365591,0.000977517106549365,0.00852730814799897,0.419607214209611,0.445918914114007,0.125946563528384,0,-0.0319060521097488,1.43045724310667,-0.619510882192088,-0.710503633339334,-0.413325089983548
0.398826979472141,0.000977517106549365,0.00828484018426292,0.417969000717521,0.446868959687879,0.126877199410337,0,-0.0309988261303848,1.42531477113072,-0.629772307603402,-0.71608432104576,-0.415780719788132
0.39980449657869,0.000977517106549365,0.00804701261270457,0.416328399777281,0.447812179177606,0.127812408432408,0,-0.0301089627925557,1.42015424647848,-0.640017239136445,-0.721616321988571,-0.418201875242092
0.40078201368524,0.000977517106549365,0.00781378059861689,0.414685489849629,0.448748527748481,0.128752201803273,0,-0.0292362943412708,1.41497603479097,-0.650245094718925,-0.727099037603896,-0.420588196440894
0.401759530791789,0.000977517106549365,0.00758509930729285,0.413040349395303,0.449677960565796,0.129696590731608,0,-0.0283806530215395,1.40978050170924,-0.66045529227855,-0.732531869327869,-0.422939323479999
0.402737047898338,0.000977517106549365,0.00736092390402542,0.411393056875039,0.450600432794844,0.130645586426091,0,-0.027541871078371,1.40456801287434,-0.670647249743029,-0.737914218596624,-0.425254896454874
0.403714565004888,0.000977517106549365,0.00714120955410757,0.409743690749574,0.451515899600919,0.131599200095399,0,-0.0267197807567748,1.3993389339273,-0.68082038504007,-0.743245486846291,-0.427534555460981
0.404692082111437,0.000977517106549365,0.00692591142283226,0.408092329479647,0.452424316149314,0.132557442948207,0,-0.0259142143017601,1.39409363050917,-0.69097411609738,-0.748525075513004,-0.429777940593785
0.405669599217986,0.000977517106549365,0.00671498467549247,0.406439051525995,0.45332563760532,0.133520326193192,0,-0.0251250039583363,1.38883246826099,-0.70110786084267,-0.753752386032896,-0.43198469194875
0.406647116324536,0.000977517106549365,0.00650838447738116,0.404783935349354,0.454219819134232,0.134487861039033,0,-0.0243519819715126,1.38355581282379,-0.711221037203645,-0.758926819842097,-0.434154449621338
0.407624633431085,0.000977517106549365,0.0063060659937913,0.403127059410462,0.455106815901343,0.135460058694404,0,-0.0235949805862984,1.37826402983864,-0.721313063108017,-0.764047778376744,-0.436286853707016
0.408602150537634,0.000977517106549365,0.00610798439001587,0.401468502170056,0.455986583071944,0.136436930367983,0,-0.0228538320477031,1.37295748494655,-0.73138335648349,-0.769114663072966,-0.438381544301247
0.409579667644184,0.000977517106549365,0.00591409483134783,0.399808342088874,0.45685907581133,0.137418487268448,0,-0.0221283686007359,1.36763654378859,-0.741431335257776,-0.774126875366898,-0.440438161499494
0.410557184750733,0.000977517106549365,0.00572435248308016,0.398146657627653,0.457724249284793,0.138404740604473,0,-0.0214184224904062,1.36230157200579,-0.75145641735858,-0.779083816694669,-0.442456345397222
0.411534701857283,0.000977517106549365,0.00553871251050581,0.396483527247131,0.458582058657626,0.139395701584737,0,-0.0207238259617233,1.35695293523918,-0.761458020713611,-0.783984888492414,-0.444435736089894
0.412512218963832,0.000977517106549365,0.00535713007891776,0.394819029408044,0.459432459095123,0.140391381417916,0,-0.0200444112596965,1.35159099912982,-0.771435563250579,-0.788829492196267,-0.446375973672975
0.413489736070381,0.000977517106549365,0.00517956035360898,0.393153242571129,0.460275405762575,0.141391791312687,0,-0.0193800106293352,1.34621612931875,-0.781388462897191,-0.793617029242358,-0.448276698241929
0.414467253176931,0.000977517106549365,0.00500595849987243,0.391486245197125,0.461110853825277,0.142396942477726,0,-0.0187304563156487,1.34082869144701,-0.791316137581156,-0.798346901066821,-0.450137549892219
0.41544477028348,0.000977517106549365,0.00483627968300109,0.389818115746768,0.46193875844852,0.14340684612171,0,-0.0180955805636462,1.33542905115563,-0.80121800523018,-0.803018509105787,-0.45195816871931
0.416422287390029,0.000977517106549365,0.00467047906828793,0.388148932680797,0.462759074797599,0.144421513453317,0,-0.0174752156183372,1.33001757408567,-0.811093483771973,-0.80763125479539,-0.453738194818665
0.417399804496579,0.000977517106549365,0.00450851182102591,0.386478774459947,0.463571758037805,0.145440955681222,0,-0.0168691937247309,1.32459462587816,-0.820941991134244,-0.812184539571763,-0.455477268285749
0.418377321603128,0.000977517106549365,0.00435033310650801,0.384807719544956,0.464376763334433,0.146465184014103,0,-0.0162773471278367,1.31916057217415,-0.8307629452447,-0.816677764871037,-0.457175029216026
0.419354838709677,0.000977517106549365,0.00419589809002719,0.383135846396563,0.465174045852774,0.147494209660636,0,-0.0156995080726639,1.31371577861468,-0.840555764031049,-0.821110332129346,-0.458831117704959
0.420332355816227,0.000977517106549365,0.00404516193687642,0.381463233475503,0.465963560758123,0.148528043829498,0,-0.0151355088042219,1.30826061084079,-0.850319865421,-0.825481642782822,-0.460445173848013
0.421309872922776,0.000977517106549365,0.00389807981234867,0.379789959242514,0.466745263215771,0.149566697729366,0,-0.0145851815675198,1.30279543449352,-0.86005466734226,-0.829791098267597,-0.462016837740651
0.422287390029326,0.000977517106549365,0.0037546068817369,0.378116102158335,0.467519108391012,0.150610182568917,0,-0.0140483586075672,1.29732061521392,-0.869759587722539,-0.834038100019804,-0.463545749478338
0.423264907135875,0.000977517106549365,0.0036146983103341,0.376441740683701,0.468285051449139,0.151658509556827,0,-0.0135248721693732,1.29183651864302,-0.879434044489544,-0.838222049475576,-0.465031549156537
0.424242424242424,0.000977517106549365,0.00347830926343323,0.37476695327935,0.469043047555444,0.152711689901773,0,-0.0130145544979473,1.28634351042187,-0.889077455570984,-0.842342348071045,-0.466473876870713
0.425219941348974,0.000977517106549365,0.00334539490632725,0.37309181840602,0.469793051875222,0.153769734812431,0,-0.0125172378382987,1.28084195619152,-0.898689238894566,-0.846398397242343,-0.467872372716329
0.426197458455523,0.000977517106549365,0.00321591040430914,0.371416414524447,0.470535019573764,0.15483265549748,0,-0.0120327544354368,1.275332221593,-0.908268812388,-0.850389598425605,-0.46922667678885
0.427174975562072,0.000977517106549365,0.00308981092267186,0.36974082009537,0.471268905816363,0.155900463165595,0,-0.0115609365343708,1.26981467226735,-0.917815593978992,-0.85431535305696,-0.47053642918374
0.428152492668622,0.000977517106549365,0.00296705162670839,0.368065113579525,0.471994665768314,0.156973169025453,0,-0.0111016163801102,1.26428967385562,-0.927329001595253,-0.858175062572544,-0.471801269996462
0.429130009775171,0.000977517106549365,0.00284758768171169,0.36638937343765,0.472712254594908,0.158050784285731,0,-0.0106546262176643,1.25875759199885,-0.936808453164488,-0.861968128408487,-0.47302083932248
0.43010752688172,0.000977517106549365,0.00273137425297474,0.364713678130482,0.473421627461438,0.159133320155105,0,-0.0102197982920423,1.25321879233808,-0.946253366614408,-0.865693952000923,-0.474194777257259
0.43108504398827,0.000977517106549365,0.00261836650579049,0.363038106118758,0.474122739533198,0.160220787842253,0,-0.00979696484825358,1.24767364051436,-0.95566315987272,-0.869351934785985,-0.475322723896263
0.432062561094819,0.000977517106549365,0.00250851960545192,0.361362735863216,0.474815545975481,0.161313198555851,0,-0.0093859581313075,1.24212250216872,-0.965037250867132,-0.872941478199804,-0.476404319334955
0.433040078201369,0.000977517106549365,0.00240178871725201,0.359687645824593,0.475500001953579,0.162410563504576,0,-0.00898661038621336,1.23656574294221,-0.974375057525352,-0.876461983678513,-0.477439203668799
0.434017595307918,0.000977517106549365,0.00229812900648371,0.358012914463626,0.476176062632785,0.163512893897105,0,-0.00859875385798048,1.23100372847587,-0.98367599777509,-0.879912852658245,-0.47842701699326
0.434995112414467,0.000977517106549365,0.00219749563844,0.356338620241052,0.476843683178393,0.164620200942114,0,-0.0082222207916182,1.22543682441075,-0.992939489544052,-0.883293486575133,-0.479367399403802
0.435972629521017,0.000977517106549365,0.00209984377841385,0.35466484161761,0.477502818755696,0.16573249584828,0,-0.00785684343213583,1.21986539638787,-1.00216495075995,-0.886603286865308,-0.480259990995887
0.436950146627566,0.000977517106549365,0.00200512859169822,0.352991657054035,0.478153424529986,0.166849789824281,0,-0.00750245402454271,1.2142898100483,-1.01135179935048,-0.889841654964905,-0.481104431864982
0.437927663734115,0.000977517106549365,0.00191330524358609,0.351319145011066,0.478795455666556,0.167972094078792,0,-0.00715888481384815,1.20871043103306,-1.02049945324337,-0.893007992310054,-0.481900362106548
0.438905180840665,0.000977517106549365,0.00182432889937042,0.34964738394944,0.479428867330699,0.16909941982049,0,-0.00682596804506148,1.20312762498321,-1.02960733036632,-0.89610170033689,-0.482647421816052
0.439882697947214,0.000977517106549365,0.00173815472434419,0.347976452329894,0.480053614687709,0.170231778258053,0,-0.00650353596319202,1.19754175753977,-1.03867484864703,-0.899122180481543,-0.483345251088955
0.440860215053763,0.000977517106549365,0.00165473788380035,0.346306428613166,0.480669652902878,0.171369180600156,0,-0.0061914208132491,1.1919531943438,-1.04770142601321,-0.902068834180147,-0.483993490020723
0.441837732160313,0.000977517106549365,0.00157403354303189,0.344637391259991,0.481276937141499,0.172511638055478,0,-0.00588945484024205,1.18636230103634,-1.05668648039258,-0.904941062868835,-0.48459177870682
0.442815249266862,0.000977517106549365,0.00149599686733177,0.34296941873111,0.481875422568865,0.173659161832694,0,-0.00559747028918019,1.18076944325843,-1.06562942971284,-0.907738267983739,-0.485139757242709
0.443792766373412,0.000977517106549365,0.00142058302199296,0.341302589487257,0.48246506435027,0.174811763140481,0,-0.00531529940507283,1.17517498665111,-1.0745296919017,-0.910459850960991,-0.485637065723854
0.444770283479961,0.000977517106549365,0.00134774717230842,0.33963698198917,0.483045817651005,0.175969453187516,0,-0.00504277443292932,1.16957929685542,-1.08338668488686,-0.913105213236725,-0.48608334424572
0.44574780058651,0.000977517106549365,0.00127744448357113,0.337972674697588,0.483617637636365,0.177132243182476,0,-0.00477972761775896,1.16398273951241,-1.09219982659604,-0.915673756247072,-0.48647823290377
0.44672531769306,0.000977517106549365,0.00120963012107406,0.336309746073247,0.484180479471641,0.178300144334037,0,-0.0045259912045711,1.15838568026312,-1.10096853495694,-0.918164881428165,-0.486821371793468
0.447702834799609,0.000977517106549365,0.00114425925011018,0.334648274576885,0.484734298322128,0.179473167850877,0,-0.00428139743837504,1.15278848474858,-1.10969222789728,-0.920577990216138,-0.487112401010279
0.448680351906158,0.000977517106549365,0.00108128703597245,0.332988338669238,0.485279049353118,0.180651324941672,0,-0.00404577856418012,1.14719151860985,-1.11837032334475,-0.922912484047121,-0.487350960649666
0.449657869012708,0.000977517106549365,0.00102066864395384,0.331330016811044,0.485814687729904,0.181834626815098,0,-0.00381896682699566,1.14159514748796,-1.12700223922708,-0.92516776435725,-0.487536690807094
0.450635386119257,0.000977517106549365,0.000962359239347326,0.329673387463041,0.486341168617778,0.183023084679833,0,-0.00360079447183098,1.13599973702396,-1.13558739347196,-0.927343232582654,-0.487669231578026
0.451612903225806,0.000977517106549365,0.000906313987445874,0.328018529085966,0.486858447182035,0.184216709744554,0,-0.00339109374369542,1.13040565285888,-1.1441252040071,-0.929438290159467,-0.487748223057926
0.452590420332356,0.000977517106549365,0.000852488053542452,0.326365520140555,0.487366478587966,0.185415513217936,0,-0.00318969688759828,1.12481326063378,-1.15261508876022,-0.931452338523822,-0.487773305342259
0.453567937438905,0.000977517106549365,0.000800836602930031,0.324714439087547,0.487865218000865,0.186619506308658,0,-0.00299643614854891,1.11922292598969,-1.16105646565902,-0.933384779111852,-0.487744118526488
0.454545454545455,0.000977517106549365,0.000751314800901578,0.323065364387678,0.488354620586025,0.187828700225394,0,-0.00281114377155662,1.11363501456765,-1.16944875263121,-0.935235013359689,-0.487660302706077
0.455522971652004,0.000977517106549365,0.000703877812750064,0.321418374501687,0.488834641508739,0.189043106176824,0,-0.00263365200163073,1.10804989200871,-1.1777913676045,-0.937002442703464,-0.487521497976491
0.456500488758553,0.000977517106549365,0.000658480803768457,0.31977354789031,0.4893052359343,0.190262735371622,0,-0.00246379308378058,1.1024679239539,-1.18608372850659,-0.938686468579311,-0.487327344433193
0.457478005865103,0.000977517106549365,0.000615078939249727,0.318130963014284,0.489766359028,0.191487599018466,0,-0.00230139926301549,1.09688947604428,-1.1943252532652,-0.940286492423364,-0.487077482171647
0.458455522971652,0.000977517106549365,0.000573627384486841,0.316490698334347,0.490217965955133,0.192717708326033,0,-0.00214630278434477,1.09131491392088,-1.20251535980803,-0.941801915671753,-0.486771551287318
0.459433040078201,0.000977517106549365,0.00053408130477277,0.314852832311236,0.490660011880992,0.193953074502999,0,-0.00199833589277776,1.08574460322475,-1.21065346606279,-0.943232139760612,-0.486409191875669
0.460410557184751,0.000977517106549365,0.000496395865400483,0.313217443405689,0.491092451970869,0.195193708758042,0,-0.00185733083332379,1.08017890959692,-1.21873898995718,-0.944576566126074,-0.485990044032164
0.4613880742913,0.000977517106549365,0.000460526231662948,0.311584610078442,0.491515241390058,0.196439622299837,0,-0.00172311985099216,1.07461819867844,-1.22677134941893,-0.94583459620427,-0.485513747852267
0.462365591397849,0.000977517106549365,0.000426427568853134,0.309954410790234,0.491928335303851,0.197690826337062,0,-0.00159553519079222,1.06906283611036,-1.23474996237573,-0.947005631431333,-0.484979943431443
0.463343108504399,0.000977517106549365,0.000394055042264012,0.3083269240018,0.492331688877542,0.198947332078393,0,-0.00147440909773328,1.0635131875337,-1.24267424675529,-0.948089073243397,-0.484388270865155
0.464320625610948,0.000977517106549365,0.000363363817188549,0.30670222817388,0.492725257276424,0.200209150732507,0,-0.00135957381682467,1.05796961858953,-1.25054362048533,-0.949084323076593,-0.483738370248868
0.465298142717498,0.000977517106549365,0.000334309058919715,0.30508040176721,0.493108995665789,0.201476293508082,0,-0.00125086159307571,1.05243249491887,-1.25835750149355,-0.949990782367054,-0.483029881678044
0.466275659824047,0.000977517106549365,0.000306845932750479,0.303461523242527,0.49348285921093,0.202748771613793,0,-0.00114810467149573,1.04690218216277,-1.26611530770765,-0.950807852550912,-0.482262445248149
0.467253176930596,0.000977517106549365,0.00028092960397381,0.301845671060568,0.493846803077141,0.204026596258317,0,-0.00105113529709406,1.04137904596227,-1.27381645705535,-0.951534935064301,-0.481435701054646
0.468230694037146,0.000977517106549365,0.000256515237882677,0.300232923682071,0.494200782429714,0.205309778650332,0,-0.000959785714880007,1.03586345195841,-1.28146036746435,-0.952171431343353,-0.480549289192999
0.469208211143695,0.000977517106549365,0.000233557999770048,0.298623359567774,0.494544752433942,0.206598329998514,0,-0.000873888169862903,1.03035576579224,-1.28904645686237,-0.9527167428242,-0.479602849758673
0.470185728250244,0.000977517106549365,0.000212013054928894,0.297017057178413,0.494878668255119,0.207892261511539,0,-0.00079327490705208,1.0248563531048,-1.29657414317711,-0.953170270942976,-0.478596022847131
0.471163245356794,0.000977517106549365,0.000191835568652184,0.295414094974725,0.495202485058537,0.209191584398085,0,-0.000717778171456859,1.01936557953713,-1.30404284433628,-0.953531417135811,-0.477528448553837
0.472140762463343,0.000977517106549365,0.000172980706232886,0.293814551417449,0.49551615800949,0.210496309866828,0,-0.000647230208086562,1.01388381073027,-1.31145197826758,-0.95379958283884,-0.476399766974255
0.473118279569892,0.000977517106549365,0.00015540363296397,0.292218504967322,0.495819642273269,0.211806449126445,0,-0.000581463261950515,1.00841141232527,-1.31880096289873,-0.953974169488194,-0.47520961820385
0.474095796676442,0.000977517106549365,0.000139059514138404,0.29062603408508,0.496112893015169,0.213122013385613,0,-0.000520309578058043,1.00294874996316,-1.32608921615744,-0.954054578520006,-0.473957642338084
0.475073313782991,0.000977517106549365,0.000123903515049157,0.289037217231461,0.496395865400482,0.214443013853008,0,-0.000463601401418469,0.997496189284995,-1.3333161559714,-0.95404021137041,-0.472643479472423
0.476050830889541,0.000977517106549365,0.000109890800989199,0.287452132867202,0.496668514594501,0.215769461737308,0,-0.000411170977041119,0.992054095931807,-1.34048120026834,-0.953930469475537,-0.47126676970233
0.47702834799609,0.000977517106549365,9.69765372514994e-05,0.285870859453041,0.496930795762519,0.217101368247188,0,-0.000362850549935317,0.986622835544642,-1.34758376697596,-0.953724754271519,-0.469827153123269
0.478005865102639,0.000977517106549365,8.51158891290262e-05,0.284293475449715,0.497182664069829,0.218438744591327,0,-0.000318472365110387,0.981202773764541,-1.35462327402196,-0.953422467194491,-0.468324269830705
0.478983382209189,0.000977517106549365,7.42640219147488e-05,0.282720059317961,0.497424074681725,0.219781601978399,0,-0.000277868667575655,0.975794276232548,-1.36159913933406,-0.953023009680583,-0.4667577599201
0.479960899315738,0.000977517106549365,6.43761009016363e-05,0.281150689518517,0.497654982763498,0.221129951617084,0,-0.000240871702340445,0.970397708589704,-1.36851078083996,-0.952525783165929,-0.46512726348692
0.480938416422287,0.000977517106549365,5.54072913826579e-05,0.27958544451212,0.497875343480442,0.222483804716056,0,-0.00020731371441408,0.965013436477052,-1.37535761646737,-0.951930189086661,-0.463432420626628
0.481915933528837,0.000977517106549365,4.73127586507826e-05,0.278024402759506,0.49808511199785,0.223843172483993,0,-0.000177026948805887,0.959641825535632,-1.382139064144,-0.951235628878911,-0.461672871434688
0.482893450635386,0.000977517106549365,4.00476679989794e-05,0.276467642721414,0.498284243481015,0.225208066129571,0,-0.000149843650525189,0.954283241406488,-1.38885454179756,-0.950441503978814,-0.459848256006564
0.483870967741935,0.000977517106549365,3.35671847202174e-05,0.274915242858581,0.49847269309523,0.226578496861468,0,-0.000125596064581311,0.948938049730662,-1.39550346735576,-0.9495472158225,-0.45795821443772
0.484848484848485,0.000977517106549365,2.78264741074658e-05,0.273367281631744,0.498650416005788,0.22795447588836,0,-0.000104116435983578,0.943606616149195,-1.4020852587463,-0.948552165846103,-0.456002386823621
0.485826001955034,0.000977517106549365,2.27807014536935e-05,0.271823837501641,0.498817367377982,0.229336014418924,0,-8.5237009741314e-05,0.93828930630313,-1.40859933389689,-0.947455755485754,-0.453980413259729
0.486803519061584,0.000977517106549365,1.83850320518697e-05,0.270284988929008,0.498973502377104,0.230723123661836,0,-6.87900308638437e-05,0.932986485833509,-1.41504511073524,-0.946257386177587,-0.451891933841509
0.487781036168133,0.000977517106549365,1.45946311949633e-05,0.268750814374583,0.499118776168448,0.232115814825774,0,-5.46077443604917e-05,0.927698520381374,-1.42142200718906,-0.944956459357735,-0.449736588664427
0.488758553274682,0.000977517106549365,1.13646641759436e-05,0.267221392299103,0.499253143917307,0.233514099119414,0,-4.25223952405825e-05,0.922425775587767,-1.42772944118606,-0.943552376462328,-0.447514017823943
0.489736070381232,0.000977517106549365,8.65029628777955e-06,0.265696801163306,0.499376560788974,0.234917987751433,0,-3.23662285134409e-05,0.91716861709373,-1.43396683065395,-0.942044538927502,-0.445223861415525
0.490713587487781,0.000977517106549365,6.40669282344022e-06,0.264177119427929,0.499488981948741,0.236327491930507,0,-2.39714891883912e-05,0.911927410540305,-1.44013359352043,-0.940432348189387,-0.442865759534633
0.49169110459433,0.000977517106549365,4.58901907589471e-06,0.262662425553709,0.499590362561902,0.237742622865314,0,-1.71704222747581e-05,0.906702521568535,-1.44622914771321,-0.938715205684117,-0.440439352276734
0.49266862170088,0.000977517106549365,3.15244033811208e-06,0.261152798001383,0.499680657793749,0.23916339176453,0,-1.17952727818662e-05,0.901494315819461,-1.45225291116,-0.936892512847824,-0.437944279737292
0.493646138807429,0.000977517106549365,2.0521219030614e-06,0.259648315231689,0.499759822809576,0.240589809836831,0,-7.67828571904001e-06,0.896303158934126,-1.45820430178851,-0.934963671116641,-0.43538018201177
0.494623655913978,0.000977517106549365,1.24322906371176e-06,0.258149055705365,0.499827812774676,0.242021888290896,0,-4.65170609560412e-06,0.891129416553571,-1.46408273752644,-0.932928081926699,-0.43274669919563
0.495601173020528,0.000977517106549365,6.80927113032209e-07,0.256655097883146,0.499884582854341,0.2434596383354,0,-2.5477789208831e-06,0.885973454318839,-1.46988763630151,-0.930785146714133,-0.43004347138434
0.496578690127077,0.000977517106549365,3.20381343991835e-07,0.255166520225772,0.499930088213865,0.24490307117902,0,-1.19874920420151e-06,0.880835637870973,-1.47561841604143,-0.928534266915073,-0.427270138673361
0.497556207233627,0.000977517106549365,1.16757049559707e-07,0.253683401193978,0.49996428401854,0.246352198030432,0,-4.36861954883933e-07,0.875716332851013,-1.48127449467389,-0.926174843965654,-0.424426341158159
0.498533724340176,0.000977517106549365,2.52195227048966e-08,0.252205819248503,0.499987125433659,0.247807030098315,0,-9.43621822549296e-08,0.870615904900002,-1.48685529012662,-0.923706279302008,-0.421511718934197
0.499511241446725,0.000977517106549365,9.34056396477653e-10,0.250733852850084,0.499998567624516,0.249267578591344,0,-3.49489563907147e-09,0.865534719658983,-1.49236022032731,-0.921127974360265,-0.418525912096938
0.500488758553275,0.000977517106549365,0,0.249267578591344,0.499998567624516,0.250733852850084,9.34056396477653e-10,0,0.860473134345383,-1.49778872071675,-0.918439356990872,-0.415468582554528
0.501466275659824,0.000977517106549365,0,0.247807030098315,0.499987125433659,0.252205819248503,2.52195227048966e-08,0,0.855431312433515,-1.50314062953628,-0.915640462573429,-0.412339893906758
0.502443792766373,0.000977517106549365,0,0.246352198030432,0.49996428401854,0.253683401193978,1.16757049559707e-07,0,0.850409223654575,-1.50841618782787,-0.912731934016696,-0.409140511445069
0.503421309872923,0.000977517106549365,0,0.24490307117902,0.499930088213865,0.255166520225772,3.20381343991835e-07,0,0.845406829316146,-1.5136156541465,-0.909714440643742,-0.405871122273579
0.504398826979472,0.000977517106549365,0,0.2434596383354,0.499884582854341,0.256655097883146,6.80927113032209e-07,0,0.840424090725809,-1.51873928704719,-0.906588651777639,-0.402532413496411
0.505376344086022,0.000977517106549365,0,0.242021888290896,0.499827812774676,0.258149055705365,1.24322906371176e-06,0,0.835460969191149,-1.52378734508494,-0.903355236741457,-0.399125072217682
0.506353861192571,0.000977517106549365,0,0.240589809836831,0.499759822809576,0.259648315231689,2.0521219030614e-06,0,0.830517426019746,-1.52876008681477,-0.900014864858267,-0.395649785541515
0.50733137829912,0.000977517106549365,0,0.23916339176453,0.499680657793749,0.261152798001383,3.15244033811208e-06,0,0.825593422519184,-1.53365777079169,-0.896568205451138,-0.392107240572028
0.50830889540567,0.000977517106549365,0,0.237742622865314,0.499590362561902,0.262662425553709,4.58901907589471e-06,0,0.820688919997045,-1.53848065557069,-0.893015927843141,-0.388498124413341
0.509286412512219,0.000977517106549365,0,0.236327491930507,0.499488981948741,0.264177119427929,6.40669282344022e-06,0,0.815803879760912,-1.54322899970679,-0.889358701357347,-0.384823124169576
0.510263929618768,0.000977517106549365,0,0.234917987751433,0.499376560788974,0.265696801163306,8.65029628777955e-06,0,0.810938263118367,-1.547903061755,-0.885597195316827,-0.381082926944852
0.511241446725318,0.000977517106549365,0,0.233514099119414,0.499253143917307,0.267221392299103,1.13646641759436e-05,0,0.806092031376992,-1.55250310027032,-0.881732079044649,-0.377278219843289
0.512218963831867,0.000977517106549365,0,0.232115814825774,0.499118776168448,0.268750814374583,1.45946311949633e-05,0,0.80126514584437,-1.55702937380776,-0.877764021863886,-0.373409689969006
0.513196480938416,0.000977517106549365,0,0.230723123661836,0.498973502377104,0.270284988929008,1.83850320518697e-05,0,0.796457567828084,-1.56148214092234,-0.873693693097607,-0.369478024426125
0.514173998044966,0.000977517106549365,0,0.229336014418924,0.498817367377982,0.271823837501641,2.27807014536935e-05,0,0.791669258635716,-1.56586166016905,-0.869521762068883,-0.365483910318767
0.515151515151515,0.000977517106549365,0,0.22795447588836,0.498650416005788,0.273367281631744,2.78264741074658e-05,0,0.786900179574848,-1.57016819010291,-0.865248898100786,-0.36142803475105
0.516129032258065,0.000977517106549365,0,0.226578496861468,0.49847269309523,0.274915242858581,3.35671847202174e-05,0,0.782150291953064,-1.57440198927892,-0.860875770516383,-0.357311084827093
0.517106549364614,0.000977517106549365,0,0.225208066129571,0.498284243481015,0.276467642721414,4.00476679989794e-05,0,0.777419557077945,-1.5785633162521,-0.856403048638746,-0.353133747651019
0.518084066471163,0.000977517106549365,0,0.223843172483993,0.49808511199785,0.278024402759506,4.73127586507826e-05,0,0.772707936257074,-1.58265242957745,-0.851831401790947,-0.348896710326946
0.519061583577713,0.000977517106549365,0,0.222483804716056,0.497875343480442,0.27958544451212,5.54072913826579e-05,0,0.768015390798033,-1.58666958780998,-0.847161499296054,-0.344600659958995
0.520039100684262,0.000977517106549365,0,0.221129951617084,0.497654982763498,0.281150689518517,6.43761009016363e-05,0,0.763341882008406,-1.59061504950469,-0.842394010477139,-0.340246283651287
0.521016617790811,0.000977517106549365,0,0.219781601978399,0.497424074681725,0.282720059317961,7.42640219147488e-05,0,0.758687371195774,-1.5944890732166,-0.837529604657273,-0.335834268507941
0.521994134897361,0.000977517106549365,0,0.218438744591327,0.497182664069829,0.284293475449715,8.51158891290262e-05,0,0.75405181966772,-1.59829191750071,-0.832568951159524,-0.331365301633077
0.52297165200391,0.000977517106549365,0,0.217101368247188,0.496930795762519,0.285870859453041,9.69765372514994e-05,0,0.749435188731826,-1.60202384091203,-0.827512719306965,-0.326840070130815
0.523949169110459,0.000977517106549365,0,0.215769461737308,0.496668514594501,0.287452132867202,0.000109890800989199,0,0.744837439695676,-1.60568510200557,-0.822361578422666,-0.322259261105276
0.524926686217009,0.000977517106549365,0,0.214443013853008,0.496395865400482,0.289037217231461,0.000123903515049157,0,0.740258533866851,-1.60927595933634,-0.817116197829696,-0.317623561660579
0.525904203323558,0.000977517106549365,0,0.213122013385613,0.496112893015169,0.29062603408508,0.000139059514138404,0,0.735698432552934,-1.61279667145934,-0.811777246851126,-0.312933658900845
0.526881720430108,0.000977517106549365,0,0.211806449126445,0.495819642273269,0.292218504967322,0.00015540363296397,0,0.731157097061507,-1.61624749692959,-0.806345394810028,-0.308190239930194
0.527859237536657,0.000977517106549365,0,0.210496309866828,0.49551615800949,0.293814551417449,0.000172980706232886,0,0.726634488700153,-1.61962869430208,-0.80082131102947,-0.303393991852746
0.528836754643206,0.000977517106549365,0,0.209191584398085,0.495202485058537,0.295414094974725,0.000191835568652184,0,0.722130568776455,-1.62294052213184,-0.795205664832524,-0.298545601772621
0.529814271749756,0.000977517106549365,0,0.207892261511539,0.494878668255119,0.297017057178413,0.000212013054928894,0,0.717645298597994,-1.62618323897386,-0.78949912554226,-0.293645756793939
0.530791788856305,0.000977517106549365,0,0.206598329998514,0.494544752433942,0.298623359567774,0.000233557999770048,0,0.713178639472354,-1.62935710338316,-0.783702362481749,-0.288695144020819
0.531769305962854,0.000977517106549365,0,0.205309778650332,0.494200782429714,0.300232923682071,0.000256515237882676,0,0.708730552707117,-1.63246237391474,-0.777816044974062,-0.283694450557384
0.532746823069404,0.000977517106549365,0,0.204026596258317,0.493846803077141,0.301845671060568,0.000280929603973808,0,0.704300999609866,-1.63549930912362,-0.771840842342267,-0.278644363507752
0.533724340175953,0.000977517106549365,0,0.202748771613793,0.49348285921093,0.303461523242526,0.000306845932750477,0,0.699889941488182,-1.63846816756479,-0.765777423909436,-0.273545569976043
0.534701857282502,0.000977517106549365,0,0.201476293508082,0.493108995665789,0.30508040176721,0.000334309058919713,0,0.695497339649649,-1.64136920779327,-0.759626458998639,-0.268398757066378
0.535679374389052,0.000977517106549365,0,0.200209150732508,0.492725257276424,0.30670222817388,0.000363363817188547,0,0.691123155401849,-1.64420268836406,-0.753388616932947,-0.263204611882876
0.536656891495601,0.000977517106549365,0,0.198947332078393,0.492331688877542,0.3083269240018,0.00039405504226401,0,0.686767350052364,-1.64696886783218,-0.747064567035432,-0.257963821529659
0.53763440860215,0.000977517106549365,0,0.197690826337062,0.491928335303851,0.309954410790234,0.000426427568853132,0,0.682429884908777,-1.64966800475263,-0.740654978629161,-0.252677073110845
0.5386119257087,0.000977517106549365,0,0.196439622299837,0.491515241390058,0.311584610078442,0.000460526231662946,0,0.67811072127867,-1.65230035768042,-0.734160521037206,-0.247345053730555
0.539589442815249,0.000977517106549365,0,0.195193708758042,0.491092451970869,0.313217443405689,0.000496395865400481,0,0.673809820469626,-1.65486618517056,-0.727581863582639,-0.24196845049291
0.540566959921799,0.000977517106549365,0,0.193953074502999,0.490660011880992,0.314852832311236,0.000534081304772768,0,0.669527143789228,-1.65736574577805,-0.720919675588527,-0.236547950502029
0.541544477028348,0.000977517106549365,0,0.192717708326033,0.490217965955133,0.316490698334347,0.000573627384486839,0,0.665262652545057,-1.6597992980579,-0.714174626377945,-0.231084240862032
0.542521994134897,0.000977517106549365,0,0.191487599018466,0.489766359028,0.318130963014284,0.000615078939249724,0,0.661016308044697,-1.66216710056513,-0.707347385273959,-0.225578008677039
0.543499511241447,0.000977517106549365,0,0.190262735371622,0.4893052359343,0.319773547890309,0.000658480803768455,0,0.65678807159573,-1.66446941185474,-0.700438621599643,-0.220029941051172
0.544477028347996,0.000977517106549365,0,0.189043106176824,0.488834641508739,0.321418374501687,0.000703877812750062,0,0.652577904505737,-1.66670649048174,-0.693449004678065,-0.214440725088549
0.545454545454545,0.000977517106549365,0,0.187828700225394,0.488354620586026,0.323065364387678,0.000751314800901576,0,0.648385768082303,-1.66887859500113,-0.686379203832296,-0.20881104789329
0.546432062561095,0.000977517106549365,0,0.186619506308658,0.487865218000866,0.324714439087547,0.000800836602930028,0,0.644211623633009,-1.67098598396792,-0.679229888385407,-0.203141596569517
0.547409579667644,0.000977517106549365,0,0.185415513217936,0.487366478587966,0.326365520140555,0.000852488053542449,0,0.640055432465438,-1.67302891593713,-0.672001727660468,-0.197433058221348
0.548387096774194,0.000977517106549365,0,0.184216709744554,0.486858447182035,0.328018529085965,0.000906313987445871,0,0.635917155887173,-1.67500764946376,-0.66469539098055,-0.191686119952905
0.549364613880743,0.000977517106549365,0,0.183023084679833,0.486341168617778,0.329673387463041,0.000962359239347323,0,0.631796755205795,-1.67692244310281,-0.657311547668723,-0.185901468868306
0.550342130987292,0.000977517106549365,0,0.181834626815098,0.485814687729904,0.331330016811044,0.00102066864395384,0,0.627694191728887,-1.6787735554093,-0.649850867048058,-0.180079792071673
0.551319648093842,0.000977517106549365,0,0.180651324941672,0.485279049353118,0.332988338669238,0.00108128703597244,0,0.623609426764032,-1.68056124493824,-0.642314018441625,-0.174221776667126
0.552297165200391,0.000977517106549365,0,0.179473167850877,0.484734298322128,0.334648274576885,0.00114425925011017,0,0.619542421618813,-1.68228577024462,-0.634701671172494,-0.168328109758784
0.55327468230694,0.000977517106549365,0,0.178300144334037,0.484180479471642,0.336309746073247,0.00120963012107406,0,0.615493137600811,-1.68394738988347,-0.627014494563735,-0.162399478450767
0.55425219941349,0.000977517106549365,0,0.177132243182476,0.483617637636365,0.337972674697588,0.00127744448357113,0,0.61146153601761,-1.68554636240978,-0.619253157938421,-0.156436569847196
0.555229716520039,0.000977517106549365,0,0.175969453187516,0.483045817651005,0.33963698198917,0.00134774717230842,0,0.607447578176791,-1.68708294637857,-0.611418330619619,-0.150440071052191
0.556207233626588,0.000977517106549365,0,0.174811763140481,0.48246506435027,0.341302589487257,0.00142058302199295,0,0.603451225385938,-1.68855740034485,-0.603510681930403,-0.144410669169872
0.557184750733138,0.000977517106549365,0,0.173659161832694,0.481875422568865,0.342969418731109,0.00149599686733176,0,0.599472438952632,-1.68996998286362,-0.595530881193841,-0.138349051304359
0.558162267839687,0.000977517106549365,0,0.172511638055478,0.481276937141499,0.344637391259991,0.00157403354303189,0,0.595511180184457,-1.69132095248989,-0.587479597733005,-0.132255904559772
0.559139784946237,0.000977517106549365,0,0.171369180600156,0.480669652902878,0.346306428613165,0.00165473788380035,0,0.591567410388995,-1.69261056777866,-0.579357500870963,-0.126131916040231
0.560117302052786,0.000977517106549365,0,0.170231778258053,0.480053614687709,0.347976452329894,0.00173815472434418,0,0.587641090873827,-1.69383908728495,-0.571165259930788,-0.119977772849856
0.561094819159335,0.000977517106549365,0,0.16909941982049,0.479428867330699,0.34964738394944,0.00182432889937042,0,0.583732182946538,-1.69500676956377,-0.562903544235549,-0.113794162092769
0.562072336265885,0.000977517106549365,0,0.167972094078792,0.478795455666556,0.351319145011066,0.00191330524358608,0,0.579840647914708,-1.69611387317012,-0.554573023108317,-0.107581770873087
0.563049853372434,0.000977517106549365,0,0.166849789824281,0.478153424529986,0.352991657054035,0.00200512859169822,0,0.575966447085922,-1.69716065665901,-0.546174365872163,-0.101341286294932
0.564027370478983,0.000977517106549365,0,0.16573249584828,0.477502818755696,0.35466484161761,0.00209984377841385,0,0.57210954176776,-1.69814737858545,-0.537708241850155,-0.0950733954624235
0.565004887585533,0.000977517106549365,0,0.164620200942114,0.476843683178393,0.356338620241052,0.00219749563844001,0,0.568269893267806,-1.69907429750444,-0.529175320365367,-0.0887787854796823
0.565982404692082,0.000977517106549365,0,0.163512893897105,0.476176062632785,0.358012914463626,0.00229812900648372,0,0.564447462893643,-1.699941671971,-0.520576270740868,-0.0824581434508279
0.566959921798632,0.000977517106549365,0,0.162410563504576,0.475500001953579,0.359687645824593,0.00240178871725202,0,0.560642211952852,-1.70074976054014,-0.511911762299727,-0.0761121564799808
0.567937438905181,0.000977517106549365,0,0.161313198555851,0.474815545975481,0.361362735863216,0.00250851960545193,0,0.556854101753017,-1.70149882176685,-0.503182464365017,-0.069741511671261
0.56891495601173,0.000977517106549365,0,0.160220787842253,0.474122739533198,0.363038106118758,0.0026183665057905,0,0.553083093601719,-1.70218911420615,-0.494389046259807,-0.0633468961287884
0.56989247311828,0.000977517106549365,0,0.159133320155105,0.473421627461438,0.364713678130482,0.00273137425297474,0,0.549329148806541,-1.70282089641305,-0.485532177307167,-0.0569289969566829
0.570869990224829,0.000977517106549365,0,0.158050784285731,0.472712254594908,0.36638937343765,0.0028475876817117,0,0.545592228675066,-1.70339442694255,-0.476612526830167,-0.0504885012590646
0.571847507331378,0.000977517106549365,0,0.156973169025453,0.471994665768314,0.368065113579525,0.0029670516267084,0,0.541872294514877,-1.70390996434967,-0.46763076415188,-0.0440260961400548
0.572825024437928,0.000977517106549365,0,0.155900463165595,0.471268905816363,0.36974082009537,0.00308981092267187,0,0.538169307633554,-1.70436776718941,-0.458587558595374,-0.037542468703772
0.573802541544477,0.000977517106549365,0,0.15483265549748,0.470535019573764,0.371416414524447,0.00321591040430915,0,0.534483229338682,-1.70476809401677,-0.449483579483721,-0.0310383060543373
0.574780058651026,0.000977517106549365,0,0.153769734812431,0.469793051875222,0.37309181840602,0.00334539490632726,0,0.530814020937843,-1.70511120338678,-0.44031949613999,-0.0245142952958703
0.575757575757576,0.000977517106549365,0,0.152711689901773,0.469043047555444,0.37476695327935,0.00347830926343324,0,0.527161643738619,-1.70539735385442,-0.431095977887254,-0.0179711235324917
0.576735092864125,0.000977517106549365,0,0.151658509556826,0.468285051449139,0.376441740683701,0.00361469831033411,0,0.523526059048593,-1.70562680397472,-0.421813694048579,-0.0114094778683205
0.577712609970675,0.000977517106549365,0,0.150610182568917,0.467519108391012,0.378116102158335,0.00375460688173691,0,0.519907228175346,-1.70579981230269,-0.412473313947039,-0.00483004540747748
0.578690127077224,0.000977517106549365,0,0.149566697729366,0.466745263215771,0.379789959242515,0.00389807981234867,0,0.516305112426462,-1.70591663739332,-0.403075506905705,0.00176648674591624
0.579667644183773,0.000977517106549365,0,0.148528043829498,0.465963560758123,0.381463233475503,0.00404516193687642,0,0.512719673109524,-1.70597753780163,-0.393620942247645,0.00837943148774219
0.580645161290323,0.000977517106549365,0,0.147494209660636,0.465174045852774,0.383135846396563,0.0041958980900272,0,0.509150871532113,-1.70598277208262,-0.38411028929593,0.0150081017138799
0.581622678396872,0.000977517106549365,0,0.146465184014103,0.464376763334433,0.384807719544957,0.00435033310650802,0,0.505598669001812,-1.70593259879131,-0.374544217373632,0.0216518103202083
0.582600195503421,0.000977517106549365,0,0.145440955681222,0.463571758037805,0.386478774459947,0.00450851182102592,0,0.502063026826204,-1.70582727648269,-0.36492339580382,0.0283098702026085
0.583577712609971,0.000977517106549365,0,0.144421513453317,0.462759074797599,0.388148932680797,0.00467047906828794,0,0.498543906312871,-1.70566706371179,-0.355248493909565,0.0349815942569596
0.58455522971652,0.000977517106549365,0,0.14340684612171,0.46193875844852,0.389818115746769,0.0048362796830011,0,0.495041268769395,-1.70545221903361,-0.345520181013937,0.0416662953791417
0.58553274682307,0.000977517106549365,0,0.142396942477726,0.461110853825277,0.391486245197125,0.00500595849987244,0,0.49155507550336,-1.70518300100315,-0.335739126440007,0.0483632864650349
0.586510263929619,0.000977517106549365,0,0.141391791312686,0.460275405762575,0.393153242571129,0.00517956035360899,0,0.488085287822347,-1.70485966817542,-0.325905999510845,0.0550718804105189
0.587487781036168,0.000977517106549365,0,0.140391381417916,0.459432459095123,0.394819029408044,0.00535713007891777,0,0.484631867033939,-1.70448247910543,-0.316021469549522,0.0617913901114734
0.588465298142718,0.000977517106549365,0,0.139395701584737,0.458582058657626,0.396483527247131,0.00553871251050582,0,0.481194774445719,-1.7040516923482,-0.306086205879106,0.0685211284637796
0.589442815249267,0.000977517106549365,0,0.138404740604473,0.457724249284793,0.398146657627653,0.00572435248308016,0,0.477773971365269,-1.70356756645872,-0.296100877822672,0.0752604083633152
0.590420332355816,0.000977517106549365,0,0.137418487268447,0.45685907581133,0.399808342088875,0.00591409483134784,0,0.474369419100171,-1.70303035999201,-0.286066154703287,0.0820085427059614
0.591397849462366,0.000977517106549365,0,0.136436930367983,0.455986583071944,0.401468502170056,0.00610798439001588,0,0.470981078958008,-1.70244033150307,-0.275982705844023,0.0887648443875982
0.592375366568915,0.000977517106549365,0,0.135460058694404,0.455106815901343,0.403127059410462,0.00630606599379131,0,0.467608912246363,-1.70179773954691,-0.265851200567949,0.0955286263041052
0.593352883675464,0.000977517106549365,0,0.134487861039033,0.454219819134232,0.404783935349354,0.00650838447738116,0,0.464252880272818,-1.70110284267855,-0.255672308198136,0.102299201351363
0.594330400782014,0.000977517106549365,0,0.133520326193192,0.45332563760532,0.406439051525995,0.00671498467549247,0,0.460912944344956,-1.70035589945298,-0.245446698057656,0.109075882425249
0.595307917888563,0.000977517106549365,0,0.132557442948207,0.452424316149314,0.408092329479647,0.00692591142283226,0,0.457589065770359,-1.69955716842521,-0.235175039469578,0.115857982421646
0.596285434995112,0.000977517106549365,0,0.131599200095399,0.451515899600919,0.409743690749574,0.00714120955410757,0,0.454281205856609,-1.69870690815026,-0.224858001756972,0.122644814236433
0.597262952101662,0.000977517106549365,0,0.130645586426091,0.450600432794844,0.411393056875039,0.00736092390402542,0,0.450989325911289,-1.69780537718313,-0.214496254242909,0.12943569076549
0.598240469208211,0.000977517106549365,0,0.129696590731608,0.449677960565796,0.413040349395303,0.00758509930729285,0,0.447713387241982,-1.69685283407884,-0.20409046625046,0.136229924904696
0.59921798631476,0.000977517106549365,0,0.128752201803273,0.448748527748481,0.414685489849629,0.00781378059861689,0,0.444453351156269,-1.69584953739238,-0.193641307102696,0.143026829549931
0.60019550342131,0.000977517106549365,0,0.127812408432408,0.447812179177606,0.416328399777281,0.00804701261270457,0,0.441209178961734,-1.69479574567876,-0.183149446122685,0.149825717597077
0.601173020527859,0.000977517106549365,0,0.126877199410337,0.446868959687879,0.417969000717521,0.00828484018426292,0,0.43798083196596,-1.693691717493,-0.172615552633499,0.156625901942011
0.602150537634409,0.000977517106549365,0,0.125946563528384,0.445918914114007,0.419607214209611,0.00852730814799897,0,0.434768271476527,-1.6925377113901,-0.162040295958209,0.163426695480615
0.603128054740958,0.000977517106549365,0,0.12502048957787,0.444962087290696,0.421242961792815,0.00877446133861975,0,0.43157145880102,-1.69133398592507,-0.151424345419885,0.170227411108767
0.604105571847507,0.000977517106549365,0,0.12409896635012,0.443998524052653,0.422876165006394,0.00902634459083229,0,0.42839035524702,-1.69008079965292,-0.140768370341597,0.177027361722349
0.605083088954057,0.000977517106549365,0,0.123181982636458,0.443028269234586,0.424506745389612,0.00928300273934363,0,0.42522492212211,-1.68877841112866,-0.130073040046415,0.183825860217239
0.606060606060606,0.000977517106549365,0,0.122269527228205,0.442051367671202,0.426134624481732,0.00954448061886079,0,0.422075120733872,-1.68742707890729,-0.119339023857411,0.190622219489318
0.607038123167155,0.000977517106549365,0,0.121361588916686,0.441067864197208,0.427759723822016,0.00981082306409081,0,0.41894091238989,-1.68602706154382,-0.108566991097655,0.197415752434466
0.608015640273705,0.000977517106549365,0,0.120458156493223,0.44007780364731,0.429381964949726,0.0100820749097407,0,0.415822258397745,-1.68457861759327,-0.0977576110902158,0.204205771948562
0.608993157380254,0.000977517106549365,0,0.11955921874914,0.439081230856216,0.431001269404126,0.0103582809905175,0,0.41271912006502,-1.68308200561063,-0.0869115531581656,0.210991590927487
0.609970674486804,0.000977517106549365,0,0.11866476447576,0.438078190658633,0.432617558724478,0.0106394861411283,0,0.409631458699297,-1.68153748415092,-0.0760294866245747,0.21777252226712
0.610948191593353,0.000977517106549365,0,0.117774782464407,0.437068727889268,0.434230754450045,0.01092573519628,0,0.406559235608159,-1.67994531176914,-0.0651120808125125,0.224547878863342
0.611925708699902,0.000977517106549365,0,0.116889261506403,0.436052887382828,0.43584077812009,0.0112170729906798,0,0.403502412099189,-1.6783057470203,-0.0541600050450514,0.231316973612031
0.612903225806452,0.000977517106549365,0,0.116008190393072,0.435030713974019,0.437447551273875,0.0115135443590346,0,0.400460949479969,-1.67661904845942,-0.0431739286452595,0.238079119409069
0.613880742913001,0.000977517106549365,0,0.115131557915737,0.434002252497549,0.439050995450662,0.0118151941360515,0,0.397434809058081,-1.67488547464149,-0.0321545209362084,0.244833629150335
0.61485826001955,0.000977517106549365,0,0.114259352865721,0.432967547788126,0.440651032189716,0.0121220671564375,0,0.394423952141108,-1.67310528412153,-0.0211024512409692,0.251579815731708
0.6158357771261,0.000977517106549365,0,0.113391564034348,0.431926644680455,0.442247583030298,0.0124342082548996,0,0.391428340036632,-1.67127873545455,-0.0100183888826117,0.258316992049069
0.616813294232649,0.000977517106549365,0,0.112528180212941,0.430879588009244,0.44384056951167,0.0127516622661448,0,0.388447934052236,-1.66940608719554,0.00109699681579479,0.265044470998298
0.617790811339198,0.000977517106549365,0,0.111669190192822,0.4298264226092,0.445429913173097,0.0130744740248803,0,0.385482695495503,-1.66748759789953,0.0122430365311783,0.271761565475274
0.618768328445748,0.000977517106549365,0,0.110814582765316,0.428767193315031,0.44701553555384,0.013402688365813,0,0.382532585674014,-1.66552352612152,0.0234190609404684,0.278467588375878
0.619745845552297,0.000977517106549365,0,0.109964346721746,0.427701944961442,0.448597358193162,0.01373635012365,0,0.379597565895353,-1.66351413041651,0.0346244007205947,0.285161852595988
0.620723362658847,0.000977517106549365,0,0.109118470853434,0.426630722383142,0.450175302630326,0.0140755041330982,0,0.376677597467102,-1.66145966933952,0.0458583865484882,0.291843671031487
0.621700879765396,0.000977517106549365,0,0.108276943951704,0.425553570414837,0.451749290404595,0.0144201952288648,0,0.373772641696843,-1.65936040144555,0.0571203491010771,0.298512356578252
0.622678396871945,0.000977517106549365,0,0.107439754807879,0.424470533891234,0.45331924305523,0.0147704682456567,0,0.370882659892159,-1.65721658528961,0.0684096190552904,0.305167222132164
0.623655913978495,0.000977517106549365,0,0.106606892213283,0.42338165764704,0.454885082121496,0.015126368018181,0,0.368007613360632,-1.65502847942671,0.0797255270880592,0.311807580589104
0.624633431085044,0.000977517106549365,0,0.105778344959239,0.422286986516962,0.456446729142654,0.0154879393811447,0,0.365147463409845,-1.65279634241186,0.0910674038763122,0.31843274484495
0.625610948191593,0.000977517106549365,0,0.10495410183707,0.421186565335708,0.458004105657968,0.0158552271692548,0,0.362302171347381,-1.65052043280006,0.102434580096979,0.325042027795582
0.626588465298143,0.000977517106549365,0,0.104134151638099,0.420080438937984,0.459557133206699,0.0162282762172185,0,0.359471698480821,-1.64820100914633,0.113826386426989,0.331634742336881
0.627565982404692,0.000977517106549365,0,0.103318483153649,0.418968652158497,0.461105733328111,0.0166071313597426,0,0.356656006117749,-1.64583833000567,0.125242153543272,0.338210201364727
0.628543499511241,0.000977517106549365,0,0.102507085175044,0.417851249831955,0.462649827561467,0.0169918374315343,0,0.353855055565746,-1.64343265393308,0.136681212122758,0.344767717774999
0.629521016617791,0.000977517106549365,0,0.101699946493607,0.416728276793064,0.464189337446029,0.0173824392673005,0,0.351068808132396,-1.64098423948359,0.148142892842376,0.351306604463577
0.63049853372434,0.000977517106549365,0,0.100897055900661,0.415599777876532,0.465724184521059,0.0177789817017483,0,0.348297225125281,-1.63849334521219,0.159626526379054,0.357826174326342
0.63147605083089,0.000977517106549365,0,0.100098402187529,0.414465797917065,0.467254290325821,0.0181815095695848,0,0.345540267851983,-1.63596022967389,0.171131443409725,0.364325740259172
0.632453567937439,0.000977517106549365,0,0.0993039741455357,0.41332638174937,0.468779576399577,0.0185900677055169,0,0.342797897620085,-1.6333851514237,0.182656974611316,0.370804615157949
0.633431085043988,0.000977517106549365,0,0.0985137605660028,0.412181574208156,0.47029996428159,0.0190047009442517,0,0.340070075737169,-1.63076836901663,0.194202450660757,0.377262111918551
0.634408602150538,0.000977517106549365,0,0.097727750240254,0.411031420128127,0.471815375511123,0.0194254541204962,0,0.337356763510817,-1.62811014100769,0.205767202234979,0.383697543436859
0.635386119257087,0.000977517106549365,0,0.0969459319596127,0.409875964343992,0.473325731627437,0.0198523720689575,0,0.334657922248613,-1.62541072595189,0.21735056001091,0.390110222608753
0.636363636363636,0.000977517106549365,0,0.096168294515402,0.408715251690458,0.474830954169797,0.0202854996243426,0,0.331973513258139,-1.62267038240422,0.228951854665479,0.396499462330112
0.637341153470186,0.000977517106549365,0,0.0953948266989451,0.407549327002232,0.476330964677465,0.0207248816213585,0,0.329303497846977,-1.61988936891971,0.240570416875617,0.402864575496816
0.638318670576735,0.000977517106549365,0,0.0946255173015654,0.40637823511402,0.477825684689702,0.0211705628947122,0,0.32664783732271,-1.61706794405336,0.252205577318253,0.409204875004746
0.639296187683284,0.000977517106549365,0,0.093860355114586,0.40520202086053,0.479315035745773,0.0216225882791108,0,0.32400649299292,-1.61420636636018,0.263856666670317,0.415519673749782
0.640273704789834,0.000977517106549365,0,0.0930993289293303,0.404020729076469,0.48079893938494,0.0220810026092613,0,0.32137942616519,-1.61130489439517,0.275523015608737,0.421808284627802
0.641251221896383,0.000977517106549365,0,0.0923424275371214,0.402834404596543,0.482277317146465,0.0225458507198708,0,0.318766598147102,-1.60836378671335,0.287203954810445,0.428070020534687
0.642228739002933,0.000977517106549365,0,0.0915896397292826,0.40164309225546,0.483750090569611,0.0230171774456462,0,0.316167970246239,-1.60538330186972,0.298898814952368,0.434304194366317
0.643206256109482,0.000977517106549365,0,0.0908409542971371,0.400446836887927,0.485217181193641,0.0234950276212946,0,0.313583503770183,-1.60236369841929,0.310606926711437,0.440510119018572
0.644183773216031,0.000977517106549365,0,0.0900963600320081,0.399245683328651,0.486678510557817,0.023979446081523,0,0.311013160026517,-1.59930523491706,0.322327620764582,0.446687107387332
0.645161290322581,0.000977517106549365,0,0.089355845725219,0.398039676412339,0.488134000201403,0.0244704776610386,0,0.308456900322823,-1.59620816991805,0.334060227788731,0.452834472368476
0.64613880742913,0.000977517106549365,0,0.088619400168093,0.396828860973698,0.489583571663661,0.0249681671945482,0,0.305914685966684,-1.59307276197727,0.345804078460815,0.458951526857885
0.647116324535679,0.000977517106549365,0,0.0878870121519532,0.395613281847435,0.491027146483853,0.0254725595167589,0,0.303386478265682,-1.58989926964971,0.357558503457763,0.465037583751438
0.648093841642229,0.000977517106549365,0,0.087158670468123,0.394392983868257,0.492464646201243,0.0259836994623778,0,0.3008722385274,-1.5866879514904,0.369322833456505,0.471091955945016
0.649071358748778,0.000977517106549365,0,0.0864343639079256,0.39316801187087,0.493895992355092,0.0265016318661118,0,0.298371928059419,-1.58343906605433,0.381096399133969,0.477113956334497
0.650048875855327,0.000977517106549365,0,0.0857140812626842,0.391938410689983,0.495321106484664,0.0270264015626681,0,0.295885508169324,-1.58015287189652,0.392878531167086,0.483102897815763
0.651026392961877,0.000977517106549365,0,0.0849978113237221,0.390704225160302,0.496739910129222,0.0275580533867537,0,0.293412940164696,-1.57682962757198,0.404668560232786,0.489058093284693
0.652003910068426,0.000977517106549365,0,0.0842855428823625,0.389465500116534,0.498152324828028,0.0280966321730755,0,0.290954185353117,-1.57346959163571,0.416465817007997,0.494978855637166
0.652981427174976,0.000977517106549365,0,0.0835772647299286,0.388222280393386,0.499558272120344,0.0286421827563406,0,0.288509205042171,-1.57007302264271,0.428269632169649,0.500864497769064
0.653958944281525,0.000977517106549365,0,0.0828729656577437,0.386974610825566,0.500957673545434,0.029194749971256,0,0.286077960539439,-1.56664017914801,0.440079336394672,0.506714332576265
0.654936461388074,0.000977517106549365,0,0.0821726344571311,0.385722536247779,0.502350450642561,0.0297543786525289,0,0.283660413152504,-1.5631713197066,0.451894260359996,0.512527672954649
0.655913978494624,0.000977517106549365,0,0.0814762599194139,0.384466101494734,0.503736524950986,0.0303211136348661,0,0.281256524188949,-1.55966670287349,0.463713734742549,0.518303831800097
0.656891495601173,0.000977517106549365,0,0.0807838308359155,0.383205351401137,0.505115818009972,0.0308949997529748,0,0.278866254956356,-1.5561265872037,0.475537090219262,0.524042122008488
0.657869012707722,0.000977517106549365,0,0.080095335997959,0.381940330801696,0.506488251358783,0.0314760818415619,0,0.276489566762308,-1.55255123125223,0.487363657467065,0.529741856475703
0.658846529814272,0.000977517106549365,0,0.0794107641968677,0.380671084531117,0.507853746536681,0.0320644047353345,0,0.274126420914387,-1.54894089357408,0.499192767162884,0.53540234809762
0.659824046920821,0.000977517106549365,0,0.0787301042239649,0.379397657424107,0.509212225082929,0.0326600132689997,0,0.271776778720176,-1.54529583272428,0.511023749983654,0.541022909770122
0.66080156402737,0.000977517106549365,0,0.0780533448705738,0.378120094315373,0.510563608536789,0.0332629522772644,0,0.269440601487257,-1.54161630725781,0.522855936606299,0.546602854389084
0.66177908113392,0.000977517106549365,0,0.0773804749280176,0.376838440039623,0.511907818437524,0.0338732665948357,0,0.267117850523212,-1.5379025757297,0.534688657707753,0.552141494850391
0.662756598240469,0.000977517106549365,0,0.0767114831876196,0.375552739431564,0.513244776324396,0.0344910010564206,0,0.264808487135624,-1.53415489669495,0.546521243964943,0.55763814404992
0.663734115347019,0.000977517106549365,0,0.076046358440703,0.374263037325901,0.514574403736669,0.0351162004967261,0,0.262512472632076,-1.53037352870857,0.558353026054801,0.563092114883552
0.664711632453568,0.000977517106549365,0,0.075385089478591,0.372969378557344,0.515896622213606,0.0357489097504594,0,0.26022976832015,-1.52655873032557,0.570183334654253,0.568502720247166
0.665689149560117,0.000977517106549365,0,0.074727665092607,0.371671807960598,0.517211353294468,0.0363891736523273,0,0.257960335507429,-1.52271076010094,0.582011500440231,0.573869273036643
0.666666666666667,0.000977517106549365,0,0.0740740740740741,0.37037037037037,0.518518518518518,0.037037037037037,0,0.255704135501495,-1.51882987658972,0.593836854089664,0.579191086147862
0.667644183773216,0.000977517106549365,0,0.0734243052143156,0.369065110621369,0.51981803942502,0.0376925447392955,0,0.25346112960993,-1.51491633834689,0.605658726279482,0.584467472476703
0.668621700879765,0.000977517106549365,0,0.0727783473046547,0.367756073548299,0.521109837553236,0.0383557415938098,0,0.251231279140318,-1.51097040392747,0.617476447686614,0.589697744919046
0.669599217986315,0.000977517106549365,0,0.0721361891364147,0.36644330398587,0.522393834442429,0.0390266724352869,0,0.24901454540024,-1.50699233188647,0.629289348987989,0.594881216370772
0.670576735092864,0.000977517106549365,0,0.0714978195009188,0.365126846768787,0.52366995163186,0.0397053820984338,0,0.246810889697279,-1.50298238077889,0.641096760860537,0.600017199727759
0.671554252199413,0.000977517106549365,0,0.0708632271894903,0.363806746731758,0.524938110660794,0.0403919154179577,0,0.244620273339018,-1.49894080915975,0.652898013981188,0.605105007885887
0.672531769305963,0.000977517106549365,0,0.0702324009934523,0.36248304870949,0.526198233068493,0.0410863172285655,0,0.242442657633038,-1.49486787558404,0.664692439026872,0.610143953741038
0.673509286412512,0.000977517106549365,0,0.0696053297041282,0.361155797536689,0.527450240394218,0.0417886323649643,0,0.240278003886924,-1.49076383860679,0.676479366674517,0.61513335018909
0.674486803519062,0.000977517106549365,0,0.0689820021128412,0.359825038048063,0.528694054177234,0.042498905661861,0,0.238126273408256,-1.48662895678299,0.688258127601054,0.620072510125924
0.675464320625611,0.000977517106549365,0,0.0683624070109145,0.35849081507832,0.529929595956803,0.0432171819539628,0,0.235987427504618,-1.48246348866766,0.700028052483412,0.624960746447419
0.67644183773216,0.000977517106549365,0,0.0677465331896714,0.357153173462165,0.531156787272187,0.0439435060759766,0,0.233861427483591,-1.4782676928158,0.71178847199852,0.629797372049455
0.67741935483871,0.000977517106549365,0,0.0671343694404351,0.355812158034306,0.53237554966265,0.0446779228626095,0,0.23174823465276,-1.47404182778242,0.723538716823308,0.634581699827912
0.678396871945259,0.000977517106549365,0,0.0665259045545288,0.35446781362945,0.533585804667453,0.0454204771485685,0,0.229647810319705,-1.46978615212253,0.735278117634706,0.639313042678671
0.679374389051808,0.000977517106549365,0,0.0659211273232758,0.353120185082304,0.53478747382586,0.0461712137685606,0,0.22756011579201,-1.46550092439114,0.747006005109643,0.64399071349761
0.680351906158358,0.000977517106549365,0,0.0653200265379994,0.351769317227575,0.535980478677133,0.046930177557293,0,0.225485112377257,-1.46118640314325,0.758721709925049,0.648614025180611
0.681329423264907,0.000977517106549365,0,0.0647225909900227,0.35041525489997,0.537164740760535,0.0476974133494725,0,0.223422761383028,-1.45684284693388,0.770424562757853,0.653182290623551
0.682306940371456,0.000977517106549365,0,0.0641288094706691,0.349058042934196,0.538340181615329,0.0484729659798063,0,0.221373024116906,-1.45247051431803,0.782113894284985,0.657694822722313
0.683284457478006,0.000977517106549365,0,0.0635386707712617,0.34769772616496,0.539506722780777,0.0492568802830013,0,0.219335861886474,-1.4480696638507,0.793789035183374,0.662150934372775
0.684261974584555,0.000977517106549365,0,0.0629521636831238,0.346334349426969,0.540664285796142,0.0500492010937647,0,0.217311235999314,-1.44364055408692,0.80544931612995,0.666549938470818
0.685239491691105,0.000977517106549365,0,0.0623692769975787,0.344967957554931,0.541812792200687,0.0508499732468033,0,0.215299107763008,-1.43918344358168,0.817094067801643,0.67089114791232
0.686217008797654,0.000977517106549365,0,0.0617899995059496,0.343598595383551,0.542952163533675,0.0516592415768244,0,0.21329943848514,-1.43469859088999,0.828722620875381,0.675173875593163
0.687194525904203,0.000977517106549365,0,0.0612143199995597,0.342226307747538,0.544082321334367,0.0524770509185348,0,0.21131218947329,-1.43018625456687,0.840334306028095,0.679397434409226
0.688172043010753,0.000977517106549365,0,0.0606422272697322,0.340851139481598,0.545203187142028,0.0533034461066417,0,0.209337322035043,-1.42564669316731,0.851928453936715,0.68356113725639
0.689149560117302,0.000977517106549365,0,0.0600737101077905,0.339473135420439,0.546314682495919,0.054138471975852,0,0.20737479747798,-1.42108016524633,0.863504395278169,0.687664297030533
0.690127077223851,0.000977517106549365,0,0.0595087573050577,0.338092340398767,0.547416728935303,0.0549821733608728,0,0.205424577109684,-1.41648692935894,0.875061460729387,0.691706226627536
0.691104594330401,0.000977517106549365,0,0.0589473576528572,0.336708799251289,0.548509247999443,0.0558345950964111,0,0.203486622237737,-1.41186724406014,0.886598980967298,0.695686238943278
0.69208211143695,0.000977517106549365,0,0.0583894999425121,0.335322556812712,0.549592161227602,0.056695782017174,0,0.201560894169723,-1.40722136790494,0.898116286668834,0.699603646873641
0.6930596285435,0.000977517106549365,0,0.0578351729653456,0.333933657917744,0.550665390159042,0.0575657789578684,0,0.199647354213222,-1.40254955944835,0.909612708510922,0.703457763314502
0.694037145650049,0.000977517106549365,0,0.0572843655126812,0.332542147401092,0.551728856333026,0.0584446307532014,0,0.197745963675819,-1.39785207724538,0.921087577170493,0.707247901161743
0.695014662756598,0.000977517106549365,0,0.0567370663758418,0.331148070097462,0.552782481288817,0.0593323822378801,0,0.195856683865095,-1.39312917985104,0.932540223324474,0.710973373311243
0.695992179863148,0.000977517106549365,0,0.0561932643461509,0.329751470841561,0.553826186565677,0.0602290782466115,0,0.193979476088633,-1.38838112582033,0.943969977649799,0.714633492658883
0.696969696969697,0.000977517106549365,0,0.0556529482149317,0.328352394468097,0.554859893702869,0.0611347636141025,0,0.192114301654016,-1.38360817370826,0.955376170823394,0.718227572100541
0.697947214076246,0.000977517106549365,0,0.0551161067735073,0.326950885811776,0.555883524239656,0.0620494831750603,0,0.190261121868825,-1.37881058206984,0.966758133522189,0.721754924532099
0.698924731182796,0.000977517106549365,0,0.0545827288132011,0.325546989707307,0.556896999715301,0.0629732817641918,0,0.188419898040644,-1.37398860946008,0.978115196423115,0.725214862849435
0.699902248289345,0.000977517106549365,0,0.0540528031253362,0.324140750989394,0.557900241669065,0.0639062042162041,0,0.186590591477054,-1.36914251443398,0.9894466902031,0.72860669994843
0.700879765395894,0.000977517106549365,0,0.053526318501236,0.322732214492747,0.558893171640213,0.0648482953658043,0,0.184773163485639,-1.36427255554656,1.00075194553907,0.731929748724964
0.701857282502444,0.000977517106549365,0,0.0530032637322237,0.321321425052071,0.559875711168006,0.0657996000476993,0,0.182967575373981,-1.35937899135282,1.01203029310797,0.735183322074916
0.702834799608993,0.000977517106549365,0,0.0524836276096224,0.319908427502074,0.560847781791708,0.0667601630965962,0,0.181173788449662,-1.35446208040778,1.02328106358671,0.738366732894167
0.703812316715543,0.000977517106549365,0,0.0519673989247555,0.318493266677462,0.56180930505058,0.067730029347202,0,0.179391764020265,-1.34952208126643,1.03450358765223,0.741479294078596
0.704789833822092,0.000977517106549365,0,0.0514545664689462,0.317075987412944,0.562760202483886,0.0687092436342238,0,0.177621463393372,-1.34455925248378,1.04569719598146,0.744520318524083
0.705767350928641,0.000977517106549365,0,0.0509451190335178,0.315656634543225,0.563700395630889,0.0696978507923685,0,0.175862847876567,-1.33957385261485,1.05686121925132,0.747489119126509
0.706744868035191,0.000977517106549365,0,0.0504390454097934,0.314235252903013,0.56462980603085,0.0706958956563433,0,0.17411587877743,-1.33456614021464,1.06799498813875,0.750385008781752
0.70772238514174,0.000977517106549365,0,0.0499363343890963,0.312811887327015,0.565548355223034,0.0717034230608551,0,0.172380517403546,-1.32953637383816,1.07909783332068,0.753207300385693
0.708699902248289,0.000977517106549365,0,0.0494369747627498,0.311386582649938,0.566455964746701,0.072720477840611,0,0.170656725062495,-1.32448481204042,1.09016908547403,0.755955306834212
0.709677419354839,0.000977517106549365,0,0.0489409553220771,0.309959383706488,0.567352556141116,0.0737471048303179,0,0.168944463061862,-1.31941171337643,1.10120807527574,0.758628341023189
0.710654936461388,0.000977517106549365,0,0.0484482648584015,0.308530335331374,0.568238050945541,0.074783348864683,0,0.167243692709228,-1.31431733640119,1.11221413340273,0.761225715848503
0.711632453567937,0.000977517106549365,0,0.0479588921630461,0.307099482359302,0.569112370699238,0.0758292547784133,0,0.165554375312175,-1.30920193966972,1.12318659053194,0.763746744206035
0.712609970674487,0.000977517106549365,0,0.0474728260273343,0.305666869624979,0.569975436941471,0.0768848674062158,0,0.163876472178287,-1.30406578173701,1.13412477734029,0.766190738991665
0.713587487781036,0.000977517106549365,0,0.0469900552425892,0.304232541963112,0.570827171211502,0.0779502315827974,0,0.162209944615146,-1.29890912115808,1.14502802450471,0.768557013101272
0.714565004887586,0.000977517106549365,0,0.0465105686001342,0.302796544208408,0.571667495048593,0.0790253921428654,0,0.160554753930334,-1.29373221648794,1.15589566270214,0.770844879430735
0.715542521994135,0.000977517106549365,0,0.0460343548912924,0.301358921195574,0.572496329992007,0.0801103939211266,0,0.158910861431434,-1.2885353262816,1.1667270226095,0.773053650875936
0.716520039100684,0.000977517106549365,0,0.0455614029073871,0.299919717759317,0.573313597581008,0.0812052817522882,0,0.157278228426028,-1.28331870909405,1.17752143490372,0.775182640332755
0.717497556207234,0.000977517106549365,0,0.0450917014397415,0.298478978734344,0.574119219354857,0.0823101004710571,0,0.155656816221698,-1.27808262348032,1.18827823026174,0.777231160697069
0.718475073313783,0.000977517106549365,0,0.044625239279679,0.297036748955363,0.574913116852817,0.0834248949121404,0,0.154046586126028,-1.27282732799541,1.19899673936047,0.77919852486476
0.719452590420332,0.000977517106549365,0,0.0441620052185226,0.29559307325708,0.575695211614152,0.0845497099102451,0,0.1524474994466,-1.26755308119432,1.20967629287686,0.781084045731709
0.720430107526882,0.000977517106549365,0,0.0437019880475958,0.294147996474202,0.576465425178124,0.0856845903000782,0,0.150859517490996,-1.26226014163207,1.22031622148782,0.782887036193793
0.721407624633431,0.000977517106549365,0,0.0432451765582216,0.292701563441437,0.577223679083995,0.0868295809163468,0,0.149282601566799,-1.25694876786366,1.2309158558703,0.784606809146894
0.72238514173998,0.000977517106549365,0,0.0427915595417234,0.291253818993491,0.577969894871028,0.087984726593758,0,0.147716712981591,-1.2516192184441,1.24147452670121,0.786242677486892
0.72336265884653,0.000977517106549365,0,0.0423411257894244,0.289804807965071,0.578703994078486,0.0891500721670186,0,0.146161813042955,-1.2462717519284,1.2519915646575,0.787793954109666
0.724340175953079,0.000977517106549365,0,0.0418938640926478,0.288354575190885,0.579425898245632,0.0903256624708359,0,0.144617863058473,-1.24090662687156,1.26246630041608,0.789259951911096
0.725317693059629,0.000977517106549365,0,0.041449763242717,0.286903165505639,0.580135528911728,0.0915115423399167,0,0.143084824335728,-1.23552410182861,1.27289806465389,0.790639983787062
0.726295210166178,0.000977517106549365,0,0.041008812030955,0.28545062374404,0.580832807616037,0.0927077566089681,0,0.141562658182302,-1.23012443535453,1.28328618804786,0.791933362633444
0.727272727272727,0.000977517106549365,0,0.0405709992486852,0.283996994740796,0.581517655897821,0.0939143501126972,0,0.140051325905777,-1.22470788600435,1.29363000127491,0.793139401346122
0.728250244379277,0.000977517106549365,0,0.0401363136872308,0.282542323330614,0.582189995296344,0.095131367685811,0,0.138550788813737,-1.21927471233306,1.30392883501198,0.794257412820975
0.729227761485826,0.000977517106549365,0,0.0397047441379151,0.2810866543482,0.582849747350868,0.0963588541630166,0,0.137061008213764,-1.21382517289568,1.314182019936,0.795286709953884
0.730205278592375,0.000977517106549365,0,0.0392762793920612,0.279630032628262,0.583496833600656,0.0975968543790208,0,0.13558194541344,-1.20835952624722,1.3243888867239,0.796226605640729
0.731182795698925,0.000977517106549365,0,0.0388509082409925,0.278172503005506,0.58413117558497,0.0988454131685309,0,0.134113561720347,-1.20287803094268,1.33454876605259,0.797076412777389
0.732160312805474,0.000977517106549365,0,0.0384286194760321,0.27671411031464,0.584752694843074,0.100104575366254,0,0.132655818442069,-1.19738094553707,1.34466098859903,0.797835444259744
0.733137829912023,0.000977517106549365,0,0.0380094018885034,0.275254899390371,0.585361312914229,0.101374385806897,0,0.131208676886187,-1.19186852858541,1.35472488504013,0.798503012983674
0.734115347018573,0.000977517106549365,0,0.0375932442697296,0.273794915067405,0.585956951337699,0.102654889325166,0,0.129772098360284,-1.18634103864268,1.36473978605282,0.799078431845061
0.735092864125122,0.000977517106549365,0,0.0371801354110338,0.272334202180451,0.586539531652746,0.10394613075577,0,0.128346044171943,-1.18079873426392,1.37470502231404,0.799561013739782
0.736070381231672,0.000977517106549365,0,0.0367700641037394,0.270872805564214,0.587108975398633,0.105248154933414,0,0.126930475628747,-1.17524187400412,1.3846199245007,0.799950071563716
0.737047898338221,0.000977517106549365,0,0.0363630191391696,0.269410770053401,0.587665204114623,0.106561006692806,0,0.125525354038277,-1.16967071641828,1.39448382328976,0.800244918212747
0.73802541544477,0.000977517106549365,0,0.0359589893086476,0.267948140482721,0.588208139339978,0.107884730868654,0,0.124130640708116,-1.16408552006143,1.40429604935812,0.800444866582752
0.73900293255132,0.000977517106549365,0,0.0355579634034967,0.266484961686879,0.588737702613961,0.109219372295663,0,0.122746296945846,-1.15848654348857,1.41405593338273,0.800549229569611
0.739980449657869,0.000977517106549365,0,0.03515993021504,0.265021278500584,0.589253815475834,0.110564975808542,0,0.121372284059051,-1.1528740452547,1.4237628060405,0.800557320069206
0.740957966764418,0.000977517106549365,0,0.034764878534601,0.263557135758541,0.589756399464862,0.111921586241996,0,0.120008563355312,-1.14724828391483,1.43341599800838,0.800468450977414
0.741935483870968,0.000977517106549365,0,0.0343727971535027,0.262092578295458,0.590245376120305,0.113289248430734,0,0.118655096142213,-1.14160951802398,1.44301483996329,0.800281935190117
0.742913000977517,0.000977517106549365,0,0.0339836748630685,0.260627650946043,0.590720666981427,0.114668007209462,0,0.117311843727335,-1.13595800613715,1.45255866258216,0.799997085603194
0.743890518084066,0.000977517106549365,0,0.0335975004546216,0.259162398545001,0.59118219358749,0.116057907412887,0,0.115978767418261,-1.13029400680934,1.46204679654192,0.799613215112525
0.744868035190616,0.000977517106549365,0,0.0332142627194852,0.25769686592704,0.591629877477758,0.117458993875716,0,0.114655828522574,-1.12461777859557,1.47147857251949,0.79912963661399
0.745845552297165,0.000977517106549365,0,0.0328339504489826,0.256231097926868,0.592063640191493,0.118871311432657,0,0.113342988347856,-1.11892958005085,1.48085332119182,0.798545663003469
0.746823069403715,0.000977517106549365,0,0.0324565524344369,0.25476513937919,0.592483403267957,0.120294904918416,0,0.11204020820169,-1.11322966973017,1.49017037323582,0.797860607176841
0.747800586510264,0.000977517106549365,0,0.0320820574671716,0.253299035118715,0.592889088246414,0.1217298191677,0,0.110747449391657,-1.10751830618856,1.49942905932843,0.797073782029987
0.748778103616813,0.000977517106549365,0,0.0317104543385097,0.251832829980149,0.593280616666125,0.123176099015216,0,0.109464673225341,-1.10179574798101,1.50862871014658,0.796184500458787
0.749755620723363,0.000977517106549365,0,0.0313417318397745,0.250366568798199,0.593657910066354,0.124633789295672,0,0.108191841010325,-1.09606225366254,1.5177686563672,0.79519207535912
0.750733137829912,0.000977517106549365,0,0.0309758787622894,0.248900296407572,0.594020889986364,0.126102934843774,0,0.106928914054189,-1.09031808178815,1.52684822866721,0.794095819626866
0.751710654936461,0.000977517106549365,0,0.0306128838973774,0.247434057642976,0.594369477965417,0.12758358049423,0,0.105675853664518,-1.08456349091286,1.53586675772354,0.792895046157906
0.752688172043011,0.000977517106549365,0,0.030252736036362,0.245967897339117,0.594703595542775,0.129075771081746,0,0.104432621148894,-1.07879873959166,1.54482357421314,0.791589067848118
0.75366568914956,0.000977517106549365,0,0.0298954239705662,0.244501860330702,0.595023164257702,0.13057955144103,0,0.103199177814898,-1.07302408637958,1.55371800881292,0.790177197593384
0.75464320625611,0.000977517106549365,0,0.0295409364913134,0.243035991452439,0.59532810564946,0.132094966406788,0,0.101975484970114,-1.06723978983161,1.56254939219981,0.788658748289583
0.755620723362659,0.000977517106549365,0,0.0291892623899267,0.241570335539034,0.595618341257312,0.133622060813727,0,0.100761503922124,-1.06144610850276,1.57131705505074,0.787033032832595
0.756598240469208,0.000977517106549365,0,0.0288403904577295,0.240104937425194,0.59589379262052,0.135160879496556,0,0.0995571959785105,-1.05564330094805,1.58002032804266,0.785299364118299
0.757575757575758,0.000977517106549365,0,0.028494309486045,0.238639841945627,0.596154381278348,0.13671146728998,0,0.0983625224468561,-1.04983162572247,1.58865854185247,0.783457055042576
0.758553274682307,0.000977517106549365,0,0.0281510082661964,0.23717509393504,0.596400028770058,0.138273869028706,0,0.0971774446347431,-1.04401134138105,1.59723102715712,0.781505418501306
0.759530791788856,0.000977517106549365,0,0.027810475589507,0.235710738228138,0.596630656634912,0.139848129547442,0,0.0960019238497542,-1.03818270647878,1.60573711463352,0.779443767390367
0.760508308895406,0.000977517106549365,0,0.0274727002472999,0.234246819659631,0.596846186412174,0.141434293680895,0,0.0948359213994717,-1.03234597957067,1.61417613495862,0.777271414605641
0.761485826001955,0.000977517106549365,0,0.0271376710308985,0.232783383064224,0.597046539641106,0.143032406263772,0,0.0936793985914783,-1.02650141921174,1.62254741880935,0.774987673043007
0.762463343108504,0.000977517106549365,0,0.026805376731626,0.231320473276625,0.59723163786097,0.14464251213078,0,0.0925323167333563,-1.02064928395699,1.63085029686262,0.772591855598346
0.763440860215054,0.000977517106549365,0,0.0264758061408056,0.22985813513154,0.59740140261103,0.146264656116625,0,0.0913946371326883,-1.01478983236143,1.63908409979537,0.770083275167535
0.764418377321603,0.000977517106549365,0,0.0261489480497606,0.228396413463677,0.597555755430548,0.147898883056015,0,0.0902663210970568,-1.00892332298006,1.64724815828454,0.767461244646457
0.765395894428152,0.000977517106549365,0,0.0258247912498142,0.226935353107743,0.597694617858786,0.149545237783657,0,0.0891473299340443,-1.0030500143679,1.65534180300704,0.764725076930992
0.766373411534702,0.000977517106549365,0,0.0255033245322897,0.225474998898444,0.597817911435009,0.151203765134258,0,0.0880376249512332,-0.997170165079949,1.66336436463981,0.761874084917017
0.767350928641251,0.000977517106549365,0,0.0251845366885102,0.224015395670488,0.597925557698477,0.152874509942525,0,0.0869371674562061,-0.99128403367122,1.67131517385978,0.758907581500413
0.768328445747801,0.000977517106549365,0,0.0248684165097991,0.222556588258582,0.598017478188454,0.154557517043164,0,0.0858459187565455,-0.98539187869672,1.67919356134388,0.755824879577062
0.76930596285435,0.000977517106549365,0,0.0245549527874796,0.221098621497433,0.598093594444203,0.156252831270884,0,0.0847638401598337,-0.979493958711457,1.68699885776904,0.752625292042842
0.770283479960899,0.000977517106549365,0,0.0242441343128749,0.219641540221748,0.598153828004987,0.157960497460391,0,0.0836908929736534,-0.973590532270438,1.69473039381218,0.749308131793633
0.771260997067449,0.000977517106549365,0,0.0239359498773083,0.218185389266233,0.598198100410067,0.159680560446392,0,0.0826270385055871,-0.967681857928673,1.70238750015024,0.745872711725316
0.772238514173998,0.000977517106549365,0,0.023630388272103,0.216730213465597,0.598226333198707,0.161413065063593,0,0.0815722380632172,-0.961768194241168,1.70996950746015,0.742318344733768
0.773216031280547,0.000977517106549365,0,0.0233274382885822,0.215276057654545,0.598238447910169,0.163158056146703,0,0.0805264529541262,-0.955849799762932,1.71747574641884,0.738644343714874
0.774193548387097,0.000977517106549365,0,0.0230270887180692,0.213822966667786,0.598234366083716,0.164915578530429,0,0.0794896444858966,-0.949926933048973,1.72490554770322,0.734850021564508
0.775171065493646,0.000977517106549365,0,0.0227293283518873,0.212370985340025,0.598214009258612,0.166685677049476,0,0.0784617739661109,-0.943999852654299,1.73225824199025,0.730934691178554
0.776148582600195,0.000977517106549365,0,0.0224341459813596,0.210920158505971,0.598177298974117,0.168468396538552,0,0.0774428027023516,-0.938068817133918,1.73953315995684,0.72689766545289
0.777126099706745,0.000977517106549365,0,0.0221415303978095,0.209470531000329,0.598124156769496,0.170263781832365,0,0.0764326920022012,-0.932134085042838,1.74672963227992,0.722738257283397
0.778103616813294,0.000977517106549365,0,0.0218514703925601,0.208022147657808,0.598054504184011,0.172071877765621,0,0.0754314031732423,-0.926195914936068,1.75384698963643,0.718455779565955
0.779081133919844,0.000977517106549365,0,0.0215639547569347,0.206575053313114,0.597968262756924,0.173892729173028,0,0.0744388975230572,-0.920254565368614,1.76088456270329,0.714049545196442
0.780058651026393,0.000977517106549365,0,0.0212789722822566,0.205129292800954,0.597865354027499,0.175726380889291,0,0.0734551363592284,-0.914310294895485,1.76784168215743,0.70951886707074
0.781036168132942,0.000977517106549365,0,0.020996511759849,0.203684910956035,0.597745699534997,0.177572877749119,0,0.0724800809893386,-0.90836336207169,1.77471767867579,0.704863058084727
0.782013685239492,0.000977517106549365,0,0.0207165619810351,0.202241952613064,0.597609220818682,0.179432264587219,0,0.0715136927209701,-0.902414025452236,1.78151188293529,0.700081431134285
0.782991202346041,0.000977517106549365,0,0.0204391117371381,0.200800462606749,0.597455839417816,0.181304586238297,0,0.0705559328617054,-0.896462543592131,1.78822362561286,0.695173299115293
0.78396871945259,0.000977517106549365,0,0.0201641498194814,0.199360485771796,0.597285476871663,0.18318988753706,0,0.0696067627191271,-0.890509175046384,1.79485223738543,0.690137974923631
0.78494623655914,0.000977517106549365,0,0.0198916650193882,0.197922066942912,0.597098054719484,0.185088213318216,0,0.0686661436008177,-0.884554178370002,1.80139704892993,0.684974771455178
0.785923753665689,0.000977517106549365,0,0.0196216461281816,0.196485250954805,0.596893494500543,0.186999608416471,0,0.0677340368143596,-0.878597812117993,1.80785739092329,0.679683001605814
0.786901270772238,0.000977517106549365,0,0.019354081937185,0.195050082642181,0.596671717754101,0.188924117666533,0,0.0668104036673354,-0.872640334845366,1.81423259404244,0.674261978271421
0.787878787878788,0.000977517106549365,0,0.0190889612377216,0.193616606839747,0.596432646019423,0.190861785903108,0,0.0658952054673274,-0.866682005107128,1.82052198896431,0.668711014347877
0.788856304985337,0.000977517106549365,0,0.0188262728211146,0.192184868382211,0.59617620083577,0.192812657960904,0,0.0649884035219183,-0.860723081458288,1.82672490636583,0.663029422731062
0.789833822091887,0.000977517106549365,0,0.0185660054786873,0.19075491210428,0.595902303742405,0.194776778674628,0,0.0640899591386905,-0.854763822453854,1.83284067692393,0.657216516316855
0.790811339198436,0.000977517106549365,0,0.0183081480017628,0.18932678284066,0.595610876278591,0.196754192878986,0,0.0631998336252265,-0.848804486648833,1.83886863131553,0.651271608001138
0.791788856304985,0.000977517106549365,0,0.0180526891816646,0.187900525426058,0.595301839983591,0.198744945408686,0,0.0623179882891089,-0.842845332598233,1.84480810021758,0.645194010679791
0.792766373411535,0.000977517106549365,0,0.0177996178097157,0.186476184695182,0.594975116396667,0.200749081098435,0,0.06144438443792,-0.836886618857064,1.85065841430699,0.638983037248691
0.793743890518084,0.000977517106549365,0,0.0175489226772395,0.185053805482739,0.594630627057082,0.20276664478294,0,0.0605789833792424,-0.830928603980332,1.85641890426069,0.632638000603721
0.794721407624633,0.000977517106549365,0,0.0173005925755591,0.183633432623435,0.594268293504099,0.204797681296907,0,0.0597217464206586,-0.824971546523046,1.86208890075563,0.626158213640759
0.795698924731183,0.000977517106549365,0,0.0170546162959979,0.182215110951978,0.59388803727698,0.206842235475044,0,0.0588726348697511,-0.819015705040213,1.86766773446871,0.619542989255686
0.796676441837732,0.000977517106549365,0,0.0168109826298791,0.180798885303074,0.593489779914989,0.208900352152058,0,0.0580316100341023,-0.813061338086843,1.87315473607689,0.612791640344381
0.797653958944281,0.000977517106549365,0,0.0165696803685258,0.179384800511432,0.593073442957387,0.210972076162656,0,0.0571986332212949,-0.807108704217942,1.87854923625708,0.605903479802725
0.798631476050831,0.000977517106549365,0,0.0163306983032614,0.177972901411757,0.592638947943437,0.213057452341545,0,0.0563736657389112,-0.80115806198852,1.88385056568621,0.598877820526596
0.79960899315738,0.000977517106549365,0,0.0160940252254091,0.176563232838757,0.592186216412403,0.215156525523431,0,0.0555566688945337,-0.795209669953583,1.88905805504122,0.591713975411876
0.80058651026393,0.000977517106549365,0,0.0158596499262922,0.175155839627138,0.591715169903546,0.217269340543023,0,0.054747603995745,-0.78926378666814,1.89417103499903,0.584411257354444
0.801564027370479,0.000977517106549365,0,0.0156275611972338,0.173750766611609,0.59122572995613,0.219395942235027,0,0.0539464323501275,-0.783320670687199,1.89918883623657,0.57696897925018
0.802541544477028,0.000977517106549365,0,0.0153977478295572,0.172348058626875,0.590717818109418,0.22153637543415,0,0.0531531152652638,-0.777380580565769,1.90411078943077,0.569386453994963
0.803519061583578,0.000977517106549365,0,0.0151701986145857,0.170947760507645,0.590191355902671,0.223690684975099,0,0.0523676140487363,-0.771443774858856,1.90893622525857,0.561662994484675
0.804496578690127,0.000977517106549365,0,0.0149449023436425,0.169549917088624,0.589646264875153,0.22585891569258,0,0.0515898900081275,-0.76551051212147,1.91366447439689,0.553797913615193
0.805474095796676,0.000977517106549365,0,0.0147218478080508,0.16815457320452,0.589082466566126,0.228041112421303,0,0.05081990445102,-0.759581050908618,1.91829486752266,0.545790524282399
0.806451612903226,0.000977517106549365,0,0.014501023799134,0.166761773690041,0.588499882514854,0.230237319995972,0,0.0500576186849961,-0.753655649775308,1.92282673531281,0.537640139382174
0.807429130009775,0.000977517106549365,0,0.0142824191082151,0.165371563379892,0.587898434260598,0.232447583251295,0,0.0493029940176385,-0.747734567276548,1.92725940844428,0.529346071810394
0.808406647116324,0.000977517106549365,0,0.0140660225266176,0.163983987108781,0.587278043342621,0.23467194702198,0,0.0485559917565296,-0.741818061967347,1.93159221759398,0.520907634462943
0.809384164222874,0.000977517106549365,0,0.0138518228456645,0.162599089711416,0.586638631300187,0.236910456142733,0,0.0478165732092518,-0.735906392402711,1.93582449343885,0.512324140235698
0.810361681329423,0.000977517106549365,0,0.0136398088566792,0.161216916022502,0.585980119672557,0.239163155448261,0,0.0470846996833878,-0.729999817137651,1.93995556665582,0.50359490202454
0.811339198435973,0.000977517106549365,0,0.0134299693509849,0.159837510876748,0.585302429998995,0.241430089773272,0,0.0463603324865199,-0.724098594727173,1.94398476792182,0.494719232725349
0.812316715542522,0.000977517106549365,0,0.0132222931199049,0.15846091910886,0.584605483818763,0.243711303952472,0,0.0456434329262307,-0.718202983726285,1.94791142791377,0.485696445234005
0.813294232649071,0.000977517106549365,0,0.0130167689547623,0.157087185553545,0.583889202671124,0.246006842820568,0,0.0449339623101027,-0.712313242689996,1.95173487730862,0.476525852446387
0.814271749755621,0.000977517106549365,0,0.0128133856468805,0.155716355045511,0.583153508095341,0.248316751212268,0,0.0442318819457183,-0.706429630173312,1.95545444678328,0.467206767258375
0.81524926686217,0.000977517106549365,0,0.0126121319875826,0.154348472419463,0.582398321630676,0.250641073962278,0,0.0435371531406601,-0.700552404731244,1.95906946701469,0.457738502565851
0.81622678396872,0.000977517106549365,0,0.0124129967681919,0.15298358251011,0.581623564816392,0.252979855905306,0,0.0428497372025105,-0.694681824918799,1.96257926867977,0.448120371264693
0.817204301075269,0.000977517106549365,0,0.0122159687800317,0.151621730152159,0.580829159191752,0.255333141876058,0,0.0421695954388521,-0.688818149290984,1.96598318245546,0.43835168625078
0.818181818181818,0.000977517106549365,0,0.0120210368144252,0.150262960180315,0.580015026296018,0.257700976709241,0,0.0414966891572674,-0.682961636402808,1.96928053901869,0.428431760419995
0.819159335288368,0.000977517106549365,0,0.0118281896626957,0.148907317429288,0.579181087668453,0.260083405239564,0,0.0408309796653387,-0.677112544809278,1.97247066904638,0.418359906668214
0.820136852394917,0.000977517106549365,0,0.0116374161161663,0.147554846733782,0.57832726484832,0.262480472301731,0,0.0401724282706487,-0.671271133065403,1.97555290321546,0.408135437891321
0.821114369501466,0.000977517106549365,0,0.0114487049661603,0.146205592928506,0.577453479374882,0.264892222730452,0,0.0395209962807799,-0.665437659726192,1.97852657220287,0.397757666985193
0.822091886608016,0.000977517106549365,0,0.011262045004001,0.144859600848167,0.5765596527874,0.267318701360432,0,0.0388766450033146,-0.659612383346651,1.98139100668553,0.38722590684571
0.823069403714565,0.000977517106549365,0,0.0110774250210116,0.143516915327471,0.575645706625139,0.269759953026379,0,0.0382393357458354,-0.653795562481789,1.98414553734038,0.376539470368754
0.824046920821114,0.000977517106549365,0,0.0108948338085154,0.142177581201126,0.57471156242736,0.272216022562999,0,0.0376090298159249,-0.647987455686614,1.98678949484434,0.365697670450202
0.825024437927664,0.000977517106549365,0,0.0107142601578355,0.140841643303838,0.573757141733326,0.274686954805,0,0.0369856885211655,-0.642188321516134,1.98932220987434,0.354699819985937
0.826001955034213,0.000977517106549365,0,0.0105356928602953,0.139509146470315,0.5727823660823,0.27717279458709,0,0.0363692731691396,-0.636398418525357,1.99174301310731,0.343545231871836
0.826979472140763,0.000977517106549365,0,0.010359120707218,0.138180135535263,0.571787157013546,0.279673586743973,0,0.0357597450674298,-0.630618005269291,1.99405123522018,0.332233219003781
0.827956989247312,0.000977517106549365,0,0.0101845324899267,0.13685465533339,0.570771436066324,0.282189376110359,0,0.0351570655236186,-0.624847340302944,1.99624620688989,0.320763094277651
0.828934506353861,0.000977517106549365,0,0.0100119169997449,0.135532750699403,0.569735124779898,0.284720207520954,0,0.0345611958452885,-0.619086682181324,1.99832725879335,0.309134170589325
0.829912023460411,0.000977517106549365,0,0.0098412630279956,0.134214466468009,0.568678144693531,0.287266125810464,0,0.033972097340022,-0.613336289459439,2.00029372160751,0.297345760834685
0.83088954056696,0.000977517106549365,0,0.00967255936600219,0.132899847473915,0.567600417346486,0.289827175813598,0,0.0333897313154015,-0.607596420692298,2.00214492600928,0.285397177909609
0.831867057673509,0.000977517106549365,0,0.00950579480508786,0.131588938551827,0.566501864278024,0.292403402365061,0,0.0328140590790095,-0.601867334434907,2.0038802026756,0.273287734709978
0.832844574780059,0.000977517106549365,0,0.00934095813657587,0.130281784536453,0.56538240702741,0.294994850299561,0,0.0322450419384286,-0.596149289242276,2.00549888228341,0.261016744131672
0.833822091886608,0.000977517106549365,0,0.00917803815178944,0.1289784302625,0.564241967133905,0.297601564451806,0,0.0316826412012413,-0.590442543669413,2.00700029550962,0.24858351907057
0.834799608993157,0.000977517106549365,0,0.00901702364205183,0.127678920564675,0.563080466136772,0.300223589656501,0,0.03112681817503,-0.584747356271325,2.00838377303116,0.235987372422552
0.835777126099707,0.000977517106549365,0,0.00885790339868627,0.126383300277685,0.561897825575274,0.302860970748355,0,0.0305775341673772,-0.57906398560302,2.00964864552498,0.223227617083499
0.836754643206256,0.000977517106549365,0,0.00870066621301602,0.125091614236236,0.560693966988674,0.305513752562074,0,0.0300347504858654,-0.573392690219506,2.01079424366799,0.21030356594929
0.837732160312806,0.000977517106549365,0,0.0085453008763643,0.123803907275037,0.559468811916234,0.308181979932364,0,0.0294984284380772,-0.567733728675792,2.01181989813713,0.197214531915805
0.838709677419355,0.000977517106549365,0,0.00839179618005437,0.122520224228794,0.558222281897217,0.310865697693935,0,0.0289685293315949,-0.562087359526886,2.01272493960932,0.183959827878923
0.839687194525904,0.000977517106549365,0,0.00824014091540947,0.121240609932214,0.556954298470886,0.313564950681491,0,0.0284450144740012,-0.556453841327795,2.0135086987615,0.170538766734526
0.840664711632454,0.000977517106549365,0,0.00809032387375283,0.119965109220004,0.555664783176503,0.31627978372974,0,0.0279278451728785,-0.550833432633528,2.0141705062706,0.156950661378493
0.841642228739003,0.000977517106549365,0,0.0079423338464077,0.118693766926871,0.554353657553332,0.31901024167339,0,0.0274169827358093,-0.545226391999093,2.01470969281354,0.143194824706703
0.842619745845552,0.000977517106549365,0,0.00779615962469733,0.117426627887522,0.553020843140634,0.321756369347147,0,0.026912388470376,-0.539632977979496,2.01512558906725,0.129270569615036
0.843597262952102,0.000977517106549365,0,0.00765178999994495,0.116163736936664,0.551666261477672,0.324518211585719,0,0.0264140236841613,-0.534053449129748,2.01541752570867,0.115177208999374
0.844574780058651,0.000977517106549365,0,0.00750921376347381,0.114905138909005,0.55028983410371,0.327295813223811,0,0.0259218496847475,-0.528488064004856,2.01558483341472,0.100914055755593
0.8455522971652,0.000977517106549365,0,0.00736841970660715,0.113650878639251,0.548891482558009,0.330089219096133,0,0.0254358277797172,-0.522937081159827,2.01562684286233,0.0864804227795765
0.84652981427175,0.000977517106549365,0,0.00722939662066821,0.112401000962109,0.547471128379834,0.332898474037389,0,0.0249559192766528,-0.51740075914967,2.01554288472844,0.0718756229672029
0.847507331378299,0.000977517106549365,0,0.00709213329698023,0.111155550712286,0.546028693108445,0.335723622882288,0,0.0244820854831369,-0.511879356529393,2.01533228968996,0.0570989692143528
0.848484848484849,0.000977517106549365,0,0.00695661852686646,0.10991457272449,0.544564098283106,0.338564710465537,0,0.024014287706752,-0.506373131854004,2.01499438842384,0.042149774416905
0.849462365591398,0.000977517106549365,0,0.00682284110165013,0.108678111833427,0.543077265443081,0.341421781621842,0,0.0235524872550805,-0.500882343678511,2.014528511607,0.0270273514707405
0.850439882697947,0.000977517106549365,0,0.0066907898126545,0.107446212873805,0.54156811612763,0.344294881185911,0,0.0230966454357049,-0.495407250557922,2.01393398991637,0.0117310132717385
0.851417399804497,0.000977517106549365,0,0.0065604534512028,0.10621892068033,0.540036571876018,0.34718405399245,0,0.0226467235562078,-0.489948111047245,2.01321015402888,-0.00373992728422127
0.852394916911046,0.000977517106549365,0,0.00643182080861828,0.104996280087709,0.538482554227506,0.350089344876167,0,0.0222026829241716,-0.484505183701488,2.01235633462146,-0.0193861573012577
0.853372434017595,0.000977517106549365,0,0.00630488067622417,0.10377833593065,0.536905984721357,0.353010798671768,0,0.0217644848471788,-0.47907872707566,2.01137186237104,-0.0352083638834927
0.854349951124145,0.000977517106549365,0,0.00617962184534373,0.102565133043859,0.535306784896835,0.355948460213962,0,0.0213320906328119,-0.473668999724767,2.01025606795455,-0.0512072341350451
0.855327468230694,0.000977517106549365,0,0.00605603310730018,0.101356716262044,0.533684876293202,0.358902374337454,0,0.0209054615886534,-0.468276260203818,2.00900828204892,-0.0673834551600358
0.856304985337243,0.000977517106549365,0,0.00593410325341678,0.100153130419912,0.53204018044972,0.361872585876951,0,0.0204845590222859,-0.462900767067822,2.00762783533107,-0.0837377140625828
0.857282502443793,0.000977517106549365,0,0.00581382107501677,0.098954420352169,0.530372618905652,0.364859139667162,0,0.0200693442412917,-0.457542778871786,2.00611405847794,-0.10027069794681
0.858260019550342,0.000977517106549365,0,0.00569517536342339,0.0977606308935228,0.528682113200262,0.367862080542792,0,0.0196597785532535,-0.452202554170718,2.00446628216646,-0.116983093916834
0.859237536656892,0.000977517106549365,0,0.00557815490995987,0.0965718068786803,0.526968584872811,0.370881453338549,0,0.0192558232657536,-0.446880351519627,2.00268383707356,-0.133875589076777
0.860215053763441,0.000977517106549365,0,0.00546274850594947,0.0953879931423485,0.525231955462562,0.37391730288914,0,0.0188574396863745,-0.44157642947352,2.00076605387616,-0.150948870530757
0.86119257086999,0.000977517106549365,0,0.00534894494271543,0.0942092345192344,0.523472146508778,0.376969674029272,0,0.0184645891226989,-0.436291046587405,1.99871226325119,-0.168203625382896
0.86217008797654,0.000977517106549365,0,0.00523673301158098,0.0930355758440451,0.521689079550722,0.380038611593652,0,0.0180772328823091,-0.431024461416291,1.9965217958756,-0.185640540737314
0.863147605083089,0.000977517106549365,0,0.00512610150386937,0.0918670619514876,0.519882676127657,0.383124160416986,0,0.0176953322727877,-0.425776932515186,1.99419398242629,-0.203260303698132
0.864125122189638,0.000977517106549365,0,0.00501703921090385,0.0907037376762689,0.518052857778844,0.386226365333983,0,0.0173188486017172,-0.420548718439096,1.99172815358021,-0.221063601369466
0.865102639296188,0.000977517106549365,0,0.00490953492400765,0.0895456478530961,0.516199546043547,0.389345271179349,0,0.0169477431766799,-0.415340077743032,1.98912364001429,-0.239051120855441
0.866080156402737,0.000977517106549365,0,0.00480357743450402,0.0883928373166761,0.514322662461029,0.392480922787791,0,0.0165819773052586,-0.410151268982,1.98637977240545,-0.257223549260174
0.867057673509286,0.000977517106549365,0,0.0046991555337162,0.0872453509017161,0.512422128570552,0.395633364994016,0,0.0162215122950355,-0.404982550711009,1.98349588143062,-0.275581573687786
0.868035190615836,0.000977517106549365,0,0.00459625801296742,0.0861032334429231,0.510497865911379,0.398802642632731,0,0.0158663094535933,-0.399834181485066,1.98047129776673,-0.294125881242398
0.869012707722385,0.000977517106549365,0,0.00449487366358095,0.084966529775004,0.508549796022772,0.401988800538643,0,0.0155163300885144,-0.39470641985918,1.97730535209071,-0.312857159028129
0.869990224828935,0.000977517106549365,0,0.00439499127688,0.083835284732666,0.506577840443995,0.405191883546459,0,0.0151715355073814,-0.389599524388359,1.9739973750795,-0.331776094149099
0.870967741935484,0.000977517106549365,0,0.00429659964418784,0.082709543150616,0.50458192071431,0.408411936490887,0,0.0148318870177766,-0.384513753627611,1.97054669741002,-0.350883373709429
0.871945259042033,0.000977517106549365,0,0.0041996875568277,0.081589349863561,0.502561958372979,0.411649004206632,0,0.0144973459272827,-0.379449366131944,1.9669526497592,-0.370179684813238
0.872922776148583,0.000977517106549365,0,0.00410424380612282,0.0804747497062082,0.500517874959266,0.414903131528403,0,0.014167873543482,-0.374406620456365,1.96321456280397,-0.389665714564647
0.873900293255132,0.000977517106549365,0,0.00401025718339645,0.0793657875132645,0.498449592012432,0.418174363290907,0,0.0138434311739572,-0.369385775155884,1.95933176722126,-0.409342150067776
0.874877810361681,0.000977517106549365,0,0.00391771647997182,0.078262508119437,0.496357031071742,0.421462744328849,0,0.0135239801262906,-0.364387088785507,1.95530359368799,-0.429209678426745
0.875855327468231,0.000977517106549365,0,0.00382661048717218,0.0771649563594327,0.494240113676457,0.424768319476938,0,0.0132094817080648,-0.359410819900244,1.95112937288111,-0.449268986745673
0.87683284457478,0.000977517106549365,0,0.00373692799632077,0.0760731770679586,0.49209876136584,0.428091133569881,0,0.0128998972268623,-0.354457227055101,1.94680843547753,-0.469520762128682
0.877810361681329,0.000977517106549365,0,0.00364865779874084,0.0749872150797218,0.489932895679154,0.431431231442383,0,0.0125951879902655,-0.349526568805088,1.9423401121542,-0.489965691679891
0.878787878787879,0.000977517106549365,0,0.00356178868575563,0.0739071152294293,0.487742438155661,0.434788657929154,0,0.012295315305857,-0.344619103705211,1.93772373358803,-0.510604462503421
0.879765395894428,0.000977517106549365,0,0.00347630944868837,0.0728329223517881,0.485527310334625,0.438163457864899,0,0.0120002404812193,-0.33973509031048,1.93295863045596,-0.531437761703391
0.880742913000978,0.000977517106549365,0,0.00339220887886232,0.0717646812815052,0.483287433755308,0.441555676084325,0,0.0117099248239348,-0.334874787175902,1.92804413343491,-0.552466276383921
0.881720430107527,0.000977517106549365,0,0.0033094757676007,0.0707024368532878,0.481022729956972,0.44496535742214,0,0.011424329641586,-0.330038452856485,1.92297957320182,-0.573690693649132
0.882697947214076,0.000977517106549365,0,0.00322809890622678,0.0696462339018428,0.47873312047888,0.44839254671305,0,0.0111434162417555,-0.325226345907238,1.91776428043362,-0.595111700603144
0.883675464320626,0.000977517106549365,0,0.00314806708606378,0.0685961172618772,0.476418526860296,0.451837288791763,0,0.0108671459320258,-0.320438724883168,1.91239758580723,-0.616729984350077
0.884652981427175,0.000977517106549365,0,0.00306936909843495,0.0675521317680981,0.474078870640481,0.455299628492986,0,0.0105954800199792,-0.315675848339283,1.90687881999958,-0.63854623199405
0.885630498533724,0.000977517106549365,0,0.00299199373466354,0.0665143222552124,0.471714073358699,0.458779610651425,0,0.0103283798131984,-0.310937974830592,1.90120731368761,-0.660561130639185
0.886608015640274,0.000977517106549365,0,0.00291592978607277,0.0654827335579274,0.469324056554212,0.462277280101788,0,0.0100658066192658,-0.306225362912102,1.89538239754825,-0.682775367389601
0.887585532746823,0.000977517106549365,0,0.00284116604398591,0.0644574105109499,0.466908741766282,0.465792681678782,0,0.00980772174576386,-0.301538271138822,1.88940340225842,-0.705189629349418
0.888563049853372,0.000977517106549365,0,0.00276769129972618,0.063438397948987,0.464468050534174,0.469325860217113,0,0.00955408650027516,-0.296876958065759,1.88326965849505,-0.727804603622757
0.889540566959922,0.000977517106549365,0,0.00269549434461684,0.0624257407067458,0.462001904397148,0.47287686055149,0,0.00930486219038214,-0.292241682247921,1.87698049693507,-0.750620977313737
0.890518084066471,0.000977517106549365,0,0.00262456396998112,0.0614194836189332,0.459510224894468,0.476445727516618,0,0.00906001012366732,-0.287632702240318,1.87053524825542,-0.773639437526478
0.89149560117302,0.000977517106549365,0,0.00255488896714227,0.0604196715202563,0.456992933565397,0.480032505947205,0,0.00881949160771318,-0.283050276597955,1.86393324313301,-0.796860671365102
0.89247311827957,0.000977517106549365,0,0.00248645812742352,0.0594263492454221,0.454449951949197,0.483637240677958,0,0.00858326795010221,-0.278494663875843,1.85717381224479,-0.820285365933727
0.893450635386119,0.000977517106549365,0,0.00241926024214813,0.0584395616291377,0.451881201585131,0.487259976543583,0,0.00835130045841692,-0.273966122628988,1.85025628626768,-0.843914208336474
0.894428152492669,0.000977517106549365,0,0.00235328410263932,0.0574593535061101,0.449286604012461,0.490900758378789,0,0.00812355044023979,-0.269464911412399,1.84317999587861,-0.867747885677463
0.895405669599218,0.000977517106549365,0,0.00228851850022035,0.0564857697110463,0.446666080770451,0.494559631018282,0,0.00789997920315332,-0.264991288781084,1.83594427175451,-0.891787085060814
0.896383186705767,0.000977517106549365,0,0.00222495222621446,0.0555188550786534,0.444019553398364,0.498236639296769,0,0.00768054805474,-0.260545513290051,1.82854844457231,-0.916032493590648
0.897360703812317,0.000977517106549365,0,0.00216257407194489,0.0545586544436383,0.44134694343546,0.501931828048956,0,0.00746521830258233,-0.256127843494307,1.82099184500894,-0.940484798371083
0.898338220918866,0.000977517106549365,0,0.00210137282873488,0.0536052126407082,0.438648172421005,0.505645242109552,0,0.00725395125426279,-0.251738537948862,1.81327380374132,-0.965144686506241
0.899315738025415,0.000977517106549365,0,0.00204133728790768,0.0526585745045699,0.435923161894259,0.509376926313263,0,0.0070467082173639,-0.247377855208722,1.8053936514464,-0.990012845100242
0.900293255131965,0.000977517106549365,0,0.00198245624078652,0.0517187848699307,0.433171833394487,0.513126925494796,0,0.00684345049946812,-0.243046053828896,1.79735071880109,-1.01508996125721
0.901270772238514,0.000977517106549365,0,0.00192471847869465,0.0507858885714975,0.430394108460949,0.516895284488858,0,0.00664413940815797,-0.238743392364393,1.78914433648233,-1.04037672208125
0.902248289345064,0.000977517106549365,0,0.00186811279295531,0.0498599304439773,0.42758990863291,0.520682048130157,0,0.00644873625101594,-0.234470129370219,1.78077383516705,-1.0658738146765
0.903225806451613,0.000977517106549365,0,0.00181262797489175,0.0489409553220772,0.424759155449632,0.524487261253399,0,0.00625720233562452,-0.230226523401384,1.77223854553217,-1.09158192614707
0.904203323558162,0.000977517106549365,0,0.0017582528158272,0.0480290080405041,0.421901770450378,0.52831096869329,0,0.0060694989695662,-0.226012833012894,1.76353779825463,-1.11750174359709
0.905180840664712,0.000977517106549365,0,0.0017049761070849,0.0471241334339652,0.41901767517441,0.53215321528454,0,0.00588558746042347,-0.221829316759759,1.75467092401135,-1.14363395413066
0.906158357771261,0.000977517106549365,0,0.00165278663998811,0.0462263763371675,0.416106791160991,0.536014045861853,0,0.00570542911577884,-0.217676233196986,1.74563725347927,-1.16997924485193
0.90713587487781,0.000977517106549365,0,0.00160167320586006,0.0453357815848179,0.413169039949384,0.539893505259938,0,0.00552898524321479,-0.213553840879583,1.73643611733531,-1.19653830286499
0.90811339198436,0.000977517106549365,0,0.001551624596024,0.0444523940116236,0.410204343078851,0.543791638313501,0,0.00535621715031382,-0.209462398362559,1.72706684625641,-1.22331181527398
0.909090909090909,0.000977517106549365,0,0.00150262960180316,0.0435762584522915,0.407212622088655,0.54770848985725,0,0.00518708614465843,-0.205402164200921,1.71752877091949,-1.25030046918301
0.910068426197458,0.000977517106549365,0,0.00145467701452079,0.0427074197415287,0.404193798518059,0.551644104725891,0,0.0050215535338311,-0.201373396949677,1.70782122200148,-1.27750495169621
0.911045943304008,0.000977517106549365,0,0.00140775562550013,0.0418459227140423,0.401147793906326,0.555598527754132,0,0.00485958062541433,-0.197376355163836,1.69794353017932,-1.30492594991768
0.912023460410557,0.000977517106549365,0,0.00136185422606442,0.0409918122045391,0.398074529792718,0.559571803776679,0,0.00470112872699062,-0.193411297398405,1.68789502612993,-1.33256415095157
0.913000977517107,0.000977517106549365,0,0.00131696160753691,0.0401451330477264,0.394973927716497,0.56356397762824,0,0.00454615914614246,-0.189478482208393,1.67767504053024,-1.36042024190197
0.913978494623656,0.000977517106549365,0,0.00127306656124084,0.039305930078311,0.391845909216927,0.567575094143521,0,0.00439463319045234,-0.185578168148807,1.66728290405718,-1.38849490987303
0.914956011730205,0.000977517106549365,0,0.00123015787849945,0.0384742481310001,0.388690395833271,0.571605198157229,0,0.00424651216750275,-0.181710613774656,1.65671794738768,-1.41678884196884
0.915933528836755,0.000977517106549365,0,0.00118822435063599,0.0376501320405007,0.38550730910479,0.575654334504073,0,0.0041017573848762,-0.177876077640948,1.64597950119867,-1.44530272529354
0.916911045943304,0.000977517106549365,0,0.00114725476897368,0.0368336266415197,0.382296570570749,0.579722548018758,0,0.00396033015015517,-0.17407481830269,1.63506689616709,-1.47403724695124
0.917888563049853,0.000977517106549365,0,0.00110723792483579,0.0360247767687643,0.379058101770408,0.583809883535992,0,0.00382219177092215,-0.170307094314891,1.62397946296985,-1.50299309404607
0.918866080156403,0.000977517106549365,0,0.00106816260954554,0.0352236272569415,0.375791824243032,0.587916385890481,0,0.00368730355475965,-0.166573164232558,1.61271653228389,-1.53217095368215
0.919843597262952,0.000977517106549365,0,0.00103001761442619,0.0344302229407582,0.372497659527882,0.592042099916934,0,0.00355562680925016,-0.1628732866107,1.60127743478614,-1.56157151296358
0.920821114369501,0.000977517106549365,0,0.000992791730800965,0.0336446086549216,0.369175529164222,0.596187070450056,0,0.00342712284197617,-0.159207720004325,1.58966150115353,-1.59119545899451
0.921798631476051,0.000977517106549365,0,0.000956473749993121,0.0328668292341386,0.365825354691314,0.600351342324554,0,0.00330175296052016,-0.155576722968441,1.57786806206299,-1.62104347887903
0.9227761485826,0.000977517106549365,0,0.000921052463325895,0.0320969295131163,0.362447057648421,0.604534960375137,0,0.00317947847246465,-0.151980554058056,1.56589644819144,-1.65111625972129
0.92375366568915,0.000977517106549365,0,0.00088651666212253,0.0313349543265617,0.359040559574805,0.608737969436511,0,0.00306026068539212,-0.148419471828178,1.55374599021582,-1.68141448862538
0.924731182795699,0.000977517106549365,0,0.000852855137706269,0.0305809485091819,0.35560578200973,0.612960414343382,0,0.00294406090688506,-0.144893734833814,1.54141601881306,-1.71193885269545
0.925708699902248,0.000977517106549365,0,0.000820056681400352,0.0298349568956838,0.352142646492457,0.617202339930459,0,0.00283084044452598,-0.141403601629974,1.52890586466008,-1.7426900390356
0.926686217008798,0.000977517106549365,0,0.000788110084528024,0.0290970243207746,0.34865107456225,0.621463791032447,0,0.00272056060589735,-0.137949330771665,1.51621485843382,-1.77366873474995
0.927663734115347,0.000977517106549365,0,0.000757004138412525,0.0283671956191612,0.345130987758372,0.625744812484054,0,0.00261318269858169,-0.134531180813895,1.5033423308112,-1.80487562694263
0.928641251221896,0.000977517106549365,0,0.000726727634377098,0.0276455156255507,0.341582307620084,0.630045449119988,0,0.00250866803016147,-0.131149410311672,1.49028761246916,-1.83631140271775
0.929618768328446,0.000977517106549365,0,0.000697269363744986,0.02693202917465,0.338004955686651,0.634365745774954,0,0.0024069779082192,-0.127804277820004,1.47705003408462,-1.86797674917944
0.930596285434995,0.000977517106549365,0,0.00066861811783943,0.0262267811011664,0.334398853497333,0.638705747283661,0,0.00230807364033737,-0.124496041893899,1.46362892633452,-1.89987235343182
0.931573802541544,0.000977517106549365,0,0.000640762687983673,0.0255298162398066,0.330763922591395,0.643065498480815,0,0.00221191653409847,-0.121224961088366,1.45002361989578,-1.931998902579
0.932551319648094,0.000977517106549365,0,0.000613691865500958,0.0248411794252779,0.327100084508099,0.647445044201122,0,0.002118467897085,-0.117991293958411,1.43623344544533,-1.96435708372511
0.933528836754643,0.000977517106549365,0,0.000587394441714526,0.0241609154922872,0.323407260786707,0.651844429279291,0,0.00202768903687945,-0.114795299059045,1.4222577336601,-1.99694758397427
0.934506353861193,0.000977517106549365,0,0.00056185920794762,0.0234890692755415,0.319685372966482,0.656263698550029,0,0.00193954126106431,-0.111637234945273,1.40809581521703,-2.02977109043059
0.935483870967742,0.000977517106549365,0,0.000537074955523482,0.0228256856097479,0.315934342586687,0.660702896848041,0,0.00185398587722208,-0.108517360172105,1.39374702079304,-2.0628282901982
0.936461388074291,0.000977517106549365,0,0.000513030475765354,0.0221708093296135,0.312154091186585,0.665162069008036,0,0.00177098419293526,-0.105435933294548,1.37921068106506,-2.09611987038121
0.937438905180841,0.000977517106549365,0,0.000489714559996478,0.0215244852698452,0.308344540305438,0.66964125986472,0,0.00169049751578633,-0.102393212867611,1.36448612671001,-2.12964651808375
0.93841642228739,0.000977517106549365,0,0.000467115999540096,0.02088675826515,0.304505611482509,0.674140514252801,0,0.00161248715335778,-0.099389457446301,1.34957268840484,-2.16340892040994
0.93939393939394,0.000977517106549365,0,0.000445223585719452,0.0202576731502351,0.300637226257061,0.678659877006985,0,0.00153691441323212,-0.0964249255856268,1.33446969682647,-2.1974077644639
0.940371456500489,0.000977517106549365,0,0.000424026109857788,0.0196372747598074,0.296739306168356,0.683199392961979,0,0.00146374060299184,-0.0934998758405962,1.31917648265183,-2.23164373734974
0.941348973607038,0.000977517106549365,0,0.000403512363278346,0.019025607928574,0.292811772755657,0.68775910695249,0,0.00139292703021944,-0.0906145667662173,1.30369237655785,-2.26611752617158
0.942326490713588,0.000977517106549365,0,0.000383671137304368,0.018422717491242,0.288854547558227,0.692339063813227,0,0.0013244350024974,-0.087769256917498,1.28801670922145,-2.30082981803356
0.943304007820137,0.000977517106549365,0,0.000364491223259096,0.0178286482825182,0.284867552115328,0.696939308378894,0,0.00125822582740822,-0.0849642048494465,1.27214881131957,-2.33578130003978
0.944281524926686,0.000977517106549365,0,0.000345961412465772,0.0172434451371098,0.280850707966224,0.7015598854842,0,0.00119426081253439,-0.0821996691170706,1.25608801352914,-2.37097265929437
0.945259042033236,0.000977517106549365,0,0.000328070496247639,0.0166671528897238,0.276803936650177,0.706200839963852,0,0.00113250126545841,-0.0794759082753786,1.23983364652709,-2.40640458290145
0.946236559139785,0.000977517106549365,0,0.000310807265927939,0.0160998163750673,0.272727159706449,0.710862216652556,0,0.00107290849376277,-0.0767931808793784,1.22338504099035,-2.44207775796513
0.947214076246334,0.000977517106549365,0,0.000294160512829914,0.0155414804278472,0.268620298674303,0.71554406038502,0,0.00101544380502997,-0.074151745484078,1.20674152759584,-2.47799287158955
0.948191593352884,0.000977517106549365,0,0.000278119028276807,0.0149921898827705,0.264483275093002,0.720246415995951,0,0.000960068506842497,-0.0715518606444856,1.18990243702049,-2.51415061087881
0.949169110459433,0.000977517106549365,0,0.00026267160359186,0.0144519895745445,0.260316010501809,0.724969328320055,0,0.000906743906782846,-0.0689937849156091,1.17286709994124,-2.55055166293703
0.950146627565982,0.000977517106549365,0,0.000247807030098314,0.0139209243378759,0.256118426439986,0.72971284219204,0,0.000855431312433512,-0.0664777768524566,1.15563484703502,-2.58719671486835
0.951124144672532,0.000977517106549365,0,0.000233514099119413,0.013399039007472,0.251890444446796,0.734477002446612,0,0.00080609203137699,-0.0640040950100361,1.13820500897875,-2.62408645377687
0.952101661779081,0.000977517106549365,0,0.000219781601978399,0.0128863784180396,0.247631986061502,0.73926185391848,0,0.000758687371195772,-0.0615729979433556,1.12057691644936,-2.66122156676672
0.95307917888563,0.000977517106549365,0,0.000206598329998513,0.0123829874042859,0.243342972823366,0.744067441442349,0,0.000713178639472353,-0.0591847442074233,1.10274990012379,-2.69860274094202
0.95405669599218,0.000977517106549365,0,0.000193953074502999,0.0118889108009179,0.239023326271652,0.748893809852927,0,0.000669527143789226,-0.0568395923572471,1.08472329067896,-2.73623066340689
0.955034213098729,0.000977517106549365,0,0.000181834626815098,0.0114041934426426,0.234672967945621,0.753741003984921,0,0.000627694191728886,-0.054537800947835,1.0664964187918,-2.77410602126545
0.956011730205279,0.000977517106549365,0,0.000170231778258052,0.010928880164167,0.230291819384537,0.758609068673038,0,0.000587641090873826,-0.0522796285341952,1.04806861513924,-2.81222950162182
0.956989247311828,0.000977517106549365,0,0.000159133320155105,0.0104630158001982,0.225879802127662,0.763498048751985,0,0.00054932914880654,-0.0500653336713357,1.02943921039822,-2.85060179158011
0.957966764418377,0.000977517106549365,0,0.000148528043829498,0.0100066451854431,0.221436837714259,0.768407989056468,0,0.000512719673109523,-0.0478951749142644,1.01060753524566,-2.88922357824445
0.958944281524927,0.000977517106549365,0,0.000138404740604473,0.00955981315460895,0.21696284768359,0.773338934421196,0,0.000477773971365267,-0.0457694108179894,0.991572920358485,-2.92809554871897
0.959921798631476,0.000977517106549365,0,0.000128752201803273,0.00912256454240262,0.212457753574919,0.778290929680875,0,0.000444453351156268,-0.0436882999375189,0.972334696413633,-2.96721839010777
0.960899315738025,0.000977517106549365,0,0.00011955921874914,0.00869494418353119,0.207921476927508,0.783264019670212,0,0.000412719120065019,-0.0416521008278607,0.952892194088031,-3.00659278951498
0.961876832844575,0.000977517106549365,0,0.000110814582765316,0.00827699691270167,0.20335393928062,0.788258249223914,0,0.000382532585674013,-0.039661072044023,0.933244744058608,-3.04621943404472
0.962854349951124,0.000977517106549365,0,0.000102507085175044,0.00786876756462112,0.198755062173516,0.793273663176687,0,0.000353855055565745,-0.0377154721410138,0.913391677002294,-3.0860990108011
0.963831867057674,0.000977517106549365,0,9.46255173015651e-05,0.00747030097399654,0.194124767145461,0.798310306363241,0,0.000326647837322709,-0.0358155596738411,0.893332323596018,-3.12623220688826
0.964809384164223,0.000977517106549365,0,8.71586704681228e-05,0.00708164197553498,0.189462975735717,0.80336822361828,0,0.000300872238527399,-0.033961593197513,0.873066014516711,-3.16661970941031
0.965786901270772,0.000977517106549365,0,8.00953359979588e-05,0.00670283540394347,0.184769609483546,0.808447459776512,0,0.000276489566762308,-0.0321538312670374,0.8525920804413,-3.20726220547137
0.966764418377322,0.000977517106549365,0,7.34243052143154e-05,0.00633392609392903,0.180044589928212,0.813548059672645,0,0.00025346112960993,-0.0303925324374226,0.831909852046717,-3.24816038217556
0.967741935483871,0.000977517106549365,0,6.71343694404349e-05,0.00597495888019871,0.175287838608976,0.818670068141385,0,0.000231748234652759,-0.0286779552636764,0.811018660009891,-3.28931492662699
0.96871945259042,0.000977517106549365,0,6.12143199995595e-05,0.00562597859745952,0.170499277065101,0.823813530017439,0,0.00021131218947329,-0.0270103583008069,0.789917835007751,-3.3307265259298
0.96969696969697,0.000977517106549365,0,5.56529482149315e-05,0.0052870300804185,0.165678826835852,0.828978490135515,0,0.000192114301654015,-0.0253900001038222,0.768606707717226,-3.3723958671881
0.970674486803519,0.000977517106549365,0,5.04390454097933e-05,0.00495815816378268,0.160826409460488,0.834164993330319,0,0.00017411587877743,-0.0238171392277303,0.747084608815247,-3.414323637506
0.971652003910068,0.000977517106549365,0,4.5561402907387e-05,0.0046394076822591,0.155941946478275,0.839373084436559,0,0.000157278228426027,-0.0222920342275392,0.725350868978743,-3.45651052398764
0.972629521016618,0.000977517106549365,0,4.10088120309549e-05,0.00433082347055477,0.151025359428474,0.84460280828894,0,0.000141562658182301,-0.0208149436582571,0.703404818884642,-3.49895721373713
0.973607038123167,0.000977517106549365,0,3.67700641037393e-05,0.00403245036337675,0.146076569850348,0.849854209722172,0,0.000126930475628746,-0.0193861260748918,0.681245789209877,-3.54166439385858
0.974584555229717,0.000977517106549365,0,3.28339504489825e-05,0.00374433319543204,0.14109549928316,0.855127333570959,0,0.000113342988347856,-0.0180058400324515,0.658873110631374,-3.58463275145613
0.975562072336266,0.000977517106549365,0,2.91892623899267e-05,0.00346651680142769,0.136082069266172,0.860422224670011,0,0.000100761503922124,-0.0166743440859442,0.636286113826064,-3.62786297363389
0.976539589442815,0.000977517106549365,0,2.58247912498142e-05,0.00319904601607073,0.131036201338647,0.865738927854032,0,8.91473299340441e-05,-0.0153918967903779,0.613484129470877,-3.67135574749598
0.977517106549365,0.000977517106549365,0,2.27293283518872e-05,0.00294196567406819,0.125957817039848,0.871077487957732,0,7.84617739661107e-05,-0.0141587567007607,0.590466488242743,-3.71511176014652
0.978494623655914,0.000977517106549365,0,1.98916650193881e-05,0.00269532061012709,0.120846837909038,0.876437949815816,0,6.86661436008175e-05,-0.0129751823721006,0.56723252081859,-3.75913169868964
0.979472140762463,0.000977517106549365,0,1.73005925755591e-05,0.00245915565895447,0.115703185485479,0.881820358262991,0,5.97217464206584e-05,-0.0118414323594057,0.543781557875348,-3.80341625022944
0.980449657869013,0.000977517106549365,0,1.49449023436425e-05,0.00223351565525737,0.110526781308433,0.887224758133966,0,5.15898900081273e-05,-0.010757765217684,0.520112930089947,-3.84796610187005
0.981427174975562,0.000977517106549365,0,1.28133856468804e-05,0.0020184454337428,0.105317546917165,0.892651194263446,0,4.42318819457182e-05,-0.00972443950194349,0.496225968139316,-3.8927819407156
0.982404692082111,0.000977517106549365,0,1.08948338085153e-05,0.00181398982911781,0.100075403850935,0.898099711486138,0,3.76090298159248e-05,-0.00874171376719225,0.472120002700385,-3.93786445387019
0.983382209188661,0.000977517106549365,0,9.17803815178942e-06,0.00162019367608942,0.0948002736490079,0.903570354636751,0,3.16826412012412e-05,-0.00780984656843833,0.447794364450084,-3.98321432843796
0.98435972629521,0.000977517106549365,0,7.65178999994494e-06,0.00143710180936466,0.0894920778506452,0.90906316854999,0,2.64140236841612e-05,-0.00692909646068976,0.423248384065341,-4.02883225152302
0.98533724340176,0.000977517106549365,0,6.30488067622416e-06,0.00126475906365057,0.0841507379951099,0.914578198060563,0,2.17644848471787e-05,-0.00609972199895458,0.398481392223088,-4.07471891022949
0.986314760508309,0.000977517106549365,0,5.12610150386936e-06,0.00110321027365417,0.0787761756216647,0.920115488003177,0,1.76953322727877e-05,-0.00532198173824082,0.373492719600252,-4.1208749916615
0.987292277614858,0.000977517106549365,0,4.10424380612281e-06,0.000952500274082502,0.0733683122695723,0.925675083212539,0,1.4167873543482e-05,-0.00459613423355653,0.348281696873764,-4.16730118292315
0.988269794721408,0.000977517106549365,0,3.22809890622677e-06,0.00081267389964259,0.0679270694780953,0.931257028523356,0,1.11434162417555e-05,-0.00392243803990975,0.322847654720553,-4.21399817111858
0.989247311827957,0.000977517106549365,0,2.48645812742351e-06,0.000683775985041467,0.0624523687864965,0.936861368770335,0,8.58326795010219e-06,-0.0033011517123085,0.297189923817549,-4.2609666433519
0.990224828934506,0.000977517106549365,0,1.86811279295531e-06,0.000565851364986163,0.0569441317340386,0.942488148788182,0,6.44873625101592e-06,-0.00273253380576085,0.271307834841681,-4.30820728672723
0.991202346041056,0.000977517106549365,0,1.36185422606442e-06,0.000458944874183709,0.0514022798599842,0.948137413411606,0,4.7011287269906e-06,-0.00221684287527482,0.245200718469879,-4.35572078834869
0.992179863147605,0.000977517106549365,0,9.56473749993117e-07,0.000363101347341137,0.0458267347035961,0.953809207475313,0,3.30175296052015e-06,-0.00175433747585844,0.218867905379072,-4.40350783532041
0.993157380254154,0.000977517106549365,0,6.4076268798367e-07,0.000278365619165478,0.0402174178041369,0.95950357581401,0,2.21191653409846e-06,-0.00134527616251977,0.192308726246191,-4.4515691147465
0.994134897360704,0.000977517106549365,0,4.03512363278346e-07,0.000204782524363761,0.0345742507008694,0.965220563262404,0,1.39292703021944e-06,-0.000989917490266844,0.165522511748163,-4.49990531373108
0.995112414467253,0.000977517106549365,0,2.33514099119413e-07,0.000142396897643018,0.0288971549330563,0.970960214655202,0,8.0609203137699e-07,-0.000688520014107694,0.13850859256192,-4.54851711937828
0.996089931573803,0.000977517106549365,0,1.1955921874914e-07,9.12535737102809e-05,0.0231860520399601,0.976722574827111,0,4.12719120065019e-07,-0.000441342289050361,0.111266299364391,-4.5974052187922
0.997067448680352,0.000977517106549365,0,5.04390454097933e-08,5.13973872725794e-05,0.0174408635608438,0.982507688612838,0,1.7411587877743e-07,-0.000248642870102887,0.0837949628325045,-4.64657029907698
0.998044965786901,0.000977517106549365,0,1.49449023436425e-08,2.28731730369448e-05,0.0116615110349698,0.988315600847091,0,5.15898900081273e-08,-0.000110680312273309,0.0560939136431909,-4.69601304733674
0.999022482893451,0.000977517106549365,0,1.86811279295531e-09,5.72576571040802e-06,0.00584791600160099,0.994146356364576,0,6.44873625101592e-09,-2.77131705696671e-05,0.0281624824733795,-4.74573415067558
1,0.000488758553274682,0,0,0,0,1,0,0,0,0,-4.79573429619764
