"grid","weight","RawBasis1","RawBasis2","RawBasis3","RawBasis4","RawBasis5","RawBasis6","RawBasis7","RawBasis8","RawBasis9","Basis1","Basis2","Basis3","Basis4","Basis5","Basis6","Basis7","Basis8","Basis9"
0,0.000488758553274682,1,0,0,0,0,0,0,0,0,-6.48035060399167,-3.66120241269977,-2.19328587987792,-1.27845441815911,-0.715712616469928,-0.389881182403342,-0.257099285941755,-0.158413738553352,-0.0781254632463878
0.000977517106549365,0.000977517106549365,0.982507688612838,0.0174408635608438,5.14142002877161e-05,3.36260302731956e-08,0,0,0,0,0,-6.36699429332867,-3.49288442338905,-2.07254899014729,-1.20435436189736,-0.673688123990497,-0.366919365991592,-0.241946430759084,-0.14907453868699,-0.0735192139793467
0.00195503421309873,0.000977517106549365,0.965220563262403,0.0345742507008694,0.000204917028484854,2.69008242185565e-07,0,0,0,0,0,-6.2549676601227,-3.32715599574992,-1.95427952647518,-1.13189411240185,-0.632611292368736,-0.344477575635408,-0.22713710753371,-0.139947153997817,-0.0690174484519898
0.00293255131964809,0.000977517106549365,0.948137413411606,0.0514022798599842,0.000459398825592398,9.07902817376281e-07,0,0,0,0,0,-6.144262859669,-3.16400003207367,-1.83845870477918,-1.0610598535654,-0.592473955484785,-0.322551307609978,-0.212668337465268,-0.131029746957136,-0.0646192601216556
0.00391006842619746,0.000977517106549365,0.931257028523356,0.0679270694780953,0.000813749932611334,2.15206593748452e-06,0,0,0,0,0,-6.03487204726282,-3.00339943465157,-1.72506774097687,-0.991837769281166,-0.553267947219163,-0.30113605819073,-0.198537141753564,-0.122320480036362,-0.0603237424457358
0.00488758553274682,0.000977517106549365,0.914578198060563,0.08415073799511,0.00126686069054264,4.20325378414945e-06,0,0,0,0,0,-5.92678737819939,-2.8453371057749,-1.61408785098585,-0.924214043442093,-0.51498510145199,-0.280227323652762,-0.184740541598157,-0.113817515706738,-0.0561299888815422
0.00586510263929619,0.000977517106549365,0.898099711486138,0.100075403850935,0.00181762144038732,7.26322253901025e-06,0,0,0,0,0,-5.82000100777394,-2.68979594773493,-1.50550025072369,-0.858174859941172,-0.477617252063601,-0.259820600271457,-0.171275558198885,-0.105519016439692,-0.052037092886468
0.00684261974584555,0.000977517106549365,0.881820358262991,0.115703185485479,0.00246492252314633,1.15337283837061e-05,0,0,0,0,0,-5.71450509128173,-2.53675886282292,-1.39928615610799,-0.793706402671395,-0.44115623293428,-0.239911384322052,-0.158139212755356,-0.097423144706571,-0.0480441479178885
0.00782013685239492,0.000977517106549365,0.865738927854032,0.131036201338647,0.00320765427982068,1.72165274998762e-05,0,0,0,0,0,-5.61029178401798,-2.38620875333016,-1.29542678305633,-0.730794855525756,-0.405593877944314,-0.22049517207982,-0.145328526467288,-0.0895280629786651,-0.0441502474331137
0.00879765395894428,0.000977517106549365,0.849854209722172,0.146076569850348,0.00404470705141133,2.45133760691596e-05,0,0,0,0,0,-5.50735324127794,-2.23812852154792,-1.1939033474863,-0.669426402397246,-0.37092202097399,-0.201567459820031,-0.132840520534381,-0.0818319337273404,-0.0403544848895275
0.00977517106549365,0.000977517106549365,0.834164993330319,0.160826409460489,0.00497497117891929,3.36260302731956e-05,0,0,0,0,0,-5.40568161835684,-2.09250106976746,-1.09469706531548,-0.609587227178858,-0.337132495903593,-0.183123743817958,-0.12067221615633,-0.0743329194239413,-0.0366559537444841
0.010752688172043,0.000977517106549365,0.818670068141385,0.175287838608976,0.00599733700334553,4.47562462936234e-05,0,0,0,0,0,-5.30526907054993,-1.94930930028006,-0.997789152461461,-0.551263513763587,-0.30421713661341,-0.16515952034887,-0.108820634532833,-0.0670291825398114,-0.033053747455342
0.0117302052785924,0.000977517106549365,0.80336822361828,0.189462975735717,0.00711069486569104,5.8105780312082e-05,0,0,0,0,0,-5.20610775315244,-1.80853611537699,-0.903160824841831,-0.494441446044423,-0.272167776983729,-0.147670285688039,-0.0972827968635875,-0.0599188855462943,-0.0295469594794594
0.0127077223851417,0.000977517106549365,0.788258249223913,0.20335393928062,0.00831393510695679,7.38763885102107e-05,0,0,0,0,0,-5.1081898214596,-1.67016441734952,-0.810793298374176,-0.439107207914359,-0.240976250894835,-0.130651536110735,-0.0860557243482898,-0.0530001909147337,-0.0261346832741945
0.0136852394916911,0.000977517106549365,0.773338934421196,0.216962847683591,0.00960594806814379,9.22698270696487e-05,0,0,0,0,0,-5.01150743076667,-1.53417710848894,-0.72066778897608,-0.38524698326639,-0.210634392227015,-0.11409876789223,-0.0751364381866371,-0.0462712611164732,-0.0228160122969054
0.0146627565982405,0.000977517106549365,0.758609068673038,0.230291819384537,0.010985624090253,0.000113487852172035,0,0,0,0,0,-4.91605273636888,-1.4005570910865,-0.63276551256513,-0.332846955993505,-0.181134034860556,-0.0980074773077947,-0.0645219595783264,-0.0397302586228563,-0.0195900400049502
0.0156402737047898,0.000977517106549365,0.744067441442349,0.243342972823367,0.0124518535142854,0.000137732219999009,0,0,0,0,0,-4.82181789356146,-1.26928726743348,-0.547067685058913,-0.2818933099887,-0.152467012675743,-0.0823731606326998,-0.0542093097230548,-0.0333753459052269,-0.0164558598556871
0.0166177908113392,0.000977517106549365,0.72971284219204,0.256118426439986,0.014003526681242,0.00016520468673221,0,0,0,0,0,-4.72879505763966,-1.14035053982116,-0.463555522375016,-0.232372229144967,-0.124625159552865,-0.0671913141422162,-0.0441955098205193,-0.0272046854349284,-0.0134125653064742
0.0175953079178886,0.000977517106549365,0.71554406038502,0.268620298674303,0.0156395339321238,0.000196107008553277,0,0,0,0,0,-4.63697638389872,-1.0137298105408,-0.382210240431024,-0.184269897355297,-0.0976003093722066,-0.052457434111615,-0.0344775810704169,-0.0212164396833045,-0.0104592498146698
0.0185728250244379,0.000977517106549365,0.7015598854842,0.280850707966224,0.0173587656079318,0.000230640941643849,0,0,0,0,0,-4.54635402763386,-0.889407981883687,-0.303013055144525,-0.137572498512685,-0.0713842960140551,-0.0381670168161671,-0.0250525446724447,-0.0154087711216989,-0.00759500683763184
0.0195503421309873,0.000977517106549365,0.68775910695249,0.292811772755657,0.0191601120496669,0.000269008242185565,0,0,0,0,0,-4.45692014414034,-0.767367956141082,-0.225945182433105,-0.0922662165101224,-0.0459689533586971,-0.0243155585311435,-0.0159174218262997,-0.00977984222145525,-0.00481892983271863
0.0205278592375367,0.000977517106549365,0.6741405142528,0.304505611482509,0.0210424635983301,0.000311410666360064,0,0,0,0,0,-4.36866688871339,-0.64759263560426,-0.15098783821435,-0.048337235240602,-0.0213461152864188,-0.0108985555318151,-0.00706923373167891,-0.00432781545391705,-0.00213011225728824
0.021505376344086,0.000977517106549365,0.660702896848041,0.315934342586687,0.0230047105949224,0.000358049970348987,0,0,0,0,0,-4.28158641664825,-0.530064922564493,-0.0781222384058463,-0.00577173859711638,0.00249238432249322,0.00208849590654737,0.00149499841172069,0.00094914670957204,0.000472352431301184
0.0224828934506354,0.000977517106549365,0.647445044201122,0.327100084508099,0.0250457433804448,0.000409127910333971,0,0,0,0,0,-4.19567088324016,-0.414767719313057,-0.00732959892518142,0.035444089527341,0.025554711587752,0.0146500995086725,0.0097782534042019,0.00605288179766828,0.00298937077569143
0.0234604105571848,0.000977517106549365,0.634365745774954,0.338004955686651,0.0271644522958983,0.000464846242496656,0,0,0,0,0,-4.11091244378435,-0.301683928141221,0.0614088643100591,0.075324065239778,0.0478490326290713,0.0267907589992897,0.0177835100460678,0.0109852273390281,0.0054218493185244
0.0244379276637341,0.000977517106549365,0.621463791032447,0.34865107456225,0.0293597276822839,0.000525406723018681,0,0,0,0,0,-4.02730325357607,-0.190796451340259,0.128111935382288,0.113882004647201,0.0693835135661643,0.0385149781031278,0.0255137471376213,0.0157480208623079,0.0077706946024419
0.0254154447702835,0.000977517106549365,0.608737969436511,0.359040559574805,0.0316304598806025,0.000591011108081686,0,0,0,0,0,-3.94483546791056,-0.0820881912014418,0.19279839837392,0.151131723856619,0.090166320518745,0.0498272605449162,0.0329719434791656,0.0203430998961641,0.0100368131700859
0.0263929618768328,0.000977517106549365,0.596187070450056,0.369175529164222,0.0339755392318552,0.000661861153867309,0,0,0,0,0,-3.86350124208304,0.0244579499839568,0.255487037367368,0.187087038975039,0.110205619606526,0.0607321100493836,0.0401610778710034,0.0247723019692529,0.0122211115640981
0.0273704789833822,0.000977517106549365,0.583809883535992,0.379058101770408,0.0363938560770429,0.00073815861655719,0,0,0,0,0,-3.78329273138877,0.128859069924665,0.316196636445046,0.221761766109467,0.129509576949222,0.0712340303412593,0.0470841291134378,0.0290374646102307,0.0143244963271204
0.0283479960899316,0.000977517106549365,0.57160519815723,0.388690395833271,0.0388843007571666,0.000820105252332968,0,0,0,0,0,-3.70420209112298,0.231132266329409,0.374945979689366,0.25516972136691,0.148086358666545,0.0813375251452721,0.0537440760067717,0.033140425347754,0.0163478740017947
0.0293255131964809,0.000977517106549365,0.559571803776679,0.398074529792718,0.0414457636132273,0.000907902817376282,0,0,0,0,0,-3.62622147658091,0.33129463690692,0.431753851182744,0.287324720854378,0.16594413087821,0.0910470981861515,0.0601438973513082,0.0370830217104792,0.0182921511307628
0.0303030303030303,0.000977517106549365,0.54770848985725,0.407212622088655,0.0440771349862259,0.00100175306786877,0,0,0,0,0,-3.5493430430578,0.429363279365921,0.486639035007591,0.318240580678875,0.183091059703929,0.100367253188626,0.0662865719473501,0.0408670912270624,0.0201582342566666
0.0312805474095797,0.000977517106549365,0.536014045861853,0.416106791160991,0.0467773052171635,0.00110185775999207,0,0,0,0,0,-3.47355894584888,0.525355291415141,0.539620315246322,0.34793111694741,0.199535311263417,0.109302493877425,0.0721750785952004,0.0444944714261602,0.0219470299221478
0.032258064516129,0.000977517106549365,0.524487261253399,0.424759155449632,0.0495451646470411,0.00120841864992783,0,0,0,0,0,-3.3988613402494,0.61928777076331,0.59071647598135,0.376410145766991,0.215285051676385,0.117857323977277,0.0778123960951622,0.0479669998364289,0.0236594446698485
0.0332355816226784,0.000977517106549365,0.513126925494796,0.433171833394487,0.0523796036168595,0.00132163749385768,0,0,0,0,0,-3.32524238155459,0.711177815119153,0.63994630129509,0.403691483244624,0.230348447062549,0.126036247212912,0.0832015032475384,0.0512865139865249,0.0252963850424104
0.0342130987292278,0.000977517106549365,0.501931828048956,0.44134694343546,0.0552795124676199,0.00144171604796326,0,0,0,0,0,-3.2526942250597,0.801042522191398,0.687328575269954,0.429788945487316,0.244733663541622,0.133843767309059,0.088345378852632,0.0544548514051045,0.0268587575824753
0.0351906158357771,0.000977517106549365,0.490900758378789,0.449286604012461,0.0582437815403232,0.00156885606842621,0,0,0,0,0,-3.18120902605996,0.888898989688774,0.732882081988355,0.454716348602076,0.258448867233316,0.141284387990446,0.0932470017107459,0.0574738496208241,0.0283474688326852
0.0361681329423265,0.000977517106549365,0.480032505947205,0.456992933565397,0.0612713011759704,0.00170325931142818,0,0,0,0,0,-3.1107789398506,0.974764315320007,0.776625605532708,0.47848750869591,0.271502224257345,0.148362612981803,0.097909350622183,0.0603453461623401,0.0297634253356818
0.0371456500488759,0.000977517106549365,0.469325860217113,0.464468050534173,0.0643609617155624,0.00184512753315079,0,0,0,0,0,-3.04139612172688,1.05865559679382,0.818577929985426,0.501116241875825,0.283901900733423,0.155082946007859,0.102335404387247,0.0630711785583088,0.0311075336341071
0.0381231671554252,0.000977517106549365,0.458779610651425,0.471714073358699,0.0675116535001003,0.00199466248977569,0,0,0,0,0,-2.97305272698403,1.14058993181896,0.858757839428923,0.522616364248829,0.295656062781264,0.161449890793342,0.106528141806239,0.0656531843373866,0.0323807002706028
0.0391006842619746,0.000977517106549365,0.44839254671305,0.47873312047888,0.070722266870585,0.00215206593748452,0,0,0,0,0,-2.90574091091728,1.22058441810413,0.897184117945612,0.543001691921929,0.30677287652058,0.167467951062982,0.110490541679464,0.06809320102823,0.0335838317878109
0.040078201368524,0.000977517106549365,0.438163457864899,0.485527310334625,0.0739916921680175,0.00231753963245891,0,0,0,0,0,-2.83945282882187,1.29865615335807,0.933875549617906,0.562286041002133,0.317260508071085,0.173141630541509,0.114225582807224,0.0703930661594952,0.0347178347283731
0.0410557184750733,0.000977517106549365,0.428091133569881,0.49209876136584,0.0773188197333989,0.00249128533088052,0,0,0,0,0,-2.77418063599306,1.3748222352895,0.96885091852822,0.580483227596447,0.327127123552493,0.17847543295365,0.117736243989823,0.0725546172598385,0.0357836156349314
0.0420332355816227,0.000977517106549365,0.418174363290907,0.498449592012432,0.08070253990773,0.00267350478893096,0,0,0,0,0,-2.70991648772606,1.44909976160716,1.00212900875897,0.59760706781188,0.336380889084517,0.183473862024135,0.121025504027562,0.0745796918579165,0.0367820810501275
0.043010752688172,0.000977517106549365,0.408411936490886,0.50458192071431,0.0841417430320119,0.0028643997627919,0,0,0,0,0,-2.64665253931612,1.52150583001977,1.03372860439256,0.613671377755437,0.34502997078687,0.188141421477693,0.124096341720745,0.0764701274823854,0.0377141375166034
0.0439882697947214,0.000977517106549365,0.39880264263273,0.510497865911379,0.0876353194472456,0.00306417200864495,0,0,0,0,0,-2.58438094605849,1.59205753823605,1.06366848951141,0.628689973534127,0.353082534779267,0.192482615039054,0.126951735869676,0.0782277616619016,0.0385806915770008
0.0449657869012708,0.000977517106549365,0.389345271179349,0.516199546043547,0.091182159494432,0.00327302328267177,0,0,0,0,0,-2.52309386324839,1.66077198396475,1.09196744819794,0.642676671254958,0.36054674718142,0.196501946432945,0.129594665274657,0.0798544319251215,0.0393826497739617
0.0459433040078201,0.000977517106549365,0.380038611593652,0.521689079550722,0.0947811535145721,0.00349115534105399,0,0,0,0,0,-2.46278344618108,1.72766626491457,1.11864426453455,0.655645287024935,0.367430774113042,0.200203919384097,0.13202810873599,0.0813519758007015,0.0401209186501278
0.0469208211143695,0.000977517106549365,0.370881453338549,0.526968584872811,0.0984311918486669,0.00371876993997325,0,0,0,0,0,-2.40344185015178,1.79275747879426,1.14371772260366,0.667609636951066,0.373742781693848,0.203593037617238,0.13425504505398,0.0827222308172978,0.0407964047481411
0.0478983382209189,0.000977517106549365,0.361872585876951,0.53204018044972,0.102131164837717,0.00395606883561119,0,0,0,0,0,-2.34506123045573,1.85606272331253,1.16720660648769,0.678583537140359,0.37949093604355,0.206673804857098,0.136278453028928,0.083967034503567,0.0414100146106434
0.0488758553274682,0.000977517106549365,0.353010798671768,0.536905984721357,0.105879962822725,0.00420325378414945,0,0,0,0,0,-2.28763374238818,1.91759909617813,1.18912970026905,0.688580803699821,0.384683403281863,0.209450724828405,0.138101311461139,0.0850882243881653,0.0419626547802765
0.0498533724340176,0.000977517106549365,0.344294881185911,0.54156811612763,0.10967647614469,0.00446052654176967,0,0,0,0,0,-2.23115154124436,1.97738369509976,1.20950578803014,0.69761525273646,0.3893283495285,0.211928301255888,0.139726599150914,0.0860876379997492,0.0424552317996822
0.050830889540567,0.000977517106549365,0.335723622882288,0.546028693108445,0.113519595144613,0.00472808886465349,0,0,0,0,0,-2.17560678231951,2.03543361778617,1.22835365385339,0.705700700357282,0.393433940903173,0.214111037864277,0.141157294898557,0.086967112866975,0.0428886522115025
0.0518084066471163,0.000977517106549365,0.327295813223811,0.55028983410371,0.117408210163496,0.00500614250898254,0,0,0,0,0,-2.12099162090887,2.09176596194607,1.24569208182121,0.712850962669295,0.397008343525597,0.216003438378301,0.142396377504371,0.087728486518499,0.0432638225583792
0.0527859237536657,0.000977517106549365,0.31901024167339,0.554353657553331,0.12134121154234,0.00529488923093847,0,0,0,0,0,-2.06729821230768,2.14639782528821,1.26153985601601,0.719079855779507,0.400059723515486,0.217610006522688,0.143446825768659,0.0883735964829776,0.0435816493829541
0.0537634408602151,0.000977517106549365,0.310865697693934,0.558222281897217,0.125317489622145,0.00559453078670292,0,0,0,0,0,-2.01451871181118,2.19934630552129,1.27591576052021,0.724401195794923,0.402596246992551,0.218935246022168,0.144311618491724,0.0889042802890672,0.0438430392278692
0.0547409579667644,0.000977517106549365,0.302860970748355,0.561897825575274,0.129335934743913,0.00590526893245752,0,0,0,0,0,-1.9626452747146,2.25062850035406,1.28883857941621,0.728828798822553,0.404626080076508,0.21998366060147,0.144993734473868,0.0893223754654243,0.0440488986357661
0.0557184750733138,0.000977517106549365,0.294994850299561,0.56538240702741,0.133395437248645,0.00622730542438391,0,0,0,0,0,-1.91167005631319,2.30026150749524,1.30032709678644,0.732376480969402,0.406157388887068,0.220759753985322,0.145496152515396,0.089629719540705,0.0442001341492868
0.0566959921798631,0.000977517106549365,0.287266125810464,0.568678144693531,0.137494887477341,0.00656084201866374,0,0,0,0,0,-1.86158521190219,2.34826242465355,1.3104000967133,0.735058058342479,0.407198339543947,0.221268029898454,0.145821851416608,0.0898281500435659,0.0442976523110732
0.0576735092864125,0.000977517106549365,0.279673586743973,0.571787157013545,0.141633175771003,0.00690608047147864,0,0,0,0,0,-1.81238289677682,2.39464834953773,1.31907636327921,0.73688734704879,0.407757098166857,0.221512992065596,0.14597380997781,0.0899195045026632,0.0443423596637671
0.0586510263929619,0.000977517106549365,0.272216022562999,0.57471156242736,0.145809192470631,0.00726322253901025,0,0,0,0,0,-1.76405526623234,2.4394363798565,1.32637468056659,0.737878163195343,0.407841830875511,0.221499144211475,0.145955006999303,0.0899056204466533,0.0443351627500103
0.0596285434995112,0.000977517106549365,0.264892222730452,0.577453479374882,0.150021827917226,0.00763246997744021,0,0,0,0,0,-1.71659447556398,2.48264361331859,1.33231383265784,0.738044322889146,0.407460703789624,0.221230990060821,0.145768421281391,0.0897883354041927,0.0442769681124447
0.0606060606060606,0.000977517106549365,0.257700976709241,0.580015026296018,0.154269972451791,0.00801402454295017,0,0,0,0,0,-1.66999268006697,2.52428714763272,1.33691260363539,0.737399642237205,0.406621883028909,0.220713033338363,0.145417031624376,0.0895694869039377,0.0441686822937121
0.06158357771261,0.000977517106549365,0.250641073962278,0.582398321630676,0.158552516415324,0.00840808799172174,0,0,0,0,0,-1.62424203503657,2.56438408050764,1.34018977758163,0.735957937346527,0.405333534713078,0.219949777768831,0.144903816828562,0.0892509124745446,0.0440112118364544
0.0625610948191593,0.000977517106549365,0.243711303952472,0.584605483818763,0.162868350148828,0.00881486207993659,0,0,0,0,0,-1.579334695768,2.60295150965205,1.34216413857899,0.73373302432412,0.403603824961846,0.218945727076952,0.144231755694251,0.0888344496446698,0.0438054632833135
0.0635386119257087,0.000977517106549365,0.236910456142733,0.586638631300187,0.167216363993304,0.00923454856377634,0,0,0,0,0,-1.5352628175565,2.64000653277469,1.34285447070989,0.730738719276993,0.401440919894926,0.217705384987457,0.143403827021747,0.0883219359429696,0.0435523431769312
0.0645161290322581,0.000977517106549365,0.230237319995972,0.588499882514853,0.171595448289752,0.00966734919942264,0,0,0,0,0,-1.49201855569732,2.67556624758429,1.34227955805673,0.72698883831215,0.398852985632031,0.216233255225074,0.142423009611352,0.0877152088981005,0.0432527580599493
0.0654936461388074,0.000977517106549365,0.223690684975099,0.590191355902671,0.176004493379173,0.0101134657430571,0,0,0,0,0,-1.44959406548569,2.70964775178958,1.34045818470192,0.7224971975366,0.395848188292875,0.214533841514533,0.14129228226337,0.0870161060387189,0.0429076144750097
0.0664711632453568,0.000977517106549365,0.217269340543023,0.591715169903546,0.180442389602569,0.0105730999508614,0,0,0,0,0,-1.40798150221685,2.74226814309928,1.33740913472789,0.717277613057351,0.392434693997171,0.212611647580562,0.140014623778103,0.086226464893481,0.0425178189647542
0.0674486803519062,0.000977517106549365,0.210972076162656,0.593073442957386,0.18490802730094,0.0110464535790172,0,0,0,0,0,-1.36717302118604,2.77344451922212,1.33315119221704,0.711343900981409,0.388620668864634,0.21047117714789,0.138593012955854,0.0853481229910433,0.0420842780718247
0.0684261974584555,0.000977517106549365,0.204797681296907,0.594268293504099,0.189400296815288,0.0115337283837061,0,0,0,0,0,-1.3271607776885,2.80319397786682,1.32770314125179,0.704709877415782,0.384414279014975,0.208116933941247,0.137030428596927,0.0843829178600621,0.0416078983388631
0.0694037145650049,0.000977517106549365,0.198744945408686,0.595301839983591,0.193918088486613,0.0120351261211097,0,0,0,0,0,-1.28793692701947,2.83153361674213,1.32108376591455,0.697389358467477,0.379823690567909,0.205553421685362,0.135329849501624,0.0833326870291937,0.0410895863085112
0.0703812316715542,0.000977517106549365,0.192812657960904,0.59617620083577,0.198460292655916,0.0125508485474097,0,0,0,0,0,-1.24949362447419,2.85848053355675,1.31331185028774,0.689396160243502,0.37485706964315,0.202785144104963,0.133494254470248,0.0821992680270947,0.0405302485234108
0.0713587487781036,0.000977517106549365,0.186999608416471,0.596893494500543,0.203025799664199,0.0130810974187877,0,0,0,0,0,-1.21182302534788,2.88405182601943,1.30440617845377,0.680744098850863,0.369522582360409,0.19981660492478,0.131526622303103,0.0809844983824212,0.0399307915262039
0.072336265884653,0.000977517106549365,0.181304586238297,0.597455839417816,0.207613499852462,0.0136260744914254,0,0,0,0,0,-1.1749172849358,2.90826459183888,1.29438553449505,0.671446990396568,0.363828394839402,0.196652307869542,0.129429931800491,0.0796902156238299,0.0392921218595322
0.0733137829912024,0.000977517106549365,0.175726380889291,0.597865354027499,0.212222283561706,0.0141859815215044,0,0,0,0,0,-1.13876855853319,2.93113592872384,1.283268702494,0.661518650987623,0.357782673199841,0.193296756663977,0.127207161762715,0.0783182572799767,0.0386151460660375
0.0742913000977517,0.000977517106549365,0.170263781832365,0.598124156769496,0.216851041132932,0.0147610202652063,0,0,0,0,0,-1.10336900143527,2.95268293438303,1.27107446653302,0.650972896731038,0.351393583561441,0.189754455032815,0.124861290990078,0.0768704608795184,0.0379007706883619
0.0752688172043011,0.000977517106549365,0.164915578530429,0.598234366083716,0.221498662907142,0.0153513924787128,0,0,0,0,0,-1.0687107689373,2.97292270652519,1.25782161069454,0.639823543733819,0.344669292043913,0.186029906700785,0.122395298282883,0.0753486639511111,0.037149902269147
0.0762463343108504,0.000977517106549365,0.159680560446392,0.598198100410067,0.226164039225336,0.0159572999182055,0,0,0,0,0,-1.0347860163345,2.99187234285903,1.24352891906097,0.628084408102972,0.337617964766973,0.182127615392616,0.119812162441433,0.0737547040234113,0.0363634473510348
0.0772238514173998,0.000977517106549365,0.154557517043164,0.598017478188454,0.230846060428515,0.0165789443398661,0,0,0,0,0,-1.00158689892212,3.00954894109328,1.22821517571471,0.615769305945505,0.330247767850332,0.178052084833037,0.117114862266032,0.0720904186250754,0.0355423124766671
0.0782013685239492,0.000977517106549365,0.149545237783657,0.597694617858786,0.235543616857681,0.0172165274998762,0,0,0,0,0,-0.969105571995399,3.02596959893669,1.2118991647382,0.602892053368427,0.322566867413706,0.173807818746778,0.114306376556981,0.0703576452847596,0.0346874041886858
0.0791788856304985,0.000977517106549365,0.14464251213078,0.59723163786097,0.240255598853833,0.0178702511544173,0,0,0,0,0,-0.93733419084957,3.04115141409796,1.19459967021382,0.589466466478744,0.314583429576806,0.169399320858566,0.111389684114585,0.0685582215311204,0.0337996290297327
0.0801564027370479,0.000977517106549365,0.139848129547442,0.596630656634912,0.244980896757974,0.0185403170596713,0,0,0,0,0,-0.906264910779874,3.05511148428583,1.17633547622401,0.575506361383463,0.306305620459348,0.164831094893132,0.108367763739145,0.0666939848928142,0.0328798935424496
0.0811339198435973,0.000977517106549365,0.135160879496556,0.59589379262052,0.249718400911104,0.0192269269718197,0,0,0,0,0,-0.87588988708155,3.06786690720903,1.15712536685117,0.56102555418959,0.297741606181043,0.160107644575203,0.105243594230965,0.0647667728984971,0.0319291042694783
0.0821114369501466,0.000977517106549365,0.13057955144103,0.595023164257702,0.254467001654224,0.0199302826470441,0,0,0,0,0,-0.846201275049838,3.07943478057628,1.13698812617773,0.546037861004135,0.288899552861606,0.155233473629511,0.102020154390349,0.0627784230768259,0.0309481677534609
0.083088954056696,0.000977517106549365,0.126102934843774,0.594020889986364,0.259225589328335,0.0206505858415263,0,0,0,0,0,-0.817191229979975,3.08983220209631,1.11594253828608,0.530557097934105,0.27978762662075,0.150213085780782,0.0987004230175982,0.0607307729564567,0.0299379905370391
0.0840664711632454,0.000977517106549365,0.1217298191677,0.592889088246414,0.263993054274439,0.0213880383114477,0,0,0,0,0,-0.7888519071672,3.09907626947785,1.09400738725865,0.514597081086505,0.270413993578188,0.145050984753747,0.0952873789130163,0.0586256600660459,0.0288994791628548
0.0850439882697947,0.000977517106549365,0.117458993875716,0.591629877477758,0.268768286833535,0.0221428418129901,0,0,0,0,0,-0.761175461906752,3.10718408042963,1.07120145717784,0.498171626568344,0.260786819853634,0.139751674273134,0.0917840008769061,0.0564649219342498,0.0278335401735497
0.0860215053763441,0.000977517106549365,0.113289248430734,0.590245376120305,0.273550177346626,0.0229151981023352,0,0,0,0,0,-0.73415404949387,3.11417273266038,1.04754353212608,0.481294550486629,0.250914271566801,0.134319658063673,0.0881932677095709,0.0542503960897249,0.0267410801117659
0.0869990224828935,0.000977517106549365,0.109219372295663,0.58873770261396,0.278337616154712,0.0237053089356644,0,0,0,0,0,-0.707779825223792,3.12005932387881,1.02305239618578,0.463979668948367,0.240804514837403,0.128759439850093,0.0845181582113133,0.0519839200611275,0.025623005520145
0.0879765395894428,0.000977517106549365,0.105248154933414,0.587108975398633,0.283129493598793,0.0245133760691596,0,0,0,0,0,-0.682044944391758,3.12486095179367,0.997746833439343,0.446240798060566,0.230465715785154,0.123075523357122,0.0807616511824366,0.049667331377114,0.024480222941329
0.0889540566959922,0.000977517106549365,0.101374385806896,0.585361312914229,0.287924700019872,0.0253396012590023,0,0,0,0,0,-0.656941562293006,3.12859471411367,0.971645627969191,0.428091753930233,0.219906040529766,0.11727241230949,0.0769267254232436,0.0473024675663407,0.0233136389179597
0.0899315738025415,0.000977517106549365,0.0975968543790208,0.583496833600656,0.292722125758949,0.0261841862613741,0,0,0,0,0,-0.632461834222774,3.13127770854754,0.944767563857735,0.409546352664375,0.209133655190953,0.111354610431925,0.0730163597340372,0.0448911661574641,0.022124159992679
0.0909090909090909,0.000977517106549365,0.0939143501126972,0.581517655897821,0.297520661157025,0.0270473328324568,0,0,0,0,0,-0.608597915476302,3.13292703280402,0.917131425187389,0.390618410369999,0.198156725888429,0.105326621449158,0.0690335329151206,0.0424352646791405,0.0209126927081287
0.0918866080156403,0.000977517106549365,0.0903256624708358,0.579425898245632,0.302319196555101,0.0279292427284319,0,0,0,0,0,-0.585341961348829,3.13355978459183,0.888755996040566,0.371321743154113,0.186983418741907,0.0991929490859156,0.0649812237667964,0.0399366006600261,0.0196801436069506
0.0928641251221896,0.000977517106549365,0.0868295809163468,0.577223679083994,0.307116622294177,0.0288301177054811,0,0,0,0,0,-0.562686127135592,3.13319306161969,0.85966006049968,0.351670167123724,0.175621899871101,0.0929580970669288,0.060862411089368,0.0373970116287776,0.0184274192317866
0.093841642228739,0.000977517106549365,0.0834248949121403,0.574913116852817,0.311911828715256,0.029750159519786,0,0,0,0,0,-0.54062256813183,3.13184396159634,0.829862402647146,0.331677498385839,0.164080335395723,0.0866265691169258,0.056680073683138,0.034818335114051,0.0171554261252787
0.0948191593352884,0.000977517106549365,0.0801103939211266,0.572496329992007,0.316703706159338,0.0306895699275282,0,0,0,0,0,-0.519143439632783,3.12952958223051,0.799381806565375,0.311357553047465,0.152366891435487,0.0802028689606358,0.0524371903484096,0.032202408644503,0.0158650708300685
0.0957966764418377,0.000977517106549365,0.0768848674062157,0.569975436941471,0.321491144967424,0.0316485506848895,0,0,0,0,0,-0.49824089693369,3.12626702123091,0.768237056336783,0.290724147215612,0.140489734110109,0.0736915003227883,0.048136739885486,0.0295510697487899,0.0145572598887981
0.0967741935483871,0.000977517106549365,0.0737471048303179,0.567352556141116,0.326273035480514,0.0326273035480514,0,0,0,0,0,-0.477907095329788,3.12207337630628,0.736446936043782,0.269791096997284,0.128457029539299,0.0670969669281117,0.0437817010946697,0.0268661559555679,0.0132328998441091
0.0977517106549365,0.000977517106549365,0.0706958956563432,0.56462980603085,0.331048268039611,0.0336260302731956,0,0,0,0,0,-0.458134190116316,3.11696574516535,0.704030229768784,0.248572218499489,0.116276943842771,0.0604237725013351,0.0393750527762637,0.0241495047934935,0.0118928972386435
0.0987292277614858,0.000977517106549365,0.067730029347202,0.56180930505058,0.335815732985714,0.0346449326165037,0,0,0,0,0,-0.438914336588514,3.11096122551683,0.671005721594206,0.227081327829234,0.10395764314024,0.0536764207671877,0.0349197737305711,0.0214029537912229,0.0105381586150431
0.0997067448680352,0.000977517106549365,0.0648482953658043,0.558893171640213,0.340574320659825,0.0356842123341574,0,0,0,0,0,-0.42023969004162,3.10407691506947,0.63739219560246,0.205332241093528,0.0915072935514183,0.0468594154503989,0.030418842757895,0.0186283404774127,0.00916959051594987
0.100684261974585,0.000977517106549365,0.0620494831750602,0.555883524239656,0.345322921402945,0.0367440711823382,0,0,0,0,0,-0.402102405770873,3.09632991153199,0.603208435875959,0.183338774399377,0.0789340611960199,0.0399772602756974,0.0258752386585383,0.0158275023807192,0.0077880994840055
0.101661779081134,0.000977517106549365,0.0593323822378801,0.552782481288816,0.350060425556076,0.0378247109172279,0,0,0,0,0,-0.384494639071511,3.08773731261311,0.568473226497116,0.161114743853788,0.0662461121937577,0.033034458967812,0.0212919402328038,0.0130022770297986,0.00639459206185187
0.102639296187683,0.000977517106549365,0.0566957820171739,0.549592161227601,0.354785723460216,0.0389263332950081,0,0,0,0,0,-0.367408545238773,3.07831621602157,0.533205351548346,0.13867396556377,0.053451612664346,0.0260355152514723,0.0166719262809947,0.0101545019533075,0.0049899747921309
0.103616813294233,0.000977517106549365,0.054138471975852,0.546314682495918,0.359497705456369,0.0400491400718603,0,0,0,0,0,-0.350836279567898,3.06808371946608,0.497423595112063,0.116030255636329,0.0405587287274977,0.0189849328514072,0.012018175603414,0.00728601467990219,0.00357515421748442
0.104594330400782,0.000977517106549365,0.0516592415768244,0.542952163533675,0.364195261885534,0.0411933330039664,0,0,0,0,0,-0.334769997354126,3.05705692065539,0.46114674127068,0.0931974301784721,0.0275756265029261,0.0118872154923456,0.00733366700036433,0.00439865273823897,0.00215103688055423
0.105571847507331,0.000977517106549365,0.0492568802830013,0.539506722780777,0.368877283088714,0.0423591138475078,0,0,0,0,0,-0.319201853892693,3.04525291729821,0.424393574106609,0.0701893052972066,0.0145104721103447,0.00474686689901646,0.00262137927214888,0.00149425365697423,0.000718529323982206
0.106549364613881,0.000977517106549365,0.046930177557293,0.535980478677133,0.373542659406908,0.0435466843586662,0,0,0,0,0,-0.30412400447884,3.03268880710327,0.387182877702266,0.0470196970995411,0.0013714316694677,-0.00243160920385063,-0.00211570878092918,-0.00142534503523552,-0.00072146190958973
0.10752688172043,0.000977517106549365,0.0446779228626095,0.53237554966265,0.378190281181117,0.0447562462936234,0,0,0,0,0,-0.289528604407805,3.01938168777931,0.349533436140062,0.0237024216924812,-0.0118333286999925,-0.00964370909152719,-0.00687461835856723,-0.00435830580973411,-0.00216803027751983
0.108504398826979,0.000977517106549365,0.042498905661861,0.528694054177234,0.382819038752344,0.0459880014085608,0,0,0,0,0,-0.275407808974826,3.00534865703504,0.311464033502413,0.000251295183035244,-0.0250956428783217,-0.0168849290392839,-0.0116523706604621,-0.00730279113786504,-0.00362026923716618
0.109481915933529,0.000977517106549365,0.0403919154179577,0.524938110660794,0.387427822461588,0.0472421514596602,0,0,0,0,0,-0.261753773475143,2.9906068125792,0.272993453871729,-0.0233198663217905,-0.0384073447458072,-0.0241507653223919,-0.016445986886311,-0.0102569634909721,-0.005077272245887
0.110459433040078,0.000977517106549365,0.0383557415938098,0.521109837553236,0.392015522649851,0.0485188982031031,0,0,0,0,0,-0.248558653203994,2.97517325212051,0.234140481330428,-0.0469972467149875,-0.0517602681827347,-0.0314367142161218,-0.0212524882358107,-0.0132189853403987,-0.00653813276104034
0.111436950146628,0.000977517106549365,0.0363891736523273,0.517211353294468,0.396581029658133,0.0498184433950713,0,0,0,0,0,-0.235814603456617,2.95906507336771,0.194923899960922,-0.0707670298895488,-0.065146247069391,-0.0387382719957447,-0.0260688959086583,-0.0161870191574886,-0.00800194423998439
0.112414467253177,0.000977517106549365,0.0344910010564206,0.513244776324396,0.401123233827437,0.0511409887917464,0,0,0,0,0,-0.223513779528252,2.94229937402951,0.155362493845623,-0.0946153997384676,-0.078557115286063,-0.0460509349365316,-0.030892231104551,-0.0191592274135854,-0.00946780014007732
0.113391984359726,0.000977517106549365,0.0326600132689997,0.509212225082929,0.405641025498762,0.0524867361493099,0,0,0,0,0,-0.211648336714138,2.92489325181465,0.115475047066946,-0.118528540154737,-0.0919847067130372,-0.0533701993137536,-0.0357195150231857,-0.0221337725800328,-0.0109347939186773
0.114369501466276,0.000977517106549365,0.0308949997529748,0.505115818009972,0.410133295013109,0.0538558872239436,0,0,0,0,0,-0.200210430309513,2.90686380443186,0.0752803437073032,-0.142492635031348,-0.1054208552306,-0.0606915614026814,-0.0405477688642594,-0.0251088171281744,-0.0124020190331424
0.115347018572825,0.000977517106549365,0.029194749971256,0.500957673545434,0.41459893271148,0.0552486437718291,0,0,0,0,0,-0.189192215609615,2.88822812958985,0.0347971678491097,-0.166493868261295,-0.118857394719038,-0.0680105174785859,-0.0453740138274692,-0.0280825235293537,-0.0138685689408308
0.116324535679374,0.000977517106549365,0.0275580533867537,0.496739910129222,0.419036828934876,0.056665207549148,0,0,0,0,0,-0.178585847909684,2.86900332499737,-0.00595569642522154,-0.19051842373757,-0.132286159058637,-0.0753225638167382,-0.0501952711125122,-0.0310530542549145,-0.0153335370991007
0.117302052785924,0.000977517106549365,0.0259836994623778,0.492464646201242,0.423445874024298,0.058105780312082,0,0,0,0,0,-0.168383482504958,2.84920648836313,-0.0469594650332776,-0.214552485353166,-0.145698982129685,-0.0826231966924093,-0.0550085619190853,-0.0340185717762004,-0.0167960169653103
0.118279569892473,0.000977517106549365,0.0244704776610385,0.488134000201403,0.427824958320746,0.0595705638168127,0,0,0,0,0,-0.158577274690676,2.82885471739587,-0.0881953538926444,-0.238582237001076,-0.159087697812468,-0.0899079123808701,-0.0598109074468856,-0.0369772385645551,-0.0182551019968176
0.119257086999022,0.000977517106549365,0.0230171774456462,0.483750090569611,0.432172972165221,0.0610597598195217,0,0,0,0,0,-0.149159379762077,2.80796510980431,-0.129644578920908,-0.262593862574291,-0.172444139987271,-0.0971722071573913,-0.06459932889561,-0.039927217091322,-0.0197098856509808
0.120234604105572,0.000977517106549365,0.0216225882791108,0.479315035745773,0.436488805898725,0.0625735700763907,0,0,0,0,0,-0.140121953014399,2.78655476329718,-0.171288356035655,-0.286573545965805,-0.185760142534383,-0.104411577297244,-0.0693708474649557,-0.0428666698278449,-0.021159461385158
0.121212121212121,0.000977517106549365,0.0202854996243426,0.474830954169797,0.440771349862259,0.0641121963436013,0,0,0,0,0,-0.131457149742881,2.7646407755832,-0.213107901154473,-0.310507471068612,-0.199027539334089,-0.111621519075699,-0.0741224843546196,-0.0457937592454674,-0.0226029226567075
0.122189638318671,0.000977517106549365,0.0190047009442517,0.47029996428159,0.445019494396823,0.0656758403773352,0,0,0,0,0,-0.123157125242763,2.74224024437111,-0.255084430194946,-0.334381821775702,-0.212238164266676,-0.118797528768028,-0.0788512607642987,-0.0487066478155331,-0.0240393629229873
0.12316715542522,0.000977517106549365,0.0177789817017483,0.465724184521059,0.449232129843419,0.0672647039337739,0,0,0,0,0,-0.115214034809282,2.71937026736964,-0.297199159074663,-0.35818278198007,-0.225383851212431,-0.125935102649501,-0.0835541978936903,-0.0516034980093858,-0.0254678756413557
0.124144672531769,0.000977517106549365,0.0166071313597426,0.461105733328111,0.453408146543047,0.0688789887690993,0,0,0,0,0,-0.107620033737677,2.6960479422875,-0.339433303711209,-0.381896535574707,-0.238456434051639,-0.133029736995389,-0.0882283169424911,-0.0544824722983689,-0.0268875542691706
0.125122189638319,0.000977517106549365,0.0154879393811447,0.456446729142654,0.457546434836709,0.0705188966394927,0,0,0,0,0,-0.100367277323187,2.67229036683343,-0.381768080022172,-0.405509266452607,-0.251447746664589,-0.140076928080964,-0.0928706391103983,-0.0573417331538261,-0.0282974922637905
0.126099706744868,0.000977517106549365,0.0144201952288648,0.451749290404594,0.461645885065405,0.072184629301136,0,0,0,0,0,-0.0934479208610516,2.64811463871616,-0.424184703925136,-0.429007158506762,-0.264349622931565,-0.147072172181496,-0.0974781855971089,-0.060179443047101,-0.0296967830825732
0.127077223851417,0.000977517106549365,0.013402688365813,0.44701553555384,0.465705387570136,0.0738763885102107,0,0,0,0,0,-0.0868541196465085,2.6235378556444,-0.466664391337689,-0.452376395630165,-0.277153896732855,-0.154010965572256,-0.10204797760232,-0.0629937644495375,-0.0310845201828771
0.128054740957967,0.000977517106549365,0.0124342082548996,0.442247583030298,0.469723832691904,0.0755943760228986,0,0,0,0,0,-0.0805780289747966,2.5985771153269,-0.509188358177418,-0.475603161715809,-0.289852401948746,-0.160888804528515,-0.106577036325729,-0.0657828598324789,-0.0324597970220602
0.129032258064516,0.000977517106549365,0.0115135443590346,0.437447551273875,0.47370011077171,0.0773387935953812,0,0,0,0,0,-0.0746118041411548,2.57324951547238,-0.551737820361908,-0.498673640656686,-0.302436972459523,-0.167701185325544,-0.111062382967032,-0.068544891667269,-0.0338217070574807
0.130009775171065,0.000977517106549365,0.0106394861411283,0.432617558724478,0.477633112150553,0.0791098429838401,0,0,0,0,0,-0.0689476004408218,2.54757215378956,-0.594293993808747,-0.521574016345789,-0.314899442145474,-0.174443604238614,-0.115501038725926,-0.0712780224252514,-0.0351693437464968
0.130987292277615,0.000977517106549365,0.0098108230640908,0.427759723822016,0.481521727169437,0.080907725944457,0,0,0,0,0,-0.0635775731690362,2.52156212798718,-0.63683809443552,-0.544290472676111,-0.327231644886884,-0.181111557542996,-0.119890024802109,-0.0739804145777697,-0.0365018005464666
0.131964809384164,0.000977517106549365,0.00902634459083228,0.422876165006394,0.48536484616936,0.0827326442334136,0,0,0,0,0,-0.058493877621037,2.49523653577395,-0.679351338159814,-0.566809193540644,-0.339425414564042,-0.187700541513961,-0.124226362395278,-0.0766502305961675,-0.0378181709147482
0.132942326490714,0.000977517106549365,0.00828484018426291,0.417969000717521,0.489161359491325,0.0845847996068915,0,0,0,0,0,-0.0536886690920626,2.46861247485861,-0.721814940899217,-0.589116362832381,-0.351472585057232,-0.19420605242678,-0.128507072705129,-0.0792856329517886,-0.0391175483086999
0.133919843597263,0.000977517106549365,0.00758509930729285,0.413040349395303,0.492910157476332,0.0864643938210723,0,0,0,0,0,-0.049154102877352,2.4417070429499,-0.764210118571312,-0.611198164444315,-0.363364990246741,-0.200623586556723,-0.13272917693136,-0.0818847841159764,-0.0403990261856796
0.134897360703812,0.000977517106549365,0.00692591142283226,0.408092329479647,0.496610130465383,0.0883716286321377,0,0,0,0,0,-0.0448823342721438,2.41453733775652,-0.806518087093688,-0.633040782269439,-0.375094464012857,-0.206948640179062,-0.136889696273667,-0.0844458465600747,-0.0416616980030457
0.135874877810362,0.000977517106549365,0.00630606599379131,0.403127059410462,0.500260168799477,0.0903067057962693,0,0,0,0,0,-0.0408655185716768,2.38712045698721,-0.848720062383931,-0.654630400200746,-0.386652840235865,-0.213176709569068,-0.140985651931749,-0.0869669827554271,-0.0429046572181563
0.136852394916911,0.000977517106549365,0.00572435248308016,0.398146657627653,0.503859162819618,0.0922698270696487,0,0,0,0,0,-0.0370958110711897,2.3594734983507,-0.890797260359627,-0.675953202131227,-0.398031952796053,-0.219303291002011,-0.145014065105301,-0.0894463551733771,-0.0441269972883694
0.13782991202346,0.000977517106549365,0.00517956035360898,0.393153242571129,0.507406002866804,0.0942611942084576,0,0,0,0,0,-0.0335653670659213,2.33161355955572,-0.932730896938365,-0.696995371953877,-0.409223635573707,-0.225323880753163,-0.148971956994021,-0.0918821262852687,-0.0453278116710433
0.13880742913001,0.000977517106549365,0.00467047906828794,0.388148932680797,0.510899579282038,0.0962810089688777,0,0,0,0,0,-0.0302663418511102,2.30355773831099,-0.974502188037727,-0.717743093561686,-0.420219722449112,-0.231233975097795,-0.152856348797605,-0.094272458562445,-0.0465061938235361
0.139784946236559,0.000977517106549365,0.00419589809002719,0.383135846396563,0.51433878240632,0.0983294731070905,0,0,0,0,0,-0.0271908907219952,2.27532313232525,-1.0160923495753,-0.738182550847649,-0.431012047302557,-0.237029070311176,-0.156664261715751,-0.09661551447625,-0.0476612372032059
0.140762463343108,0.000977517106549365,0.00375460688173691,0.378116102158335,0.517722502580651,0.100406788379278,0,0,0,0,0,-0.0243311689738151,2.24692683930721,-1.05748259746868,-0.758299927704758,-0.441592444014327,-0.24270466266858,-0.160392716948157,-0.0989094564980274,-0.048792035267411
0.141739980449658,0.000977517106549365,0.00334539490632724,0.37309181840602,0.521049630146032,0.102513156541621,0,0,0,0,0,-0.0216793319018084,2.21838595696561,-1.09865414763544,-0.778081408026005,-0.451952746464709,-0.248256248445275,-0.164038735694518,-0.101152447099121,-0.0498976814735094
0.142717497556207,0.000977517106549365,0.00296705162670838,0.368065113579525,0.524319055443465,0.104648779350302,0,0,0,0,0,-0.0192275348012142,2.18971758300917,-1.13958821599317,-0.797513175704384,-0.46208478853399,-0.253679323916534,-0.167599339154532,-0.103342648750873,-0.0509772692788593
0.143695014662757,0.000977517106549365,0.00261836650579048,0.363038106118758,0.527529668813949,0.106813858561502,0,0,0,0,0,-0.0169679329672709,2.16093881514662,-1.18026601845946,-0.816581414632887,-0.471980404102455,-0.258969385357627,-0.171071548527896,-0.105478223924629,-0.0520298921408188
0.144672531769306,0.000977517106549365,0.00229812900648371,0.358012914463626,0.530680360598487,0.109008595931403,0,0,0,0,0,-0.0148926816952175,2.1320667510867,-1.2206687709519,-0.835272308704506,-0.481631427050392,-0.264121929043825,-0.174452385014307,-0.107557335091732,-0.0530546435167461
0.145650048875855,0.000977517106549365,0.00200512859169822,0.352991657054035,0.533770021138079,0.111233193216187,0,0,0,0,0,-0.0129939362802925,2.10311848853812,-1.26077768938806,-0.853572041812235,-0.491029691258087,-0.269132451250399,-0.177738869813461,-0.109578144723525,-0.0540506168639993
0.146627565982405,0.000977517106549365,0.00173815472434418,0.347976452329894,0.536797540773726,0.113487852172035,0,0,0,0,0,-0.0112638520177348,2.07411112520961,-1.30057398968555,-0.871466797849066,-0.500167030605827,-0.27399644825262,-0.180928024125057,-0.111538815291351,-0.0550169056399366
0.147605083088954,0.000977517106549365,0.00149599686733176,0.342969418731109,0.53976180984643,0.115772774555129,0,0,0,0,0,-0.00969458420278304,2.04506175880991,-1.34003888776194,-0.888942760707991,-0.509035278973898,-0.278709416325759,-0.184016869148791,-0.113437509266556,-0.0559526033019162
0.148582600195503,0.000977517106549365,0.00127744448357113,0.337972674697588,0.54266171869719,0.118088162121651,0,0,0,0,0,-0.008278288130676,2.01598748704773,-1.37915359953482,-0.905986114282005,-0.517626270242587,-0.283266851745088,-0.18700242608436,-0.115272389120482,-0.0568568033072962
0.149560117302053,0.000977517106549365,0.00108128703597244,0.332988338669238,0.545496157667009,0.120434216627781,0,0,0,0,0,-0.00700711909665239,1.98690540763182,-1.41789934092178,-0.922583042464098,-0.525931838292181,-0.287664250785876,-0.189881716131461,-0.117041617324473,-0.0577285991134347
0.150537634408602,0.000977517106549365,0.000906313987445871,0.328018529085966,0.548264017096886,0.122811139829703,0,0,0,0,0,-0.00587323239595095,1.95783261827088,-1.4562573278404,-0.938719729147265,-0.533943817002965,-0.291897109723394,-0.192651760489792,-0.118743356349872,-0.0585670841776899
0.151515151515152,0.000977517106549365,0.000751314800901576,0.323065364387678,0.550964187327824,0.125219133483596,0,0,0,0,0,-0.00486878332381041,1.92878621667366,-1.49420877620827,-0.954382358224497,-0.541654040255227,-0.295960924832915,-0.195309580359048,-0.120375768668024,-0.0593713519574199
0.152492668621701,0.000977517106549365,0.000615078939249724,0.318130963014284,0.553595558700822,0.127658399345644,0,0,0,0,0,-0.00398592717546951,1.89978330054888,-1.53173490194298,-0.969557113588788,-0.549054341929252,-0.299851192389708,-0.197852196938928,-0.121937016750271,-0.0601404959099829
0.15347018572825,0.000977517106549365,0.000496395865400481,0.313217443405689,0.556157021556883,0.130129139172028,0,0,0,0,0,-0.00321681924616697,1.87084096760527,-1.56881692096211,-0.98423017913313,-0.556136555905329,-0.303563408669045,-0.200276631429127,-0.123425263067958,-0.0608736094927371
0.1544477028348,0.000977517106549365,0.00039405504226401,0.3083269240018,0.558647466237007,0.132631554718929,0,0,0,0,0,-0.00255361483114154,1.84197631555155,-1.60543604918325,-0.998387738750515,-0.562892516063742,-0.307093069946196,-0.202579905029344,-0.124838670092428,-0.0615697861630405
0.155425219941349,0.000977517106549365,0.000306845932750477,0.303461523242526,0.561065783082194,0.135165847742529,0,0,0,0,0,-0.00198846922563194,1.81320644209646,-1.64157350252399,-1.01201597633394,-0.569314056284779,-0.310435672496434,-0.204759038939276,-0.126175400295025,-0.0622281193782514
0.156402737047898,0.000977517106549365,0.000233557999770048,0.298623359567774,0.563410862433447,0.137732219999009,0,0,0,0,0,-0.00151353772487692,1.78454844494871,-1.67721049690191,-1.02510107577639,-0.575393010448726,-0.313586712595027,-0.206811054358619,-0.127433616147092,-0.0628477025957278
0.157380254154448,0.000977517106549365,0.000172980706232886,0.293814551417449,0.565681594631766,0.140330873244552,0,0,0,0,0,-0.00112097562411519,1.75601942181704,-1.7123282482346,-1.03762922097086,-0.58112121243587,-0.316541686517248,-0.20873297248707,-0.128611480119973,-0.063427629272828
0.158357771260997,0.000977517106549365,0.000123903515049157,0.289037217231461,0.567876870018151,0.142962009235339,0,0,0,0,0,-0.000802938218585497,1.72763647041018,-1.74690797243964,-1.04958659581035,-0.586490496126497,-0.319296090538367,-0.210521814524326,-0.129707154685012,-0.06396699286691
0.159335288367546,0.000977517106549365,8.51158891290262e-05,0.284293475449715,0.569995578933605,0.145625829727551,0,0,0,0,0,-0.000551580803526573,1.69941668843685,-1.78093088543462,-1.06095938418785,-0.591492695400895,-0.321845420933656,-0.212174601670085,-0.130718802313552,-0.0644648868353322
0.160312805474096,0.000977517106549365,5.54072913826579e-05,0.27958544451212,0.572036611719127,0.148322536477371,0,0,0,0,0,-0.00035905867417715,1.67137717360578,-1.81437820313714,-1.07173376999634,-0.596119644139348,-0.324185173978385,-0.213688355124043,-0.131644585476937,-0.0649204046354525
0.161290322580645,0.000977517106549365,3.35671847202174e-05,0.274915242858581,0.57399885871572,0.151052331240979,0,0,0,0,0,-0.000217527125775961,1.6435350236257,-1.84723114146477,-1.08189593712883,-0.600363176222144,-0.326310845947825,-0.215060096085898,-0.13248266664651,-0.0653326397246291
0.162267839687195,0.000977517106549365,1.83850320518697e-05,0.270284988929008,0.575881210264383,0.153815415774558,0,0,0,0,0,-0.00011914145356174,1.61590733620534,-1.8794709163351,-1.09143206947831,-0.60421512552957,-0.328217933117247,-0.216286845755346,-0.133231208293615,-0.0657006855602201
0.163245356793744,0.000977517106549365,8.65029628777955e-06,0.265696801163306,0.577682556706118,0.156611991834288,0,0,0,0,0,-5.60569527732191e-05,1.58851120905342,-1.91107874366571,-1.10032835093776,-0.607667325941912,-0.329901931761922,-0.217365625332085,-0.133888372889597,-0.0660236355995839
0.164222873900293,0.000977517106549365,3.15244033811208e-06,0.261152798001383,0.579401788381926,0.159442261176353,0,0,0,0,0,-2.04289186491323e-05,1.56136373987867,-1.94203583937421,-1.10857096540018,-0.610711611339457,-0.331358338157122,-0.218293456015811,-0.134452322905797,-0.0663005833000784
0.165200391006843,0.000977517106549365,6.80927113032209e-07,0.256655097883146,0.581037795632808,0.162306425556933,0,0,0,0,0,-4.41264642821258e-06,1.53448202638981,-1.97232341937816,-1.11614609675857,-0.61333981560249,-0.332582648578116,-0.219067359006222,-0.134921220813561,-0.0665306221190618
0.166177908113392,0.000977517106549365,2.52195227048966e-08,0.252205819248503,0.582589468799764,0.16520468673221,0,0,0,0,0,-1.63431349193059e-07,1.50788316629559,-2.00192269959516,-1.12303992890591,-0.615543772611299,-0.333570359300176,-0.219684355503014,-0.135293229084231,-0.0667128455138923
0.167155425219941,0.000977517106549365,0,0.247807030098315,0.584055736053081,0.16813722964535,4.20325378414944e-09,0,0,0,0,0,1.48158386340695,-2.03081539789045,-1.12923907721474,-0.61731559737318,-0.334317124975666,-0.220141571990286,-0.135566575262012,-0.0668463790647283
0.168132942326491,0.000977517106549365,0,0.2434596383354,0.585436395636575,0.171103852540173,1.13487852172035e-07,0,0,0,0,0,1.45559176188631,-2.0589947769254,-1.13474008108701,-0.618653870816638,-0.334822242930083,-0.220438556493344,-0.135740983566896,-0.0669310871761349
0.16911045943304,0.000977517106549365,0,0.23916339176453,0.5867321158676,0.174103966961147,5.2540672301868e-07,0,0,0,0,0,1.42990544624751,-2.0864656441575,-1.13954940395406,-0.61956363979139,-0.335088653162057,-0.220577278578705,-0.135817674894661,-0.0669675730770839
0.170087976539589,0.000977517106549365,0,0.234917987751433,0.58794360289279,0.177136967639729,1.44171604796326e-06,0,0,0,0,0,1.40452310710664,-2.11323330899191,-1.14367394072678,-0.620050232274161,-0.335119454047311,-0.220559813097287,-0.135797935213947,-0.0669564721193472
0.171065493646139,0.000977517106549365,0,0.230723123661836,0.589071562858782,0.180202249307373,3.06417200864494e-06,0,0,0,0,0,1.37944293507978,-2.13930308083378,-1.14712058631607,-0.620118976241677,-0.33491774396157,-0.220388234900007,-0.135683050493394,-0.066898419654697
0.172043010752688,0.000977517106549365,0,0.226578496861468,0.590116701912211,0.183299206695535,5.59453078670299e-06,0,0,0,0,0,1.35466312078301,-2.16468026908826,-1.14989623563283,-0.619775199670664,-0.334486621280556,-0.220064618837783,-0.135474306701643,-0.0667940510349053
0.173020527859238,0.000977517106549365,0,0.222483804716056,0.591079726199712,0.186427234535668,9.23454856377644e-06,0,0,0,0,0,1.33018185483242,-2.1893701831605,-1.15200778358794,-0.619024230537847,-0.333829184379992,-0.219591039761533,-0.135172989807331,-0.066644001611744
0.173998044965787,0.000977517106549365,0,0.218438744591326,0.591961341867922,0.18958572755923,1.41859815215045e-05,0,0,0,0,0,1.3059973278441,-2.21337813245565,-1.15346212509229,-0.617871396819952,-0.332948531635602,-0.218969572522173,-0.1347803857791,-0.0664489067369854
0.174975562072336,0.000977517106549365,0,0.214443013853008,0.592762255063477,0.192774080497673,2.06505858415264e-05,0,0,0,0,0,1.28210773043412,-2.23670942637886,-1.15426615505678,-0.616322026493704,-0.33184776142311,-0.218202291970621,-0.134297780585589,-0.0662094017624013
0.175953079178886,0.000977517106549365,0,0.210496309866828,0.593483171933012,0.195991688082455,2.88301177054813e-05,0,0,0,0,0,1.25851125321857,-2.2593693743353,-1.15442676839231,-0.614381447535829,-0.330529972118238,-0.217291272957795,-0.133726460195438,-0.0659261220397638
0.176930596285435,0.000977517106549365,0,0.206598329998514,0.594124798623162,0.199237945045029,3.89263332950083e-05,0,0,0,0,0,1.23520608681353,-2.28136328573009,-1.15395086000976,-0.612054987923051,-0.328998262096709,-0.216238590334613,-0.133067710577286,-0.065599702920845
0.177908113391984,0.000977517106549365,0,0.202748771613793,0.594687841280564,0.202512246116851,5.11409887917466e-05,0,0,0,0,0,1.21219042183509,-2.30269646996841,-1.15284532482002,-0.609347975632098,-0.327255729734248,-0.215046318951991,-0.132322817699773,-0.0652307797574169
0.178885630498534,0.000977517106549365,0,0.198947332078393,0.595173006051853,0.205813986029376,6.56758403773354e-05,0,0,0,0,0,1.18946244889933,-2.3233742364554,-1.151117057734,-0.606265738639694,-0.325305473406578,-0.213716533660847,-0.131493067531538,-0.0648199879012516
0.179863147605083,0.000977517106549365,0,0.195193708758042,0.595580999083665,0.20914255951406,8.27326442334139e-05,0,0,0,0,0,1.16702035862233,-2.34340189459622,-1.14877295366257,-0.602813604922565,-0.323150591489421,-0.212251309312098,-0.130579746041222,-0.064367962704121
0.180840664711632,0.000977517106549365,0,0.191487599018466,0.595912526522636,0.212497361302356,0.000102513156541621,0,0,0,0,0,1.14486234162018,-2.36278475379601,-1.14581990751664,-0.598996902457438,-0.320794182358501,-0.210652720756663,-0.129584139197465,-0.0638753395177972
0.181818181818182,0.000977517106549365,0,0.187828700225394,0.596168294515402,0.21587778612572,0.000125219133483597,0,0,0,0,0,1.12298658850897,-2.38152812345992,-1.1422648142071,-0.594820959221035,-0.318239344389541,-0.208922842845458,-0.128507532968905,-0.0633427536940522
0.182795698924731,0.000977517106549365,0,0.184216709744554,0.596349009208598,0.219283228715608,0.000151052331240979,0,0,0,0,0,1.10139128990477,-2.39963731299312,-1.13811456864483,-0.590291103190085,-0.315489175958266,-0.207063750429402,-0.127351213324183,-0.0627708405846582
0.183773216031281,0.000977517106549365,0,0.180651324941672,0.596455376748859,0.222713083803474,0.000180214505995408,0,0,0,0,0,1.08007463642367,-2.41711763180074,-1.13337606574073,-0.585412662341312,-0.312546775440397,-0.20507751835941,-0.126116466231938,-0.0621602355413871
0.18475073313783,0.000977517106549365,0,0.177132243182476,0.596488103282823,0.226166746120773,0.000212907413928523,0,0,0,0,0,1.05903481868175,-2.43397438928794,-1.1280562004057,-0.580190964651441,-0.309415241211659,-0.202966221486402,-0.12480457766081,-0.0615115739160109
0.185728250244379,0.000977517106549365,0,0.173659161832694,0.596447894957124,0.229643610398961,0.000249332811221962,0,0,0,0,0,1.0382700272951,-2.45021289485988,-1.12216186755063,-0.5746313380972,-0.306097671647774,-0.200731934661294,-0.123416833579439,-0.0608254910603018
0.186705767350929,0.000977517106549365,0,0.170231778258053,0.596335457918398,0.233143071369492,0.000289692454057365,0,0,0,0,0,1.0177784528798,-2.4658384579217,-1.1156999620864,-0.568739110655311,-0.302597165124466,-0.198376732735005,-0.121954519956464,-0.0601026223260316
0.187683284457478,0.000977517106549365,0,0.166849789824281,0.59615149831328,0.236664523763822,0.000334188098616371,0,0,0,0,0,0.997558286051935,-2.48085638787856,-1.10867737892391,-0.562519610302503,-0.298916820017459,-0.19590269055845,-0.120418922760525,-0.0593436030649727
0.188660801564027,0.000977517106549365,0,0.163512893897105,0.595896722288408,0.240207362313406,0.000383021501080619,0,0,0,0,0,0.977607717427588,-2.49527199413561,-1.10110101297406,-0.5559781650155,-0.295059734702475,-0.193311882982549,-0.118811327960263,-0.0585490686288968
0.189638318670577,0.000977517106549365,0,0.160220787842253,0.595571835990416,0.243770981749699,0.000436394417631749,0,0,0,0,0,0.957924937622844,-2.509090586098,-1.09297775914773,-0.549120102771026,-0.291029007555238,-0.190606384858218,-0.117133021524315,-0.057719654369576
0.190615835777126,0.000977517106549365,0,0.156973169025453,0.59517754556594,0.247354776804156,0.000494508604451399,0,0,0,0,0,0.938508137253786,-2.52231747317088,-1.08431451235582,-0.54195075154581,-0.286827736951471,-0.187788271036374,-0.115385289421323,-0.0568559956387824
0.191593352883675,0.000977517106549365,0,0.153769734812431,0.594714557161616,0.250958142208231,0.000557565817721209,0,0,0,0,0,0.919355506936497,-2.5349579647594,-1.07511816750922,-0.534475439316575,-0.282459021266898,-0.184859616367936,-0.113569417619926,-0.0559587277882881
0.192570869990225,0.000977517106549365,0,0.150610182568917,0.59418357692408,0.254580472693381,0.000625767813622818,0,0,0,0,0,0.900465237287062,-2.54701737026872,-1.06539561951882,-0.526699494060047,-0.277925958877241,-0.181822495703821,-0.111686692088764,-0.055028486169865
0.193548387096774,0.000977517106549365,0,0.147494209660636,0.593585310999966,0.25822116299106,0.000699316348337865,0,0,0,0,0,0.881835518921564,-2.55850099910398,-1.05515376329552,-0.518628243752953,-0.273231648158225,-0.178678983894946,-0.109738398796476,-0.0540659061352853
0.194525904203324,0.000977517106549365,0,0.144421513453317,0.592920465535912,0.261879607832723,0.00077841317804799,0,0,0,0,0,0.863464542456087,-2.56941416067035,-1.04439949375021,-0.510267016372016,-0.268379187485572,-0.175431155792229,-0.107725823711702,-0.0530716230363209
0.195503421309873,0.000977517106549365,0,0.141391791312686,0.592189746678553,0.265555201949826,0.00086326005893483,0,0,0,0,0,0.845350498506715,-2.57976216437296,-1.03313970579378,-0.501621139893964,-0.263371675235006,-0.172081086246587,-0.105650252803081,-0.0520462722247438
0.196480938416422,0.000977517106549365,0,0.138404740604473,0.591393860574524,0.269247340073822,0.000954058747180027,0,0,0,0,0,0.827491577689532,-2.58955031961698,-1.02138129433712,-0.492695942295521,-0.25821220978225,-0.168630850108938,-0.103512972039255,-0.0509904890523262
0.197458455522972,0.000977517106549365,0,0.135460058694404,0.590533513370462,0.272955416936169,0.00105101099896522,0,0,0,0,0,0.80988597062062,-2.59878393580755,-1.00913115429112,-0.483496751553413,-0.252903889503027,-0.165082522230198,-0.101315267388861,-0.0499049088708401
0.198435972629521,0.000977517106549365,0,0.132557442948207,0.589609411213002,0.27667882726832,0.00115431857047204,0,0,0,0,0,0.792531867916065,-2.60746832234982,-0.996396180566686,-0.474028895644366,-0.247449812773061,-0.161438177461287,-0.0990584248205407,-0.0487901670320575
0.19941348973607,0.000977517106549365,0,0.129696590731609,0.588622260248779,0.28041696580173,0.00126418321788214,0,0,0,0,0,0.77542746019195,-2.61560878864896,-0.9831832680747,-0.464297702545105,-0.241853077968076,-0.157699890653121,-0.0967437303029327,-0.0476468988877504
0.20039100684262,0.000977517106549365,0,0.126877199410337,0.58757276662443,0.284169227267856,0.00138080669737715,0,0,0,0,0,0.758570938064358,-2.6232106441101,-0.969499311726057,-0.454308500232356,-0.236116783463793,-0.153869736656617,-0.094372469804677,-0.0464757397896908
0.201368523949169,0.000977517106549365,0,0.12409896635012,0.58646163648659,0.287935006398151,0.00150439076513871,0,0,0,0,0,0.741960492149374,-2.6302791981384,-0.955351206431649,-0.444066616682845,-0.230244027635937,-0.149949790322693,-0.0919459292944135,-0.0452773250896509
0.202346041055718,0.000977517106549365,0,0.121361588916686,0.585289575981895,0.291713697924071,0.00163513717734847,0,0,0,0,0,0.72559431306308,-2.63681976013901,-0.940745847102369,-0.433577379873296,-0.224237908860232,-0.145942126502267,-0.0894653947407816,-0.0440522901394026
0.203323558162268,0.000977517106549365,0,0.11866476447576,0.584057291256981,0.295504696577071,0.00177324769018805,0,0,0,0,0,0.709470591421562,-2.64283763951709,-0.925690128649108,-0.422846117780435,-0.218101525512399,-0.141848820046256,-0.0869321521124212,-0.0428012702907181
0.204301075268817,0.000977517106549365,0,0.116008190393072,0.582765488458483,0.299307397088606,0.0019189240598391,0,0,0,0,0,0.693587517840902,-2.64833814567778,-0.91019094598276,-0.411878158380989,-0.211837975968163,-0.137671945805577,-0.0843474873779718,-0.0415249008953691
0.205278592375367,0.000977517106549365,0,0.113391564034348,0.581414873733037,0.303121194190132,0.00207236804248326,0,0,0,0,0,0.677943282937185,-2.65332658802625,-0.894255194014217,-0.400678829651682,-0.205450358603247,-0.133413578631149,-0.0817126865060733,-0.040223817305128
0.206256109481916,0.000977517106549365,0,0.110814582765316,0.58000615322728,0.306945482613102,0.00223378139430217,0,0,0,0,0,0.662536077326494,-2.65780827596763,-0.877889767654372,-0.38925345956924,-0.198941771793374,-0.129075793373888,-0.0790290354653656,-0.0388986548717668
0.207233626588465,0.000977517106549365,0,0.108276943951704,0.578540033087846,0.310779657088973,0.00240336587147747,0,0,0,0,0,0.647364091624913,-2.66178851890708,-0.861101561814116,-0.377607376110389,-0.192315313914267,-0.124660664884711,-0.0762978202244879,-0.0375500489470572
0.208211143695015,0.000977517106549365,0,0.105778344959239,0.577017219461371,0.314623112349199,0.00258132323019079,0,0,0,0,0,0.632425516448526,-2.66527262624975,-0.843897471404343,-0.365745907251854,-0.185574083341651,-0.120170268014537,-0.0735203267520804,-0.0361786348827717
0.209188660801564,0.000977517106549365,0,0.103318483153649,0.575438418494491,0.318475243125236,0.00276785522662377,0,0,0,0,0,0.617718542413416,-2.6682659074008,-0.826284391335945,-0.353674380970362,-0.178721178451248,-0.115606677614284,-0.0706978410167825,-0.0347850480306821
0.210166177908113,0.000977517106549365,0,0.100897055900661,0.573804336333843,0.322335444148538,0.00296316361695806,0,0,0,0,0,0.603241360135668,-2.67077367176537,-0.808269216519814,-0.341398125242636,-0.171759697618781,-0.110971968534867,-0.0678316489872341,-0.0333699237425604
0.211143695014663,0.000977517106549365,0,0.0985137605660027,0.572115679126061,0.326203110150561,0.00316745015737529,0,0,0,0,0,0.588992160231365,-2.67280122874862,-0.789858841866842,-0.328922468045404,-0.164692739219974,-0.106268215627205,-0.0649230366320746,-0.0319338973701786
0.212121212121212,0.000977517106549365,0,0.0961682945154019,0.570373153017781,0.33007763586276,0.0033809166040571,0,0,0,0,0,0.574969133316591,-2.6743538877557,-0.771060162287923,-0.316252737355389,-0.15752340163055,-0.101497493742216,-0.061973289919944,-0.0304776042653089
0.213098729227761,0.000977517106549365,0,0.093860355114586,0.568577464155639,0.333958416016589,0.00360376471318514,0,0,0,0,0,0.561170470007429,-2.67543695819176,-0.751880072693949,-0.30339426114932,-0.150254783226233,-0.096661877730816,-0.058983694819482,-0.0290016797797234
0.214076246334311,0.000977517106549365,0,0.0915896397292825,0.566729318686272,0.337844845343505,0.00383619624094104,0,0,0,0,0,0.547594360919964,-2.67605574946196,-0.732325467995812,-0.290352367403919,-0.142889982382745,-0.0917634424439235,-0.0559555372993281,-0.0275067592651938
0.21505376344086,0.000977517106549365,0,0.089355845725219,0.564829422756313,0.341736318574961,0.00407841294350643,0,0,0,0,0,0.534238996670278,-2.67621557097144,-0.712403243104405,-0.277132384095914,-0.135432097475811,-0.0868042627324559,-0.0528901033281223,-0.0259934780734925
0.21603128054741,0.000977517106549365,0,0.087158670468123,0.5628784825124,0.345632230442414,0.00433061657706297,0,0,0,0,0,0.521102567874457,-2.67592173212535,-0.692120292930619,-0.26373963920203,-0.127884226881152,-0.0817864134473305,-0.0497886788745041,-0.0244624715563913
0.217008797653959,0.000977517106549365,0,0.084997811323722,0.560877204101168,0.349531975677317,0.00459300889779228,0,0,0,0,0,0.508183265148583,-2.67517954232886,-0.671483512385348,-0.250179460698992,-0.120249468974494,-0.0767119694394648,-0.0466525499071133,-0.0229143750656624
0.217986314760508,0.000977517106549365,0,0.0828729656577436,0.558826293669253,0.353434949011127,0.00486579166187601,0,0,0,0,0,0.495479279108741,-2.6739943109871,-0.650499796379483,-0.236457176563525,-0.112530922131558,-0.071583005559776,-0.0434830023945893,-0.0213498239530776
0.218963831867058,0.000977517106549365,0,0.0807838308359154,0.55672645736329,0.357340545175298,0.0051491666254958,0,0,0,0,0,0.482988800371014,-2.67237134750523,-0.629176039823919,-0.222578114772357,-0.104731684728069,-0.0664015966591821,-0.0402813223055723,-0.0197694535704092
0.219941348973607,0.000977517106549365,0,0.0787301042239649,0.554578401329916,0.361248158901286,0.00544333554483328,0,0,0,0,0,0.470710019551486,-2.67031596128841,-0.607519137629546,-0.208547603302211,-0.0968548551397493,-0.0611698175886003,-0.0370487956087018,-0.0181738992694292
0.220918866080156,0.000977517106549365,0,0.0767114831876195,0.552382831715766,0.365157184920545,0.0057485001760701,0,0,0,0,0,0.458641127266241,-2.66783346174178,-0.585535984707257,-0.194370970129813,-0.0889035317423224,-0.055889743198948,-0.0337867082726174,-0.0165637964019095
0.221896383186706,0.000977517106549365,0,0.0747276650926069,0.550140454667475,0.36906701796453,0.00606486227538789,0,0,0,0,0,0.446780314131363,-2.6649291582705,-0.563233475967946,-0.180053543231891,-0.0808808129115122,-0.050563448341143,-0.030496346265959,-0.0149397803196222
0.222873900293255,0.000977517106549365,0,0.0727783473046546,0.54785197633168,0.372977052764697,0.0063926235989683,0,0,0,0,0,0.435125770762934,-2.66160836027971,-0.540618506322503,-0.165600650585167,-0.0727897970230412,-0.0451930078661023,-0.027178995557366,-0.0133024863743394
0.223851417399804,0.000977517106549365,0,0.0708632271894902,0.545518102855016,0.376886684052501,0.00673198590299296,0,0,0,0,0,0.42367568777704,-2.65787637717458,-0.517697970681822,-0.151017620166369,-0.0646335824526332,-0.0397804966247437,-0.0238359421154785,-0.011652549917833
0.224828934506354,0.000977517106549365,0,0.0689820021128412,0.543139540384118,0.380795306559397,0.00708315094364351,0,0,0,0,0,0.412428255789764,-2.65373851836025,-0.494478763956795,-0.136309779952221,-0.0564152675760113,-0.0343279894679846,-0.0204684719089359,-0.0099906063018752
0.225806451612903,0.000977517106549365,0,0.067134369440435,0.540716995065624,0.38470231501684,0.00744632047710159,0,0,0,0,0,0.401381665417189,-2.64920009324187,-0.470967781058314,-0.12148245791945,-0.0481379507688985,-0.0288375612467421,-0.0170778709063779,-0.00831729087823786
0.226783968719453,0.000977517106549365,0,0.0653200265379993,0.538251173046168,0.388607104156284,0.00782169625954884,0,0,0,0,0,0.3905341072754,-2.64426641122459,-0.447171916897273,-0.106540982044781,-0.0398047304070192,-0.0233112868119346,-0.0136654250764445,-0.00663323899869325
0.227761485826002,0.000977517106549365,0,0.0635386707712617,0.535742780472386,0.392509068709186,0.0082094800471669,0,0,0,0,0,0.379883771980479,-2.63894278171357,-0.423098066384564,-0.0914906803049391,-0.0314187048660958,-0.0177512410144789,-0.0102324203877753,-0.00493908601501323
0.228739002932551,0.000977517106549365,0,0.0617899995059495,0.533192523490913,0.396407603406999,0.00860987359613741,0,0,0,0,0,0.369428850148512,-2.63323451411396,-0.398753124431078,-0.0763368806766503,-0.0229829725218518,-0.0121594987052925,-0.0067801428090098,-0.00323546727896987
0.229716520039101,0.000977517106549365,0,0.0600737101077905,0.530601108248387,0.40030210298118,0.009023078662642,0,0,0,0,0,0.359167532395581,-2.62714691783092,-0.374143985947708,-0.0610849111366402,-0.0145006317500105,-0.00653813473529298,-0.00330987830878791,-0.00152301814233524
0.23069403714565,0.000977517106549365,0,0.0583894999425121,0.527969240891442,0.404191962163184,0.00944929700286233,0,0,0,0,0,0.349098009337771,-2.62068530226958,-0.349277545845348,-0.045740099661634,-0.00597478092629524,-0.00088922395539777,0.00017708714425077,0.000197626043118656
0.231671554252199,0.000977517106549365,0,0.0567370663758418,0.525297627566714,0.408076575684464,0.00988873037298001,0,0,0,0,0,0.339218471591165,-2.6138549768351,-0.324160699034888,-0.0303077742283577,0.0025914815735706,0.00478515878347557,0.00367946758146646,0.00192582992561975
0.232649071358749,0.000977517106549365,0,0.0551161067735073,0.522586974420838,0.411955338276477,0.0103415805291767,0,0,0,0,0,0.329527109771847,-2.60666125093264,-0.298800340427224,-0.014793262813537,0.0111950573738635,0.0104829386304095,0.00719597703421938,0.00366095815339598
0.233626588465298,0.000977517106549365,0,0.053526318501236,0.519837987600452,0.415827644670678,0.010808049227634,0,0,0,0,0,0.320022114495901,-2.59910943396735,-0.273203364933245,0.000798106606102927,0.0198328480988605,0.0162020407344866,0.0107253295338699,0.00540237537467534
0.234604105571848,0.000977517106549365,0,0.0519673989247555,0.517051373252189,0.419692889598521,0.0112883382245337,0,0,0,0,0,0.31070167637941,-2.59120483534438,-0.247376667463844,0.0164610060538371,0.0285017553728385,0.0219403902447897,0.0142662391117786,0.00714944623768587
0.235581622678397,0.000977517106549365,0,0.0504390454097934,0.514227837522687,0.423550467791462,0.0117826492760572,0,0,0,0,0,0.301563986038459,-2.58295276446887,-0.221327142929914,0.0321901075529391,0.0371986808200737,0.027695912310401,0.0178174197993053,0.00890153539065544
0.236559139784946,0.000977517106549365,0,0.0489409553220771,0.51136808655858,0.427399773980956,0.0122911841383863,0,0,0,0,0,0.29260723408913,-2.57435853074599,-0.195061686242349,0.0479800831266831,0.0459205260648428,0.033466532080403,0.0213775856278105,0.010658007481812
0.237536656891496,0.000977517106549365,0,0.0474728260273342,0.508472826506505,0.431240202898458,0.0128141445677026,0,0,0,0,0,0.283829611147509,-2.56542744358088,-0.168587192312039,0.0638256047983444,0.0546641927314227,0.0392501747038783,0.0249454506286545,0.0124182271593835
0.238514173998045,0.000977517106549365,0,0.0460343548912923,0.505542763513097,0.435071149275423,0.0133517323201878,0,0,0,0,0,0.275229307829678,-2.5561648123787,-0.141910556049878,0.079721344591197,0.0634265824440901,0.0450447653299095,0.0285197288331976,0.014181559071598
0.239491691104594,0.000977517106549365,0,0.0446252392796789,0.502578603724992,0.438892007843305,0.0139041491520234,0,0,0,0,0,0.266804514751722,-2.5465759465446,-0.115038672366758,0.0956619745285151,0.0722045968271214,0.050848229107579,0.0320991342728,0.0159473678666834
0.240469208211144,0.000977517106549365,0,0.0432451765582216,0.499581053288826,0.442702173333561,0.0144715968193911,0,0,0,0,0,0.258553422529724,-2.53666615548372,-0.0879784361735707,0.111642166633574,0.0809951375047938,0.0566584911859695,0.0356823809788222,0.0177150181928676
0.241446725317693,0.000977517106549365,0,0.0418938640926478,0.496550818351234,0.446501040477645,0.0150542770784726,0,0,0,0,0,0.250474221779767,-2.52644074860122,-0.0607367423812097,0.127656592929648,0.0897951061013836,0.0624734767141634,0.0392681829826243,0.0194838746983788
0.242424242424242,0.000977517106549365,0,0.0405709992486852,0.493488605058853,0.450288004007012,0.0156523916854495,0,0,0,0,0,0.242565103117937,-2.51590503530226,-0.0333204859005676,0.14369992544001,0.0986014042411673,0.0682911108412431,0.0428552543155665,0.0212533020314446
0.243401759530792,0.000977517106549365,0,0.0392762793920612,0.490395119558317,0.454062458653118,0.0162661423965035,0,0,0,0,0,0.234824257160315,-2.50506432499198,-0.00573656164253554,0.159766836187936,0.107410933548422,0.0741093187162915,0.0464423090090095,0.0230226648402932
0.244379276637341,0.000977517106549365,0,0.0380094018885034,0.487271067996263,0.457823799147417,0.0168957309678161,0,0,0,0,0,0.227249874522987,-2.49392392707553,0.0220081354819929,0.1758519971967,0.116220595647424,0.0799260254883907,0.0500280610943132,0.0247913277731526
0.245356793743891,0.000977517106549365,0,0.0367700641037394,0.484117156519327,0.461571420221365,0.017541359155569,0,0,0,0,0,0.219840145822037,-2.48248915095808,0.0499067105621251,0.191950080489576,0.125027292162451,0.0857391563066233,0.0536112246028379,0.0265586554782506
0.24633431085044,0.000977517106549365,0,0.0355579634034966,0.480934091274143,0.465304716606416,0.0182032287159439,0,0,0,0,0,0.212593261673546,-2.47076530604476,0.0779522686869701,0.20805575808984,0.133827924717778,0.0915466363200721,0.0571905135659442,0.0283240126038152
0.247311827956989,0.000977517106549365,0,0.0343727971535027,0.477722578407349,0.469023083034026,0.0188815414051224,0,0,0,0,0,0.205507412693601,-2.45875770174073,0.106137914945634,0.224163702020764,0.142619394937683,0.0973463906778193,0.0607646420149921,0.0300867637980745
0.248289345063539,0.000977517106549365,0,0.0332142627194852,0.474483324065579,0.47272591423565,0.0195764989792861,0,0,0,0,0,0.198580789498283,-2.44647164745115,0.134456754427225,0.240268584305624,0.151398604446443,0.103136344528948,0.064332323981342,0.0318462737092563
0.249266862170088,0.000977517106549365,0,0.0320820574671715,0.471217034395469,0.476412604942742,0.0202883031946166,0,0,0,0,0,0.191811582703678,-2.43391245258116,0.162901892220851,0.256365076967696,0.160162454868333,0.10891442302254,0.0678922734963545,0.0336019069855887
0.250244379276637,0.000977517106549365,0,0.0309758787622894,0.467924415543656,0.480082549886759,0.0210171558072957,0,0,0,0,0,0.185197982925869,-2.42108542653591,0.191466433415618,0.27244785203025,0.168907847827631,0.114678551307678,0.0714432045913892,0.0353530282752995
0.251221896383187,0.000977517106549365,0,0.0298954239705662,0.464606173656774,0.483735143799154,0.0217632585735049,0,0,0,0,0,0.178738180780939,-2.40799587872057,0.220143483100634,0.288511581516564,0.177631684948613,0.120426654533445,0.0749838312978069,0.0370990022266167
0.252199413489736,0.000977517106549365,0,0.0288403904577295,0.46126301488146,0.487369781411384,0.022526813249426,0,0,0,0,0,0.172430366884972,-2.39464911854027,0.248926146365009,0.304550937449913,0.186330867855557,0.126156657848923,0.0785128676469679,0.0388391934877685
0.253176930596285,0.000977517106549365,0,0.027810475589507,0.457895645364349,0.490985857454903,0.0233080215912404,0,0,0,0,0,0.166272731854053,-2.38105045540017,0.277807528297847,0.320560591853568,0.195002298172738,0.131866486403194,0.0820290276702321,0.0405729667069825
0.254154447702835,0.000977517106549365,0,0.026805376731626,0.454504771252078,0.494582766661166,0.0241070853551299,0,0,0,0,0,0.160263466304265,-2.36720519870543,0.306780733988258,0.336535216750807,0.203642877524433,0.137554065345342,0.0855310253989603,0.0422996865324869
0.255131964809384,0.000977517106549365,0,0.0258247912498142,0.451091098691281,0.498159903761629,0.0249242062972761,0,0,0,0,0,0.154400760851691,-2.35311865786119,0.335838868525349,0.352469484164902,0.21224950753492,0.143217319824449,0.0890175748645125,0.0440187176125096
0.256109481915934,0.000977517106549365,0,0.0248684165097991,0.447655333828594,0.501716663487746,0.0257595861738607,0,0,0,0,0,0.148682806112416,-2.3387961422726,0.364975036998226,0.368358066119127,0.220819089828474,0.148854174989597,0.0924873900982489,0.0457294245952785
0.257086999022483,0.000977517106549365,0,0.0239359498773083,0.444198182810654,0.505252440570972,0.0266134267410653,0,0,0,0,0,0.143107792702523,-2.32424296134483,0.394182344495999,0.38419563463676,0.229348526029373,0.154462555989868,0.0959391851315302,0.0474311721290217
0.258064516129032,0.000977517106549365,0,0.0230270887180692,0.440720351784096,0.508766629742763,0.0274859297550714,0,0,0,0,0,0.137673911238096,-2.30946442448301,0.423453896107774,0.399976861741072,0.237834717761893,0.160040387974346,0.0993716739957162,0.049123324861967
0.259042033235582,0.000977517106549365,0,0.0221415303978095,0.437222546895555,0.512258625734574,0.0283772969720609,0,0,0,0,0,0.132379352335219,-2.29446584109231,0.45278279692266,0.415696419455339,0.246274566650311,0.165585596092113,0.102783570722168,0.0508052474423425
0.260019550342131,0.000977517106549365,0,0.0212789722822566,0.433705474291668,0.51572782327786,0.0292877301482152,0,0,0,0,0,0.127222306609975,-2.27925252057787,0.482162152029761,0.431348979802834,0.254664974318903,0.171096105492251,0.106173589342244,0.0524763045183761
0.26099706744868,0.000977517106549365,0,0.0204391117371381,0.43016984011907,0.519173617104075,0.0302174310397161,0,0,0,0,0,0.122200964678449,-2.26382977234484,0.511585066518189,0.446929214806834,0.263002842391946,0.176569841323844,0.109540443887307,0.0541358607382958
0.26197458455523,0.000977517106549365,0,0.0196216461281816,0.426616350524398,0.522595401944676,0.0311666014027452,0,0,0,0,0,0.117313517156723,-2.24820290579838,0.541044645477049,0.462431796490611,0.271285072493718,0.182004728735972,0.112882848388716,0.0557832807503294
0.262952101661779,0.000977517106549365,0,0.0188262728211146,0.423045711654285,0.525992572531116,0.032135442993484,0,0,0,0,0,0.112558154660883,-2.23237723034363,0.57053399399545,0.477851396877441,0.279508566248494,0.18739869287772,0.116199516877831,0.0574179292027052
0.263929618768328,0.000977517106549365,0,0.0180526891816646,0.419458629655369,0.529364523594852,0.0331241575681144,0,0,0,0,0,0.107933067807011,-2.21635805538576,0.600046217162497,0.493182687990597,0.287670225280551,0.192749658898169,0.119489163386013,0.0590391707436508
0.264907135874878,0.000977517106549365,0,0.0173005925755591,0.415855810674286,0.532710649867337,0.0341329468828178,0,0,0,0,0,0.103436447211191,-2.20015069032991,0.629574420067299,0.508420341853354,0.295766951214166,0.198055551946402,0.122750501944621,0.0606463700213943
0.265884652981427,0.000977517106549365,0,0.0165696803685258,0.41223796085767,0.536030346080028,0.035162012693776,0,0,0,0,0,0.0990664834895082,-2.18376044458123,0.659111707798965,0.523559030488988,0.303795645673616,0.203314297171501,0.125982246585017,0.0622388916841638
0.266862170087977,0.000977517106549365,0,0.0158596499262922,0.408605786352158,0.53932300696438,0.0362115567571705,0,0,0,0,0,0.0948213672580448,-2.16719262754488,0.688651185446602,0.538593425920772,0.311753210283178,0.20852381972255,0.129183111338561,0.0638161003801871
0.267839687194526,0.000977517106549365,0,0.0151701986145857,0.404959993304385,0.542588027251846,0.0372817808291831,0,0,0,0,0,0.0906992891328851,-2.150452548626,0.718185958099315,0.553518200171979,0.319636546667127,0.21368204474863,0.132351810236612,0.0653773607576921
0.268817204301075,0.000977517106549365,0,0.014501023799134,0.401301287860987,0.545824801673883,0.0383728866659953,0,0,0,0,0,0.0866984397301128,-2.13354551722975,0.747709130846213,0.568328025265886,0.32744255644974,0.218786897398824,0.135487057310532,0.0669220374649069
0.269794721407625,0.000977517106549365,0,0.0138518228456645,0.3976303761686,0.549032724961946,0.0394850760237888,0,0,0,0,0,0.0828170096658118,-2.11647684276128,0.777213808776406,0.583017573225767,0.335168141255296,0.223836302822215,0.13858756659168,0.0684494951500596
0.270772238514174,0.000977517106549365,0,0.0132222931199049,0.39394796437386,0.55221119184749,0.0406185506587453,0,0,0,0,0,0.0790531895560658,-2.09925183462574,0.806693096978998,0.597581516074895,0.342810202708069,0.228828186167884,0.141652052111417,0.0699590984613778
0.271749755620723,0.000977517106549365,0,0.0126121319875826,0.390254758623402,0.555359597061969,0.0417735123270463,0,0,0,0,0,0.0754051700169586,-2.08187580222829,0.836140100543098,0.612014525836545,0.350365642432337,0.233760472584916,0.144679227901102,0.0714502120470897
0.272727272727273,0.000977517106549365,0,0.0120210368144252,0.386551465063862,0.558477335336839,0.0429501627848735,0,0,0,0,0,0.0718711416645739,-2.06435405497407,0.865547924557814,0.626311274533992,0.357831362052377,0.238631087222391,0.147667807992097,0.0729222005554231
0.273704789833822,0.000977517106549365,0,0.0114487049661603,0.382838789841875,0.561563801403555,0.0441487037884086,0,0,0,0,0,0.0684492951149955,-2.04669190226824,0.894909674112253,0.64046643419051,0.365204263192465,0.243437955229394,0.150616506415762,0.0743744286346062
0.274682306940371,0.000977517106549365,0,0.0108948338085154,0.379117439104079,0.564618389993573,0.0453693370938332,0,0,0,0,0,0.0651378209843072,-2.02889465351595,0.924218454295523,0.654474676829375,0.372481247476877,0.248179001755006,0.153524037203457,0.0758062609328669
0.275659824046921,0.000977517106549365,0,0.010359120707218,0.375388118997107,0.567640495838346,0.0466122644573288,0,0,0,0,0,0.0619349098885927,-2.01096761812234,0.95346737019673,0.668330674473859,0.379659216529891,0.252852151948309,0.156389114386541,0.077217062098433
0.27663734115347,0.000977517106549365,0,0.00984126302799562,0.371651535667597,0.57062951366933,0.0478776876350773,0,0,0,0,0,0.0588387524439358,-1.99291610549258,0.982649526904983,0.682029099147238,0.386735071975783,0.257455330958387,0.159210451996377,0.0786061967795326
0.27761485826002,0.000977517106549365,0,0.00934095813657588,0.367908395262183,0.573584838217981,0.0491658083832602,0,0,0,0,0,0.0558475392664204,-1.97474542503182,1.01175802950939,0.695564622872786,0.393705715438831,0.261986463934321,0.161986764064323,0.0799730296243936
0.278592375366569,0.000977517106549365,0,0.00885790339868628,0.364159403927502,0.576505864215752,0.0504768284580591,0,0,0,0,0,0.0529594609721301,-1.95646088614519,1.04078598309906,0.708931917673776,0.400568048543309,0.266443476025195,0.16471676462174,0.0813169252812439
0.279569892473118,0.000977517106549365,0,0.00839179618005438,0.360405267810189,0.579391986394101,0.0518109496156557,0,0,0,0,0,0.0501727081771487,-1.93806779823787,1.06972649276309,0.722125655573485,0.407318972913496,0.27082429238009,0.167399167699988,0.0826372483983116
0.280547409579668,0.000977517106549365,0,0.00794233384640771,0.35664669305688,0.582242599484481,0.0531683736122316,0,0,0,0,0,0.0474854714975599,-1.91957147071499,1.09857266359061,0.735140508595187,0.413955390173669,0.275126838148091,0.170032687330428,0.0839333636238248
0.281524926686217,0.000977517106549365,0,0.00750921376347382,0.35288438581421,0.585057098218347,0.0545493022039685,0,0,0,0,0,0.0448959415494477,-1.90097721298172,1.1273176006707,0.747971148762154,0.420474201948102,0.279349038478277,0.17261603754442,0.085204635606011
0.282502443792766,0.000977517106549365,0,0.00709213329698021,0.349119052228816,0.587834877327156,0.0559539371470481,0,0,0,0,0,0.0424023089488955,-1.88229033444319,1.15595440909249,0.760612248097664,0.426872309861074,0.283488818519734,0.175147932373325,0.0864504289930986
0.283479960899316,0.000977517106549365,0,0.00669078981265449,0.345351398447333,0.59057533154236,0.0573824801976518,0,0,0,0,0,0.0400027643119875,-1.86351614450457,1.18447619394507,0.773058478624988,0.433146615536861,0.287544103421542,0.177627085848502,0.0876701084333153
0.284457478005865,0.000977517106549365,0,0.00630488067622416,0.341582130616397,0.593277855595417,0.0588351331119615,0,0,0,0,0,0.0376954982548073,-1.84465995257101,1.21287606031756,0.785304512367403,0.43929402059974,0.291512818332785,0.180052212001311,0.0888630385748892
0.285434995112414,0.000977517106549365,0,0.00593410325341677,0.337811954882644,0.595941844217781,0.0603120976461586,0,0,0,0,0,0.0354787013934386,-1.82572706804765,1.24114711329907,0.797345021348182,0.445311426673986,0.295392888402545,0.182422024863114,0.0900285840660481
0.286412512218964,0.000977517106549365,0,0.00557815490995986,0.334041577392709,0.598566692140907,0.0618135755564249,0,0,0,0,0,0.0333505643439652,-1.80672280033965,1.26928245797869,0.8091746775906,0.451195735383878,0.299182238779904,0.18473523846527,0.0911661095550202
0.287390029325513,0.000977517106549365,0,0.00523673301158097,0.330271704293228,0.601151794096249,0.063339768598942,0,0,0,0,0,0.0313092777224709,-1.78765245885217,1.29727519944555,0.820788153117932,0.456943848353692,0.302878794613945,0.18699056683914,0.0922749796900334
0.288367546432063,0.000977517106549365,0,0.00490953492400764,0.326503041730837,0.603696544815264,0.0648908785298915,0,0,0,0,0,0.0293530321450394,-1.76852135299034,1.32511844278874,0.83218011995345,0.462552667207704,0.306480481053751,0.189186724016084,0.0933545591193155
0.289345063538612,0.000977517106549365,0,0.00459625801296741,0.322736295852171,0.606200339029406,0.0664671071054551,0,0,0,0,0,0.0274800182277545,-1.74933479215933,1.35280529309737,0.843345250120432,0.468019093570191,0.309985223248404,0.191322424027462,0.0944042124910945
0.290322580645161,0.000977517106549365,0,0.00429659964418783,0.318972172803867,0.608662571470131,0.0680686560818144,0,0,0,0,0,0.0256884265867,-1.73009808576429,1.38032885546056,0.85427821564215,0.47334002906543,0.313390946346987,0.193396380904635,0.0954233044535985
0.291300097751711,0.000977517106549365,0,0.00401025718339643,0.31521137873256,0.611082636868893,0.0696957272151511,0,0,0,0,0,0.0239764478379597,-1.71081654321036,1.4076822349674,0.864973688541878,0.478512375317698,0.316695575498581,0.195407308678962,0.0964111996550554
0.29227761485826,0.000977517106549365,0,0.00373692799632076,0.311454619784885,0.613459929957147,0.0713485222616468,0,0,0,0,0,0.0223422725976173,-1.6914954739027,1.43485853670701,0.875426340842894,0.483533033951271,0.319897035852271,0.197353921381805,0.0973672627436932
0.293255131964809,0.000977517106549365,0,0.00347630944868836,0.307702602107479,0.615793845466349,0.0730272429774831,0,0,0,0,0,0.0207840914817566,-1.67214018724647,1.46185086576849,0.885630844568467,0.488398906590425,0.322993252557137,0.199234933044523,0.0982908583677397
0.294232649071359,0.000977517106549365,0,0.00322809890622677,0.303956031846978,0.618083778127954,0.0747320911188417,0,0,0,0,0,0.0193000951064613,-1.6527559926468,1.48865232724096,0.895581871741877,0.493106894859438,0.325982150762264,0.201049057698477,0.099181351175423
0.295210166177908,0.000977517106549365,0,0.00299199373466353,0.300215615150016,0.620329122673416,0.0764632684419042,0,0,0,0,0,0.0178884740878153,-1.63334819950886,1.51525602621352,0.905274094386395,0.497653900382587,0.328861655616732,0.202795009375027,0.100038105814971
0.296187683284457,0.000977517106549365,0,0.00276769129972618,0.29648205816323,0.622529273834191,0.0782209767028523,0,0,0,0,0,0.0165474190419023,-1.6139221172378,1.54165506777527,0.914702184525296,0.502036824784147,0.331629692269625,0.204471502105533,0.100860486934612
0.297165200391007,0.000977517106549365,0,0.00255488896714226,0.292756067033256,0.624683626341734,0.0800054176578675,0,0,0,0,0,0.015275120584806,-1.59448305523876,1.56784255701532,0.923860814181854,0.506252569688395,0.334284185870026,0.206077249921356,0.101647859182573
0.298142717497556,0.000977517106549365,0,0.00235328410263932,0.289038347906729,0.6267915749275,0.0818167930631316,0,0,0,0,0,0.0140697693326103,-1.57503632291691,1.59381159902279,0.932744655379346,0.51029803671961,0.336823061567016,0.207610966853856,0.102399587207083
0.299120234604106,0.000977517106549365,0,0.00216257407194489,0.285329606930284,0.628852514322945,0.0836553046748261,0,0,0,0,0,0.0129295559013989,-1.55558722967738,1.61955529888678,0.941348380141043,0.514170127502066,0.339244244509679,0.209071366934393,0.10311503565637
0.300097751710655,0.000977517106549365,0,0.00198245624078651,0.281630550250559,0.630865839259522,0.0855211542491327,0,0,0,0,0,0.0118526709072556,-1.53614108492534,1.64506676169639,0.949666660490222,0.517865743660041,0.341545659847096,0.210457164194328,0.103793569178661
0.301075268817204,0.000977517106549365,0,0.00181262797489174,0.277941884014188,0.632830944468687,0.0874145435422331,0,0,0,0,0,0.0108373049662641,-1.51670319806593,1.67033909254074,0.957694168450156,0.521381786817811,0.343725232728351,0.21176707266502,0.104434552422185
0.302052785923754,0.000977517106549365,0,0.00165278663998811,0.274264314367807,0.634747224681896,0.0893356743103089,0,0,0,0,0,0.0098816486945082,-1.49727887850431,1.69536539650893,0.96542557604412,0.524715158599653,0.345780888302526,0.21299980637783,0.105037350035169
0.303030303030303,0.000977517106549365,0,0.00150262960180315,0.270598547458051,0.636614074630603,0.0912847483095417,0,0,0,0,0,0.00898389270807171,-1.47787343564563,1.72013877869007,0.97285555529539,0.527862760629844,0.347710551718703,0.214154079364119,0.105601326665842
0.304007820136852,0.000977517106549365,0,0.00136185422606442,0.266945289431558,0.638430889046264,0.0932619672961132,0,0,0,0,0,0.00814222762303837,-1.45849217889503,1.74465234417326,0.979978778227236,0.53082149453266,0.349512148125965,0.215228605655247,0.106125846962431
0.304985337243402,0.000977517106549365,0,0.00123015787849945,0.263305246434962,0.640197062660334,0.095267533026205,0,0,0,0,0,0.00735484405549196,-1.43914041765768,1.76889919804762,0.986789916862937,0.533588261932379,0.351183602673395,0.216222099282573,0.106610275573164
0.305962854349951,0.000977517106549365,0,0.00110723792483578,0.259679124614899,0.641911990204266,0.0973016472559987,0,0,0,0,0,0.00661993262151624,-1.41982346133872,1.79287244540225,0.993283643225765,0.536159964453276,0.352722840510075,0.217133274277459,0.10705397714627
0.3069403714565,0.000977517106549365,0,0.000992791730800961,0.256067630118005,0.643575066409518,0.099364511741676,0,0,0,0,0,0.00593568393719498,-1.40054661934331,1.81656519132627,0.999454629338996,0.538533503719629,0.354127786785087,0.217960844671264,0.107456316329975
0.30791788856305,0.000977517106549365,0,0.000886516662122527,0.252471469090915,0.645185686007544,0.101456328239418,0,0,0,0,0,0.00530028861861194,-1.38131520107659,1.83997054090877,1.0052975472259,0.540705781355714,0.355396366647514,0.218703524495349,0.10781665777251
0.308895405669599,0.000977517106549365,0,0.00078811008452802,0.248891347680266,0.646743243729798,0.103577298505408,0,0,0,0,0,0.00471193728185091,-1.36213451594372,1.86308159923886,1.01080706890976,0.542673698985808,0.356526505246439,0.219360027781075,0.1081343661221
0.309872922776149,0.000977517106549365,0,0.000697269363744982,0.245327972032693,0.648247134307737,0.105727624295826,0,0,0,0,0,0.00416882054299565,-1.34300987334985,1.88589147140565,1.01597786641384,0.544434158234187,0.357516127730944,0.2199290685598,0.108408806026975
0.310850439882698,0.000977517106549365,0,0.000613691865500955,0.241782048294831,0.649696752472814,0.107907507366854,0,0,0,0,0,0.00366912901812992,-1.32394658270013,1.90839326249826,1.02080461176143,0.545984060725128,0.358363159250111,0.220409360862886,0.108639342135361
0.311827956989247,0.000977517106549365,0,0.000537074955523479,0.238254282613317,0.651091492956486,0.110117149474674,0,0,0,0,0,0.0032110533233375,-1.30494995339972,1.93058007760578,1.02528197697579,0.547320308082908,0.359065524953024,0.220799618721694,0.108825339095488
0.312805474095797,0.000977517106549365,0,0.000467115999540096,0.234745381134787,0.652430750490206,0.112356752375467,0,0,0,0,0,0.00279278407470216,-1.28602529485376,1.95244502181733,1.02940463408019,0.548439801931804,0.359621149988764,0.221098556167582,0.108966161555583
0.313782991202346,0.000977517106549365,0,0.000403512363278346,0.231256050005875,0.653713919805432,0.114626517825415,0,0,0,0,0,0.00241251188830767,-1.2671779164674,1.97398120022201,1.03316725509792,0.549339443896093,0.360027959506415,0.221304887231913,0.109061174163874
0.314760508308895,0.000977517106549365,0,0.000345961412465772,0.227786995373218,0.654940395633616,0.1169266475807,0,0,0,0,0,0.00206842738023779,-1.24841312764581,1.99518171790893,1.03656451205225,0.55001613560005,0.360283878655058,0.221417325946045,0.109109741568589
0.315738025415445,0.000977517106549365,0,0.000294160512829914,0.224338923383451,0.656109572706215,0.119257343397503,0,0,0,0,0,0.00175872116657629,-1.22973623779413,2.0160396799672,1.03959107696645,0.550466778667953,0.360386832583776,0.221434586341339,0.109111228417955
0.316715542521994,0.000977517106549365,0,0.000247807030098314,0.220912540183211,0.657220845754684,0.121618807032007,0,0,0,0,0,0.00148158386340695,-1.2111525563175,2.03654819148592,1.0422416218638,0.550688274724078,0.360334746441653,0.221355382449156,0.109064999360202
0.317693059628543,0.000977517106549365,0,0.000206598329998513,0.217508551919133,0.658273609510477,0.124011240240391,0,0,0,0,0,0.00123520608681353,-1.1926673926211,2.05670035755421,1.04451081876756,0.550677525392702,0.360125545377769,0.221178428300856,0.108970419043556
0.318670576735093,0.000977517106549365,0,0.000170231778258052,0.214127664737852,0.65926725870505,0.12643484477884,0,0,0,0,0,0.0010177784528798,-1.17428605611005,2.07648928326116,1.04639333970102,0.550431432298102,0.359757154541208,0.220902437927798,0.108826852116247
0.319648093841642,0.000977517106549365,0,0.000138404740604473,0.210770584786005,0.660201188069858,0.128889822403533,0,0,0,0,0,0.00082749157768953,-1.15601385618953,2.09590807369589,1.04788385668746,0.549946897064555,0.359227499081053,0.220526125361344,0.108633663226501
0.320625610948192,0.000977517106549365,0,0.000110814582765316,0.207438018210227,0.661074792336355,0.131376374870652,0,0,0,0,0,0.000662536077326493,-1.13785610226467,2.11494983394751,1.04897704175013,0.549220821316336,0.358534504146386,0.220048204632854,0.108390217022547
0.321603128054741,0.000977517106549365,0,8.71586704681228e-05,0.204130671157154,0.661887466235998,0.13389470393638,0,0,0,0,0,0.000521102567874456,-1.11981810374063,2.13360766910512,1.04966756691233,0.548250106677723,0.357676094886288,0.219467389773687,0.108095878152612
0.32258064516129,0.000977517106549365,0,6.71343694404349e-05,0.200849249773421,0.66263860450024,0.136445011356897,0,0,0,0,0,0.000401381665417188,-1.10190517002257,2.15187468425783,1.04995010419732,0.547031654772993,0.356650196449844,0.218782394815205,0.107750011264925
0.32355816226784,0.000977517106549365,0,5.04390454097933e-05,0.197594460205665,0.663327601860538,0.139027498888386,0,0,0,0,0,0.000301563986038458,-1.08412261051563,2.16974398449475,1.04981932562837,0.545562367226422,0.355454733986135,0.217991933788767,0.107351981007714
0.324535679374389,0.000977517106549365,0,3.67700641037393e-05,0.194367008600521,0.663953853048346,0.141642368287029,0,0,0,0,0,0.000219840145822036,-1.06647573462496,2.18720867490499,1.04926990322877,0.543839145662286,0.354087632644244,0.217094720725734,0.106901152029207
0.325513196480938,0.000977517106549365,0,2.58247912498142e-05,0.191167601104625,0.66451675279512,0.144289821309005,0,0,0,0,0,0.000154400760851691,-1.04896985175572,2.20426186057764,1.04829650902179,0.541858891704863,0.352546817573254,0.216089469657467,0.106396888977631
0.326490713587488,0.000977517106549365,0,1.73005925755591e-05,0.187996943864613,0.665015695832313,0.146970059710499,0,0,0,0,0,0.000103436447211191,-1.03161027131306,2.22089664660183,1.04689381503069,0.53961850697843,0.350830213922247,0.214974894615324,0.105838556501214
0.327468230694037,0.000977517106549365,0,1.08948338085153e-05,0.184855743027119,0.665450076891382,0.14968328524769,0,0,0,0,0,6.5137820984307e-05,-1.01440230270214,2.23710613806666,1.04505649327876,0.537114893107262,0.348935746840305,0.213749709630667,0.105225519248185
0.328445747800586,0.000977517106549365,0,6.30488067622416e-06,0.181744704738781,0.665819290703782,0.15242969967676,0,0,0,0,0,3.76954982548073e-05,-0.99735125532809,2.25288344006123,1.04277921578927,0.534344951715637,0.346861341476511,0.212412628734857,0.104557141866772
0.329423264907136,0.000977517106549365,0,3.22809890622677e-06,0.178664535146234,0.666122732000967,0.155209504753893,0,0,0,0,0,1.93000951064613e-05,-0.980462438596078,2.26822165767465,1.0400566545855,0.531305584427831,0.344604922979948,0.210962365959252,0.103832789005202
0.330400782013685,0.000977517106549365,0,1.36185422606442e-06,0.175615940396113,0.666359795514393,0.158022902235268,0,0,0,0,0,8.14222762303837e-06,-0.963741161911251,2.28311389599604,1.03688348169071,0.527993692868121,0.342164416499698,0.209397635335214,0.103051825311703
0.331378299120235,0.000977517106549365,0,4.03512363278346e-07,0.172599626635054,0.666529875975515,0.160870093877067,0,0,0,0,0,2.41251188830767e-06,-0.947192734678763,2.29755326011449,1.03325436912819,0.524406178660783,0.339537747184843,0.207717150894103,0.102213615434503
0.332355816226784,0.000977517106549365,0,5.04390454097933e-08,0.169616300009694,0.666632368115788,0.163751281435473,0,0,0,0,0,3.01563986038458e-07,-0.930822466303763,2.31153285511912,1.0291639889212,0.520539943430095,0.336722840184467,0.205919626667279,0.101317524021831
0.333333333333333,0.000977517106549365,0,0,0.166666666666667,0.666666666666667,0.166666666666667,0,0,0,0,0,0,-0.914635666191405,2.32504578609903,1.02460701309303,0.516391888800333,0.333717620647651,0.204003776686103,0.100362915721914
0.334310850439883,0.000977517106549365,0,0,0.163751281435473,0.666632368115788,0.169616316822709,3.36260302731955e-08,0,0,0,0,0,-0.898636574312581,2.33808692554116,1.01957986789874,0.511960119500685,0.330520848766589,0.201968839436537,0.0993494153430377
0.335288367546432,0.000977517106549365,0,0,0.160870093877067,0.666529875975515,0.172599761139175,2.69008242185564e-07,0,0,0,0,0,-0.882825152901151,2.35065821552377,1.01408599652056,0.507247552679979,0.327134624905907,0.199816151222953,0.0982776883337136
0.336265884652981,0.000977517106549365,0,0,0.158022902235268,0.666359795514393,0.175616394347521,9.07902817376279e-07,0,0,0,0,0,-0.86720029475672,2.36276336552293,1.00813059637254,0.502258308591959,0.323561884473348,0.197547572804329,0.097148660302512
0.337243401759531,0.000977517106549365,0,0,0.155209504753893,0.666122732000967,0.178665611179202,2.15206593748451e-06,0,0,0,0,0,-0.851760892678888,2.37440608501474,1.0017188648687,0.496996507490364,0.319805562876649,0.195164964939639,0.095963256858002
0.33822091886608,0.000977517106549365,0,0,0.152429699676761,0.665819290703782,0.181746806365673,4.20325378414944e-06,0,0,0,0,0,-0.836505839467258,2.38559008347527,0.994855999423073,0.491466269628936,0.31586859552355,0.192670188387859,0.0947224036087535
0.33919843597263,0.000977517106549365,0,0,0.14968328524769,0.665450076891382,0.184859374638389,7.26322253901023e-06,0,0,0,0,0,-0.821434027921433,2.39631907038061,0.987547197449699,0.485671715261414,0.311753917821789,0.190065103907964,0.0934270261633357
0.340175953079179,0.000977517106549365,0,0,0.146970059710499,0.665015695832313,0.188002710728804,1.15337283837061e-05,0,0,0,0,0,-0.806544350841014,2.40659675520684,0.979797656362608,0.479616964641541,0.307464465179106,0.18735157225893,0.0920780501303185
0.341153470185728,0.000977517106549365,0,0,0.144289821309005,0.66451675279512,0.191176209368375,1.72165274998761e-05,0,0,0,0,0,-0.791835701025606,2.41642684743005,0.97161257357583,0.473306138023057,0.303003173003239,0.184531454199733,0.090676401118271
0.342130987292278,0.000977517106549365,0,0,0.141642368287029,0.663953853048346,0.194379265288556,2.45133760691595e-05,0,0,0,0,0,-0.777306971274808,2.42581305652631,0.962997146503399,0.466743355659703,0.298372976701929,0.181606610489347,0.0892230047357632
0.343108504398827,0.000977517106549365,0,0,0.139027498888387,0.663327601860538,0.197611273220802,3.36260302731955e-05,0,0,0,0,0,-0.762957054388225,2.43475909197172,0.953956572559348,0.45993273780522,0.293576811682913,0.178578901886748,0.0877187865913642
0.344086021505376,0.000977517106549365,0,0,0.136445011356897,0.66263860450024,0.200871627896568,4.47562462936239e-05,0,0,0,0,0,-0.748784843165458,2.44326866324236,0.944496049157707,0.452878404713348,0.288617613353931,0.175450189150913,0.0861646722936437
0.345063538611926,0.000977517106549365,0,0,0.13389470393638,0.661887466235998,0.20415972404731,5.81057803120827e-05,0,0,0,0,0,-0.73478923040611,2.4513454798143,0.934620773712512,0.44558447663783,0.283498317122722,0.172222333040815,0.0845615874511714
0.346041055718475,0.000977517106549365,0,0,0.131376374870652,0.661074792336355,0.207474956404482,7.38763885102115e-05,0,0,0,0,0,-0.720969108909784,2.45899325116364,0.924335943637795,0.438055073832406,0.278221858397025,0.168897194315432,0.0829104576725167
0.347018572825024,0.000977517106549365,0,0,0.128889822403533,0.660201188069858,0.21081671969954,9.22698270696496e-05,0,0,0,0,0,-0.707323371476081,2.46621568676646,0.913646756347586,0.430294316550816,0.27279117258458,0.165476633733738,0.081212208566249
0.347996089931574,0.000977517106549365,0,0,0.12643484477884,0.65926725870505,0.214184408663938,0.000113487852172036,0,0,0,0,0,-0.693850910904605,2.47301649609884,0.90255840925592,0.422306325046801,0.267209195093125,0.161962512054709,0.079467765740938
0.348973607038123,0.000977517106549365,0,0,0.124011240240391,0.658273609510477,0.217577418029133,0.00013773221999901,0,0,0,0,0,-0.680550619994956,2.47939938863686,0.891076099776829,0.414095219574104,0.2614788613304,0.15835669003732,0.0776780548051533
0.349951124144673,0.000977517106549365,0,0,0.121618807032007,0.657220845754684,0.220995142526577,0.000165204686732211,0,0,0,0,0,-0.667421391546739,2.48536807385661,0.879205025324345,0.405665120386463,0.255603106704142,0.154661028440547,0.0758440013674641
0.350928641251222,0.000977517106549365,0,0,0.119257343397503,0.656109572706215,0.224436976887728,0.000196107008553278,0,0,0,0,0,-0.654462118359555,2.49092626123417,0.8669503833125,0.397020147737621,0.249584866622092,0.150877388023366,0.0739665310364403
0.351906158357771,0.000977517106549365,0,0,0.1169266475807,0.654940395633616,0.22790231584404,0.00023064094164385,0,0,0,0,0,-0.641671693233007,2.49607766024562,0.854317371155328,0.388164421881318,0.243427076491989,0.147007629544752,0.0720465694206511
0.352883675464321,0.000977517106549365,0,0,0.114626517825415,0.653713919805432,0.231390554126968,0.000269008242185566,0,0,0,0,0,-0.629049008966696,2.50082598036705,0.841311186266861,0.379102063071296,0.237132671721572,0.14305361376368,0.0700850421286663
0.35386119257087,0.000977517106549365,0,0,0.112356752375467,0.652430750490206,0.234901086467967,0.000311410666360066,0,0,0,0,0,-0.616592958360226,2.50517493107455,0.827937026061131,0.369837191561294,0.230704587718579,0.139017201439126,0.0680828747690553
0.354838709677419,0.000977517106549365,0,0,0.110117149474673,0.651091492956486,0.238433307598492,0.000358049970348989,0,0,0,0,0,-0.604302434213199,2.50912822184419,0.814200087952172,0.360373927605055,0.22414575989075,0.134900253330066,0.0660409929503878
0.355816226783969,0.000977517106549365,0,0,0.107907507366854,0.649696752472814,0.241986612249998,0.000409127910333973,0,0,0,0,0,-0.592176329325217,2.51268956215206,0.800105569354014,0.350716391456318,0.217459123645824,0.130704630195475,0.063960322281233
0.356793743890518,0.000977517106549365,0,0,0.105727624295826,0.648247134307737,0.245560395153941,0.000464846242496658,0,0,0,0,0,-0.580213536495882,2.51586266147424,0.785658667680693,0.340868703368825,0.210647614391541,0.126432192794328,0.0618417883701608
0.357771260997067,0.000977517106549365,0,0,0.103577298505408,0.646743243729798,0.249154051041775,0.000525406723018683,0,0,0,0,0,-0.568412948524798,2.51865122928682,0.770864580346238,0.330834983596317,0.203714167535638,0.122084801885601,0.0596863168257405
0.358748778103617,0.000977517106549365,0,0,0.101456328239418,0.645185686007544,0.252766974644956,0.000591011108081688,0,0,0,0,0,-0.556773458211566,2.52105897506588,0.755728504764685,0.320619352392535,0.196661718485855,0.11766431822827,0.0574948332565417
0.359726295210166,0.000977517106549365,0,0,0.0993645117416759,0.643575066409518,0.256398560694938,0.000661861153867311,0,0,0,0,0,-0.545293958355788,2.5230896082875,0.740255638350063,0.310225930011219,0.189493202649931,0.11317260258131,0.0552682632711338
0.360703812316716,0.000977517106549365,0,0,0.0973016472559986,0.641911990204266,0.260048203923178,0.000738158616557192,0,0,0,0,0,-0.533973341757068,2.52474683842777,0.724451178516407,0.299658836706111,0.182211555435606,0.108611515703696,0.0530075324780866
0.361681329423265,0.000977517106549365,0,0,0.0952675330262049,0.640197062660333,0.263715299061129,0.00082010525233297,0,0,0,0,0,-0.522810501215007,2.52603437496277,0.708320322677749,0.288922192730952,0.174819712250619,0.103982918354405,0.0507135664859694
0.362658846529814,0.000977517106549365,0,0,0.0932619672961131,0.638430889046264,0.267399240840246,0.000907902817376284,0,0,0,0,0,-0.511804329529209,2.52695592736859,0.691868268248122,0.278020118339482,0.167320608502708,0.0992886712924111,0.0483872909033519
0.363636363636364,0.000977517106549365,0,0,0.0912847483095417,0.636614074630603,0.271099423991986,0.00100175306786877,0,0,0,0,0,-0.500953719499274,2.5275152051213,0.675100212641557,0.266956733785442,0.159717179599612,0.0945306352766906,0.0460296313388035
0.364613880742913,0.000977517106549365,0,0,0.0893356743103089,0.634747224681896,0.274815243247803,0.00110185775999208,0,0,0,0,0,-0.490257563924806,2.52771591769699,0.658021353272087,0.255736159322573,0.152012360949071,0.0897106710662183,0.0436415134008937
0.365591397849462,0.000977517106549365,0,0,0.0874145435422331,0.632830944468687,0.278546093339152,0.00120841864992783,0,0,0,0,0,-0.479714755605407,2.52756177457175,0.640636887553746,0.244362515204617,0.144209087958823,0.0848306394199705,0.0412238626981922
0.366568914956012,0.000977517106549365,0,0,0.0855211542491327,0.630865839259522,0.282291368997488,0.00132163749385768,0,0,0,0,0,-0.46932418734068,2.52705648522165,0.622952012900566,0.232839921685313,0.136310296036609,0.0798924010969222,0.0387776048392684
0.367546432062561,0.000977517106549365,0,0,0.083655304674826,0.628852514322944,0.286050464954266,0.00144171604796326,0,0,0,0,0,-0.459084751930227,2.52620375912279,0.604971926726579,0.221172499018404,0.128318920590166,0.0748978168560492,0.0363036654326919
0.36852394916911,0.000977517106549365,0,0,0.0818167930631315,0.6267915749275,0.289822775940942,0.00156885606842622,0,0,0,0,0,-0.44899534217365,2.52500730575125,0.586701826445817,0.209364367457629,0.120237897027234,0.0698487474563267,0.0338029700870321
0.36950146627566,0.000977517106549365,0,0,0.0800054176578674,0.624683626341734,0.29360769668897,0.00170325931142818,0,0,0,0,0,-0.439054850870551,2.5234708345831,0.568146909472313,0.19741964725673,0.112070160755552,0.0647470536567304,0.0312764444108587
0.370478983382209,0.000977517106549365,0,0,0.0782209767028522,0.622529273834191,0.297404621929806,0.00184512753315079,0,0,0,0,0,-0.429262170820534,2.52159805509443,0.549312373220101,0.185342458669448,0.10381864718286,0.059594596216236,0.0287250140127412
0.371456500488759,0.000977517106549365,0,0,0.0764632684419042,0.620329122673416,0.301212946394904,0.00199466248977569,0,0,0,0,0,-0.419616194823199,2.51939267676133,0.530203415103212,0.173136921949524,0.0954862917168954,0.0543932358938187,0.026149604501249
0.372434017595308,0.000977517106549365,0,0,0.0747320911188416,0.618083778127954,0.30503206481572,0.00215206593748452,0,0,0,0,0,-0.410115815678151,2.51685840905988,0.51082523253568,0.160807157350699,0.0870760297653985,0.0491448334484544,0.0235511414849519
0.373411534701857,0.000977517106549365,0,0,0.0730272429774831,0.615793845466349,0.308861371923709,0.00231753963245892,0,0,0,0,0,-0.400759926184991,2.51399896146617,0.491183022931534,0.148357285126712,0.0785907967361072,0.0438512496391179,0.020930550572419
0.374389051808407,0.000977517106549365,0,0,0.0713485222616468,0.613459929957147,0.312700262450326,0.00249128533088052,0,0,0,0,0,-0.391547419143321,2.51081804345627,0.471281983704811,0.135791425531306,0.070033528036762,0.0385143452247855,0.0182887573722203
0.375366568914956,0.000977517106549365,0,0,0.0696957272151511,0.611082636868893,0.316548131127025,0.00267350478893097,0,0,0,0,0,-0.382477187352745,2.50731936450627,0.451127312269541,0.123113698818222,0.061407159075101,0.0331359809644322,0.015626687492925
0.376344086021505,0.000977517106549365,0,0,0.0680686560818144,0.608662571470131,0.320404372685263,0.0028643997627919,0,0,0,0,0,-0.373548123612864,2.50350663409225,0.430724206039757,0.1103282252412,0.0527146252588637,0.0277180176170338,0.0129452665431028
0.377321603128055,0.000977517106549365,0,0,0.0664671071054551,0.606200339029406,0.324268381856494,0.00306417200864495,0,0,0,0,0,-0.36475912072328,2.4993835616903,0.410077862429492,0.0974391250539807,0.043958861995789,0.0222623159415657,0.0102454201313231
0.378299120234604,0.000977517106549365,0,0,0.0648908785298915,0.603696544815264,0.328139553372173,0.00327302328267177,0,0,0,0,0,-0.356109071483597,2.49495385677651,0.389193478852778,0.0844505185103059,0.0351428046936161,0.0167707366970034,0.00752807386615562
0.379276637341153,0.000977517106549365,0,0,0.0633397685989419,0.601151794096249,0.332017281963755,0.00349115534105399,0,0,0,0,0,-0.347596868693416,2.49022122882694,0.368076252723648,0.0713665258639159,0.0262693887600838,0.0112451406423224,0.00479415335616968
0.380254154447703,0.000977517106549365,0,0,0.0618135755564248,0.598566692140906,0.335900962362695,0.00371876993997325,0,0,0,0,0,-0.33922140515234,2.4851893873177,0.346731381456133,0.0581912673685516,0.0173415496029311,0.00568738853649801,0.00204458420993485
0.381231671554252,0.000977517106549365,0,0,0.0603120976461585,0.595941844217781,0.339789989300449,0.00395606883561119,0,0,0,0,0,-0.330981573659972,2.47986204172486,0.325164062464269,0.044928863277955,0.00836222262989815,9.93411385064297e-05,-0.000719707963979074
0.382209188660802,0.000977517106549365,0,0,0.0588351331119614,0.593277855595417,0.343683757508472,0.00420325378414945,0,0,0,0,0,-0.322876267015913,2.4742429015245,0.303379493162085,0.0315834338458656,-0.000665656751277272,-0.00551714079267758,-0.00349779755700291
0.383186705767351,0.000977517106549365,0,0,0.0573824801976518,0.59057533154236,0.347581661718218,0.00446052654176967,0,0,0,0,0,-0.314904378019766,2.46833567619271,0.281382870963616,0.0181590993260251,-0.00973915313285548,-0.0111601964980782,-0.00628875896056696
0.3841642228739,0.000977517106549365,0,0,0.055953937147048,0.587834877327155,0.351483096661143,0.00472808886465349,0,0,0,0,0,-0.307064799471134,2.46214407520558,0.259179393282893,0.00465997997217408,-0.0188553311070975,-0.0168279652187199,-0.00909166656610172
0.38514173998045,0.000977517106549365,0,0,0.0545493022039686,0.585057098218347,0.355387457068701,0.00500614250898254,0,0,0,0,0,-0.299356424169618,2.45567180803917,0.236774257533949,-0.00890980396194617,-0.0280112552662642,-0.0225185861956271,-0.0119055947650376
0.386119257086999,0.000977517106549365,0,0,0.0531683736122317,0.582242599484481,0.359294137672349,0.00529488923093848,0,0,0,0,0,-0.291778144914822,2.4489225841696,0.214172661130817,-0.0225461322225952,-0.0372039902026167,-0.0282301986698245,-0.0147296179488052
0.387096774193548,0.000977517106549365,0,0,0.0518109496156557,0.579391986394101,0.36320253320354,0.00559453078670292,0,0,0,0,0,-0.284328854506347,2.44190011307292,0.191379801487529,-0.0362448845560315,-0.0464306005084155,-0.0339609418823364,-0.0175628105088349
0.388074291300098,0.000977517106549365,0,0,0.0504768284580591,0.576505864215753,0.36711203839373,0.00590526893245752,0,0,0,0,0,-0.277007445743797,2.43460810422523,0.168400876018118,-0.0500019407085146,-0.0556881507759218,-0.0397089550741873,-0.0204042468365571
0.389051808406647,0.000977517106549365,0,0,0.0491658083832602,0.573584838217981,0.371022047974375,0.00622730542438392,0,0,0,0,0,-0.269812811426773,2.42705026710261,0.145241082136616,-0.0638131804263037,-0.0649737055973967,-0.0454723774864019,-0.0232530013234024
0.390029325513196,0.000977517106549365,0,0,0.0478776876350773,0.57062951366933,0.374931956676929,0.00656084201866374,0,0,0,0,0,-0.262743844354878,2.41923031118114,0.121905617257055,-0.0776744834556574,-0.0742843295651008,-0.0512493483600044,-0.0261081483608013
0.391006842619746,0.000977517106549365,0,0,0.0466122644573289,0.567640495838346,0.378841159232847,0.00690608047147864,0,0,0,0,0,-0.255799437327714,2.41115194593691,0.0983996787934693,-0.0915817295428353,-0.0836170872712954,-0.0570380069360196,-0.0289687623401841
0.391984359726295,0.000977517106549365,0,0,0.0453693370938332,0.564618389993573,0.382749050373584,0.00726322253901025,0,0,0,0,0,-0.248978483144883,2.402818880846,0.0747284641598907,-0.105530798434096,-0.0929690433082409,-0.0628364924554716,-0.0318339176529814
0.392961876832845,0.000977517106549365,0,0,0.0441487037884086,0.561563801403555,0.386655024830596,0.00763246997744021,0,0,0,0,0,-0.242279874605989,2.3942348253845,0.0508971707703514,-0.119517569875699,-0.102337262268199,-0.0686429441593852,-0.0347026886906236
0.393939393939394,0.000977517106549365,0,0,0.0429501627848735,0.558477335336839,0.390558477335337,0.00801402454295016,0,0,0,0,0,-0.235702504510633,2.38540348902848,0.0269109960388842,-0.133537923613903,-0.111718808743429,-0.0744555012887848,-0.0375741498445412
0.394916911045943,0.000977517106549365,0,0,0.0417735123270463,0.555359597061969,0.394458802619263,0.00840808799172174,0,0,0,0,0,-0.229245265658417,2.37632858125404,0.00277513737952223,-0.147587739394966,-0.121110747326194,-0.0802723030846946,-0.0404473755061646
0.395894428152493,0.000977517106549365,0,0,0.0406185506587453,0.55221119184749,0.398355395413828,0.00881486207993659,0,0,0,0,0,-0.222907050848945,2.36701381153725,-0.0215052077937037,-0.16166289696515,-0.130510142608753,-0.0860914887881396,-0.0433214400669244
0.396871945259042,0.000977517106549365,0,0,0.0394850760237889,0.549032724961946,0.402247650450488,0.00923454856377634,0,0,0,0,0,-0.216686752881818,2.3574628893542,-0.0459248420667592,-0.175759276070712,-0.139914059183368,-0.091911197640144,-0.046195417918251
0.397849462365591,0.000977517106549365,0,0,0.0383728866659953,0.545824801673883,0.406134962460698,0.00966734919942264,0,0,0,0,0,-0.21058326455664,2.34767952418097,-0.0704785680256132,-0.189872756457912,-0.149319561642301,-0.0977295688817325,-0.049068383451575
0.398826979472141,0.000977517106549365,0,0,0.0372817808291831,0.542588027251846,0.410016726175913,0.0101134657430571,0,0,0,0,0,-0.204595478673011,2.33766742549364,-0.0951611882562319,-0.203999217873008,-0.15872371457781,-0.103544741753929,-0.0519394110583266
0.39980449657869,0.000977517106549365,0,0,0.0362115567571706,0.53932300696438,0.413892336327588,0.0105730999508614,0,0,0,0,0,-0.198722288030535,2.32743030276831,-0.119967505344583,-0.218134540062259,-0.168123582582158,-0.109354855497759,-0.0548075751299364
0.40078201368524,0.000977517106549365,0,0,0.035162012693776,0.536030346080028,0.417761187647178,0.0110464535790172,0,0,0,0,0,-0.192962585428815,2.31697186548105,-0.144892321876635,-0.232274602771926,-0.177516230247606,-0.115158049354246,-0.057671950057835
0.401759530791789,0.000977517106549365,0,0,0.0341329468828178,0.532710649867337,0.421622674866139,0.0115337283837061,0,0,0,0,0,-0.187315263667452,2.30629582310795,-0.169930440438353,-0.246415285748266,-0.186898722166414,-0.120952462564415,-0.0605316102334526
0.402737047898338,0.000977517106549365,0,0,0.0331241575681144,0.529364523594852,0.425476192715924,0.0120351261211097,0,0,0,0,0,-0.181779215546048,2.29540588512508,-0.195076663615707,-0.260552468737539,-0.196268122930843,-0.12673623436929,-0.0633856300482198
0.403714565004888,0.000977517106549365,0,0,0.0321354429934841,0.525992572531116,0.42932113592799,0.0125508485474097,0,0,0,0,0,-0.176353333864207,2.28430576100854,-0.220325793994664,-0.274682031486004,-0.205621497133155,-0.132507504009896,-0.0662330838935672
0.404692082111437,0.000977517106549365,0,0,0.0311666014027452,0.522595401944676,0.433156899233791,0.0130810974187877,0,0,0,0,0,-0.171036511421531,2.27299916023441,-0.24567263416119,-0.28879985373992,-0.214955909365609,-0.138264410727258,-0.0690730461609252
0.405669599217986,0.000977517106549365,0,0,0.0302174310397161,0.519173617104075,0.436982877364783,0.0136260744914254,0,0,0,0,0,-0.165827641017622,2.26148979227877,-0.271111986701254,-0.302901815245546,-0.224268424220468,-0.144005093762399,-0.0719045912417242
0.406647116324536,0.000977517106549365,0,0,0.0292877301482152,0.51572782327786,0.44079846505242,0.0141859815215044,0,0,0,0,0,-0.160725615452082,2.2497813666177,-0.296638654200822,-0.316983795749141,-0.233556106289992,-0.149727692356345,-0.0747267935273946
0.407624633431085,0.000977517106549365,0,0,0.0283772969720608,0.512258625734574,0.444603057028159,0.0147610202652063,0,0,0,0,0,-0.155729327524513,2.23787759272729,-0.322247439245864,-0.331041674996966,-0.242816020166442,-0.155430345750119,-0.0775387274093672
0.408602150537634,0.000977517106549365,0,0,0.0274859297550714,0.508766629742763,0.448396048023452,0.0153513924787128,0,0,0,0,0,-0.150837670034519,2.22578218008362,-0.347933144422345,-0.345071332735277,-0.252045230442078,-0.161111193184747,-0.080339467279072
0.409579667644184,0.000977517106549365,0,0,0.0266134267410652,0.505252440570972,0.452176832769757,0.0159572999182055,0,0,0,0,0,-0.146049535781702,2.21349883816277,-0.373690572316232,-0.359068648710334,-0.261240801709163,-0.166768373901253,-0.0831280875279398
0.410557184750733,0.000977517106549365,0,0,0.0257595861738607,0.501716663487746,0.455944805998527,0.0165789443398661,0,0,0,0,0,-0.141363817565664,2.20103127644084,-0.399514525513494,-0.373029502668397,-0.270399798559956,-0.17240002714066,-0.0859036625474008
0.411534701857283,0.000977517106549365,0,0,0.0249242062972761,0.498159903761629,0.459699362441219,0.0172165274998762,0,0,0,0,0,-0.136779408186007,2.18838320439389,-0.425399806600098,-0.386949774355725,-0.279519285586718,-0.178004292143995,-0.0886652667288858
0.412512218963832,0.000977517106549365,0,0,0.0241070853551299,0.494582766661166,0.463439896829287,0.0178702511544174,0,0,0,0,0,-0.132295200442334,2.17555833149803,-0.451341218162012,-0.400825343518576,-0.288596327381711,-0.18357930815228,-0.0914119744638251
0.413489736070381,0.000977517106549365,0,0,0.0233080215912404,0.490985857454903,0.467165803894185,0.0185403170596713,0,0,0,0,0,-0.127910087134247,2.16256036722932,-0.477333562785202,-0.41465208990321,-0.297627988537196,-0.189123214406542,-0.0941428601436491
0.414467253176931,0.000977517106549365,0,0,0.0225268132494259,0.487369781411384,0.47087647836737,0.0192269269718197,0,0,0,0,0,-0.123622961061348,2.14939302106385,-0.503371643055637,-0.428425893255886,-0.306611333645433,-0.194634150147803,-0.0968569981597883
0.41544477028348,0.000977517106549365,0,0,0.0217632585735049,0.483735143799154,0.474571314980297,0.0199302826470442,0,0,0,0,0,-0.119432715023241,2.13606000247771,-0.529450261559283,-0.442142633322862,-0.315543427298683,-0.20011025461709,-0.0995534629036733
0.416422287390029,0.000977517106549365,0,0,0.0210171558072957,0.480082549886759,0.478249708464419,0.0206505858415263,0,0,0,0,0,-0.115338241819527,2.12256502094698,-0.55556422088211,-0.455798189850399,-0.324421334089207,-0.205549667055425,-0.102231328766735
0.417399804496579,0.000977517106549365,0,0,0.0202883031946166,0.476412604942742,0.481911053551193,0.0213880383114477,0,0,0,0,0,-0.111338434249808,2.10891178594775,-0.581708323610082,-0.469388442584754,-0.333242118609266,-0.210950526703834,-0.104889670140402
0.418377321603128,0.000977517106549365,0,0,0.019576498979286,0.47272591423565,0.485554744972074,0.0221428418129902,0,0,0,0,0,-0.107432185113688,2.09510400695609,-0.607877372329169,-0.482909271272189,-0.342002845451122,-0.216310972803342,-0.107527561416107
0.419354838709677,0.000977517106549365,0,0,0.0188815414051223,0.469023083034026,0.489180177458517,0.0229151981023352,0,0,0,0,0,-0.103618387210768,2.08114539344809,-0.634066169625337,-0.49635655565896,-0.350700579207035,-0.221629144594972,-0.11014407698528
0.420332355816227,0.000977517106549365,0,0,0.0182032287159439,0.465304716606416,0.492786745741976,0.0237053089356645,0,0,0,0,0,-0.099895933340651,2.06703965489984,-0.660269518084555,-0.509726175491327,-0.359332384469265,-0.226903181319749,-0.11273829123935
0.421309872922776,0.000977517106549365,0,0,0.017541359155569,0.461571420221365,0.496373844553907,0.0245133760691596,0,0,0,0,0,-0.0962637163029393,2.05279050078741,-0.686482220292789,-0.52301401051555,-0.367895325830074,-0.232131222218698,-0.11530927856975
0.422287390029326,0.000977517106549365,0,0,0.0168957309678161,0.457823799147417,0.499940868625765,0.0253396012590023,0,0,0,0,0,-0.0927206288972352,2.0384016405869,-0.712699078836007,-0.536215940477888,-0.376386467881724,-0.237311406532843,-0.117856113367908
0.423264907135875,0.000977517106549365,0,0,0.0162661423965035,0.454062458653118,0.503487212689005,0.0261841862613742,0,0,0,0,0,-0.0892655639231412,2.02387678377438,-0.738914896300176,-0.549327845124599,-0.384802875216473,-0.242441873503208,-0.120377870025255
0.424242424242424,0.000977517106549365,0,0,0.0156523916854495,0.450288004007012,0.507012271475081,0.0270473328324568,0,0,0,0,0,-0.0858974141802596,2.00921963982593,-0.765124475271264,-0.562345604201942,-0.393141612426584,-0.247520762370818,-0.122873622933223
0.425219941348974,0.000977517106549365,0,0,0.0150542770784726,0.446501040477645,0.510515439715451,0.0279292427284319,0,0,0,0,0,-0.0826150724681929,1.99443391821765,-0.791322618335239,-0.575265097456177,-0.401399744104318,-0.252546212376698,-0.125342446483241
0.426197458455523,0.000977517106549365,0,0,0.0144715968193911,0.442702173333561,0.513996112141567,0.0288301177054811,0,0,0,0,0,-0.0794174315865433,1.97952332842562,-0.817504128078067,-0.588082204633563,-0.409574334841935,-0.257516362761873,-0.12778341506674
0.427174975562072,0.000977517106549365,0,0,0.0139041491520234,0.438892007843305,0.517453683484886,0.029750159519786,0,0,0,0,0,-0.0763033843349134,1.96449157992591,-0.843663807085717,-0.600792805480359,-0.417662449231696,-0.262429352767365,-0.13019560307515
0.428152492668622,0.000977517106549365,0,0,0.0133517323201878,0.435071149275422,0.520887548476862,0.0306895699275283,0,0,0,0,0,-0.0732718235129055,1.94934238219462,-0.869796457944156,-0.613392779742824,-0.425661151865863,-0.267283321634201,-0.132578084899902
0.429130009775171,0.000977517106549365,0,0,0.0128141445677026,0.431240202898458,0.52429710184895,0.0316485506848895,0,0,0,0,0,-0.0703216419201219,1.93407944470782,-0.89589688323935,-0.625878007167217,-0.433567507336696,-0.272076408603404,-0.134929934932426
0.43010752688172,0.000977517106549365,0,0,0.0122911841383863,0.427399773980956,0.527681738332606,0.0326273035480514,0,0,0,0,0,-0.0674517323561651,1.91870647694161,-0.921959885557268,-0.638244367499797,-0.441378580236456,-0.276806752915999,-0.137250227564153
0.43108504398827,0.000977517106549365,0,0,0.0117826492760572,0.423550467791462,0.531040852659285,0.0336260302731956,0,0,0,0,0,-0.0646609876206375,1.90322718837205,-0.947980267483877,-0.650487740486823,-0.449091435157404,-0.281472493813011,-0.139538037186513
0.432062561094819,0.000977517106549365,0,0,0.0112883382245337,0.419692889598521,0.534373839560441,0.0346449326165037,0,0,0,0,0,-0.0619483005131415,1.88764528847525,-0.973952831605144,-0.662604005874555,-0.456703136691801,-0.286071770535464,-0.141792438190937
0.433040078201369,0.000977517106549365,0,0,0.010808049227634,0.415827644670678,0.537680093767531,0.0356842123341574,0,0,0,0,0,-0.0593125638332794,1.87196448672727,-0.999872380507038,-0.674589043409251,-0.464210749431908,-0.290602722324382,-0.144012504968855
0.434017595307918,0.000977517106549365,0,0,0.0103415805291767,0.411955338276477,0.540959010012008,0.0367440711823382,0,0,0,0,0,-0.0567526703806536,1.85618849260421,-1.02573371677552,-0.68643873283717,-0.471611337969986,-0.29506348842079,-0.146197311911698
0.434995112414467,0.000977517106549365,0,0,0.00988873037298001,0.408076575684464,0.544209983025328,0.0378247109172279,0,0,0,0,0,-0.0542675129548665,1.84032101558214,-1.05153164299657,-0.698148953904572,-0.478901966898295,-0.299452208065713,-0.148345933410896
0.435972629521017,0.000977517106549365,0,0,0.00944929700286232,0.404191962163184,0.547432407538946,0.0389263332950081,0,0,0,0,0,-0.0518559843555205,1.82436576513716,-1.07726096175615,-0.709715586357715,-0.486079700809098,-0.303767020500174,-0.150457443857879
0.436950146627566,0.000977517106549365,0,0,0.009023078662642,0.40030210298118,0.550625678284317,0.0400491400718604,0,0,0,0,0,-0.0495169773822181,1.80832645074534,-1.10291647564022,-0.721134509942859,-0.493141604294653,-0.308006064965199,-0.152530917644079
0.437927663734115,0.000977517106549365,0,0,0.0086098735961374,0.396407603406999,0.553789189992897,0.0411933330039664,0,0,0,0,0,-0.0472493848345615,1.79220678188277,-1.12849298723475,-0.732401604406263,-0.500084741947224,-0.312167480701812,-0.154565429160925
0.438905180840665,0.000977517106549365,0,0,0.0082094800471669,0.392509068709186,0.55692233739614,0.0423591138475078,0,0,0,0,0,-0.0450520995121532,1.77601046802553,-1.15398529912572,-0.743512749494185,-0.506906178359069,-0.316249406951037,-0.156560052799847
0.439882697947214,0.000977517106549365,0,0,0.00782169625954884,0.388607104156284,0.560024515225501,0.0435466843586663,0,0,0,0,0,-0.0429240142145956,1.7597412186497,-1.17938821389908,-0.754463824952886,-0.513602978122451,-0.320249982953899,-0.158513862952278
0.440860215053763,0.000977517106549365,0,0,0.00744632047710159,0.38470231501684,0.563095118212436,0.0447562462936234,0,0,0,0,0,-0.040864021741491,1.74340274323138,-1.20469653414081,-0.765250710528623,-0.52017220582963,-0.324167347951422,-0.160425934009646
0.441837732160313,0.000977517106549365,0,0,0.0070831509436435,0.380795306559397,0.566133541088399,0.0459880014085608,0,0,0,0,0,-0.0388710148924419,1.72699875124664,-1.22990506243687,-0.775869285967657,-0.526610926072867,-0.327999641184631,-0.162295340363383
0.442815249266862,0.000977517106549365,0,0,0.00673198590299296,0.376886684052501,0.569139178584846,0.0472421514596602,0,0,0,0,0,-0.0369438864670506,1.71053295217156,-1.25500860137323,-0.786315431016246,-0.532916203444423,-0.331745001894551,-0.164121156404918
0.443792766373412,0.000977517106549365,0,0,0.0063926235989683,0.372977052764697,0.572111425433231,0.0485188982031031,0,0,0,0,0,-0.0350815292649196,1.69400905548224,-1.28000195353586,-0.796585025420648,-0.53908510253656,-0.335401569322205,-0.165902456525683
0.444770283479961,0.000977517106549365,0,0,0.00606486227538789,0.36906701796453,0.575049676365011,0.0498184433950713,0,0,0,0,0,-0.0332828360856511,1.67743077065474,-1.30487992151073,-0.806673948927125,-0.545114687941537,-0.338967482708619,-0.167638315117107
0.44574780058651,0.000977517106549365,0,0,0.0057485001760701,0.365157184920545,0.577953326111639,0.0511409887917464,0,0,0,0,0,-0.0315466997288477,1.66080180716516,-1.3296373078838,-0.816578081281933,-0.551002024251616,-0.342440881294817,-0.169327806570622
0.44672531769306,0.000977517106549365,0,0,0.00544333554483328,0.361248158901286,0.580821769404571,0.0524867361493099,0,0,0,0,0,-0.0298720129941117,1.64412587448959,-1.35426891524104,-0.826293302231333,-0.556744176059058,-0.345819904321822,-0.170970005277658
0.447702834799609,0.000977517106549365,0,0,0.0051491666254958,0.357340545175298,0.583654400975263,0.0538558872239436,0,0,0,0,0,-0.0282576686810454,1.6274066821041,-1.37876954616841,-0.835815491521584,-0.562338207956124,-0.349102691030661,-0.172563985629644
0.448680351906158,0.000977517106549365,0,0,0.00486579166187601,0.353434949011127,0.586450615555168,0.0552486437718291,0,0,0,0,0,-0.0267025595892513,1.61064793948477,-1.40313400325189,-0.845140528898944,-0.567781184535074,-0.352287380662357,-0.174108822018013
0.449657869012708,0.000977517106549365,0,0,0.00459300889779228,0.349531975677317,0.589209807875743,0.056665207549148,0,0,0,0,0,-0.0252055785183318,1.5938533561077,-1.42735708907745,-0.854264294109673,-0.57307017038817,-0.355372112457934,-0.175603588834193
0.450635386119257,0.000977517106549365,0,0,0.00433061657706297,0.345632230442414,0.591931372668441,0.058105780312082,0,0,0,0,0,-0.0237656182678892,1.57702664144896,-1.45143360623104,-0.86318266690003,-0.578202230107672,-0.358355025658418,-0.177047360469616
0.451612903225806,0.000977517106549365,0,0,0.00407841294350643,0.341736318574961,0.59461470466472,0.0595705638168127,0,0,0,0,0,-0.0223815716375259,1.56017150498463,-1.47535835729864,-0.871891527016273,-0.583174428285841,-0.361234259504832,-0.178439211315713
0.452590420332356,0.000977517106549365,0,0,0.00383619624094103,0.337844845343505,0.597259198596032,0.0610597598195217,0,0,0,0,0,-0.0210523314268444,1.54329165619081,-1.49912614486622,-0.880386754204663,-0.58798382951494,-0.364007953238202,-0.179778215763912
0.453567937438905,0.000977517106549365,0,0,0.00360376471318514,0.333958416016589,0.599864249193835,0.0625735700763907,0,0,0,0,0,-0.019776790435447,1.52639080454358,-1.52273177151973,-0.888664228211457,-0.592627498387227,-0.366674246099552,-0.181063448205646
0.454545454545455,0.000977517106549365,0,0,0.0033809166040571,0.33007763586276,0.602429251189582,0.0641121963436013,0,0,0,0,0,-0.0185538414629361,1.50947265951901,-1.54617003984516,-0.896719828782916,-0.597102499494964,-0.369231277329905,-0.182293983032344
0.455522971652004,0.000977517106549365,0,0,0.00316745015737529,0.326203110150561,0.604953599314728,0.0656758403773352,0,0,0,0,0,-0.0173823773089141,1.4925409305932,-1.56943575242847,-0.904549435665298,-0.601405897430412,-0.371677186170287,-0.183468894635438
0.456500488758553,0.000977517106549365,0,0,0.00296316361695806,0.322335444148538,0.60743668830073,0.0672647039337739,0,0,0,0,0,-0.0162612907729834,1.47559932724222,-1.59252371185562,-0.912148928604862,-0.605534756785833,-0.374010111861723,-0.184587257406356
0.457478005865103,0.000977517106549365,0,0,0.00276785522662377,0.318475243125236,0.609877912879041,0.0688789887690992,0,0,0,0,0,-0.0151894746547464,1.45865155894216,-1.61542872071258,-0.919514187347868,-0.609486142153486,-0.376228193645236,-0.185648145736531
0.458455522971652,0.000977517106549365,0,0,0.00258132323019078,0.314623112349199,0.612276667781117,0.0705188966394927,0,0,0,0,0,-0.0141658217538054,1.44170133516911,-1.63814558158532,-0.926641091640573,-0.613257118125633,-0.378329570761851,-0.186650634017391
0.459433040078201,0.000977517106549365,0,0,0.00240336587147747,0.310779657088973,0.614632347738414,0.072184629301136,0,0,0,0,0,-0.0131892248697629,1.42475236539914,-1.66066909705981,-0.933525521229239,-0.616844749294535,-0.380312382452593,-0.187593796640369
0.460410557184751,0.000977517106549365,0,0,0.00223378139430217,0.306945482613102,0.616944347482385,0.0738763885102107,0,0,0,0,0,-0.0122585768022212,1.40780835910834,-1.68299406972201,-0.940163355860123,-0.620246100252452,-0.382174767958486,-0.188476707996894
0.4613880742913,0.000977517106549365,0,0,0.00207236804248326,0.303121194190132,0.619212061744487,0.0755943760228986,0,0,0,0,0,-0.0113727703507827,1.3908730257728,-1.7051153021579,-0.946550475279484,-0.623458235591647,-0.383914866520554,-0.189298442478397
0.462365591397849,0.000977517106549365,0,0,0.0019189240598391,0.299307397088606,0.621434885256174,0.0773387935953811,0,0,0,0,0,-0.0105306983150499,1.37395007486859,-1.72702759695343,-0.952682759233582,-0.626478219904378,-0.385530817379823,-0.190058074476308
0.463343108504399,0.000977517106549365,0,0,0.00177324769018805,0.295504696577071,0.623612212748901,0.0791098429838401,0,0,0,0,0,-0.00973125349462512,1.3570432158718,-1.74872575669458,-0.958556087468677,-0.629303117782908,-0.387020759777316,-0.190754678382057
0.464320625610948,0.000977517106549365,0,0,0.00163513717734847,0.291713697924071,0.625743438954123,0.080907725944457,0,0,0,0,0,-0.00897332868911071,1.34015615825852,-1.77020458396732,-0.964166339731026,-0.631929993819498,-0.388382832954058,-0.191387328587076
0.465298142717498,0.000977517106549365,0,0,0.00150439076513872,0.287935006398151,0.627827958603297,0.0827326442334136,0,0,0,0,0,-0.00825581669810909,1.32329261150482,-1.79145888135761,-0.969509395766889,-0.634355912606408,-0.389615176151074,-0.191955099482795
0.466275659824047,0.000977517106549365,0,0,0.00138080669737716,0.284169227267856,0.629865166427876,0.0845847996068915,0,0,0,0,0,-0.00757761032122265,1.3064562850868,-1.81248345145141,-0.974581135322524,-0.636577938735898,-0.390715928609387,-0.192457065460643
0.467253176930596,0.000977517106549365,0,0,0.00126418321788214,0.28041696580173,0.631854457159315,0.0864643938210723,0,0,0,0,0,-0.00693760235805377,1.28965088848053,-1.8332730968347,-0.979377438144193,-0.638593136800232,-0.391683229570024,-0.192892300912052
0.468230694037146,0.000977517106549365,0,0,0.00115431857047205,0.27667882726832,0.63379522552907,0.0883716286321377,0,0,0,0,0,-0.00633468560820486,1.2728801311621,-1.85382262009345,-0.983894183978152,-0.640398571391667,-0.392515218274007,-0.193259880228452
0.469208211143695,0.000977517106549365,0,0,0.00105101099896521,0.272955416936169,0.635686866268597,0.0903067057962694,0,0,0,0,0,-0.00576775287127826,1.25614772260759,-1.87412682381362,-0.988127252570663,-0.641991307102468,-0.393210033962362,-0.193558877801274
0.470185728250244,0.000977517106549365,0,0,0.000954058747180024,0.269247340073822,0.637528774109349,0.0922698270696488,0,0,0,0,0,-0.00523569694687643,1.23945737229309,-1.89418051058118,-0.992072523667982,-0.643368408524893,-0.393765815876112,-0.193788368021948
0.471163245356794,0.000977517106549365,0,0,0.000863260058934828,0.265555201949825,0.639320343782782,0.0942611942084577,0,0,0,0,0,-0.00473741063460172,1.22281278969468,-1.91397848298209,-0.995725877016368,-0.644526940251203,-0.394180703256283,-0.193947425281904
0.472140762463343,0.000977517106549365,0,0,0.000778413178047987,0.261879607832723,0.641060970020351,0.0962810089688778,0,0,0,0,0,-0.00427178673405654,1.20621768428844,-1.93351554360233,-0.999083192362084,-0.645463966873661,-0.3944528353439,-0.194035123972573
0.473118279569892,0.000977517106549365,0,0,0.000699316348337863,0.25822116299106,0.642750047553512,0.0983294731070906,0,0,0,0,0,-0.00383771804484325,1.18967576555046,-1.95278649502786,-1.00214034945139,-0.646176552984526,-0.394580351379985,-0.194050538485385
0.474095796676442,0.000977517106549365,0,0,0.000625767813622816,0.254580472693381,0.644386971113718,0.100406788379278,0,0,0,0,0,-0.00343409736656426,1.17319074295682,-1.97178613984465,-1.00489322803053,-0.64666176317606,-0.394561390605564,-0.193992743211771
0.475073313782991,0.000977517106549365,0,0,0.000557565817721207,0.250958142208231,0.645971135432427,0.102513156541621,0,0,0,0,0,-0.00305981749882195,1.1567663259836,-1.99050928063866,-1.00733770784579,-0.646916662040523,-0.394394092261662,-0.193860812543162
0.476050830889541,0.000977517106549365,0,0,0.000494508604451397,0.247354776804156,0.647501935241091,0.104648779350302,0,0,0,0,0,-0.00271377124121871,1.14040622410688,-2.00895071999587,-1.0094696686434,-0.646938314170177,-0.394076595589303,-0.193653820870987
0.47702834799609,0.000977517106549365,0,0,0.000436394417631747,0.243770981749699,0.648978765271167,0.106813858561502,0,0,0,0,0,-0.00239485139335694,1.12411414680276,-2.02710526050224,-1.01128499016964,-0.646723784157282,-0.393607039829512,-0.193370842586678
0.478005865102639,0.000977517106549365,0,0,0.000383021501080618,0.240207362313406,0.65040102025411,0.109008595931403,0,0,0,0,0,-0.00210195075483902,1.10789380354731,-2.04496770474374,-1.01277955217076,-0.646270136594099,-0.392983564223312,-0.193010952081664
0.478983382209189,0.000977517106549365,0,0,0.000334188098616369,0.236664523763822,0.651768094921374,0.111233193216187,0,0,0,0,0,-0.00183396212526733,1.09174890381662,-2.06253285530633,-1.01394923439302,-0.64557443607289,-0.392204308011728,-0.192573223747377
0.479960899315738,0.000977517106549365,0,0,0.000289692454057364,0.233143071369492,0.653079384004415,0.113487852172035,0,0,0,0,0,-0.00158977830424428,1.07568315708678,-2.07979551477599,-1.01478991658269,-0.644633747185914,-0.391267410435785,-0.192056731975246
0.480938416422287,0.000977517106549365,0,0,0.000249332811221961,0.229643610398961,0.654334282234688,0.115772774555129,0,0,0,0,0,-0.00136829209137224,1.05970027283385,-2.09675048573867,-1.01529747848601,-0.643445134525434,-0.390171010736508,-0.191460551156702
0.481915933528837,0.000977517106549365,0,0,0.000212907413928522,0.226166746120773,0.655532184343648,0.118088162121651,0,0,0,0,0,-0.00116839628625361,1.04380396053394,-2.11339257078036,-1.01546779984925,-0.64200566268371,-0.38891324815492,-0.190783755683177
0.482893450635386,0.000977517106549365,0,0,0.000180214505995407,0.222713083803473,0.65667248506275,0.120434216627781,0,0,0,0,0,-0.000988983688490785,1.02799792966311,-2.12971657248701,-1.01529676041866,-0.640312396253002,-0.387492261932047,-0.190025419946099
0.483870967741935,0.000977517106549365,0,0,0.000151052331240978,0.219283228715607,0.657754579123449,0.122811139829703,0,0,0,0,0,-0.000828947097686142,1.01228588969747,-2.1457172934446,-1.01478023994052,-0.638362399825572,-0.385906191308912,-0.189184618336899
0.484848484848485,0.000977517106549365,0,0,0.000125219133483596,0.21587778612572,0.6587778612572,0.125219133483596,0,0,0,0,0,-0.000687179313442075,0.996671550113079,-2.16138953623908,-1.01391411816107,-0.636152737993681,-0.384153175526541,-0.188260425247009
0.485826001955034,0.000977517106549365,0,0,0.000102513156541621,0.212497361302356,0.659741726195459,0.127658399345644,0,0,0,0,0,-0.000562573135360974,0.981158620386034,-2.17672810345644,-1.01269427482657,-0.63368047534959,-0.382231353825957,-0.187251915067858
0.486803519061584,0.000977517106549365,0,0,8.27326442334134e-05,0.209142559514059,0.660645568669679,0.130129139172028,0,0,0,0,0,-0.000454021363045227,0.965750809992415,-2.19172779768263,-1.01111658968329,-0.630942676485559,-0.380138865448186,-0.186158162190877
0.487781036168133,0.000977517106549365,0,0,6.5675840377335e-05,0.205813986029376,0.661488783411318,0.132631554718929,0,0,0,0,0,-0.000360416796097225,0.950451828408305,-2.20638342150362,-1.00917694247748,-0.627936405993849,-0.377873849634251,-0.184978241007497
0.488758553274682,0.000977517106549365,0,0,5.11409887917462e-05,0.202512246116851,0.662270765151828,0.135165847742529,0,0,0,0,0,-0.000280652234119356,0.935265385109789,-2.22068977750538,-1.0068712129554,-0.624658728466722,-0.375434445625178,-0.183711225909147
0.489736070381232,0.000977517106549365,0,0,3.8926333295008e-05,0.199237945045029,0.662990908622667,0.137732219999009,0,0,0,0,0,-0.00021362047671401,0.92019518957295,-2.23464166827388,-1.00419528086331,-0.621106708496438,-0.372818792661991,-0.182356191287259
0.490713587487781,0.000977517106549365,0,0,2.8830117705481e-05,0.195991688082455,0.663648608555288,0.140330873244552,0,0,0,0,0,-0.000158214323483575,0.905244951273872,-2.24823389639509,-1.00114502594748,-0.617277410675259,-0.370025029985713,-0.180912211533262
0.49169110459433,0.000977517106549365,0,0,2.06505858415262e-05,0.192774080497673,0.664243259681146,0.142962009235339,0,0,0,0,0,-0.000113326574030443,0.890418379688637,-2.26146126445497,-0.99771632795415,-0.613167899595445,-0.367051296837371,-0.179378361038588
0.49266862170088,0.000977517106549365,0,0,1.41859815215044e-05,0.189585727559229,0.664774256731698,0.145625829727551,0,0,0,0,0,-7.78500279570006e-05,0.87571918429333,-2.27431857503949,-0.993905066629591,-0.608775239849257,-0.363895732457987,-0.177753714194667
0.493646138807429,0.000977517106549365,0,0,9.23454856377632e-06,0.186427234535668,0.665240994438397,0.148322536477371,0,0,0,0,0,-5.06774848656386e-05,0.861151074564035,-2.28680063073462,-0.989707121720058,-0.604096496028955,-0.360556476088587,-0.176037345392929
0.494623655913978,0.000977517106549365,0,0,5.5945307867029e-06,0.183299206695534,0.6656428675327,0.151052331240979,0,0,0,0,0,-3.0701744358746e-05,0.846717759976834,-2.29890223412632,-0.985118372971813,-0.599128732726802,-0.357031666970196,-0.174228329024804
0.495601173020528,0.000977517106549365,0,0,3.06417200864494e-06,0.180202249307373,0.665979270746061,0.153815415774558,0,0,0,0,0,-1.68156060387121e-05,0.832422950007811,-2.31061818780057,-0.980134700131113,-0.593869014535058,-0.353319444343837,-0.172325739481724
0.496578690127077,0.000977517106549365,0,0,1.44171604796326e-06,0.177136967639729,0.666249598809935,0.156611991834288,0,0,0,0,0,-7.91186950792628e-06,0.81827035413305,-2.32194329434332,-0.974751982944217,-0.588314406045983,-0.349417947450535,-0.170328651155119
0.497556207233627,0.000977517106549365,0,0,5.2540672301868e-07,0.174103966961147,0.666453246455777,0.159442261176353,0,0,0,0,0,-2.8833343687778e-06,0.804263681828635,-2.33287235634056,-0.968966101157385,-0.582461971851839,-0.345325315531315,-0.168236138436418
0.498533724340176,0.000977517106549365,0,0,1.13487852172035e-07,0.171103852540173,0.666589608415042,0.162306425556933,0,0,0,0,0,-6.22800223656005e-07,0.790406642570649,-2.34340017637823,-0.962772934516876,-0.576308776544887,-0.341039687827201,-0.166047275717053
0.499511241446725,0.000977517106549365,0,0,4.20325378414944e-09,0.16813722964535,0.666658079419186,0.16520468673221,0,0,0,0,0,-2.30666749502224e-08,0.776702945835175,-2.35352155704232,-0.956168362768948,-0.569851884717387,-0.336559203579217,-0.163761137388455
0.500488758553275,0.000977517106549365,0,0,0,0.16520468673221,0.666658079419186,0.168137229645351,4.20325378414944e-09,0,0,0,0,0,0.76315620440079,-2.36323147816249,-0.949148451100859,-0.563088521946617,-0.331882110836222,-0.161376852984013
0.501466275659824,0.000977517106549365,0,0,0,0.162306425556933,0.666589608415042,0.171103852540173,1.13487852172035e-07,0,0,0,0,0,0.749767807003373,-2.37252899617344,-0.941713529842816,-0.556019616465223,-0.32700916022724,-0.15889482030221
0.502443792766373,0.000977517106549365,0,0,0,0.159442261176353,0.666453246455777,0.174103966961148,5.2540672301868e-07,0,0,0,0,0,0.736536918336113,-2.38141724411493,-0.933868194467976,-0.548649799161222,-0.321943604961466,-0.156316705406618
0.503421309872923,0.000977517106549365,0,0,0,0.156611991834288,0.666249598809935,0.177136967639729,1.44171604796326e-06,0,0,0,0,0,0.72346260639469,-2.38989953227039,-0.925617225890495,-0.540983861907647,-0.316688807055924,-0.153644229502769
0.504398826979472,0.000977517106549365,0,0,0,0.153815415774558,0.665979270746061,0.180202249307373,3.06417200864494e-06,0,0,0,0,0,0.710543939174784,-2.39797917092327,-0.916965405024528,-0.533026596577531,-0.311248128527642,-0.150879113796198
0.505376344086022,0.000977517106549365,0,0,0,0.151052331240979,0.6656428675327,0.183299206695535,5.5945307867029e-06,0,0,0,0,0,0.697779984672073,-2.40565947035701,-0.90791751278423,-0.524782795043907,-0.305624931393645,-0.148023079492437
0.506353861192571,0.000977517106549365,0,0,0,0.14832253647737,0.665240994438398,0.186427234535668,9.23454856377632e-06,0,0,0,0,0,0.685169810882238,-2.41294374085507,-0.898478330083756,-0.516257249179806,-0.29982257767096,-0.145077847797017
0.50733137829912,0.000977517106549365,0,0,0,0.145625829727551,0.664774256731698,0.18958572755923,1.41859815215044e-05,0,0,0,0,0,0.672712485800958,-2.41983529270088,-0.888652637837262,-0.507454750858263,-0.293844429376613,-0.142045139915474
0.50830889540567,0.000977517106549365,0,0,0,0.142962009235339,0.664243259681147,0.192774080497673,2.06505858415262e-05,0,0,0,0,0,0.660407077423912,-2.4263374361779,-0.878445216958903,-0.49838009195231,-0.28769384852763,-0.138926677053339
0.509286412512219,0.000977517106549365,0,0,0,0.140330873244552,0.663648608555288,0.195991688082455,2.8830117705481e-05,0,0,0,0,0,0.64825265374678,-2.43245348156956,-0.867860848362835,-0.48903806433498,-0.281374197141038,-0.135724180416145
0.510263929618768,0.000977517106549365,0,0,0,0.137732219999009,0.662990908622667,0.199237945045029,3.8926333295008e-05,0,0,0,0,0,0.636248282765242,-2.43818673915931,-0.856904312963212,-0.479433459879305,-0.274888837233863,-0.132439371209425
0.511241446725318,0.000977517106549365,0,0,0,0.135165847742529,0.662270765151828,0.202512246116851,5.11409887917462e-05,0,0,0,0,0,0.624393032474977,-2.4435405192306,-0.84558039167419,-0.469571070458318,-0.268241130823131,-0.129073970638712
0.512218963831867,0.000977517106549365,0,0,0,0.132631554718929,0.661488783411318,0.205813986029376,6.5675840377335e-05,0,0,0,0,0,0.612685970871664,-2.44851813206687,-0.833893865409924,-0.459455687945053,-0.261434439925868,-0.125629699909539
0.513196480938416,0.000977517106549365,0,0,0,0.130129139172028,0.66064556866968,0.209142559514059,8.27326442334134e-05,0,0,0,0,0,0.601126165950984,-2.45312288795157,-0.821849515084571,-0.449092104212542,-0.254472126559101,-0.122108280227439
0.514173998044966,0.000977517106549365,0,0,0,0.127658399345644,0.659741726195459,0.212497361302356,0.000102513156541621,0,0,0,0,0,0.589712685708616,-2.45735809716814,-0.809452121612284,-0.438485111133817,-0.247357552739856,-0.118511432797945
0.515151515151515,0.000977517106549365,0,0,0,0.125219133483596,0.6587778612572,0.21587778612572,0.000125219133483596,0,0,0,0,0,0.578444598140238,-2.46122707000002,-0.796706465907218,-0.427639500581912,-0.240094080485159,-0.114840878826588
0.516129032258065,0.000977517106549365,0,0,0,0.122811139829702,0.657754579123449,0.219283228715608,0.000151052331240978,0,0,0,0,0,0.567320971241532,-2.46473311673067,-0.78361732888353,-0.416560064429859,-0.232685071812037,-0.111098339518904
0.517106549364614,0.000977517106549365,0,0,0,0.120434216627781,0.65667248506275,0.222713083803474,0.000180214505995407,0,0,0,0,0,0.556340873008176,-2.46787954764352,-0.770189491455375,-0.405251594550691,-0.225133888737515,-0.107285536080423
0.518084066471163,0.000977517106549365,0,0,0,0.11808816212165,0.655532184343648,0.226166746120773,0.000212907413928522,0,0,0,0,0,0.54550337143585,-2.47066967302203,-0.756427734536908,-0.393718882817442,-0.21744389327862,-0.10340418971668
0.519061583577713,0.000977517106549365,0,0,0,0.115772774555129,0.654334282234688,0.229643610398961,0.000249332811221961,0,0,0,0,0,0.534807534520233,-2.47310680314963,-0.742336839042285,-0.381966721103143,-0.209618447452379,-0.0994560216332067
0.520039100684262,0.000977517106549365,0,0,0,0.113487852172035,0.653079384004415,0.233143071369492,0.000289692454057364,0,0,0,0,0,0.524252430257005,-2.47519424830977,-0.727921585885659,-0.369999901280828,-0.201660913275817,-0.0954427530355362
0.521016617790811,0.000977517106549365,0,0,0,0.111233193216187,0.651768094921374,0.236664523763822,0.00033418809861637,0,0,0,0,0,0.513837126641846,-2.4769353187859,-0.713186755981188,-0.357823215223529,-0.193574652765961,-0.0913661051292017
0.521994134897361,0.000977517106549365,0,0,0,0.109008595931403,0.65040102025411,0.240207362313406,0.000383021501080618,0,0,0,0,0,0.503560691670434,-2.47833332486147,-0.698137130243025,-0.345441454804279,-0.185363027939837,-0.0872277991197357
0.52297165200391,0.000977517106549365,0,0,0,0.106813858561502,0.648978765271167,0.243770981749699,0.000436394417631747,0,0,0,0,0,0.493422193338451,-2.47939157681991,-0.682777489585328,-0.332859411896111,-0.177029400814472,-0.0830295562126714
0.523949169110459,0.000977517106549365,0,0,0,0.104648779350302,0.647501935241091,0.247354776804156,0.000494508604451398,0,0,0,0,0,0.483420699641575,-2.48011338494467,-0.66711261492225,-0.320081878372059,-0.168577133406891,-0.0787730976135415
0.524926686217009,0.000977517106549365,0,0,0,0.102513156541621,0.645971135432427,0.250958142208231,0.000557565817721207,0,0,0,0,0,0.473555278575485,-2.48050205951919,-0.651147287167947,-0.307113646105154,-0.160009587734121,-0.0744601445278789
0.525904203323558,0.000977517106549365,0,0,0,0.100406788379278,0.644386971113719,0.254580472693381,0.000625767813622816,0,0,0,0,0,0.463824998135862,-2.48056091082693,-0.634886287236574,-0.293959506968428,-0.151330125813188,-0.0700924181612164
0.526881720430108,0.000977517106549365,0,0,0,0.0983294731070905,0.642750047553512,0.25822116299106,0.000699316348337863,0,0,0,0,0,0.454228926318384,-2.48029324915133,-0.618334396042287,-0.280624252834917,-0.142542109661119,-0.0656716397190871
0.527859237536657,0.000977517106549365,0,0,0,0.0962810089688777,0.641060970020351,0.261879607832723,0.000778413178047987,0,0,0,0,0,0.444766131118732,-2.47970238477583,-0.601496394499241,-0.267112675577651,-0.133648901294939,-0.0611995304070236
0.528836754643206,0.000977517106549365,0,0,0,0.0942611942084577,0.639320343782782,0.265555201949826,0.000863260058934828,0,0,0,0,0,0.435435680532584,-2.47879162798387,-0.58437706352159,-0.253429567069664,-0.124653862731675,-0.0566778114305589
0.529814271749756,0.000977517106549365,0,0,0,0.0922698270696488,0.637528774109349,0.269247340073822,0.000954058747180024,0,0,0,0,0,0.426236642555621,-2.47756428905891,-0.566981184023492,-0.239579719183989,-0.115560355988354,-0.052108203995226
0.530791788856305,0.000977517106549365,0,0,0,0.0903067057962693,0.635686866268597,0.272955416936169,0.00105101099896522,0,0,0,0,0,0.417168085183522,-2.47602367828438,-0.5493135369191,-0.225567923793658,-0.106371743082001,-0.0474924293065577
0.531769305962854,0.000977517106549365,0,0,0,0.0883716286321377,0.633795225529071,0.27667882726832,0.00115431857047204,0,0,0,0,0,0.408229076411967,-2.47417310594374,-0.53137890312257,-0.211398972771704,-0.097091386029642,-0.0428322085700867
0.532746823069404,0.000977517106549365,0,0,0,0.0864643938210724,0.631854457159315,0.28041696580173,0.00126418321788214,0,0,0,0,0,0.399418684236634,-2.47201588232042,-0.513182063548058,-0.197077657991161,-0.087722646848305,-0.0381292629913462
0.533724340175953,0.000977517106549365,0,0,0,0.0845847996068916,0.629865166427876,0.284169227267856,0.00138080669737715,0,0,0,0,0,0.390735976653204,-2.46955531769788,-0.494727799109718,-0.18260877132506,-0.078268887555015,-0.0333853137758689
0.534701857282502,0.000977517106549365,0,0,0,0.0827326442334137,0.627827958603297,0.287935006398151,0.00150439076513871,0,0,0,0,0,0.382180021657357,-2.46679472235955,-0.476020890721706,-0.167997104646434,-0.0687334701667985,-0.0286020821291876
0.535679374389052,0.000977517106549365,0,0,0,0.080907725944457,0.625743438954124,0.291713697924071,0.00163513717734846,0,0,0,0,0,0.373749887244771,-2.46373740658888,-0.457066119298178,-0.153247449828318,-0.059119756700682,-0.0237812892568354
0.536656891495601,0.000977517106549365,0,0,0,0.0791098429838401,0.623612212748901,0.295504696577071,0.00177324769018805,0,0,0,0,0,0.365444641411126,-2.46038668066933,-0.437868265753288,-0.138364598743743,-0.0494311091736918,-0.0189246563643451
0.53763440860215,0.000977517106549365,0,0,0,0.0773387935953812,0.621434885256174,0.299307397088606,0.0019189240598391,0,0,0,0,0,0.357263352152102,-2.45674585488432,-0.418432111001191,-0.12335334326574,-0.0396708896028533,-0.0140339046572491
0.5386119257087,0.000977517106549365,0,0,0,0.0755943760228986,0.619212061744487,0.303121194190131,0.00207236804248326,0,0,0,0,0,0.349205087463378,-2.45281823951731,-0.398762435956044,-0.108218475267346,-0.029842460005194,-0.00911075534108112
0.539589442815249,0.000977517106549365,0,0,0,0.0738763885102108,0.616944347482385,0.306945482613102,0.00223378139430216,0,0,0,0,0,0.341268915340634,-2.44860714485175,-0.378864021532001,-0.0929647866215909,-0.0199491823977397,-0.00415692962137365
0.540566959921799,0.000977517106549365,0,0,0,0.072184629301136,0.614632347738414,0.310779657088973,0.00240336587147746,0,0,0,0,0,0.33345390377955,-2.44411588117107,-0.358741648643218,-0.077597069201508,-0.00999441879751612,0.000825851296340676
0.541544477028348,0.000977517106549365,0,0,0,0.0705188966394927,0.612276667781118,0.314623112349199,0.00258132323019078,0,0,0,0,0,0.325759120775804,-2.43934775875872,-0.33840009820385,-0.062120114880131,1.84687784494752e-05,0.00583586620652849
0.542521994134897,0.000977517106549365,0,0,0,0.0688789887690993,0.609877912879041,0.318475243125236,0.00276785522662376,0,0,0,0,0,0.318183634325077,-2.43430608789815,-0.317844151128052,-0.0465387155304913,0.0100861183131318,0.0108713939036574
0.543499511241447,0.000977517106549365,0,0,0,0.067264703933774,0.60743668830073,0.322335444148538,0.00296316361695805,0,0,0,0,0,0.310726512423048,-2.4289941788728,-0.297078588329979,-0.0308576630256229,0.020205167789504,0.0159307131821942
0.544477028347996,0.000977517106549365,0,0,0,0.0656758403773352,0.604953599314729,0.326203110150561,0.00316745015737528,0,0,0,0,0,0.303386823065396,-2.42341534196612,-0.276108190723788,-0.015081749238558,0.0303722551905399,0.0210121028366061
0.545454545454545,0.000977517106549365,0,0,0,0.0641121963436013,0.602429251189582,0.33007763586276,0.00338091660405709,0,0,0,0,0,0.296163634247802,-2.41757288746156,-0.254937739223632,0.000784233957670578,0.0405840184992134,0.0261138416613603
0.546432062561095,0.000977517106549365,0,0,0,0.0625735700763907,0.599864249193835,0.333958416016589,0.00360376471318513,0,0,0,0,0,0.289056013965944,-2.41147012564255,-0.233572014743668,0.0167354946900296,0.0508370956984979,0.0312342084509238
0.547409579667644,0.000977517106549365,0,0,0,0.0610597598195217,0.597259198596033,0.337844845343505,0.00383619624094102,0,0,0,0,0,0.282063030215503,-2.40511036679254,-0.212015798198051,0.0327672410854869,0.0611281247713676,0.0363714819997638
0.548387096774194,0.000977517106549365,0,0,0,0.0595705638168127,0.59461470466472,0.341736318574961,0.00407841294350642,0,0,0,0,0,0.275183750992157,-2.39849692119498,-0.190273870500936,0.0488746812710086,0.0714537437007955,0.0415239411023473
0.549364613880743,0.000977517106549365,0,0,0,0.058105780312082,0.591931372668442,0.345632230442413,0.00433061657706295,0,0,0,0,0,0.268417244291587,-2.39163309913331,-0.168351012566478,0.0650530233735634,0.0818105904697563,0.0466898645531416
0.550342130987292,0.000977517106549365,0,0,0,0.0566652075491481,0.589209807875743,0.349531975677317,0.00459300889779227,0,0,0,0,0,0.261762578109471,-2.38452221089098,-0.146252005308833,0.0812974755201173,0.0921953030612229,0.0518675311466136
0.551319648093842,0.000977517106549365,0,0,0,0.0552486437718292,0.586450615555168,0.353434949011127,0.004865791661876,0,0,0,0,0,0.25521882044149,-2.37716756675144,-0.123981629642155,0.0976032458376383,0.10260451945817,0.0570552196772308
0.552297165200391,0.000977517106549365,0,0,0,0.0538558872239437,0.583654400975263,0.357340545175298,0.00514916662549578,0,0,0,0,0,0.248785039283322,-2.36957247699812,-0.101544666480601,0.113965542453093,0.11303487764357,0.0622512089394599
0.55327468230694,0.000977517106549365,0,0,0,0.05248673614931,0.580821769404572,0.361248158901286,0.00544333554483327,0,0,0,0,0,0.242460302630648,-2.36174025191447,-0.0789458967383247,0.130379573493449,0.123483015600397,0.0674537777277683
0.55425219941349,0.000977517106549365,0,0,0,0.0511409887917464,0.577953326111639,0.365157184920544,0.00574850017607008,0,0,0,0,0,0.236243678479148,-2.35367420178394,-0.0561901013294828,0.146840547085673,0.133945571311626,0.0726612048366228
0.555229716520039,0.000977517106549365,0,0,0,0.0498184433950713,0.575049676365011,0.36906701796453,0.00606486227538788,0,0,0,0,0,0.230134234824499,-2.34537763688997,-0.0332820611682292,0.163343671356733,0.14441918276023,0.077871769060491
0.556207233626588,0.000977517106549365,0,0,0,0.0485188982031032,0.572111425433231,0.372977052764697,0.00639262359896828,0,0,0,0,0,0.224131039662383,-2.33685386751602,-0.0102265571687207,0.179884154433595,0.154900487929181,0.0830837491938396
0.557184750733138,0.000977517106549365,0,0,0,0.0472421514596602,0.569139178584846,0.376886684052501,0.00673198590299294,0,0,0,0,0,0.218233160988478,-2.32810620394551,0.0129716297548882,0.196457204443227,0.165386124801456,0.0882954240311359
0.558162267839687,0.000977517106549365,0,0,0,0.0459880014085608,0.566133541088399,0.380795306559397,0.00708315094364349,0,0,0,0,0,0.212439666798465,-2.3191379564619,0.0363077186884423,0.213058029512597,0.175872731360026,0.093505072366847
0.559139784946237,0.000977517106549365,0,0,0,0.0447562462936234,0.563095118212436,0.384702315016839,0.00744632047710157,0,0,0,0,0,0.206749625088022,-2.30995243534864,0.0597769287177867,0.229681837768671,0.186356945587866,0.0987109729954402
0.560117302052786,0.000977517106549365,0,0,0,0.0435466843586663,0.560024515225501,0.388607104156284,0.00782169625954882,0,0,0,0,0,0.201162103852829,-2.30055295088916,0.0833744789287649,0.246323837338416,0.196835405467949,0.103911404711382
0.561094819159335,0.000977517106549365,0,0,0,0.0423591138475078,0.55692233739614,0.392509068709186,0.00820948004716688,0,0,0,0,0,0.195676171088567,-2.29094281336692,0.107095588407222,0.2629792363488,0.20730474898325,0.10910464630914
0.562072336265885,0.000977517106549365,0,0,0,0.0411933330039664,0.553789189992897,0.396407603406999,0.00860987359613738,0,0,0,0,0,0.190290894790913,-2.28112533306535,0.130935476239004,0.279643242926789,0.217761614116741,0.114288976583182
0.563049853372434,0.000977517106549365,0,0,0,0.0400491400718604,0.550625678284318,0.40030210298118,0.00902307866264198,0,0,0,0,0,0.185005342955549,-2.27110382026791,0.154889361509954,0.296311065199352,0.228202638851397,0.119462674327974
0.564027370478983,0.000977517106549365,0,0,0,0.038926333295008,0.547432407538946,0.404191962163184,0.00944929700286235,0,0,0,0,0,0.179818583578152,-2.26088158525803,0.17895246330592,0.312977911293457,0.238624461170193,0.124624018337984
0.565004887585533,0.000977517106549365,0,0,0,0.0378247109172278,0.544209983025328,0.408076575684465,0.00988873037298004,0,0,0,0,0,0.174729684654404,-2.25046193831917,0.203120000712742,0.329638989336068,0.2490237190561,0.129771287407678
0.565982404692082,0.000977517106549365,0,0,0,0.0367440711823381,0.540959010012008,0.411955338276478,0.0103415805291767,0,0,0,0,0,0.169737714179984,-2.23984818973477,0.227387192816267,0.346289507454154,0.259397050492092,0.134902760331524
0.566959921798632,0.000977517106549365,0,0,0,0.0356842123341573,0.53768009376753,0.415827644670678,0.0108080492276341,0,0,0,0,0,0.16484174015057,-2.22904364978827,0.251749258702338,0.36292467377468,0.269741093461144,0.140016715903988
0.567937438905181,0.000977517106549365,0,0,0,0.0346449326165036,0.534373839560441,0.419692889598522,0.0112883382245337,0,0,0,0,0,0.160040830561843,-2.21805162876311,0.276201417456802,0.379539696424617,0.280052485946229,0.145111432919539
0.56891495601173,0.000977517106549365,0,0,0,0.0336260302731955,0.531040852659285,0.423550467791463,0.0117826492760572,0,0,0,0,0,0.155334053409483,-2.20687543694275,0.300738888165503,0.39612978353093,0.290327865930322,0.150185190172643
0.56989247311828,0.000977517106549365,0,0,0,0.0326273035480514,0.527681738332606,0.427399773980957,0.0122911841383863,0,0,0,0,0,0.150720476689168,-2.19551838461063,0.325356889914286,0.412690143220586,0.300563871396395,0.155236266457767
0.570869990224829,0.000977517106549365,0,0,0,0.0316485506848894,0.52429710184895,0.431240202898458,0.0128141445677026,0,0,0,0,0,0.146199168396578,-2.1839837820502,0.350050641788994,0.429215983620552,0.310757140327422,0.160262940569379
0.571847507331378,0.000977517106549365,0,0,0,0.0306895699275282,0.520887548476861,0.435071149275423,0.0133517323201878,0,0,0,0,0,0.141769196527393,-2.17227493954489,0.374815362875474,0.445702512857797,0.320904310706378,0.165263491301945
0.572825024437928,0.000977517106549365,0,0,0,0.0297501595197859,0.517453683484885,0.438892007843306,0.0139041491520234,0,0,0,0,0,0.137429629077292,-2.16039516737815,0.39964627225957,0.462144939059287,0.331002020516236,0.170236197449932
0.573802541544477,0.000977517106549365,0,0,0,0.028830117705481,0.513996112141567,0.442702173333561,0.0144715968193912,0,0,0,0,0,0.133179534041955,-2.14834777583343,0.424538589027125,0.478538470351988,0.34104690773997,0.175179337807808
0.574780058651026,0.000977517106549365,0,0,0,0.0279292427284318,0.51051543971545,0.446501040477645,0.0150542770784727,0,0,0,0,0,0.129017979417062,-2.13613607519418,0.449487532263986,0.49487831486287,0.351035610360553,0.18009119117004
0.575757575757576,0.000977517106549365,0,0,0,0.0270473328324567,0.507012271475081,0.450288004007013,0.0156523916854496,0,0,0,0,0,0.124944033198291,-2.12376337574383,0.474488321055997,0.511159680718898,0.360964766360959,0.184970036331096
0.576735092864125,0.000977517106549365,0,0,0,0.0261841862613741,0.503487212689004,0.454062458653118,0.0162661423965035,0,0,0,0,0,0.120956763381323,-2.11123298776584,0.499536174489003,0.52737777604704,0.370831013724162,0.189814152085441
0.577712609970675,0.000977517106549365,0,0,0,0.0253396012590022,0.499940868625764,0.457823799147417,0.0168957309678161,0,0,0,0,0,0.117055237961837,-2.09854822154364,0.524626311648847,0.543527808974263,0.380630990433135,0.194621817227543
0.578690127077224,0.000977517106549365,0,0,0,0.0245133760691595,0.496373844553907,0.461571420221365,0.017541359155569,0,0,0,0,0,0.113238524935513,-2.08571238736069,0.549753951621376,0.559604987627534,0.390361334470853,0.19939131055187
0.579667644183773,0.000977517106549365,0,0,0,0.0237053089356644,0.492786745741976,0.465304716606416,0.0182032287159439,0,0,0,0,0,0.10950569229803,-2.07272879550043,0.574914313492433,0.575604520133821,0.40001868382029,0.204120910852888
0.580645161290323,0.000977517106549365,0,0,0,0.0229151981023351,0.489180177458516,0.469023083034026,0.0188815414051224,0,0,0,0,0,0.105855808045067,-2.0596007562463,0.600102616347864,0.59152161462009,0.409599676464417,0.208808896925065
0.581622678396872,0.000977517106549365,0,0,0,0.0221428418129901,0.485554744972074,0.47272591423565,0.0195764989792861,0,0,0,0,0,0.102287940172304,-2.04633157988175,0.625314079273513,0.607351479213309,0.419100950386211,0.213453547562867
0.582600195503421,0.000977517106549365,0,0,0,0.0213880383114477,0.481911053551193,0.476412604942743,0.0202883031946167,0,0,0,0,0,0.0988011566754218,-2.03292457669022,0.650543921355224,0.623089322040445,0.428519143568644,0.218053141560762
0.583577712609971,0.000977517106549365,0,0,0,0.0206505858415262,0.478249708464419,0.480082549886759,0.0210171558072957,0,0,0,0,0,0.0953945255500985,-2.01938305695516,0.675787361678843,0.638730351228465,0.43785089399469,0.222605957713218
0.58455522971652,0.000977517106549365,0,0,0,0.0199302826470441,0.474571314980296,0.483735143799155,0.021763258573505,0,0,0,0,0,0.092067114792014,-2.00571033096002,0.701039619330214,0.654269774904337,0.447092839647322,0.2271102748147
0.58553274682307,0.000977517106549365,0,0,0,0.0192269269718197,0.47087647836737,0.487369781411384,0.022526813249426,0,0,0,0,0,0.0888179923968478,-1.99190970898823,0.726295913395183,0.669702801195028,0.456241618509515,0.231564371659676
0.586510263929619,0.000977517106549365,0,0,0,0.0185403170596713,0.467165803894185,0.490985857454903,0.0233080215912404,0,0,0,0,0,0.0856462263602796,-1.97798450132325,0.751551462959592,0.685024638227504,0.465293868564242,0.235966527042614
0.587487781036168,0.000977517106549365,0,0,0,0.0178702511544173,0.463439896829286,0.494582766661167,0.02410708535513,0,0,0,0,0,0.0825508846779889,-1.96393801824851,0.776801487109289,0.700230494128733,0.474246227794477,0.24031501975798
0.588465298142718,0.000977517106549365,0,0,0,0.0172165274998761,0.459699362441219,0.498159903761629,0.0249242062972762,0,0,0,0,0,0.0795310353456551,-1.94977357004747,0.802041204930116,0.715315577025682,0.483095334183194,0.244608128600242
0.589442815249267,0.000977517106549365,0,0,0,0.016578944339866,0.455944805998527,0.501716663487746,0.0257595861738607,0,0,0,0,0,0.0765857463589579,-1.93549446700357,0.827265835507919,0.730275095045319,0.491837825713366,0.248844132363866
0.590420332355816,0.000977517106549365,0,0,0,0.0159572999182055,0.452176832769757,0.505252440570973,0.0266134267410653,0,0,0,0,0,0.0737140857135768,-1.92110401940026,0.852470597928542,0.74510425631461,0.500470340367968,0.25302130984332
0.591397849462366,0.000977517106549365,0,0,0,0.0153513924787128,0.448396048023452,0.508766629742764,0.0274859297550715,0,0,0,0,0,0.0709151214051913,-1.90660553752097,0.877650711277831,0.759798268960524,0.508989516129972,0.257137939833071
0.592375366568915,0.000977517106549365,0,0,0,0.0147610202652063,0.444603057028158,0.512258625734574,0.0283772969720609,0,0,0,0,0,0.068187921429481,-1.89200233164915,0.902801394641629,0.774352341110026,0.517391990982353,0.261192301127586
0.593352883675464,0.000977517106549365,0,0,0,0.0141859815215044,0.44079846505242,0.51572782327786,0.0292877301482153,0,0,0,0,0,0.0655315537821255,-1.87729771206826,0.927917867105782,0.788761680890084,0.525674402908084,0.265182672521332
0.594330400782014,0.000977517106549365,0,0,0,0.0136260744914254,0.436982877364783,0.519173617104076,0.0302174310397161,0,0,0,0,0,0.0629450864588042,-1.86249498906172,0.952995347756135,0.803021496427666,0.533833389890139,0.269107332808776
0.595307917888563,0.000977517106549365,0,0,0,0.0130810974187877,0.433156899233791,0.522595401944676,0.0311666014027452,0,0,0,0,0,0.0604275874551967,-1.847597472913,0.978029055678531,0.817126995849739,0.541865589911492,0.272964560784386
0.596285434995112,0.000977517106549365,0,0,0,0.0125508485474097,0.42932113592799,0.525992572531116,0.0321354429934841,0,0,0,0,0,0.0579781247669826,-1.83260847390553,1.00301420995882,0.831073387283269,0.549767640955116,0.276752635242629
0.597262952101662,0.000977517106549365,0,0,0,0.0120351261211097,0.425476192715924,0.529364523594852,0.0331241575681144,0,0,0,0,0,0.0555957663898413,-1.81753130232276,1.02794602968284,0.844855878855224,0.557536181003986,0.28046983497797
0.598240469208211,0.000977517106549365,0,0,0,0.0115337283837061,0.421622674866139,0.532710649867338,0.0341329468828179,0,0,0,0,0,0.0532795803194525,-1.80236926844814,1.05281973393643,0.858469678692572,0.565167848041075,0.284114438784879
0.59921798631476,0.000977517106549365,0,0,0,0.0110464535790172,0.417761187647179,0.536030346080029,0.035162012693776,0,0,0,0,0,0.0510286345514957,-1.7871256825651,1.07763054180545,0.871909994922279,0.572659280049357,0.287684725457822
0.60019550342131,0.000977517106549365,0,0,0,0.0105730999508614,0.413892336327588,0.53932300696438,0.0362115567571706,0,0,0,0,0,0.0488419970816504,-1.7718038549571,1.10237367237574,0.885172035671312,0.580007115011805,0.291178973791265
0.601173020527859,0.000977517106549365,0,0,0,0.0101134657430571,0.410016726175913,0.542588027251847,0.0372817808291831,0,0,0,0,0,0.0467187359055962,-1.75640709590757,1.12704434473314,0.898251009066639,0.587207990911393,0.294595462579677
0.602150537634409,0.000977517106549365,0,0,0,0.00966734919942262,0.406134962460698,0.545824801673884,0.0383728866659954,0,0,0,0,0,0.0446579190190126,-1.74093871569997,1.15163777796349,0.911142123235227,0.594258545731095,0.297932470617523
0.603128054740958,0.000977517106549365,0,0,0,0.00923454856377632,0.402247650450488,0.549032724961947,0.0394850760237889,0,0,0,0,0,0.0426586144175792,-1.72540202461774,1.17614919115265,0.923840586304043,0.601155417453885,0.301188276699273
0.604105571847507,0.000977517106549365,0,0,0,0.00881486207993657,0.398355395413828,0.55221119184749,0.0406185506587453,0,0,0,0,0,0.0407198900969754,-1.70980033294433,1.20057380338646,0.936341606400055,0.607895244062736,0.304361159619391
0.605083088954057,0.000977517106549365,0,0,0,0.00840808799172172,0.394458802619263,0.555359597061969,0.0417735123270463,0,0,0,0,0,0.0388408140528809,-1.69413695096317,1.22490683375075,0.948640391650229,0.614474663540622,0.307449398172346
0.606060606060606,0.000977517106549365,0,0,0,0.00801402454295014,0.390558477335337,0.55847733533684,0.0429501627848736,0,0,0,0,0,0.0370204542809752,-1.67841518895772,1.24914350133138,0.960732150181533,0.620890313870517,0.310451271152605
0.607038123167155,0.000977517106549365,0,0,0,0.0076324699774402,0.386655024830596,0.561563801403556,0.0441487037884086,0,0,0,0,0,0.0352578787769378,-1.66263835721141,1.2732790252142,0.972612090120934,0.627138833035395,0.313365057354635
0.608015640273705,0.000977517106549365,0,0,0,0.00726322253901023,0.382749050373584,0.564618389993573,0.0453693370938332,0,0,0,0,0,0.0335521555364482,-1.64680976600771,1.29730862448503,0.984275419595399,0.633216859018228,0.316189035572903
0.608993157380254,0.000977517106549365,0,0,0,0.00690608047147863,0.378841159232847,0.567640495838346,0.0466122644573289,0,0,0,0,0,0.0319023525551861,-1.63093272563004,1.32122751822974,0.995717346731895,0.639121029801993,0.318921484601875
0.609970674486804,0.000977517106549365,0,0,0,0.00656084201866373,0.374931956676929,0.57062951366933,0.0478776876350774,0,0,0,0,0,0.030307537828831,-1.61501054636185,1.34503092553416,1.00693307965739,0.64484798336966,0.32156068323602
0.610948191593353,0.000977517106549365,0,0,0,0.0062273054243839,0.371022047974375,0.573584838217981,0.0491658083832602,0,0,0,0,0,0.0287667793530623,-1.5990465384866,1.36871406548414,1.01791782649885,0.650394357704205,0.324104910269805
0.611925708699902,0.000977517106549365,0,0,0,0.00590526893245751,0.367112038393731,0.576505864215753,0.0504768284580591,0,0,0,0,0,0.0272791451235597,-1.58304401228771,1.39227215716553,1.02866679538324,0.655756790788602,0.326552444497695
0.612903225806452,0.000977517106549365,0,0,0,0.00559453078670291,0.36320253320354,0.579391986394101,0.0518109496156558,0,0,0,0,0,0.0258437031360027,-1.56700627804865,1.41570041966416,1.03917519443754,0.660931920605824,0.328901564714159
0.613880742913001,0.000977517106549365,0,0,0,0.00529488923093846,0.359294137672349,0.582242599484481,0.0531683736122317,0,0,0,0,0,0.0244595213860708,-1.55093664605286,1.43899407206589,1.0494382317887,0.665916385138843,0.331150549713664
0.61485826001955,0.000977517106549365,0,0,0,0.00500614250898253,0.355387457068701,0.585057098218348,0.0545493022039686,0,0,0,0,0,0.0231256678694435,-1.53483842658377,1.46214833345655,1.0594511155637,0.670706822370636,0.333297678290677
0.6158357771261,0.000977517106549365,0,0,0,0.00472808886465348,0.351483096661143,0.587834877327156,0.0559539371470481,0,0,0,0,0,0.0218412105818005,-1.51871492992483,1.485158422922,1.06920905388949,0.675299870284175,0.335341229239665
0.616813294232649,0.000977517106549365,0,0,0,0.00446052654176966,0.347581661718218,0.590575331542361,0.0573824801976518,0,0,0,0,0,0.0206052175188213,-1.5025694663595,1.50801955954808,1.07870725489306,0.679692166862434,0.337279481355094
0.617790811339198,0.000977517106549365,0,0,0,0.00420325378414944,0.343683757508472,0.593277855595417,0.0588351331119614,0,0,0,0,0,0.0194167566761853,-1.48640534617121,1.53072696242063,1.08794092670136,0.683880350088386,0.339110713431433
0.618768328445748,0.000977517106549365,0,0,0,0.00395606883561118,0.339789989300449,0.595941844217781,0.0603120976461586,0,0,0,0,0,0.0182748960495722,-1.47022587964341,1.55327585062549,1.09690527744137,0.687861057945005,0.340833204263148
0.619745845552297,0.000977517106549365,0,0,0,0.00371876993997324,0.335900962362695,0.598566692140907,0.0618135755564249,0,0,0,0,0,0.0171787036346615,-1.45403437705955,1.57566144324852,1.10559551524004,0.691630928415266,0.342445232644706
0.620723362658847,0.000977517106549365,0,0,0,0.00349115534105398,0.332017281963755,0.601151794096249,0.0633397685989419,0,0,0,0,0,0.0161272474271327,-1.43783414870306,1.59787895937555,1.11400684822436,0.695186599482142,0.343945077370576
0.621700879765396,0.000977517106549365,0,0,0,0.00327302328267176,0.328139553372173,0.603696544815264,0.0648908785298915,0,0,0,0,0,0.0151195954226654,-1.4216285048574,1.61992361809244,1.12213448452128,0.698524709128606,0.345331017235222
0.622678396871945,0.000977517106549365,0,0,0,0.00306417200864494,0.324268381856494,0.606200339029406,0.0664671071054551,0,0,0,0,0,0.0141548156169391,-1.40542075580601,1.64179063848502,1.12997363225777,0.701641895337632,0.346601331033113
0.623655913978495,0.000977517106549365,0,0,0,0.00286439976279189,0.320404372685263,0.608662571470131,0.0680686560818144,0,0,0,0,0,0.0132319760056334,-1.38921421183234,1.66347523963914,1.1375194995608,0.704534796092195,0.347754297558717
0.624633431085044,0.000977517106549365,0,0,0,0.00267350478893096,0.316548131127025,0.611082636868893,0.0696957272151511,0,0,0,0,0,0.0123501445844277,-1.37301218321982,1.68497264064065,1.14476729455733,0.707200049375267,0.348788195606499
0.625610948191593,0.000977517106549365,0,0,0,0.00249128533088051,0.312700262450326,0.613459929957147,0.0713485222616468,0,0,0,0,0,0.0115083893490017,-1.35681798025191,1.70627806057538,1.15171222537434,0.709634293169823,0.349701303970927
0.626588465298143,0.000977517106549365,0,0,0,0.00231753963245891,0.308861371923709,0.615793845466349,0.0730272429774831,0,0,0,0,0,0.010705778295035,-1.34063491321205,1.72738671852919,1.1583495001388,0.711834165458835,0.350491901446469
0.627565982404692,0.000977517106549365,0,0,0,0.00215206593748451,0.30503206481572,0.618083778127954,0.0747320911188417,0,0,0,0,0,0.00994137941820689,-1.32446629238368,1.74829383358792,1.16467432697766,0.713796304225279,0.351158266827591
0.628543499511241,0.000977517106549365,0,0,0,0.00199466248977569,0.301212946394904,0.620329122673416,0.0764632684419042,0,0,0,0,0,0.0092142607141971,-1.30831542805026,1.76899462483742,1.17068191401789,0.715517347452128,0.35169867890876
0.629521016617791,0.000977517106549365,0,0,0,0.00184512753315079,0.297404621929806,0.622529273834191,0.0782209767028522,0,0,0,0,0,0.00852349017868513,-1.29218563049522,1.78948431136352,1.17636746938647,0.716993933122354,0.352111416484444
0.63049853372434,0.000977517106549365,0,0,0,0.00170325931142817,0.29360769668897,0.624683626341734,0.0800054176578675,0,0,0,0,0,0.00786813580735052,-1.27608021000201,1.80975811225208,1.18172620121035,0.718222699218933,0.35239475834911
0.63147605083089,0.000977517106549365,0,0,0,0.00156885606842621,0.289822775940942,0.6267915749275,0.0818167930631315,0,0,0,0,0,0.00724726559587282,-1.26000247685407,1.82981124658893,1.18675331761652,0.719200283724838,0.352546983297225
0.632453567937439,0.000977517106549365,0,0,0,0.00144171604796326,0.286050464954266,0.628852514322945,0.0836553046748261,0,0,0,0,0,0.00665994753993157,-1.24395574133485,1.84963893345993,1.19144402673193,0.719923324623043,0.352566370123255
0.633431085043988,0.000977517106549365,0,0,0,0.00132163749385768,0.282291368997488,0.630865839259522,0.0855211542491327,0,0,0,0,0,0.0061052496352063,-1.2279433137278,1.86923639195092,1.19579353668354,0.72038845989652,0.352451197621669
0.634408602150538,0.000977517106549365,0,0,0,0.00120841864992783,0.278546093339152,0.632830944468687,0.0874145435422331,0,0,0,0,0,0.00558223987737658,-1.21196850431636,1.88859884114774,1.19979705559834,0.720592327528246,0.352199744586933
0.635386119257087,0.000977517106549365,0,0,0,0.00110185775999207,0.274815243247803,0.634747224681896,0.0893356743103089,0,0,0,0,0,0.00508998626212193,-1.19603462338398,1.90772150013623,1.20344979160329,0.720531565501191,0.351810289813514
0.636363636363636,0.000977517106549365,0,0,0,0.00100175306786877,0.271099423991986,0.636614074630604,0.0912847483095417,0,0,0,0,0,0.0046275567851219,-1.18014498121409,1.92659958800225,1.20674695282534,0.720202811798331,0.351281112095879
0.637341153470186,0.000977517106549365,0,0,0,0.000907902817376279,0.267399240840246,0.638430889046264,0.0932619672961132,0,0,0,0,0,0.00419401944205603,-1.16430288809015,1.94522832383163,1.20968374739148,0.71960270440264,0.350610490228496
0.638318670576735,0.000977517106549365,0,0,0,0.000820105252332966,0.263715299061129,0.640197062660334,0.0952675330262049,0,0,0,0,0,0.00378844222860387,-1.1485116542956,1.96360292671023,1.21225538342866,0.71872788129709,0.349796703005832
0.639296187683284,0.000977517106549365,0,0,0,0.000738158616557188,0.260048203923178,0.641911990204267,0.0973016472559986,0,0,0,0,0,0.00340989314044496,-1.13277459011389,1.98171861572388,1.21445706906386,0.717574980464656,0.348838029222354
0.640273704789834,0.000977517106549365,0,0,0,0.000661861153867308,0.256398560694938,0.643575066409518,0.0993645117416759,0,0,0,0,0,0.00305744017325885,-1.11709500582845,1.99957060995843,1.21628401242404,0.716140639888312,0.347732747672528
0.641251221896383,0.000977517106549365,0,0,0,0.000591011108081685,0.252766974644956,0.645185686007544,0.101456328239418,0,0,0,0,0,0.00273015132272507,-1.10147621172275,2.01715412849973,1.21773142163617,0.714421497551031,0.346479137150823
0.642228739002933,0.000977517106549365,0,0,0,0.00052540672301868,0.249154051041775,0.646743243729798,0.103577298505408,0,0,0,0,0,0.00242709458452317,-1.08592151808021,2.03446439043361,1.21879450482721,0.712414191435787,0.345075476451705
0.643206256109482,0.000977517106549365,0,0,0,0.000464846242496655,0.245560395153941,0.648247134307737,0.105727624295826,0,0,0,0,0,0.00214733795433269,-1.07043423518428,2.05149661484593,1.21946847012414,0.710115359525553,0.343520044369641
0.644183773216031,0.000977517106549365,0,0,0,0.00040912791033397,0.241986612249998,0.649696752472814,0.107907507366854,0,0,0,0,0,0.00188994942783317,-1.05501767331842,2.06824602082253,1.21974852565392,0.707521639803304,0.341811119699098
0.645161290322581,0.000977517106549365,0,0,0,0.000358049970348986,0.238433307598492,0.651091492956486,0.110117149474674,0,0,0,0,0,0.00165399700070417,-1.03967514276606,2.08470782744926,1.21962987954351,0.704629670252013,0.339946981234544
0.64613880742913,0.000977517106549365,0,0,0,0.000311410666360064,0.234901086467967,0.652430750490207,0.112356752375467,0,0,0,0,0,0.00143854866862522,-1.02440995381066,2.10087725381195,1.2191077399199,0.701436088854653,0.337925907770446
0.647116324535679,0.000977517106549365,0,0,0,0.000269008242185564,0.231390554126968,0.653713919805432,0.114626517825415,0,0,0,0,0,0.00124267242727586,-1.00922541673565,2.11674951899646,1.21817731491003,0.6979375335942,0.33574617810127
0.648093841642229,0.000977517106549365,0,0,0,0.000230640941643848,0.22790231584404,0.654940395633616,0.1169266475807,0,0,0,0,0,0.00106543627233564,-0.994124841824475,2.13231984208862,1.21683381264088,0.694130642453625,0.333406071021485
0.649071358748778,0.000977517106549365,0,0,0,0.000196107008553276,0.224436976887728,0.656109572706215,0.119257343397503,0,0,0,0,0,0.000905908199484102,-0.97911153936059,2.14758344217429,1.21507244123942,0.690012053415904,0.330903865325556
0.650048875855327,0.000977517106549365,0,0,0,0.00016520468673221,0.220995142526577,0.657220845754684,0.121618807032007,0,0,0,0,0,0.000763156204400788,-0.964188819627435,2.16253553833931,1.21288840883261,0.685578404464009,0.328237839807951
0.651026392961877,0.000977517106549365,0,0,0,0.000137732219999009,0.217577418029133,0.658273609510477,0.124011240240391,0,0,0,0,0,0.000636248282765241,-0.949359992908456,2.17717134966952,1.21027692354742,0.680826333580916,0.325406273263139
0.652003910068426,0.000977517106549365,0,0,0,0.000113487852172035,0.214184408663938,0.65926725870505,0.12643484477884,0,0,0,0,0,0.000524252430257004,-0.934628369487098,2.19148609525077,1.20723319351082,0.675752478749596,0.322407444485583
0.652981427174976,0.000977517106549365,0,0,0,9.22698270696485e-05,0.21081671969954,0.660201188069858,0.128889822403533,0,0,0,0,0,0.00042623664255562,-0.919997259646806,2.20547499416889,1.20375242684978,0.670353477953023,0.319239632269754
0.653958944281525,0.000977517106549365,0,0,0,7.38763885102106e-05,0.207474956404482,0.661074792336355,0.131376374870652,0,0,0,0,0,0.000341268915340633,-0.905469973671024,2.21913326550975,1.19982983169126,0.664625969174174,0.315901115410117
0.654936461388074,0.000977517106549365,0,0,0,5.81057803120819e-05,0.20415972404731,0.661887466235998,0.13389470393638,0,0,0,0,0,0.000268417244291586,-0.891049821843198,2.23245612835917,1.19546061616223,0.658566590396019,0.31239017270114
0.655913978494624,0.000977517106549365,0,0,0,4.47562462936232e-05,0.200871627896568,0.662638604500241,0.136445011356897,0,0,0,0,0,0.000206749625088021,-0.876740114446773,2.24543880180301,1.19063998838965,0.652171979601533,0.30870508293729
0.656891495601173,0.000977517106549365,0,0,0,3.36260302731955e-05,0.197611273220802,0.663327601860538,0.139027498888386,0,0,0,0,0,0.000155334053409483,-0.862544161765193,2.25807650492712,1.1853631565005,0.645438774773691,0.304844124913034
0.657869012707722,0.000977517106549365,0,0,0,2.45133760691595e-05,0.194379265288556,0.663953853048346,0.141642368287029,0,0,0,0,0,0.000113238524935513,-0.848465274081905,2.27036445681732,1.17962532862174,0.638363613895465,0.300805577422839
0.658846529814272,0.000977517106549365,0,0,0,1.72165274998761e-05,0.191176209368375,0.66451675279512,0.144289821309005,0,0,0,0,0,7.95310353456551e-05,-0.834506761680352,2.28229787655948,1.17342171288034,0.630943134949829,0.296587719261172
0.659824046920821,0.000977517106549365,0,0,0,1.15337283837061e-05,0.188002710728805,0.665015695832313,0.146970059710498,0,0,0,0,0,5.32795803194525e-05,-0.82067193484398,2.29387198323943,1.16674751740326,0.623173975919758,0.2921888292225
0.66080156402737,0.000977517106549365,0,0,0,7.26322253901024e-06,0.184859374638389,0.665450076891382,0.14968328524769,0,0,0,0,0,3.35521555364482e-05,-0.806964103856234,2.30508199594303,1.15959795031748,0.615052774788223,0.287607186101291
0.66177908113392,0.000977517106549365,0,0,0,4.20325378414944e-06,0.181746806365673,0.665819290703782,0.15242969967676,0,0,0,0,0,1.94167566761853e-05,-0.79338657900056,2.3159231337561,1.15196821974996,0.606576169538202,0.282841068692012
0.662756598240469,0.000977517106549365,0,0,0,2.15206593748451e-06,0.178665611179203,0.666122732000967,0.155209504753893,0,0,0,0,0,9.94137941820689e-06,-0.7799426705604,2.32639061576451,1.14385353382766,0.597740798152664,0.277888755789128
0.663734115347019,0.000977517106549365,0,0,0,9.07902817376279e-07,0.175616394347522,0.666359795514394,0.158022902235268,0,0,0,0,0,4.19401944205603e-06,-0.766635688819203,2.33647966105409,1.13524910067756,0.588543298614586,0.272748526187109
0.664711632453568,0.000977517106549365,0,0,0,2.69008242185564e-07,0.172599761139175,0.666529875975515,0.160870093877067,0,0,0,0,0,1.24267242727586e-06,-0.75346894406041,2.34618548871068,1.12615012842662,0.578980308906941,0.267418658680421
0.665689149560117,0.000977517106549365,0,0,0,3.36260302731955e-08,0.169616316822709,0.666632368115788,0.163751281435473,0,0,0,0,0,1.55334053409483e-07,-0.74044574656747,2.35550331782014,1.11655182520181,0.569048467012703,0.261897432063532
0.666666666666667,0.000977517106549365,0,0,0,0,0.166666666666667,0.666666666666667,0.166666666666667,0,0,0,0,0,0,-0.727569406623825,2.36442836746831,1.10644939913009,0.558744410914844,0.256183125130906
0.667644183773216,0.000977517106549365,0,0,0,0,0.163751281435473,0.666632368115788,0.169616300009693,5.04390454097932e-08,0,0,0,0,0,-0.714842536007389,2.37295718645881,1.09583994455613,0.548066546448442,0.250274996392679
0.668621700879765,0.000977517106549365,0,0,0,0,0.160870093877067,0.666529875975515,0.172599626635054,4.03512363278346e-07,0,0,0,0,0,-0.702264952473941,2.38109164246637,1.08472810069537,0.537020350856982,0.244176223221638
0.669599217986315,0.000977517106549365,0,0,0,0,0.158022902235268,0.666359795514394,0.175615940396113,1.36185422606442e-06,0,0,0,0,0,-0.68983577527373,2.38883493288352,1.07312039298094,0.525613069236053,0.23789096270624
0.670576735092864,0.000977517106549365,0,0,0,0,0.155209504753893,0.666122732000967,0.178664535146234,3.22809890622677e-06,0,0,0,0,0,-0.677554123657005,2.39619025510276,1.06102334684597,0.513851946681242,0.23142337193494
0.671554252199413,0.000977517106549365,0,0,0,0,0.152429699676761,0.665819290703782,0.181744704738781,6.30488067622416e-06,0,0,0,0,0,-0.665419116874011,2.40316080651662,1.04844348772359,0.501744228288138,0.224777607996192
0.672531769305963,0.000977517106549365,0,0,0,0,0.14968328524769,0.665450076891382,0.184855743027119,1.08948338085153e-05,0,0,0,0,0,-0.653429874174998,2.40974978451759,1.03538734104694,0.48929715915233,0.217957827978452
0.673509286412512,0.000977517106549365,0,0,0,0,0.146970059710499,0.665015695832313,0.187996943864612,1.73005925755591e-05,0,0,0,0,0,-0.641585514810213,2.41596038649821,1.02186143224915,0.476517984369405,0.210968188970175
0.674486803519062,0.000977517106549365,0,0,0,0,0.144289821309006,0.66451675279512,0.191167601104625,2.58247912498141e-05,0,0,0,0,0,-0.629885158029905,2.42179580985098,1.00787228676335,0.463413949034952,0.203812848059816
0.675464320625611,0.000977517106549365,0,0,0,0,0.141642368287029,0.663953853048346,0.194367008600521,3.67700641037393e-05,0,0,0,0,0,-0.61832792308432,2.42725925196841,0.993426430022676,0.449992298244559,0.19649596233583
0.67644183773216,0.000977517106549365,0,0,0,0,0.139027498888387,0.663327601860538,0.197594460205665,5.04390454097932e-05,0,0,0,0,0,-0.606912929223707,2.43235391024303,0.97853038746026,0.436260277093814,0.189021688886672
0.67741935483871,0.000977517106549365,0,0,0,0,0.136445011356898,0.662638604500241,0.200849249773421,6.71343694404348e-05,0,0,0,0,0,-0.595639295698314,2.43708298206734,0.963190684509235,0.422225130678306,0.181394184800797
0.678396871945259,0.000977517106549365,0,0,0,0,0.13389470393638,0.661887466235998,0.204130671157154,8.71586704681227e-05,0,0,0,0,0,-0.584506141758388,2.44144966483387,0.947413846602734,0.407894104093622,0.173617607166661
0.679374389051808,0.000977517106549365,0,0,0,0,0.131376374870652,0.661074792336355,0.207438018210227,0.000110814582765316,0,0,0,0,0,-0.573512586654178,2.44545715593512,0.931206399173888,0.393274442435352,0.165696113072718
0.680351906158358,0.000977517106549365,0,0,0,0,0.128889822403533,0.660201188069858,0.210770584786005,0.000138404740604473,0,0,0,0,0,-0.562657749635931,2.44910865276361,0.914574867655831,0.378373390799083,0.157633859607424
0.681329423264907,0.000977517106549365,0,0,0,0,0.12643484477884,0.65926725870505,0.214127664737852,0.000170231778258052,0,0,0,0,0,-0.551940749953895,2.45240735271185,0.897525777481696,0.363198194280403,0.149435003859233
0.682306940371456,0.000977517106549365,0,0,0,0,0.124011240240392,0.658273609510477,0.217508551919133,0.000206598329998513,0,0,0,0,0,-0.541360706858318,2.45535645317236,0.880065654084616,0.347756097974901,0.141103702916601
0.683284457478006,0.000977517106549365,0,0,0,0,0.121618807032007,0.657220845754684,0.220912540183211,0.000247807030098314,0,0,0,0,0,-0.530916739599447,2.45795915153766,0.862201022897722,0.332054346978165,0.132644113867983
0.684261974584555,0.000977517106549365,0,0,0,0,0.119257343397503,0.656109572706215,0.224338923383451,0.000294160512829914,0,0,0,0,0,-0.520607967427531,2.46021864520025,0.843938409354149,0.316100186385784,0.124060393801833
0.685239491691105,0.000977517106549365,0,0,0,0,0.1169266475807,0.654940395633616,0.227786995373218,0.000345961412465772,0,0,0,0,0,-0.510433509592818,2.46213813155265,0.825284338887027,0.299900861293345,0.115356699806608
0.686217008797654,0.000977517106549365,0,0,0,0,0.114626517825415,0.653713919805432,0.231256050005875,0.000403512363278346,0,0,0,0,0,-0.500392485345555,2.46372080798738,0.806245336929493,0.283463616796438,0.106537188970762
0.687194525904203,0.000977517106549365,0,0,0,0,0.112356752375467,0.652430750490206,0.234745381134786,0.000467115999540095,0,0,0,0,0,-0.490484013935991,2.46496987189695,0.786827928914675,0.266795697990649,0.0976060183827498
0.688172043010753,0.000977517106549365,0,0,0,0,0.110117149474673,0.651091492956486,0.238254282613317,0.000537074955523487,0,0,0,0,0,-0.480707214614371,2.46588852067387,0.767038640275707,0.249904349971567,0.0885673451310265
0.689149560117302,0.000977517106549365,0,0,0,0,0.107907507366854,0.649696752472814,0.241782048294831,0.000613691865500964,0,0,0,0,0,-0.471061206630946,2.46647995171066,0.746883996445724,0.232796817834781,0.0794253263040479
0.690127077223851,0.000977517106549365,0,0,0,0,0.105727624295826,0.648247134307737,0.245327972032693,0.000697269363744992,0,0,0,0,0,-0.461545109235963,2.46674736239984,0.726370522857858,0.215480346675879,0.0701841189902692
0.691104594330401,0.000977517106549365,0,0,0,0,0.103577298505408,0.646743243729798,0.248891347680266,0.00078811008452803,0,0,0,0,0,-0.45215804167967,2.46669395013391,0.70550474494524,0.19796218159045,0.0608478802781448
0.69208211143695,0.000977517106549365,0,0,0,0,0.101456328239418,0.645185686007544,0.252471469090915,0.000886516662122538,0,0,0,0,0,-0.442899123212314,2.46632291230539,0.684293188141005,0.180249567674081,0.0514207672561302
0.6930596285435,0.000977517106549365,0,0,0,0,0.0993645117416759,0.643575066409518,0.256067630118005,0.000992791730800973,0,0,0,0,0,-0.433767473084143,2.4656374463068,0.662742377878284,0.162349750022361,0.0419069370126803
0.694037145650049,0.000977517106549365,0,0,0,0,0.0973016472559986,0.641911990204267,0.259679124614899,0.00110723792483579,0,0,0,0,0,-0.424762210545405,2.46464074953066,0.64085883959021,0.144269973730877,0.0323105466362503
0.695014662756598,0.000977517106549365,0,0,0,0,0.0952675330262049,0.640197062660333,0.263305246434962,0.00123015787849946,0,0,0,0,0,-0.415882454846349,2.46333601936946,0.618649098709917,0.126017483895219,0.0226357532152952
0.695992179863148,0.000977517106549365,0,0,0,0,0.0932619672961131,0.638430889046264,0.266945289431558,0.00136185422606443,0,0,0,0,0,-0.407127325237221,2.46172645321574,0.596119680670537,0.107599525610975,0.0128867138382703
0.696969696969697,0.000977517106549365,0,0,0,0,0.0912847483095416,0.636614074630603,0.270598547458052,0.00150262960180317,0,0,0,0,0,-0.39849594096827,2.459815248462,0.573277110905202,0.0890233439737323,0.00306758559363046
0.697947214076246,0.000977517106549365,0,0,0,0,0.0893356743103088,0.634747224681896,0.274264314367807,0.00165278663998812,0,0,0,0,0,-0.389987421289744,2.45760560250076,0.550127914847045,0.0702961840790791,-0.00681747443016936
0.698924731182796,0.000977517106549365,0,0,0,0,0.0874145435422331,0.632830944468687,0.277941884014188,0.00181262797489176,0,0,0,0,0,-0.38160088545189,2.45510071272453,0.5266786179292,0.0514252910226049,-0.0167643091446736
0.699902248289345,0.000977517106549365,0,0,0,0,0.0855211542491327,0.630865839259522,0.281630550250559,0.00198245624078653,0,0,0,0,0,-0.373335452704956,2.45230377652583,0.502935745584799,0.032417909899897,-0.0267687614614274
0.700879765395894,0.000977517106549365,0,0,0,0,0.083655304674826,0.628852514322944,0.285329606930285,0.00216257407194491,0,0,0,0,0,-0.36519024229919,2.44921799129717,0.478905823246974,0.0132812858065436,-0.0368266742919759
0.701857282502444,0.000977517106549365,0,0,0,0,0.0818167930631315,0.6267915749275,0.289038347906729,0.00235328410263934,0,0,0,0,0,-0.357164373484841,2.44584655443106,0.454595376348859,-0.005977336161866,-0.0469338905478634
0.702834799608993,0.000977517106549365,0,0,0,0,0.0800054176578674,0.624683626341734,0.292756067033256,0.00255488896714228,0,0,0,0,0,-0.349256965512155,2.44219266332003,0.430010930323585,-0.0253507109097452,-0.0570862531406357
0.703812316715543,0.000977517106549365,0,0,0,0,0.0782209767028522,0.622529273834191,0.296482058163231,0.0027676912997262,0,0,0,0,0,-0.341467137631381,2.43825951535658,0.405159010604286,-0.0448315933415048,-0.0672796049818371
0.704789833822092,0.000977517106549365,0,0,0,0,0.0764632684419041,0.620329122673416,0.300215615150016,0.00299199373466355,0,0,0,0,0,-0.333794009092766,2.43405030793323,0.380046142624096,-0.0644127383615556,-0.0775097889830122
0.705767350928641,0.000977517106549365,0,0,0,0,0.0747320911188416,0.618083778127954,0.303956031846978,0.00322809890622679,0,0,0,0,0,-0.326236699146559,2.42956823844249,0.354678851816145,-0.084086900874311,-0.0877726480557066
0.706744868035191,0.000977517106549365,0,0,0,0,0.0730272429774831,0.615793845466349,0.30770260210748,0.00347630944868839,0,0,0,0,0,-0.318794327043007,2.42481650427688,0.329063663613567,-0.103846835784182,-0.0980640251114651
0.70772238514174,0.000977517106549365,0,0,0,0,0.0713485222616467,0.613459929957147,0.311454619784885,0.00373692799632079,0,0,0,0,0,-0.311466012032358,2.41979830282892,0.303207103449496,-0.12368529799558,-0.108379763061832
0.708699902248289,0.000977517106549365,0,0,0,0,0.0696957272151511,0.611082636868893,0.31521137873256,0.00401025718339646,0,0,0,0,0,-0.30425087336486,2.41451683149111,0.277115696757063,-0.143595042412918,-0.118715704818353
0.709677419354839,0.000977517106549365,0,0,0,0,0.0680686560818144,0.608662571470131,0.318972172803867,0.00429659964418786,0,0,0,0,0,-0.297148030290761,2.40897528765597,0.250795968969401,-0.163568823940607,-0.129067693292573
0.710654936461388,0.000977517106549365,0,0,0,0,0.0664671071054551,0.606200339029406,0.322736295852171,0.00459625801296744,0,0,0,0,0,-0.290156602060309,2.40317686871601,0.224254445519644,-0.183599397483057,-0.139431571396035
0.711632453567937,0.000977517106549365,0,0,0,0,0.0648908785298914,0.603696544815264,0.326503041730837,0.00490953492400767,0,0,0,0,0,-0.283275707923751,2.39712477206376,0.197497651840923,-0.203679517944682,-0.149803182040287
0.712609970674487,0.000977517106549365,0,0,0,0,0.0633397685989419,0.601151794096249,0.330271704293228,0.005236733011581,0,0,0,0,0,-0.276504467131335,2.39082219509172,0.170532113366371,-0.223801940229894,-0.160178368136872
0.713587487781036,0.000977517106549365,0,0,0,0,0.0618135755564248,0.598566692140907,0.334041577392709,0.00557815490995989,0,0,0,0,0,-0.26984199893331,2.38427233519241,0.143364355529123,-0.243959419243103,-0.170552972597335
0.714565004887586,0.000977517106549365,0,0,0,0,0.0603120976461585,0.595941844217781,0.337811954882644,0.00593410325341681,0,0,0,0,0,-0.263287422579922,2.37747838975834,0.116000903762309,-0.264144709888722,-0.180922838333221
0.715542521994135,0.000977517106549365,0,0,0,0,0.0588351331119614,0.593277855595417,0.341582130616397,0.0063048806762242,0,0,0,0,0,-0.256839857321421,2.37044355618203,0.0884482834990636,-0.284350567071162,-0.191283808256075
0.716520039100684,0.000977517106549365,0,0,0,0,0.0573824801976518,0.59057533154236,0.345351398447333,0.00669078981265453,0,0,0,0,0,-0.250498422408053,2.36317103185599,0.0607130201725177,-0.304569745694836,-0.201631725277443
0.717497556207234,0.000977517106549365,0,0,0,0,0.055953937147048,0.587834877327156,0.349119052228816,0.00709213329698026,0,0,0,0,0,-0.244262237090067,2.35566401417273,0.032801639215806,-0.324795000664153,-0.211962432308868
0.718475073313783,0.000977517106549365,0,0,0,0,0.0545493022039685,0.585057098218347,0.35288438581421,0.00750921376347384,0,0,0,0,0,-0.23813042061771,2.34792570052478,0.00472066606206,-0.345019086883528,-0.222271772261896
0.719452590420332,0.000977517106549365,0,0,0,0,0.0531683736122317,0.582242599484481,0.35664669305688,0.00794233384640773,0,0,0,0,0,-0.232102092241231,2.33995928830464,-0.0235233738555867,-0.36523475925737,-0.232555588048071
0.720430107526882,0.000977517106549365,0,0,0,0,0.0518109496156557,0.579391986394101,0.360405267810189,0.0083917961800544,0,0,0,0,0,-0.226176371210877,2.33176797490483,-0.0519239551040031,-0.385434772690094,-0.24280972257894
0.721407624633431,0.000977517106549365,0,0,0,0,0.0504768284580591,0.576505864215753,0.364159403927502,0.0088579033986863,0,0,0,0,0,-0.220352376776896,2.32335495771786,-0.0804745522500541,-0.405611882086108,-0.253030018766046
0.72238514173998,0.000977517106549365,0,0,0,0,0.0491658083832602,0.573584838217981,0.367908395262183,0.0093409581365759,0,0,0,0,0,-0.214629228189536,2.31472343413625,-0.109168639860608,-0.425758842349826,-0.263212319520934
0.72336265884653,0.000977517106549365,0,0,0,0,0.0478776876350773,0.57062951366933,0.371651535667597,0.00984126302799564,0,0,0,0,0,-0.209006044699044,2.30587660155252,-0.137999692502532,-0.445868408385659,-0.273352467755149
0.724340175953079,0.000977517106549365,0,0,0,0,0.0466122644573289,0.567640495838346,0.375388118997107,0.010359120707218,0,0,0,0,0,-0.203481945555669,2.29681765735917,-0.166961184742693,-0.465933335098019,-0.283446306380236
0.725317693059629,0.000977517106549365,0,0,0,0,0.0453693370938332,0.564618389993573,0.379117439104079,0.0108948338085154,0,0,0,0,0,-0.198056050009659,2.28754979894872,-0.19604659114796,-0.485946377391317,-0.293489678307741
0.726295210166178,0.000977517106549365,0,0,0,0,0.0441487037884086,0.561563801403556,0.382838789841876,0.0114487049661603,0,0,0,0,0,-0.192727477311261,2.27807622371369,-0.225249386285198,-0.505900290169967,-0.303478426449208
0.727272727272727,0.000977517106549365,0,0,0,0,0.0429501627848735,0.558477335336839,0.386551465063862,0.0120210368144253,0,0,0,0,0,-0.187495346710723,2.26840012904658,-0.254563044721275,-0.525787828338378,-0.313408393716182
0.728250244379277,0.000977517106549365,0,0,0,0,0.0417735123270463,0.555359597061969,0.390254758623402,0.0126121319875826,0,0,0,0,0,-0.182358777458293,2.25852471233992,-0.283981041023059,-0.545601746800964,-0.323275423020207
0.729227761485826,0.000977517106549365,0,0,0,0,0.0406185506587453,0.55221119184749,0.39394796437386,0.0132222931199049,0,0,0,0,0,-0.177316888804218,2.24845317098622,-0.313496849757417,-0.565334800462135,-0.33307535727283
0.730205278592375,0.000977517106549365,0,0,0,0,0.0394850760237888,0.549032724961946,0.3976303761686,0.0138518228456645,0,0,0,0,0,-0.172368799998748,2.238188702378,-0.343103945491215,-0.584979744226303,-0.342804039385594
0.731182795698925,0.000977517106549365,0,0,0,0,0.0383728866659953,0.545824801673884,0.401301287860987,0.014501023799134,0,0,0,0,0,-0.167513630292129,2.22773450390776,-0.372795802791323,-0.604529332997881,-0.352457312270044
0.732160312805474,0.000977517106549365,0,0,0,0,0.0372817808291831,0.542588027251846,0.404959993304385,0.0151701986145857,0,0,0,0,0,-0.162750498934609,2.21709377296802,-0.402565896224605,-0.62397632168128,-0.362031018837726
0.733137829912023,0.000977517106549365,0,0,0,0,0.0362115567571705,0.53932300696438,0.408605786352158,0.0158596499262922,0,0,0,0,0,-0.158078525176437,2.20626970695129,-0.432407700357929,-0.643313465180911,-0.371521002000185
0.734115347018573,0.000977517106549365,0,0,0,0,0.035162012693776,0.536030346080028,0.41223796085767,0.0165696803685259,0,0,0,0,0,-0.15349682826786,2.1952655032501,-0.462314689758164,-0.662533518401186,-0.380923104668964
0.735092864125122,0.000977517106549365,0,0,0,0,0.0341329468828178,0.532710649867337,0.415855810674286,0.0173005925755592,0,0,0,0,0,-0.149004527459126,2.18408435925696,-0.492280338992176,-0.681629236246518,-0.39023316975561
0.736070381231672,0.000977517106549365,0,0,0,0,0.0331241575681144,0.529364523594852,0.419458629655369,0.0180526891816646,0,0,0,0,0,-0.144600742000482,2.17272947236437,-0.522298122626833,-0.700593373621317,-0.399447040171667
0.737047898338221,0.000977517106549365,0,0,0,0,0.032135442993484,0.525992572531116,0.423045711654285,0.0188262728211146,0,0,0,0,0,-0.140284591142178,2.16120403996485,-0.552361515229001,-0.719418685429996,-0.40856055882868
0.73802541544477,0.000977517106549365,0,0,0,0,0.0311666014027452,0.522595401944676,0.426616350524398,0.0196216461281816,0,0,0,0,0,-0.136055194134459,2.14951125945093,-0.582463991365548,-0.738097926576967,-0.417569568638194
0.73900293255132,0.000977517106549365,0,0,0,0,0.0302174310397161,0.519173617104075,0.430169840119071,0.0204391117371382,0,0,0,0,0,-0.131911670227576,2.1376543282151,-0.612599025603342,-0.756623851966641,-0.426469912511753
0.739980449657869,0.000977517106549365,0,0,0,0,0.0292877301482152,0.51572782327786,0.433705474291668,0.0212789722822566,0,0,0,0,0,-0.127853138671774,2.1256364436499,-0.642760092509248,-0.774989216503429,-0.435257433360904
0.740957966764418,0.000977517106549365,0,0,0,0,0.0283772969720609,0.512258625734574,0.437222546895555,0.0221415303978095,0,0,0,0,0,-0.123878718717302,2.11346080314782,-0.672940666650136,-0.793186775091743,-0.443927974097189
0.741935483870968,0.000977517106549365,0,0,0,0,0.0274859297550715,0.508766629742763,0.440720351784096,0.0230270887180692,0,0,0,0,0,-0.119987529614409,2.10113060410139,-0.703134222592871,-0.811209282635996,-0.452477377632156
0.742913000977517,0.000977517106549365,0,0,0,0,0.0266134267410653,0.505252440570972,0.444198182810654,0.0239359498773083,0,0,0,0,0,-0.116178690613341,2.08864904390312,-0.733334234904321,-0.829049494040599,-0.460901486877347
0.743890518084066,0.000977517106549365,0,0,0,0,0.0257595861738607,0.501716663487746,0.447655333828594,0.0248684165097992,0,0,0,0,0,-0.112451320964347,2.07601931994553,-0.763534178151355,-0.846700164209964,-0.46919614474431
0.744868035190616,0.000977517106549365,0,0,0,0,0.0249242062972762,0.498159903761629,0.451091098691281,0.0258247912498142,0,0,0,0,0,-0.108804539917674,2.06324462962112,-0.793727526900837,-0.864154048048502,-0.477357194144587
0.745845552297165,0.000977517106549365,0,0,0,0,0.0241070853551299,0.494582766661166,0.454504771252078,0.026805376731626,0,0,0,0,0,-0.105237466723571,2.05032817032241,-0.823907755719637,-0.881403900460626,-0.485380477989725
0.746823069403715,0.000977517106549365,0,0,0,0,0.0233080215912404,0.490985857454903,0.45789564536435,0.027810475589507,0,0,0,0,0,-0.101749220632285,2.03727313944193,-0.854068339174622,-0.898442476350747,-0.493261839191267
0.747800586510264,0.000977517106549365,0,0,0,0,0.022526813249426,0.487369781411384,0.46126301488146,0.0288403904577296,0,0,0,0,0,-0.0983389208940634,2.02408273437217,-0.884202751832657,-0.915262530623276,-0.50099712066076
0.748778103616813,0.000977517106549365,0,0,0,0,0.021763258573505,0.483735143799154,0.464606173656774,0.0298954239705662,0,0,0,0,0,-0.0950056867591552,2.01076015250566,-0.914304468260611,-0.931856818182625,-0.508582165309747
0.749755620723363,0.000977517106549365,0,0,0,0,0.0210171558072957,0.480082549886759,0.467924415543656,0.0309758787622894,0,0,0,0,0,-0.0917486374778077,1.99730859123492,-0.944366963025351,-0.948218093933208,-0.516012816049774
0.750733137829912,0.000977517106549365,0,0,0,0,0.0202883031946166,0.476412604942742,0.47121703439547,0.0320820574671716,0,0,0,0,0,-0.0885668923002688,1.98373124795244,-0.974383710693745,-0.964339112779433,-0.523284915792386
0.751710654936461,0.000977517106549365,0,0,0,0,0.0195764989792861,0.47272591423565,0.474483324065579,0.0332142627194852,0,0,0,0,0,-0.0854595704767864,1.97003132005076,-1.00434818583266,-0.980212629625715,-0.530394307449127
0.752688172043011,0.000977517106549365,0,0,0,0,0.0188815414051224,0.469023083034026,0.477722578407349,0.0343727971535028,0,0,0,0,0,-0.0824257912576083,1.95621200492238,-1.03425386300896,-0.995831399376464,-0.537336833931543
0.75366568914956,0.000977517106549365,0,0,0,0,0.0182032287159439,0.465304716606416,0.480934091274143,0.0355579634034967,0,0,0,0,0,-0.0794646738929824,1.94227649995982,-1.06409421678952,-1.01118817693609,-0.544108338151178
0.75464320625611,0.000977517106549365,0,0,0,0,0.017541359155569,0.461571420221365,0.484117156519327,0.0367700641037394,0,0,0,0,0,-0.0765753376331565,1.92822800255559,-1.0938627217412,-1.02627571720901,-0.550704663019578
0.755620723362659,0.000977517106549365,0,0,0,0,0.0168957309678161,0.457823799147417,0.487271067996263,0.0380094018885034,0,0,0,0,0,-0.0737569017283784,1.91406971010221,-1.12355285243086,-1.04108677509963,-0.557121651448286
0.756598240469208,0.000977517106549365,0,0,0,0,0.0162661423965035,0.454062458653118,0.490395119558317,0.0392762793920612,0,0,0,0,0,-0.071008485428896,1.89980481999219,-1.15315808342539,-1.05561410551237,-0.563355146348849
0.757575757575758,0.000977517106549365,0,0,0,0,0.0156523916854496,0.450288004007012,0.493488605058853,0.0405709992486852,0,0,0,0,0,-0.0683292079849573,1.88543652961804,-1.18267188929164,-1.06985046335163,-0.569400990632811
0.758553274682307,0.000977517106549365,0,0,0,0,0.0150542770784727,0.446501040477645,0.496550818351234,0.0418938640926479,0,0,0,0,0,-0.06571818864681,1.87096803637229,-1.21208774459648,-1.08378860352183,-0.575255027211717
0.759530791788856,0.000977517106549365,0,0,0,0,0.0144715968193912,0.442702173333561,0.499581053288826,0.0432451765582216,0,0,0,0,0,-0.0631745466647019,1.85640253764744,-1.24139912390678,-1.09742128092738,-0.580913098997111
0.760508308895406,0.000977517106549365,0,0,0,0,0.0139041491520234,0.438892007843305,0.502578603724992,0.044625239279679,0,0,0,0,0,-0.060697401288881,1.841743230836,-1.2705995017894,-1.11074125047269,-0.58637104890054
0.761485826001955,0.000977517106549365,0,0,0,0,0.0133517323201878,0.435071149275423,0.505542763513097,0.0460343548912924,0,0,0,0,0,-0.058285871769595,1.82699331333051,-1.29968235281122,-1.12374126706218,-0.591624719833547
0.762463343108504,0.000977517106549365,0,0,0,0,0.0128141445677026,0.431240202898458,0.508472826506505,0.0474728260273343,0,0,0,0,0,-0.0559390773570919,1.81215598252346,-1.3286411515391,-1.13641408560024,-0.596669954707677
0.763440860215054,0.000977517106549365,0,0,0,0,0.0122911841383863,0.427399773980956,0.51136808655858,0.0489409553220772,0,0,0,0,0,-0.0536561373016194,1.79723443580737,-1.3574693725399,-1.14875246099131,-0.601502596434476
0.764418377321603,0.000977517106549365,0,0,0,0,0.0117826492760572,0.423550467791463,0.514227837522687,0.0504390454097934,0,0,0,0,0,-0.0514361708534255,1.78223187057475,-1.3861604903805,-1.16074914813978,-0.606118487925488
0.765395894428152,0.000977517106549365,0,0,0,0,0.0112883382245337,0.419692889598521,0.517051373252189,0.0519673989247556,0,0,0,0,0,-0.049278297262758,1.76715148421813,-1.41470797962776,-1.17239690195008,-0.610513472092258
0.766373411534702,0.000977517106549365,0,0,0,0,0.0108080492276341,0.415827644670678,0.519837987600452,0.053526318501236,0,0,0,0,0,-0.0471816357798648,1.75199647413001,-1.44310531484855,-1.1836884773266,-0.614683391846332
0.767350928641251,0.000977517106549365,0,0,0,0,0.0103415805291767,0.411955338276478,0.522586974420838,0.0551161067735073,0,0,0,0,0,-0.0451453056549936,1.73677003770292,-1.47134597060974,-1.19461662917377,-0.618624090099254
0.768328445747801,0.000977517106549365,0,0,0,0,0.00988873037298003,0.408076575684464,0.525297627566714,0.0567370663758419,0,0,0,0,0,-0.0431684261383924,1.72147537232935,-1.49942342147819,-1.205174112396,-0.622331409762568
0.76930596285435,0.000977517106549365,0,0,0,0,0.00944929700286234,0.404191962163184,0.527969240891442,0.0583894999425121,0,0,0,0,0,-0.041250116480309,1.70611567540184,-1.52733114202078,-1.21535368189769,-0.625801193747821
0.770283479960899,0.000977517106549365,0,0,0,0,0.00902307866264202,0.400302102981181,0.530601108248387,0.0600737101077905,0,0,0,0,0,-0.0393894959309913,1.69069414431289,-1.55506260680436,-1.22514809258326,-0.629029284966556
0.771260997067449,0.000977517106549365,0,0,0,0,0.00860987359613742,0.396407603407,0.533192523490913,0.0617899995059495,0,0,0,0,0,-0.037585683740687,1.67521397645501,-1.5826112903958,-1.23455009935712,-0.632011526330319
0.772238514173998,0.000977517106549365,0,0,0,0,0.00820948004716691,0.392509068709186,0.535742780472386,0.0635386707712617,0,0,0,0,0,-0.0358377991596441,1.65967836922073,-1.60997066736198,-1.24355245712368,-0.634743760750654
0.773216031280547,0.000977517106549365,0,0,0,0,0.00782169625954885,0.388607104156284,0.538251173046168,0.0653200265379993,0,0,0,0,0,-0.0341449614381105,1.64409052000255,-1.63713421226976,-1.25214792078736,-0.637221831139107
0.774193548387097,0.000977517106549365,0,0,0,0,0.0074463204771016,0.38470231501684,0.540716995065624,0.067134369440435,0,0,0,0,0,-0.0325062898263339,1.62845362619299,-1.66409539968601,-1.26032924525256,-0.639441580407222
0.775171065493646,0.000977517106549365,0,0,0,0,0.00708315094364352,0.380795306559397,0.543139540384118,0.0689820021128412,0,0,0,0,0,-0.0309209035745622,1.61277088518457,-1.69084770417759,-1.2680891854237,-0.641398851466545
0.776148582600195,0.000977517106549365,0,0,0,0,0.00673198590299297,0.376886684052501,0.545518102855016,0.0708632271894902,0,0,0,0,0,-0.0293879219330433,1.59704549436979,-1.71738460031137,-1.27542049620519,-0.643089487228621
0.777126099706745,0.000977517106549365,0,0,0,0,0.00639262359896831,0.372977052764697,0.54785197633168,0.0727783473046547,0,0,0,0,0,-0.027906464152025,1.58128065114118,-1.74369956265422,-1.28231593250144,-0.644509330604993
0.778103616813294,0.000977517106549365,0,0,0,0,0.00606486227538791,0.36906701796453,0.550140454667475,0.074727665092607,0,0,0,0,0,-0.0264756494817552,1.56547955289125,-1.76978606577301,-1.28876824921686,-0.645654224507207
0.779081133919844,0.000977517106549365,0,0,0,0,0.00574850017607011,0.365157184920545,0.552382831715766,0.0767114831876195,0,0,0,0,0,-0.0250945971724817,1.54964539701251,-1.7956375842346,-1.29477020125587,-0.646520011846807
0.780058651026393,0.000977517106549365,0,0,0,0,0.0054433355448333,0.361248158901286,0.554578401329916,0.0787301042239649,0,0,0,0,0,-0.0237624264744524,1.53378138089747,-1.82124759260586,-1.30031454352287,-0.647102535535341
0.781036168132942,0.000977517106549365,0,0,0,0,0.00514916662549581,0.357340545175298,0.556726457363291,0.0807838308359154,0,0,0,0,0,-0.0224782566379151,1.51789070193866,-1.84660956545366,-1.30539403092228,-0.64739763848435
0.782013685239492,0.000977517106549365,0,0,0,0,0.00486579166187602,0.353434949011127,0.558826293669253,0.0828729656577437,0,0,0,0,0,-0.0212412069131177,1.50197655752858,-1.87171697734487,-1.31000141835851,-0.647401163605381
0.782991202346041,0.000977517106549365,0,0,0,0,0.00459300889779229,0.349531975677317,0.560877204101168,0.084997811323722,0,0,0,0,0,-0.0200503965503081,1.48604214505975,-1.89656330284635,-1.31412946073598,-0.647108953809979
0.78396871945259,0.000977517106549365,0,0,0,0,0.00433061657706298,0.345632230442414,0.5628784825124,0.087158670468123,0,0,0,0,0,-0.0189049447997341,1.47009066192469,-1.92114201652497,-1.31777091295908,-0.646516852009688
0.78494623655914,0.000977517106549365,0,0,0,0,0.00407841294350644,0.341736318574961,0.564829422756313,0.089355845725219,0,0,0,0,0,-0.0178039709116435,1.4541253055159,-1.94544659294759,-1.32091852993224,-0.645620701116053
0.785923753665689,0.000977517106549365,0,0,0,0,0.00383619624094105,0.337844845343505,0.566729318686272,0.0915896397292825,0,0,0,0,0,-0.0167465941362841,1.43814927322591,-1.96947050668109,-1.32356506655987,-0.64441634404062
0.786901270772238,0.000977517106549365,0,0,0,0,0.00360376471318515,0.33395841601659,0.568577464155639,0.093860355114586,0,0,0,0,0,-0.015731933723904,1.42216576244722,-1.99320723229233,-1.32570327774637,-0.642899623694933
0.787878787878788,0.000977517106549365,0,0,0,0,0.00338091660405711,0.33007763586276,0.570373153017781,0.0961682945154019,0,0,0,0,0,-0.0147591089247508,1.40617797057236,-2.01665024434818,-1.32732591839617,-0.641066382990537
0.788856304985337,0.000977517106549365,0,0,0,0,0.0031674501573753,0.326203110150561,0.572115679126061,0.0985137605660027,0,0,0,0,0,-0.0138272389890725,1.39018909499383,-2.03979301741551,-1.32842574341366,-0.638912464838978
0.789833822091887,0.000977517106549365,0,0,0,0,0.00296316361695807,0.322335444148538,0.573804336333843,0.100897055900661,0,0,0,0,0,-0.0129354431671169,1.37420233310415,-2.06262902606117,-1.32899550770327,-0.636433712151798
0.790811339198436,0.000977517106549365,0,0,0,0,0.00276785522662378,0.318475243125236,0.575438418494491,0.103318483153649,0,0,0,0,0,-0.0120828407091319,1.35822088229583,-2.08515174485205,-1.32902796616941,-0.633625967840545
0.791788856304985,0.000977517106549365,0,0,0,0,0.00258132323019079,0.314623112349199,0.577017219461371,0.105778344959239,0,0,0,0,0,-0.0112685508653653,1.3422479399614,-2.10735464835501,-1.32851587371648,-0.630485074816763
0.792766373411535,0.000977517106549365,0,0,0,0,0.00240336587147747,0.310779657088973,0.578540033087846,0.108276943951704,0,0,0,0,0,-0.0104916928860649,1.32628670349336,-2.12923121113691,-1.3274519852489,-0.627006875991995
0.793743890518084,0.000977517106549365,0,0,0,0,0.00223378139430218,0.306945482613102,0.58000615322728,0.110814582765316,0,0,0,0,0,-0.00975138602147866,1.31034037028422,-2.15077490776463,-1.32582905567108,-0.623187214277789
0.794721407624633,0.000977517106549365,0,0,0,0,0.00207236804248327,0.303121194190132,0.581414873733037,0.113391564034348,0,0,0,0,0,-0.00904674952185439,1.29441213772651,-2.17197921280502,-1.32363983988744,-0.619021932585688
0.795698924731183,0.000977517106549365,0,0,0,0,0.00191892405983911,0.299307397088606,0.582765488458483,0.116008190393072,0,0,0,0,0,-0.00837690263743994,1.27850520321274,-2.19283760082496,-1.32087709280238,-0.614506873827237
0.796676441837732,0.000977517106549365,0,0,0,0,0.00177324769018806,0.295504696577071,0.584057291256981,0.11866476447576,0,0,0,0,0,-0.00774096461848316,1.26262276413541,-2.21334354639132,-1.31753356932031,-0.609637880913982
0.797653958944281,0.000977517106549365,0,0,0,0,0.00163513717734848,0.291713697924071,0.585289575981895,0.121361588916685,0,0,0,0,0,-0.00713805471523192,1.24676801788705,-2.23349052407095,-1.31360202434565,-0.604410796757466
0.798631476050831,0.000977517106549365,0,0,0,0,0.00150439076513872,0.287935006398151,0.58646163648659,0.12409896635012,0,0,0,0,0,-0.00656729217793405,1.23094416186018,-2.25327200843074,-1.30907521278281,-0.598821464269236
0.79960899315738,0.000977517106549365,0,0,0,0,0.00138080669737716,0.284169227267856,0.58757276662443,0.126877199410337,0,0,0,0,0,-0.00602779625683742,1.21515439344729,-2.27268147403754,-1.3039458895362,-0.592865726360836
0.80058651026393,0.000977517106549365,0,0,0,0,0.00126418321788215,0.280416965801731,0.588622260248779,0.129696590731608,0,0,0,0,0,-0.00551868620218988,1.19940191004091,-2.29171239545822,-1.29820680951024,-0.58653942594381
0.801564027370479,0.000977517106549365,0,0,0,0,0.00115431857047205,0.27667882726832,0.589609411213002,0.132557442948207,0,0,0,0,0,-0.00503908126423927,1.18368990903356,-2.31035824725966,-1.29185072760932,-0.579838405929704
0.802541544477028,0.000977517106549365,0,0,0,0,0.00105101099896523,0.272955416936169,0.590533513370462,0.135460058694404,0,0,0,0,0,-0.00458810069323345,1.16802158781775,-2.32861250400871,-1.28487039873788,-0.572758509230063
0.803519061583578,0.000977517106549365,0,0,0,0,0.000954058747180034,0.269247340073823,0.591393860574524,0.138404740604473,0,0,0,0,0,-0.00416486373942028,1.15240014378598,-2.34646864027224,-1.27725857780031,-0.565295578756431
0.804496578690127,0.000977517106549365,0,0,0,0,0.000863260058934837,0.265555201949826,0.592189746678553,0.141391791312686,0,0,0,0,0,-0.0037684896530476,1.13682877433078,-2.36392013061713,-1.26900801970103,-0.557445457420354
0.805474095796676,0.000977517106549365,0,0,0,0,0.000778413178047996,0.261879607832723,0.592920465535912,0.144421513453316,0,0,0,0,0,-0.00339809768436328,1.12131067684467,-2.38096044961024,-1.26011147934446,-0.549203988133377
0.806451612903226,0.000977517106549365,0,0,0,0,0.000699316348337871,0.25822116299106,0.593585310999966,0.147494209660636,0,0,0,0,0,-0.00305280708361515,1.10584904872014,-2.39758307181843,-1.25056171163499,-0.540567013807043
0.807429130009775,0.000977517106549365,0,0,0,0,0.000625767813622824,0.254580472693381,0.59418357692408,0.150610182568916,0,0,0,0,0,-0.00273173710105108,1.09044708734973,-2.41378147180858,-1.24035147147705,-0.531530377352898
0.808406647116324,0.000977517106549365,0,0,0,0,0.000557565817721215,0.250958142208232,0.594714557161616,0.153769734812431,0,0,0,0,0,-0.00243400698691891,1.07510799012594,-2.42954912414755,-1.22947351377505,-0.522089921682488
0.809384164222874,0.000977517106549365,0,0,0,0,0.000494508604451404,0.247354776804156,0.59517754556594,0.156973169025453,0,0,0,0,0,-0.0021587359914665,1.05983495444129,-2.44487950340221,-1.2179205934334,-0.512241489707357
0.810361681329423,0.000977517106549365,0,0,0,0,0.000436394417631753,0.243770981749699,0.595571835990416,0.160220787842253,0,0,0,0,0,-0.00190504336494171,1.04463117768829,-2.45976608413942,-1.20568546535651,-0.50198092433905
0.811339198435973,0.000977517106549365,0,0,0,0,0.000383021501080623,0.240207362313407,0.595896722288408,0.163512893897105,0,0,0,0,0,-0.00167204835759237,1.02949985725945,-2.47420234092606,-1.19276088444878,-0.491304068489111
0.812316715542522,0.000977517106549365,0,0,0,0,0.000334188098616375,0.236664523763823,0.59615149831328,0.166849789824281,0,0,0,0,0,-0.00145887021966636,1.0144441905473,-2.48818174832898,-1.17913960561465,-0.480206765069087
0.813294232649071,0.000977517106549365,0,0,0,0,0.000289692454057368,0.233143071369493,0.596335457918397,0.170231778258053,0,0,0,0,0,-0.00126462820141151,0.999467374944347,-2.50169778091507,-1.1648143837585,-0.46868485699052
0.814271749755621,0.000977517106549365,0,0,0,0,0.00024933281122196,0.229643610398961,0.596447894957123,0.173659161832694,0,0,0,0,0,-0.00108844155307567,0.984572607843099,-2.51474391325118,-1.14977797378476,-0.456734187164956
0.81524926686217,0.000977517106549365,0,0,0,0,0.000212907413928521,0.226166746120773,0.596488103282823,0.177132243182476,0,0,0,0,0,-0.000929429524906724,0.969763086636076,-2.52731361990418,-1.13402313059785,-0.444350598503942
0.81622678396872,0.000977517106549365,0,0,0,0,0.000180214505995407,0.222713083803473,0.596455376748859,0.180651324941672,0,0,0,0,0,-0.000786711367152504,0.955042008715793,-2.53940037544093,-1.11754260910216,-0.431529933919021
0.817204301075269,0.000977517106549365,0,0,0,0,0.000151052331240978,0.219283228715607,0.596349009208598,0.184216709744554,0,0,0,0,0,-0.000659406330060864,0.940412571474763,-2.55099765442832,-1.10032916420212,-0.418268036321738
0.818181818181818,0.000977517106549365,0,0,0,0,0.000125219133483596,0.21587778612572,0.596168294515402,0.187828700225395,0,0,0,0,0,-0.000546633663879656,0.9258779723055,-2.5620989314332,-1.08237555080213,-0.404560748623639
0.819159335288368,0.000977517106549365,0,0,0,0,0.000102513156541621,0.212497361302355,0.595912526522636,0.191487599018466,0,0,0,0,0,-0.000447512618856733,0.911441408600518,-2.57269768102244,-1.0636745238066,-0.390403913736267
0.820136852394917,0.000977517106549365,0,0,0,0,8.27326442334134e-05,0.209142559514059,0.595580999083665,0.195193708758042,0,0,0,0,0,-0.000361162445239947,0.897106077752333,-2.58278737776291,-1.04421883811995,-0.375793374571169
0.821114369501466,0.000977517106549365,0,0,0,0,6.5675840377335e-05,0.205813986029376,0.595173006051853,0.198947332078393,0,0,0,0,0,-0.000286702393277152,0.882875177153459,-2.59236149622147,-1.02400124864659,-0.360724974039888
0.822091886608016,0.000977517106549365,0,0,0,0,5.11409887917462e-05,0.202512246116851,0.594687841280564,0.202748771613793,0,0,0,0,0,-0.000223251713216199,0.868751904196409,-2.60141351096499,-1.00301451029094,-0.34519455505397
0.823069403714565,0.000977517106549365,0,0,0,0,3.89263332950079e-05,0.199237945045029,0.594124798623162,0.206598329998514,0,0,0,0,0,-0.000169929655304941,0.854739456273699,-2.60993689656035,-0.981251377957393,-0.32919796052496
0.824046920821114,0.000977517106549365,0,0,0,0,2.8830117705481e-05,0.195991688082455,0.593483171933011,0.210496309866828,0,0,0,0,0,-0.000125855469791231,0.840841030777843,-2.6179251275744,-0.958704606550373,-0.312731033364402
0.825024437927664,0.000977517106549365,0,0,0,0,2.06505858415262e-05,0.192774080497673,0.592762255063477,0.214443013853008,0,0,0,0,0,-9.01484069229213e-05,0.827059825101354,-2.62537167857402,-0.935366950974289,-0.295789616483842
0.826001955034213,0.000977517106549365,0,0,0,0,1.41859815215044e-05,0.189585727559229,0.591961341867922,0.218438744591327,0,0,0,0,0,-6.19277169478648e-05,0.813399036636748,-2.63227002412607,-0.911231166133553,-0.278369552794824
0.826979472140763,0.000977517106549365,0,0,0,0,9.23454856377631e-06,0.186427234535668,0.591079726199712,0.222483804716056,0,0,0,0,0,-4.03126501139137e-05,0.79986186277654,-2.63861363879742,-0.886290006932577,-0.260466685208893
0.827956989247312,0.000977517106549365,0,0,0,0,5.5945307867029e-06,0.183299206695534,0.59011670191221,0.226578496861468,0,0,0,0,0,-2.44224566689209e-05,0.786451500913242,-2.64439599715493,-0.860536228275772,-0.242076856637595
0.828934506353861,0.000977517106549365,0,0,0,0,3.06417200864494e-06,0.180202249307373,0.589071562858782,0.230723123661837,0,0,0,0,0,-1.33763868607388e-05,0.77317114843937,-2.64961057376548,-0.83396258506755,-0.223195909992474
0.829912023460411,0.000977517106549365,0,0,0,0,1.44171604796326e-06,0.177136967639729,0.58794360289279,0.234917987751433,0,0,0,0,0,-6.29369093722003e-06,0.760024002747437,-2.65425084319592,-0.806561832212323,-0.203819688185075
0.83088954056696,0.000977517106549365,0,0,0,0,5.2540672301868e-07,0.174103966961147,0.5867321158676,0.23916339176453,0,0,0,0,0,-2.29361914621721e-06,0.74701326122996,-2.65831028001314,-0.778326724614503,-0.183944034126943
0.831867057673509,0.000977517106549365,0,0,0,0,1.13487852172035e-07,0.171103852540173,0.585436395636575,0.2434596383354,0,0,0,0,0,-4.95421735582918e-07,0.734142121279451,-2.66178235878399,-0.749250017178501,-0.163564790729622
0.832844574780059,0.000977517106549365,0,0,0,0,4.20325378414944e-09,0.16813722964535,0.584055736053081,0.247807030098315,0,0,0,0,0,-1.83489531697377e-08,0.721413780288425,-2.66466055407534,-0.719324464808729,-0.142677800904658
0.833822091886608,0.000977517106549365,0,0,0,0,0,0.16520468673221,0.582589468799764,0.252205819248503,2.52195227048967e-08,0,0,0,0,0,0.708831351002467,-2.66693862066026,-0.688543403094983,-0.121279470808958
0.834799608993157,0.000977517106549365,0,0,0,0,0,0.162306425556933,0.581037795632808,0.256655097883147,6.8092711303221e-07,0,0,0,0,0,0.696395999287781,-2.66861675805434,-0.656913523390901,-0.0993791612427569
0.835777126099707,0.000977517106549365,0,0,0,0,0,0.159442261176353,0.579401788381926,0.261152798001383,3.15244033811208e-06,0,0,0,0,0,0.684106944131189,-2.66970161051571,-0.624454872813962,-0.0769991876496161
0.836754643206256,0.000977517106549365,0,0,0,0,0,0.156611991834288,0.577682556706118,0.265696801163306,8.65029628777955e-06,0,0,0,0,0,0.671963319872584,-2.6702001025087,-0.591188079167028,-0.0541624287184609
0.837732160312806,0.000977517106549365,0,0,0,0,0,0.153815415774558,0.575881210264383,0.270284988929008,1.83850320518697e-05,0,0,0,0,0,0.659964260851859,-2.67011915849762,-0.557133770252962,-0.0308917631382154
0.838709677419355,0.000977517106549365,0,0,0,0,0,0.151052331240979,0.573998858715719,0.274915242858582,3.35671847202174e-05,0,0,0,0,0,0.648108901408907,-2.6694657029468,-0.522312573874627,-0.00721006959780442
0.839687194525904,0.000977517106549365,0,0,0,0,0,0.14832253647737,0.572036611719127,0.27958544451212,5.5407291382658e-05,0,0,0,0,0,0.63639637588362,-2.66824666032057,-0.486745117834888,0.0168597732138471
0.840664711632454,0.000977517106549365,0,0,0,0,0,0.145625829727551,0.569995578933605,0.284293475449715,8.51158891290262e-05,0,0,0,0,0,0.624825818615893,-2.66646895508324,-0.450452029936608,0.041294886607815
0.841642228739003,0.000977517106549365,0,0,0,0,0,0.142962009235339,0.567876870018151,0.289037217231461,0.000123903515049157,0,0,0,0,0,0.613396363945617,-2.66413951169915,-0.413453937982647,0.0660723918951751
0.842619745845552,0.000977517106549365,0,0,0,0,0,0.140330873244552,0.565681594631766,0.29381455141745,0.000172980706232886,0,0,0,0,0,0.602107146212686,-2.66126525463261,-0.375771469775871,0.0911694103870025
0.843597262952102,0.000977517106549365,0,0,0,0,0,0.137732219999009,0.563410862433447,0.298623359567774,0.000233557999770048,0,0,0,0,0,0.590957299756993,-2.65785310834796,-0.337425253119142,0.116563063394372
0.844574780058651,0.000977517106549365,0,0,0,0,0,0.135165847742529,0.561065783082194,0.303461523242527,0.000306845932750478,0,0,0,0,0,0.57994595891843,-2.65390999730951,-0.298435915815324,0.142230472228361
0.8455522971652,0.000977517106549365,0,0,0,0,0,0.132631554718929,0.558647466237007,0.308326924001801,0.00039405504226401,0,0,0,0,0,0.56907225803689,-2.64944284598159,-0.258824085667279,0.168148758200043
0.84652981427175,0.000977517106549365,0,0,0,0,0,0.130129139172028,0.556157021556883,0.313217443405689,0.000496395865400481,0,0,0,0,0,0.558335331452268,-2.64445857882852,-0.21861039047787,0.194295042620494
0.847507331378299,0.000977517106549365,0,0,0,0,0,0.127658399345644,0.553595558700822,0.318130963014284,0.000615078939249725,0,0,0,0,0,0.547734313504454,-2.63896412031462,-0.177815458049961,0.22064644680079
0.848484848484849,0.000977517106549365,0,0,0,0,0,0.125219133483596,0.550964187327824,0.323065364387679,0.000751314800901576,0,0,0,0,0,0.537268338533343,-2.63296639490423,-0.136459916186415,0.247180092052006
0.849462365591398,0.000977517106549365,0,0,0,0,0,0.122811139829702,0.548264017096886,0.328018529085966,0.000906313987445871,0,0,0,0,0,0.526936540878827,-2.62647232706166,-0.094564392690094,0.273873099685219
0.850439882697947,0.000977517106549365,0,0,0,0,0,0.120434216627781,0.545496157667009,0.332988338669238,0.00108128703597244,0,0,0,0,0,0.516738054880799,-2.61948884125124,-0.0521495153638632,0.300702591011501
0.851417399804497,0.000977517106549365,0,0,0,0,0,0.11808816212165,0.54266171869719,0.337972674697588,0.00127744448357113,0,0,0,0,0,0.506672014879152,-2.61202286193729,-0.00923591201058419,0.32764568734193
0.852394916911046,0.000977517106549365,0,0,0,0,0,0.115772774555129,0.53976180984643,0.34296941873111,0.00149599686733176,0,0,0,0,0,0.496737555213779,-2.60408131358414,0.0341557895668798,0.354679509987581
0.853372434017595,0.000977517106549365,0,0,0,0,0,0.113487852172035,0.536797540773726,0.347976452329894,0.00173815472434418,0,0,0,0,0,0.486933810224573,-2.5956711206561,0.0780049615656656,0.381781180259529
0.854349951124145,0.000977517106549365,0,0,0,0,0,0.111233193216187,0.533770021138079,0.352991657054036,0.00200512859169822,0,0,0,0,0,0.477259914251427,-2.58679920761751,0.12229097618291,0.408927819468851
0.855327468230694,0.000977517106549365,0,0,0,0,0,0.109008595931403,0.530680360598487,0.358012914463626,0.00229812900648371,0,0,0,0,0,0.467715001634234,-2.57747249893269,0.166993205615749,0.43609654892662
0.856304985337243,0.000977517106549365,0,0,0,0,0,0.106813858561502,0.527529668813949,0.363038106118758,0.00261836650579049,0,0,0,0,0,0.458298206712886,-2.56769791906596,0.212091022061321,0.463264489943914
0.857282502443793,0.000977517106549365,0,0,0,0,0,0.104648779350302,0.524319055443464,0.368065113579525,0.00296705162670839,0,0,0,0,0,0.449008663827278,-2.55748239248164,0.257563797716763,0.490408763831807
0.858260019550342,0.000977517106549365,0,0,0,0,0,0.102513156541621,0.521049630146032,0.37309181840602,0.00334539490632725,0,0,0,0,0,0.4398455073173,-2.54683284364407,0.30339090477921,0.517506491901374
0.859237536656892,0.000977517106549365,0,0,0,0,0,0.100406788379278,0.517722502580651,0.378116102158335,0.0037546068817369,0,0,0,0,0,0.430807871522848,-2.53575619701755,0.349551715445802,0.544534795463692
0.860215053763441,0.000977517106549365,0,0,0,0,0,0.0983294731070905,0.51433878240632,0.383135846396563,0.00419589809002718,0,0,0,0,0,0.421894890783813,-2.52425937706643,0.396025601913671,0.571470795829835
0.86119257086999,0.000977517106549365,0,0,0,0,0,0.0962810089688777,0.510899579282038,0.388148932680797,0.00467047906828793,0,0,0,0,0,0.413105699440088,-2.51234930825501,0.442791936379959,0.59829161431088
0.86217008797654,0.000977517106549365,0,0,0,0,0,0.0942611942084576,0.507406002866804,0.393153242571129,0.00517956035360897,0,0,0,0,0,0.404439431831567,-2.50003291504763,0.4898300910418,0.6249743722179
0.863147605083089,0.000977517106549365,0,0,0,0,0,0.0922698270696487,0.503859162819618,0.398146657627654,0.00572435248308015,0,0,0,0,0,0.395895222298142,-2.48731712190861,0.537119438096332,0.651496190861974
0.864125122189638,0.000977517106549365,0,0,0,0,0,0.0903067057962693,0.500260168799477,0.403127059410462,0.0063060659937913,0,0,0,0,0,0.387472205179706,-2.47420885330228,0.58463934974069,0.677834191554173
0.865102639296188,0.000977517106549365,0,0,0,0,0,0.0883716286321377,0.496610130465383,0.408092329479647,0.00692591142283224,0,0,0,0,0,0.379169514816152,-2.46071503369295,0.632369198172014,0.703965495605578
0.866080156402737,0.000977517106549365,0,0,0,0,0,0.0864643938210723,0.492910157476332,0.413040349395303,0.00758509930729283,0,0,0,0,0,0.370986285547374,-2.44684258754495,0.680288355587439,0.729867224327259
0.867057673509286,0.000977517106549365,0,0,0,0,0,0.0845847996068915,0.489161359491325,0.417969000717521,0.0082848401842629,0,0,0,0,0,0.362921651713263,-2.4325984393226,0.728376194184101,0.755516499030295
0.868035190615836,0.000977517106549365,0,0,0,0,0,0.0827326442334136,0.48536484616936,0.422876165006394,0.00902634459083227,0,0,0,0,0,0.354974747653714,-2.41798951349023,0.776612086159139,0.78089044102576
0.869012707722385,0.000977517106549365,0,0,0,0,0,0.080907725944457,0.481521727169437,0.427759723822016,0.00981082306409078,0,0,0,0,0,0.347144707708618,-2.40302273451217,0.82497540370969,0.80596617162473
0.869990224828935,0.000977517106549365,0,0,0,0,0,0.0791098429838401,0.477633112150553,0.432617558724478,0.0106394861411283,0,0,0,0,0,0.339430666217869,-2.38770502685273,0.873445519032888,0.830720812138279
0.870967741935484,0.000977517106549365,0,0,0,0,0,0.0773387935953812,0.47370011077171,0.437447551273875,0.0115135443590346,0,0,0,0,0,0.33183175752136,-2.37204331497625,0.922001804325873,0.855131483877485
0.871945259042033,0.000977517106549365,0,0,0,0,0,0.0755943760228986,0.469723832691904,0.442247583030298,0.0124342082548995,0,0,0,0,0,0.324347115958984,-2.35604452334703,0.97062363178578,0.879175308153422
0.872922776148583,0.000977517106549365,0,0,0,0,0,0.0738763885102107,0.465705387570136,0.44701553555384,0.013402688365813,0,0,0,0,0,0.316975875870633,-2.33971557642942,1.01929037360975,0.902829406277166
0.873900293255132,0.000977517106549365,0,0,0,0,0,0.072184629301136,0.461645885065405,0.451749290404595,0.0144201952288647,0,0,0,0,0,0.309717171596201,-2.32306339868773,1.06798140199491,0.926070899559792
0.874877810361681,0.000977517106549365,0,0,0,0,0,0.0705188966394927,0.457546434836709,0.456446729142654,0.0154879393811447,0,0,0,0,0,0.302570137475581,-2.30609491458628,1.11667608913841,0.948876909312374
0.875855327468231,0.000977517106549365,0,0,0,0,0,0.0688789887690993,0.453408146543047,0.461105733328111,0.0166071313597426,0,0,0,0,0,0.295533907848664,-2.2888170485894,1.16535380723737,0.971224556845991
0.87683284457478,0.000977517106549365,0,0,0,0,0,0.0672647039337739,0.449232129843419,0.465724184521059,0.0177789817017483,0,0,0,0,0,0.288607617055345,-2.27123672516142,1.21399392848895,0.993090963471715
0.877810361681329,0.000977517106549365,0,0,0,0,0,0.0656758403773352,0.445019494396823,0.47029996428159,0.0190047009442517,0,0,0,0,0,0.281790399435517,-2.25336086876666,1.26257582509026,1.01445325050062
0.878787878787879,0.000977517106549365,0,0,0,0,0,0.0641121963436013,0.440771349862259,0.474830954169797,0.0202854996243426,0,0,0,0,0,0.275081389329072,-2.23519640386944,1.31107886923846,1.03528853924379
0.879765395894428,0.000977517106549365,0,0,0,0,0,0.0625735700763907,0.436488805898725,0.479315035745773,0.0216225882791108,0,0,0,0,0,0.268479721075903,-2.21675025493408,1.35948243313068,1.0555739510123
0.880742913000978,0.000977517106549365,0,0,0,0,0,0.0610597598195217,0.432172972165221,0.483750090569611,0.0230171774456461,0,0,0,0,0,0.261984529015902,-2.19802934642491,1.40776588896405,1.07528660711721
0.881720430107527,0.000977517106549365,0,0,0,0,0,0.0595705638168127,0.427824958320746,0.488134000201403,0.0244704776610385,0,0,0,0,0,0.255594947488965,-2.17904060280626,1.45590860893571,1.09440362886961
0.882697947214076,0.000977517106549365,0,0,0,0,0,0.058105780312082,0.423445874024298,0.492464646201243,0.0259836994623777,0,0,0,0,0,0.249310110834982,-2.15979094854244,1.5038899652428,1.11290213758057
0.883675464320626,0.000977517106549365,0,0,0,0,0,0.056665207549148,0.419036828934876,0.496739910129222,0.0275580533867536,0,0,0,0,0,0.243129153393846,-2.14028730809779,1.55168933008246,1.13075925456116
0.884652981427175,0.000977517106549365,0,0,0,0,0,0.0552486437718291,0.41459893271148,0.500957673545434,0.029194749971256,0,0,0,0,0,0.237051209505452,-2.12053660593662,1.59928607565182,1.14795210112247
0.885630498533724,0.000977517106549365,0,0,0,0,0,0.0538558872239437,0.410133295013109,0.505115818009972,0.0308949997529747,0,0,0,0,0,0.231075413509692,-2.10054576652326,1.64665957414802,1.16445779857557
0.886608015640274,0.000977517106549365,0,0,0,0,0,0.05248673614931,0.405641025498762,0.509212225082929,0.0326600132689996,0,0,0,0,0,0.225200899746458,-2.08032171432203,1.69378919776819,1.18025346823153
0.887585532746823,0.000977517106549365,0,0,0,0,0,0.0511409887917464,0.401123233827437,0.513244776324396,0.0344910010564205,0,0,0,0,0,0.219426802555644,-2.05987137379726,1.74065431870948,1.19531623140143
0.888563049853372,0.000977517106549365,0,0,0,0,0,0.0498184433950713,0.396581029658134,0.517211353294468,0.0363891736523273,0,0,0,0,0,0.213752256277142,-2.03920166941327,1.78723430916901,1.20962320939634
0.889540566959922,0.000977517106549365,0,0,0,0,0,0.0485188982031032,0.392015522649851,0.521109837553236,0.0383557415938097,0,0,0,0,0,0.208176395250846,-2.01831952563439,1.83350854134393,1.22315152352734
0.890518084066471,0.000977517106549365,0,0,0,0,0,0.0472421514596602,0.387427822461588,0.524938110660794,0.0403919154179577,0,0,0,0,0,0.202698353816649,-1.99723186692493,1.87945638743138,1.23587829510551
0.89149560117302,0.000977517106549365,0,0,0,0,0,0.0459880014085608,0.382819038752344,0.528694054177234,0.042498905661861,0,0,0,0,0,0.197317266314443,-1.97594561774923,1.92505721962849,1.24778064544192
0.89247311827957,0.000977517106549365,0,0,0,0,0,0.0447562462936234,0.378190281181117,0.53237554966265,0.0446779228626094,0,0,0,0,0,0.192032267084121,-1.9544677025716,1.97029041013239,1.25883569584764
0.893450635386119,0.000977517106549365,0,0,0,0,0,0.0435466843586663,0.373542659406908,0.535980478677133,0.0469301775572929,0,0,0,0,0,0.186842490465576,-1.93280504585638,2.01513533114023,1.26902056763375
0.894428152492669,0.000977517106549365,0,0,0,0,0,0.0423591138475078,0.368877283088714,0.539506722780777,0.0492568802830013,0,0,0,0,0,0.181747070798702,-1.91096457206788,2.05957135484914,1.27831238211134
0.895405669599218,0.000977517106549365,0,0,0,0,0,0.0411933330039664,0.364195261885535,0.542952163533675,0.0516592415768243,0,0,0,0,0,0.17674514242339,-1.88895320567043,2.10357785345626,1.28668826059146
0.896383186705767,0.000977517106549365,0,0,0,0,0,0.0400491400718604,0.359497705456369,0.546314682495919,0.0541384719758519,0,0,0,0,0,0.171835839679535,-1.86677787112835,2.14713419915872,1.2941253243852
0.897360703812317,0.000977517106549365,0,0,0,0,0,0.0389263332950081,0.354785723460217,0.549592161227602,0.0566957820171738,0,0,0,0,0,0.167018296907029,-1.84444549290596,2.19021976415366,1.30060069480363
0.898338220918866,0.000977517106549365,0,0,0,0,0,0.0378247109172279,0.350060425556076,0.552782481288817,0.05933238223788,0,0,0,0,0,0.162291648445764,-1.8219629954676,2.23281392063823,1.30609149315784
0.899315738025415,0.000977517106549365,0,0,0,0,0,0.0367440711823382,0.345322921402946,0.555883524239656,0.0620494831750601,0,0,0,0,0,0.157655028635635,-1.79933730327758,2.27489604080955,1.31057484075889
0.900293255131965,0.000977517106549365,0,0,0,0,0,0.0356842123341574,0.340574320659826,0.558893171640213,0.0648482953658041,0,0,0,0,0,0.153107571816533,-1.77657534080023,2.31644549686476,1.31402785891785
0.901270772238514,0.000977517106549365,0,0,0,0,0,0.0346449326165037,0.335815732985714,0.56180930505058,0.0677300293472019,0,0,0,0,0,0.148648412328352,-1.75368403249987,2.357441661001,1.31642766894581
0.902248289345064,0.000977517106549365,0,0,0,0,0,0.0336260302731956,0.331048268039611,0.56462980603085,0.0706958956563431,0,0,0,0,0,0.144276684510985,-1.73067030284083,2.39786390541541,1.31775139215385
0.903225806451613,0.000977517106549365,0,0,0,0,0,0.0326273035480515,0.326273035480514,0.567352556141116,0.0737471048303177,0,0,0,0,0,0.139991522704324,-1.70754107628743,2.43769160230512,1.31797614985302
0.904203323558162,0.000977517106549365,0,0,0,0,0,0.0316485506848896,0.321491144967424,0.569975436941471,0.0768848674062156,0,0,0,0,0,0.135792061248263,-1.68430327730399,2.47690412386727,1.31707906335442
0.905180840664712,0.000977517106549365,0,0,0,0,0,0.0306895699275283,0.316703706159338,0.572496329992007,0.0801103939211264,0,0,0,0,0,0.131677434482694,-1.66096383035484,2.51548084229899,1.31503725396912
0.906158357771261,0.000977517106549365,0,0,0,0,0,0.029750159519786,0.311911828715256,0.574913116852817,0.0834248949121402,0,0,0,0,0,0.127646776747511,-1.6375296599043,2.55340112979743,1.31182784300819
0.90713587487781,0.000977517106549365,0,0,0,0,0,0.0288301177054811,0.307116622294178,0.577223679083995,0.0868295809163467,0,0,0,0,0,0.123699222382606,-1.6140076904167,2.59064435855972,1.3074279517827
0.90811339198436,0.000977517106549365,0,0,0,0,0,0.0279292427284319,0.302319196555101,0.579425898245632,0.0903256624708356,0,0,0,0,0,0.119833905727872,-1.59040484635635,2.627189900783,1.30181470160374
0.909090909090909,0.000977517106549365,0,0,0,0,0,0.0270473328324568,0.297520661157025,0.581517655897821,0.093914350112697,0,0,0,0,0,0.116049961123202,-1.56672805218759,2.66301712866441,1.29496521378238
0.910068426197458,0.000977517106549365,0,0,0,0,0,0.0261841862613742,0.292722125758949,0.583496833600656,0.0975968543790206,0,0,0,0,0,0.11234652290849,-1.54298423237474,2.69810541440107,1.28685660962969
0.911045943304008,0.000977517106549365,0,0,0,0,0,0.0253396012590023,0.287924700019872,0.585361312914229,0.101374385806896,0,0,0,0,0,0.108722725423627,-1.51918031138212,2.73243413019014,1.27746601045676
0.912023460410557,0.000977517106549365,0,0,0,0,0,0.0245133760691596,0.283129493598794,0.587108975398633,0.105248154933414,0,0,0,0,0,0.105177703008508,-1.49532321367405,2.76598264822873,1.26677053757464
0.913000977517107,0.000977517106549365,0,0,0,0,0,0.0237053089356645,0.278337616154712,0.588737702613961,0.109219372295663,0,0,0,0,0,0.101710590003024,-1.47141986371486,2.798730340714,1.25474731229443
0.913978494623656,0.000977517106549365,0,0,0,0,0,0.0229151981023352,0.273550177346626,0.590245376120305,0.113289248430734,0,0,0,0,0,0.0983205207470698,-1.44747718596888,2.83065657984308,1.2413734559272
0.914956011730205,0.000977517106549365,0,0,0,0,0,0.0221428418129902,0.268768286833536,0.591629877477758,0.117458993875716,0,0,0,0,0,0.0950066295805371,-1.42350210490042,2.86174073781311,1.22662608978401
0.915933528836755,0.000977517106549365,0,0,0,0,0,0.0213880383114477,0.263993054274439,0.592889088246414,0.1217298191677,0,0,0,0,0,0.091768050843319,-1.39950154497381,2.89196218682122,1.21048233517595
0.916911045943304,0.000977517106549365,0,0,0,0,0,0.0206505858415263,0.259225589328336,0.594020889986364,0.126102934843774,0,0,0,0,0,0.0886039188753086,-1.37548243065338,2.92130029906455,1.1929193134141
0.917888563049853,0.000977517106549365,0,0,0,0,0,0.0199302826470442,0.254467001654224,0.595023164257702,0.130579551441029,0,0,0,0,0,0.0855133680163988,-1.35145168640345,2.94973444674023,1.17391414580952
0.918866080156403,0.000977517106549365,0,0,0,0,0,0.0192269269718197,0.249718400911104,0.59589379262052,0.135160879496556,0,0,0,0,0,0.0824955326064825,-1.32741623668834,2.97724400204541,1.1534439536733
0.919843597262952,0.000977517106549365,0,0,0,0,0,0.0185403170596713,0.244980896757974,0.596630656634912,0.139848129547442,0,0,0,0,0,0.0795495469854527,-1.30338300597237,3.00380833717722,1.1314858583165
0.920821114369501,0.000977517106549365,0,0,0,0,0,0.0178702511544174,0.240255598853833,0.59723163786097,0.144642512130779,0,0,0,0,0,0.0766745454932023,-1.27935891871988,3.02940682433279,1.10801698105021
0.921798631476051,0.000977517106549365,0,0,0,0,0,0.0172165274998762,0.235543616857681,0.597694617858786,0.149545237783657,0,0,0,0,0,0.0738696624696243,-1.25535089939518,3.05401883570927,1.0830144431855
0.9227761485826,0.000977517106549365,0,0,0,0,0,0.0165789443398661,0.230846060428515,0.598017478188455,0.154557517043164,0,0,0,0,0,0.0711340322546115,-1.2313658724626,3.07762374350379,1.05645536603344
0.92375366568915,0.000977517106549365,0,0,0,0,0,0.0159572999182056,0.226164039225336,0.598198100410067,0.159680560446391,0,0,0,0,0,0.0684667891880569,-1.20741076238646,3.10020091991349,1.02831687090511
0.924731182795699,0.000977517106549365,0,0,0,0,0,0.0153513924787128,0.221498662907142,0.598234366083717,0.164915578530428,0,0,0,0,0,0.0658670676098535,-1.18349249363109,3.1217297371355,0.998576079111595
0.925708699902248,0.000977517106549365,0,0,0,0,0,0.0147610202652063,0.216851041132932,0.598124156769496,0.170263781832365,0,0,0,0,0,0.0633340018598941,-1.15961799066081,3.14218956736697,0.967210111963957
0.926686217008798,0.000977517106549365,0,0,0,0,0,0.0141859815215044,0.212222283561706,0.597865354027499,0.175726380889291,0,0,0,0,0,0.0608667262780718,-1.13579417793994,3.16155978280502,0.934196090773275
0.927663734115347,0.000977517106549365,0,0,0,0,0,0.0136260744914254,0.207613499852462,0.597455839417817,0.181304586238296,0,0,0,0,0,0.0584643752042794,-1.11202797993281,3.1798197556468,0.899511136850627
0.928641251221896,0.000977517106549365,0,0,0,0,0,0.0130810974187878,0.203025799664199,0.596893494500543,0.186999608416471,0,0,0,0,0,0.0561260829784098,-1.08832632110374,3.19694885808944,0.863132371507087
0.929618768328446,0.000977517106549365,0,0,0,0,0,0.0125508485474097,0.198460292655916,0.59617620083577,0.192812657960904,0,0,0,0,0,0.0538509839403561,-1.06469612591706,3.21292646233008,0.825036916053729
0.930596285434995,0.000977517106549365,0,0,0,0,0,0.0120351261211097,0.193918088486613,0.595301839983591,0.198744945408686,0,0,0,0,0,0.0516382124300111,-1.04114431883709,3.22773194056586,0.785201891801631
0.931573802541544,0.000977517106549365,0,0,0,0,0,0.0115337283837061,0.189400296815288,0.594268293504099,0.204797681296907,0,0,0,0,0,0.0494869027872678,-1.01767782432815,3.24134466499391,0.743604420061866
0.932551319648094,0.000977517106549365,0,0,0,0,0,0.0110464535790172,0.184908027300941,0.593073442957387,0.210972076162656,0,0,0,0,0,0.0473961893520192,-0.994303566854568,3.25374400781137,0.700221622145512
0.933528836754643,0.000977517106549365,0,0,0,0,0,0.0105730999508615,0.180442389602569,0.591715169903546,0.217269340543023,0,0,0,0,0,0.045365206464158,-0.971028470880669,3.26490934121537,0.655030619363643
0.934506353861193,0.000977517106549365,0,0,0,0,0,0.0101134657430572,0.176004493379174,0.590191355902671,0.223690684975098,0,0,0,0,0,0.0433930884635774,-0.947859460870775,3.27482003740306,0.608008533027334
0.935483870967742,0.000977517106549365,0,0,0,0,0,0.00966734919942267,0.171595448289752,0.588499882514854,0.230237319995972,0,0,0,0,0,0.0414789696901702,-0.92480346128921,3.28345546857157,0.559132484447662
0.936461388074291,0.000977517106549365,0,0,0,0,0,0.00923454856377637,0.167216363993304,0.586638631300187,0.236910456142733,0,0,0,0,0,0.0396219844838293,-0.901867396600299,3.29079500691804,0.508379594935701
0.937438905180841,0.000977517106549365,0,0,0,0,0,0.00881486207993661,0.162868350148829,0.584605483818764,0.243711303952471,0,0,0,0,0,0.0378212671844477,-0.879058191268365,3.2968180246396,0.455726985802528
0.93841642228739,0.000977517106549365,0,0,0,0,0,0.00840808799172172,0.158552516415324,0.582398321630676,0.250641073962278,0,0,0,0,0,0.0360759521319181,-0.856382769757729,3.3015038939334,0.40115177835921
0.93939393939394,0.000977517106549365,0,0,0,0,0,0.00801402454295014,0.15426997245179,0.580015026296018,0.257700976709241,0,0,0,0,0,0.0343851736661339,-0.833848056532722,3.30483198699656,0.344631093916837
0.940371456500489,0.000977517106549365,0,0,0,0,0,0.00763246997744019,0.150021827917226,0.577453479374882,0.264892222730452,0,0,0,0,0,0.0327480661269877,-0.811460976057663,3.30678167602622,0.286142053786477
0.941348973607038,0.000977517106549365,0,0,0,0,0,0.00726322253901023,0.145809192470631,0.57471156242736,0.272216022562999,0,0,0,0,0,0.0311637638543726,-0.789228452796877,3.30733233321953,0.225661779279206
0.942326490713588,0.000977517106549365,0,0,0,0,0,0.00690608047147862,0.141633175771002,0.571787157013546,0.279673586743974,0,0,0,0,0,0.0296314011881814,-0.767157411214688,3.30646333077362,0.163167391706099
0.943304007820137,0.000977517106549365,0,0,0,0,0,0.00656084201866372,0.137494887477341,0.568678144693531,0.287266125810464,0,0,0,0,0,0.0281501124683072,-0.74525477577542,3.30415404088562,0.0986360123782325
0.944281524926686,0.000977517106549365,0,0,0,0,0,0.0062273054243839,0.133395437248645,0.56538240702741,0.294994850299562,0,0,0,0,0,0.0267190320346427,-0.723527470943396,3.30038383575268,0.032044762606681
0.945259042033236,0.000977517106549365,0,0,0,0,0,0.0059052689324575,0.129335934743913,0.561897825575274,0.302860970748355,0,0,0,0,0,0.025337294227081,-0.701982421182941,3.29513208757192,-0.0366292362974796
0.946236559139785,0.000977517106549365,0,0,0,0,0,0.00559453078670291,0.125317489622145,0.558222281897217,0.310865697693935,0,0,0,0,0,0.024004033385515,-0.680626550958379,3.2883781685405,-0.107408863023174
0.947214076246334,0.000977517106549365,0,0,0,0,0,0.00529488923093846,0.12134121154234,0.554353657553332,0.31901024167339,0,0,0,0,0,0.0227183838498376,-0.659466784734033,3.28010145085553,-0.180316996259327
0.948191593352884,0.000977517106549365,0,0,0,0,0,0.00500614250898253,0.117408210163496,0.55028983410371,0.327295813223812,0,0,0,0,0,0.0214794799599418,-0.638510046974227,3.27028130671416,-0.255376514694863
0.949169110459433,0.000977517106549365,0,0,0,0,0,0.00472808886465348,0.113519595144613,0.546028693108445,0.335723622882289,0,0,0,0,0,0.0202864560557205,-0.617763262143286,3.25889710831354,-0.332610297018706
0.950146627565982,0.000977517106549365,0,0,0,0,0,0.00446052654176966,0.109676476144689,0.54156811612763,0.344294881185911,0,0,0,0,0,0.0191384464770666,-0.597233354705533,3.24592822785078,-0.41204122191978
0.951124144672532,0.000977517106549365,0,0,0,0,0,0.00420325378414944,0.105879962822725,0.536905984721357,0.353010798671769,0,0,0,0,0,0.018034585563873,-0.576927249125293,3.23135403752304,-0.493692168087012
0.952101661779081,0.000977517106549365,0,0,0,0,0,0.00395606883561118,0.102131164837717,0.53204018044972,0.361872585876952,0,0,0,0,0,0.0169740076560328,-0.556851869866888,3.21515390952744,-0.577586014209324
0.95307917888563,0.000977517106549365,0,0,0,0,0,0.00371876993997324,0.0984311918486668,0.526968584872811,0.370881453338549,0,0,0,0,0,0.0159558470934388,-0.537014141394643,3.19730721606113,-0.663745638975642
0.95405669599218,0.000977517106549365,0,0,0,0,0,0.00349115534105398,0.094781153514572,0.521689079550722,0.380038611593652,0,0,0,0,0,0.0149792382159839,-0.517420988172883,3.17779332932124,-0.75219392107489
0.955034213098729,0.000977517106549365,0,0,0,0,0,0.00327302328267176,0.0911821594944318,0.516199546043547,0.389345271179349,0,0,0,0,0,0.0140433153635612,-0.49807933466593,3.15659162150491,-0.842953739195993
0.956011730205279,0.000977517106549365,0,0,0,0,0,0.00306417200864494,0.0876353194472454,0.510497865911379,0.398802642632731,0,0,0,0,0,0.0131472128760634,-0.478996105338109,3.13368146480928,-0.936047972027874
0.956989247311828,0.000977517106549365,0,0,0,0,0,0.00286439976279189,0.0841417430320118,0.50458192071431,0.408411936490887,0,0,0,0,0,0.0122900650933837,-0.460178224653744,3.10904223143147,-1.03149949825946
0.957966764418377,0.000977517106549365,0,0,0,0,0,0.00267350478893096,0.0807025399077299,0.498449592012432,0.418174363290907,0,0,0,0,0,0.0114710063554148,-0.441632617077158,3.08265329356864,-1.12933119657967
0.958944281524927,0.000977517106549365,0,0,0,0,0,0.00249128533088051,0.0773188197333988,0.49209876136584,0.428091133569881,0,0,0,0,0,0.0106891710020498,-0.423366207072676,3.05449402341791,-1.22956594567744
0.959921798631476,0.000977517106549365,0,0,0,0,0,0.00231753963245891,0.0739916921680174,0.485527310334625,0.438163457864899,0,0,0,0,0,0.00994369337318155,-0.405385919104621,3.02454379317642,-1.33222662424168
0.960899315738025,0.000977517106549365,0,0,0,0,0,0.00215206593748451,0.0707222668705849,0.47873312047888,0.44839254671305,0,0,0,0,0,0.009233707808703,-0.387698677637318,2.99278197504132,-1.43733611096133
0.961876832844575,0.000977517106549365,0,0,0,0,0,0.00199466248977569,0.0675116535001002,0.471714073358699,0.458779610651425,0,0,0,0,0,0.00855834864850708,-0.37031140713509,2.95918794120973,-1.5449172845253
0.962854349951124,0.000977517106549365,0,0,0,0,0,0.00184512753315078,0.0643609617155623,0.464468050534173,0.469325860217114,0,0,0,0,0,0.00791675023248673,-0.353231032062262,2.92374106387879,-1.65499302362252
0.963831867057674,0.000977517106549365,0,0,0,0,0,0.00170325931142817,0.0612713011759703,0.456992933565396,0.480032505947205,0,0,0,0,0,0.00730804690053489,-0.336464476883156,2.88642071524565,-1.76758620694192
0.964809384164223,0.000977517106549365,0,0,0,0,0,0.00156885606842621,0.0582437815403231,0.449286604012461,0.490900758378789,0,0,0,0,0,0.00673137299254448,-0.320018666062098,2.84720626750743,-1.88271971317242
0.965786901270772,0.000977517106549365,0,0,0,0,0,0.00144171604796326,0.0552795124676198,0.44134694343546,0.501931828048957,0,0,0,0,0,0.00618586284840845,-0.303900524063411,2.80607709286128,-2.00041642100294
0.966764418377322,0.000977517106549365,0,0,0,0,0,0.00132163749385768,0.0523796036168594,0.433171833394486,0.513126925494797,0,0,0,0,0,0.00567065080801973,-0.288116975351419,2.76301256350432,-2.12069920912242
0.967741935483871,0.000977517106549365,0,0,0,0,0,0.00120841864992783,0.049545164647041,0.424759155449632,0.524487261253399,0,0,0,0,0,0.00518487121127124,-0.272674944390445,2.71799205163371,-2.24359095621976
0.96871945259042,0.000977517106549365,0,0,0,0,0,0.00110185775999207,0.0467773052171634,0.416106791160991,0.536014045861854,0,0,0,0,0,0.00472765839805593,-0.257581355644815,2.67099492944657,-2.36911454098391
0.96969696969697,0.000977517106549365,0,0,0,0,0,0.00100175306786877,0.0440771349862258,0.407212622088655,0.54770848985725,0,0,0,0,0,0.00429814670826673,-0.242843133578851,2.62200056914004,-2.49729284210377
0.970674486803519,0.000977517106549365,0,0,0,0,0,0.000907902817376279,0.0414457636132272,0.398074529792717,0.559571803776679,0,0,0,0,0,0.00389547048179658,-0.228467202656878,2.57098834291126,-2.62814873826829
0.971652003910068,0.000977517106549365,0,0,0,0,0,0.000820105252332966,0.0388843007571665,0.388690395833271,0.57160519815723,0,0,0,0,0,0.0035187640585384,-0.214460487343219,2.51793762295737,-2.76170510816637
0.972629521016618,0.000977517106549365,0,0,0,0,0,0.000738158616557188,0.0363938560770428,0.379058101770408,0.583809883535992,0,0,0,0,0,0.00316716177838513,-0.200829912102199,2.4628277814755,-2.89798483048695
0.973607038123167,0.000977517106549365,0,0,0,0,0,0.000661861153867307,0.0339755392318552,0.369175529164222,0.596187070450056,0,0,0,0,0,0.0028397979812297,-0.187582401398141,2.40563819066279,-3.03701078391896
0.974584555229717,0.000977517106549365,0,0,0,0,0,0.000591011108081685,0.0316304598806025,0.359040559574805,0.608737969436511,0,0,0,0,0,0.00253580700696506,-0.17472487969537,2.34634822271637,-3.1788058471513
0.975562072336266,0.000977517106549365,0,0,0,0,0,0.00052540672301868,0.0293597276822839,0.34865107456225,0.621463791032447,0,0,0,0,0,0.00225432319548413,-0.162264271458209,2.28493724983339,-3.32339289887292
0.976539589442815,0.000977517106549365,0,0,0,0,0,0.000464846242496655,0.0271644522958983,0.33800495568665,0.634365745774955,0,0,0,0,0,0.00199448088667985,-0.150207501150982,2.22138464421097,-3.47079481777273
0.977517106549365,0.000977517106549365,0,0,0,0,0,0.00040912791033397,0.0250457433804448,0.327100084508098,0.647445044201123,0,0,0,0,0,0.00175541442044515,-0.138561493238013,2.15566977804627,-3.62103448253966
0.978494623655914,0.000977517106549365,0,0,0,0,0,0.000358049970348986,0.0230047105949224,0.315934342586687,0.660702896848042,0,0,0,0,0,0.00153625813667296,-0.127333172183627,2.08777202353641,-3.77413477186264
0.979472140762463,0.000977517106549365,0,0,0,0,0,0.000311410666360064,0.02104246359833,0.304505611482509,0.674140514252801,0,0,0,0,0,0.00133614637525623,-0.116529462452146,2.01767075287853,-3.93011856443058
0.980449657869013,0.000977517106549365,0,0,0,0,0,0.000269008242185564,0.0191601120496668,0.292811772755657,0.68775910695249,0,0,0,0,0,0.00115421347608787,-0.106157288507895,1.94534533826976,-4.08900873893242
0.981427174975562,0.000977517106549365,0,0,0,0,0,0.000230640941643848,0.0173587656079317,0.280850707966224,0.7015598854842,0,0,0,0,0,0.000989593779060841,-0.096223574815198,1.87077515190725,-4.25082817405707
0.982404692082111,0.000977517106549365,0,0,0,0,0,0.000196107008553276,0.0156395339321238,0.268620298674303,0.71554406038502,0,0,0,0,0,0.00084142162406806,-0.0867352458383787,1.79393956598814,-4.41559974849347
0.983382209188661,0.000977517106549365,0,0,0,0,0,0.00016520468673221,0.014003526681242,0.256118426439986,0.72971284219204,0,0,0,0,0,0.000708831351002466,-0.0776992260417611,1.71481795270955,-4.58334634093053
0.98435972629521,0.000977517106549365,0,0,0,0,0,0.000137732219999009,0.0124518535142854,0.243342972823367,0.744067441442349,0,0,0,0,0,0.000590957299756992,-0.0691224398896692,1.63338968426862,-4.75409083005718
0.98533724340176,0.000977517106549365,0,0,0,0,0,0.000113487852172035,0.010985624090253,0.230291819384537,0.758609068673038,0,0,0,0,0,0.000486933810224572,-0.0610118118464267,1.5496341328625,-4.92785609456235
0.986314760508309,0.000977517106549365,0,0,0,0,0,9.22698270696485e-05,0.00960594806814377,0.21696284768359,0.773338934421196,0,0,0,0,0,0.000395895222298141,-0.0533742663763577,1.46353067068832,-5.10466501313495
0.987292277614858,0.000977517106549365,0,0,0,0,0,7.38763885102106e-05,0.00831393510695678,0.20335393928062,0.788258249223913,0,0,0,0,0,0.000316975875870632,-0.046216727943786,1.37505866994321,-5.28454046446392
0.988269794721408,0.000977517106549365,0,0,0,0,0,5.81057803120819e-05,0.00711069486569102,0.189462975735717,0.80336822361828,0,0,0,0,0,0.000249310110834981,-0.0395461210130356,1.28419750282432,-5.46750532723819
0.989247311827957,0.000977517106549365,0,0,0,0,0,4.47562462936232e-05,0.00599733700334552,0.175287838608976,0.818670068141385,0,0,0,0,0,0.00019203226708412,-0.0333693700484305,1.19092654152877,-5.65358248014666
0.990224828934506,0.000977517106549365,0,0,0,0,0,3.36260302731955e-05,0.00497497117891928,0.160826409460489,0.834164993330319,0,0,0,0,0,0.000144276684510984,-0.0276933995142944,1.09522515825371,-5.84279480187827
0.991202346041056,0.000977517106549365,0,0,0,0,0,2.45133760691595e-05,0.00404470705141133,0.146076569850348,0.849854209722172,0,0,0,0,0,0.000105177703008508,-0.0225251338749515,0.997072725196277,-6.03516517112195
0.992179863147605,0.000977517106549365,0,0,0,0,0,1.72165274998761e-05,0.00320765427982067,0.131036201338647,0.865738927854033,0,0,0,0,0,7.3869662469624e-05,-0.0178714975947255,0.896448614553602,-6.23071646656661
0.993157380254154,0.000977517106549365,0,0,0,0,0,1.15337283837061e-05,0.00246492252314633,0.115703185485479,0.881820358262991,0,0,0,0,0,4.94869027872676e-05,-0.0137394151379404,0.793332198522824,-6.42947156690118
0.994134897360704,0.000977517106549365,0,0,0,0,0,7.26322253901023e-06,0.00181762144038731,0.100075403850935,0.898099711486138,0,0,0,0,0,3.11637638543726e-05,-0.0101358109689202,0.68770284930108,-6.63145335081459
0.995112414467253,0.000977517106549365,0,0,0,0,0,4.20325378414944e-06,0.00126686069054264,0.0841507379951099,0.914578198060563,0,0,0,0,0,1.8034585563873e-05,-0.00706760955198869,0.579539939085508,-6.83668469699576
0.996089931573803,0.000977517106549365,0,0,0,0,0,2.15206593748451e-06,0.000813749932611332,0.0679270694780953,0.931257028523356,0,0,0,0,0,9.23370780870299e-06,-0.00454173535146989,0.468822840073243,-7.04518848413361
0.997067448680352,0.000977517106549365,0,0,0,0,0,9.07902817376279e-07,0.000459398825592398,0.0514022798599842,0.948137413411606,0,0,0,0,0,3.89547048179658e-06,-0.0025651128316877,0.355530924461423,-7.25698759091708
0.998044965786901,0.000977517106549365,0,0,0,0,0,2.69008242185564e-07,0.000204917028484854,0.0345742507008694,0.965220563262404,0,0,0,0,0,1.15421347608787e-06,-0.00114466645696604,0.239643564447184,-7.47210489603508
0.999022482893451,0.000977517106549365,0,0,0,0,0,3.36260302731955e-08,5.1414200287716e-05,0.0174408635608438,0.982507688612838,0,0,0,0,0,1.44276684510984e-07,-0.00028732069162883,0.121140132227664,-7.69056327817654
1,0.000488758553274682,0,0,0,0,0,0,0,0,1,0,0,0,0,0,0,0,0,-7.91238561603038
